customer_id,city,state,city_tier,signup_date
CUST-10000,Chennai,Tamil Nadu,Tier 1,2024-09-14
CUST-10001,Bhubaneswar,Odisha,Tier 2,2025-01-22
CUST-10002,Ahmedabad,Gujarat,Tier 2,2024-02-14
CUST-10003,Pune,Maharashtra,Tier 1,2024-09-25
CUST-10004,Delhi NCR,Delhi,Tier 1,2024-11-06
CUST-10005,Delhi NCR,Delhi,Tier 1,2025-11-02
CUST-10006,Mumbai,Maharashtra,Tier 1,2024-10-04
CUST-10007,Bhopal,Madhya Pradesh,Tier 2,2025-04-19
CUST-10008,Pune,Maharashtra,Tier 1,2025-07-20
CUST-10009,Lucknow,Uttar Pradesh,Tier 2,2024-05-24
CUST-10010,Mumbai,Maharashtra,Tier 1,2024-08-22
CUST-10011,Bhubaneswar,Odisha,Tier 2,2025-11-21
CUST-10012,Patna,Bihar,Tier 2,2024-05-15
CUST-10013,Bangalore,Karnataka,Tier 1,2025-03-20
CUST-10014,Delhi NCR,Delhi,Tier 1,2024-12-18
CUST-10015,Delhi NCR,Delhi,Tier 1,2025-01-28
CUST-10016,Hyderabad,Telangana,Tier 1,2024-10-01
CUST-10017,Kolkata,West Bengal,Tier 1,2025-01-18
CUST-10018,Chennai,Tamil Nadu,Tier 1,2024-11-18
CUST-10019,Hyderabad,Telangana,Tier 1,2024-07-01
CUST-10020,Pune,Maharashtra,Tier 1,2025-07-26
CUST-10021,Delhi NCR,Delhi,Tier 1,2025-03-15
CUST-10022,Hyderabad,Telangana,Tier 1,2024-03-03
CUST-10023,Hyderabad,Telangana,Tier 1,2025-10-12
CUST-10024,Chennai,Tamil Nadu,Tier 1,2025-10-07
CUST-10025,Kochi,Kerala,Tier 2,2024-02-03
CUST-10026,Bangalore,Karnataka,Tier 1,2025-04-21
CUST-10027,Kolkata,West Bengal,Tier 1,2024-03-27
CUST-10028,Pune,Maharashtra,Tier 1,2024-07-28
CUST-10029,Mumbai,Maharashtra,Tier 1,2025-04-06
CUST-10030,Pune,Maharashtra,Tier 1,2024-03-21
CUST-10031,Delhi NCR,Delhi,Tier 1,2024-11-17
CUST-10032,Mumbai,Maharashtra,Tier 1,2025-02-18
CUST-10033,Bhubaneswar,Odisha,Tier 2,2024-07-08
CUST-10034,Bhubaneswar,Odisha,Tier 2,2024-08-20
CUST-10035,Indore,Madhya Pradesh,Tier 2,2025-01-26
CUST-10036,Hyderabad,Telangana,Tier 1,2024-06-17
CUST-10037,Delhi NCR,Delhi,Tier 1,2025-03-18
CUST-10038,Lucknow,Uttar Pradesh,Tier 2,2024-06-16
CUST-10039,Chennai,Tamil Nadu,Tier 1,2024-08-18
CUST-10040,Delhi NCR,Delhi,Tier 1,2024-05-29
CUST-10041,Kolkata,West Bengal,Tier 1,2025-10-25
CUST-10042,Mumbai,Maharashtra,Tier 1,2025-07-03
CUST-10043,Coimbatore,Tamil Nadu,Tier 2,2025-01-20
CUST-10044,Bangalore,Karnataka,Tier 1,2025-01-15
CUST-10045,Jaipur,Rajasthan,Tier 2,2024-10-01
CUST-10046,Hyderabad,Telangana,Tier 1,2025-09-08
CUST-10047,Kolkata,West Bengal,Tier 1,2024-03-02
CUST-10048,Kolkata,West Bengal,Tier 1,2025-04-11
CUST-10049,Delhi NCR,Delhi,Tier 1,2025-06-11
CUST-10050,Bhubaneswar,Odisha,Tier 2,2024-05-29
CUST-10051,Kochi,Kerala,Tier 2,2024-05-21
CUST-10052,Nagpur,Maharashtra,Tier 2,2024-04-25
CUST-10053,Coimbatore,Tamil Nadu,Tier 2,2024-03-05
CUST-10054,Pune,Maharashtra,Tier 1,2025-03-04
CUST-10055,Nagpur,Maharashtra,Tier 2,2024-11-05
CUST-10056,Mumbai,Maharashtra,Tier 1,2025-03-05
CUST-10057,Bangalore,Karnataka,Tier 1,2024-06-09
CUST-10058,Mumbai,Maharashtra,Tier 1,2024-11-01
CUST-10059,Hyderabad,Telangana,Tier 1,2024-12-26
CUST-10060,Chennai,Tamil Nadu,Tier 1,2024-10-04
CUST-10061,Bangalore,Karnataka,Tier 1,2024-10-22
CUST-10062,Patna,Bihar,Tier 2,2025-07-04
CUST-10063,Hyderabad,Telangana,Tier 1,2024-06-17
CUST-10064,Hyderabad,Telangana,Tier 1,2025-04-03
CUST-10065,Kolkata,West Bengal,Tier 1,2025-08-02
CUST-10066,Delhi NCR,Delhi,Tier 1,2024-01-07
CUST-10067,Indore,Madhya Pradesh,Tier 2,2025-08-19
CUST-10068,Mumbai,Maharashtra,Tier 1,2024-05-11
CUST-10069,Visakhapatnam,Andhra Pradesh,Tier 2,2025-08-10
CUST-10070,Kochi,Kerala,Tier 2,2024-12-12
CUST-10071,Bangalore,Karnataka,Tier 1,2025-08-18
CUST-10072,Mumbai,Maharashtra,Tier 1,2024-09-09
CUST-10073,Indore,Madhya Pradesh,Tier 2,2025-02-13
CUST-10074,Lucknow,Uttar Pradesh,Tier 2,2025-06-26
CUST-10075,Ahmedabad,Gujarat,Tier 2,2024-12-20
CUST-10076,Kochi,Kerala,Tier 2,2025-07-17
CUST-10077,Mumbai,Maharashtra,Tier 1,2025-01-02
CUST-10078,Hyderabad,Telangana,Tier 1,2025-08-06
CUST-10079,Delhi NCR,Delhi,Tier 1,2025-05-25
CUST-10080,Bhopal,Madhya Pradesh,Tier 2,2025-06-16
CUST-10081,Pune,Maharashtra,Tier 1,2025-06-11
CUST-10082,Hyderabad,Telangana,Tier 1,2025-06-11
CUST-10083,Mumbai,Maharashtra,Tier 1,2025-02-05
CUST-10084,Hyderabad,Telangana,Tier 1,2024-06-23
CUST-10085,Hyderabad,Telangana,Tier 1,2024-03-18
CUST-10086,Ahmedabad,Gujarat,Tier 2,2025-03-15
CUST-10087,Pune,Maharashtra,Tier 1,2025-07-02
CUST-10088,Coimbatore,Tamil Nadu,Tier 2,2024-08-19
CUST-10089,Kolkata,West Bengal,Tier 1,2025-02-03
CUST-10090,Delhi NCR,Delhi,Tier 1,2024-07-31
CUST-10091,Ahmedabad,Gujarat,Tier 2,2024-07-11
CUST-10092,Chandigarh,Punjab,Tier 2,2025-07-25
CUST-10093,Pune,Maharashtra,Tier 1,2024-09-23
CUST-10094,Kochi,Kerala,Tier 2,2024-05-05
CUST-10095,Kolkata,West Bengal,Tier 1,2025-01-16
CUST-10096,Kolkata,West Bengal,Tier 1,2025-06-27
CUST-10097,Chennai,Tamil Nadu,Tier 1,2025-05-16
CUST-10098,Mumbai,Maharashtra,Tier 1,2025-02-06
CUST-10099,Delhi NCR,Delhi,Tier 1,2024-09-17
CUST-10100,Mumbai,Maharashtra,Tier 1,2025-01-21
CUST-10101,Pune,Maharashtra,Tier 1,2025-02-15
CUST-10102,Hyderabad,Telangana,Tier 1,2024-12-11
CUST-10103,Kolkata,West Bengal,Tier 1,2024-04-03
CUST-10104,Coimbatore,Tamil Nadu,Tier 2,2024-11-23
CUST-10105,Bangalore,Karnataka,Tier 1,2024-04-09
CUST-10106,Chennai,Tamil Nadu,Tier 1,2025-04-05
CUST-10107,Chandigarh,Punjab,Tier 2,2024-11-10
CUST-10108,Bangalore,Karnataka,Tier 1,2024-01-25
CUST-10109,Mumbai,Maharashtra,Tier 1,2025-05-08
CUST-10110,Hyderabad,Telangana,Tier 1,2024-12-18
CUST-10111,Delhi NCR,Delhi,Tier 1,2024-04-26
CUST-10112,Nagpur,Maharashtra,Tier 2,2024-07-17
CUST-10113,Indore,Madhya Pradesh,Tier 2,2024-10-05
CUST-10114,Pune,Maharashtra,Tier 1,2025-08-04
CUST-10115,Bhopal,Madhya Pradesh,Tier 2,2024-03-19
CUST-10116,Indore,Madhya Pradesh,Tier 2,2025-02-27
CUST-10117,Bangalore,Karnataka,Tier 1,2024-12-19
CUST-10118,Coimbatore,Tamil Nadu,Tier 2,2025-06-09
CUST-10119,Kolkata,West Bengal,Tier 1,2025-06-24
CUST-10120,Indore,Madhya Pradesh,Tier 2,2025-10-17
CUST-10121,Coimbatore,Tamil Nadu,Tier 2,2025-04-21
CUST-10122,Hyderabad,Telangana,Tier 1,2024-01-10
CUST-10123,Delhi NCR,Delhi,Tier 1,2025-07-12
CUST-10124,Bangalore,Karnataka,Tier 1,2025-05-17
CUST-10125,Chennai,Tamil Nadu,Tier 1,2024-09-16
CUST-10126,Indore,Madhya Pradesh,Tier 2,2025-06-07
CUST-10127,Bhopal,Madhya Pradesh,Tier 2,2025-08-18
CUST-10128,Mumbai,Maharashtra,Tier 1,2024-01-06
CUST-10129,Kolkata,West Bengal,Tier 1,2024-02-04
CUST-10130,Chennai,Tamil Nadu,Tier 1,2024-06-23
CUST-10131,Bangalore,Karnataka,Tier 1,2025-03-17
CUST-10132,Delhi NCR,Delhi,Tier 1,2025-07-30
CUST-10133,Hyderabad,Telangana,Tier 1,2024-05-26
CUST-10134,Bhubaneswar,Odisha,Tier 2,2025-07-22
CUST-10135,Hyderabad,Telangana,Tier 1,2024-07-11
CUST-10136,Kolkata,West Bengal,Tier 1,2024-01-13
CUST-10137,Lucknow,Uttar Pradesh,Tier 2,2025-06-13
CUST-10138,Hyderabad,Telangana,Tier 1,2024-09-02
CUST-10139,Visakhapatnam,Andhra Pradesh,Tier 2,2025-11-05
CUST-10140,Bhubaneswar,Odisha,Tier 2,2024-04-23
CUST-10141,Bangalore,Karnataka,Tier 1,2024-08-20
CUST-10142,Kolkata,West Bengal,Tier 1,2025-11-08
CUST-10143,Hyderabad,Telangana,Tier 1,2024-11-17
CUST-10144,Hyderabad,Telangana,Tier 1,2025-06-21
CUST-10145,Mumbai,Maharashtra,Tier 1,2024-05-05
CUST-10146,Pune,Maharashtra,Tier 1,2024-11-08
CUST-10147,Kolkata,West Bengal,Tier 1,2025-05-25
CUST-10148,Mumbai,Maharashtra,Tier 1,2025-04-28
CUST-10149,Hyderabad,Telangana,Tier 1,2024-10-07
CUST-10150,Coimbatore,Tamil Nadu,Tier 2,2024-10-09
CUST-10151,Bangalore,Karnataka,Tier 1,2025-10-12
CUST-10152,Delhi NCR,Delhi,Tier 1,2025-09-04
CUST-10153,Kolkata,West Bengal,Tier 1,2025-01-26
CUST-10154,Visakhapatnam,Andhra Pradesh,Tier 2,2025-06-06
CUST-10155,Bangalore,Karnataka,Tier 1,2025-01-16
CUST-10156,Jaipur,Rajasthan,Tier 2,2024-08-03
CUST-10157,Chandigarh,Punjab,Tier 2,2025-06-25
CUST-10158,Bangalore,Karnataka,Tier 1,2025-08-28
CUST-10159,Ahmedabad,Gujarat,Tier 2,2024-04-25
CUST-10160,Hyderabad,Telangana,Tier 1,2025-05-23
CUST-10161,Pune,Maharashtra,Tier 1,2025-05-14
CUST-10162,Pune,Maharashtra,Tier 1,2024-09-27
CUST-10163,Kolkata,West Bengal,Tier 1,2025-03-15
CUST-10164,Mumbai,Maharashtra,Tier 1,2024-10-17
CUST-10165,Patna,Bihar,Tier 2,2024-02-08
CUST-10166,Hyderabad,Telangana,Tier 1,2024-01-24
CUST-10167,Bangalore,Karnataka,Tier 1,2024-02-12
CUST-10168,Mumbai,Maharashtra,Tier 1,2024-06-18
CUST-10169,Pune,Maharashtra,Tier 1,2024-12-05
CUST-10170,Jaipur,Rajasthan,Tier 2,2024-06-17
CUST-10171,Mumbai,Maharashtra,Tier 1,2025-06-21
CUST-10172,Kolkata,West Bengal,Tier 1,2025-11-22
CUST-10173,Bangalore,Karnataka,Tier 1,2025-04-16
CUST-10174,Pune,Maharashtra,Tier 1,2025-10-23
CUST-10175,Delhi NCR,Delhi,Tier 1,2025-10-06
CUST-10176,Lucknow,Uttar Pradesh,Tier 2,2024-05-22
CUST-10177,Chennai,Tamil Nadu,Tier 1,2025-11-06
CUST-10178,Nagpur,Maharashtra,Tier 2,2024-04-10
CUST-10179,Delhi NCR,Delhi,Tier 1,2025-07-28
CUST-10180,Hyderabad,Telangana,Tier 1,2025-08-27
CUST-10181,Delhi NCR,Delhi,Tier 1,2025-04-19
CUST-10182,Nagpur,Maharashtra,Tier 2,2024-11-06
CUST-10183,Bhopal,Madhya Pradesh,Tier 2,2025-08-06
CUST-10184,Bangalore,Karnataka,Tier 1,2024-02-29
CUST-10185,Jaipur,Rajasthan,Tier 2,2024-01-29
CUST-10186,Indore,Madhya Pradesh,Tier 2,2025-06-14
CUST-10187,Kolkata,West Bengal,Tier 1,2024-03-13
CUST-10188,Kolkata,West Bengal,Tier 1,2025-01-28
CUST-10189,Bangalore,Karnataka,Tier 1,2025-01-28
CUST-10190,Delhi NCR,Delhi,Tier 1,2025-04-25
CUST-10191,Coimbatore,Tamil Nadu,Tier 2,2025-04-17
CUST-10192,Coimbatore,Tamil Nadu,Tier 2,2024-11-08
CUST-10193,Pune,Maharashtra,Tier 1,2025-03-13
CUST-10194,Hyderabad,Telangana,Tier 1,2024-11-19
CUST-10195,Hyderabad,Telangana,Tier 1,2024-03-27
CUST-10196,Ahmedabad,Gujarat,Tier 2,2024-12-24
CUST-10197,Coimbatore,Tamil Nadu,Tier 2,2025-11-25
CUST-10198,Coimbatore,Tamil Nadu,Tier 2,2024-07-15
CUST-10199,Kochi,Kerala,Tier 2,2025-01-19
CUST-10200,Pune,Maharashtra,Tier 1,2024-04-27
CUST-10201,Mumbai,Maharashtra,Tier 1,2025-05-12
CUST-10202,Delhi NCR,Delhi,Tier 1,2025-04-06
CUST-10203,Coimbatore,Tamil Nadu,Tier 2,2025-05-10
CUST-10204,Pune,Maharashtra,Tier 1,2025-08-16
CUST-10205,Mumbai,Maharashtra,Tier 1,2024-09-03
CUST-10206,Delhi NCR,Delhi,Tier 1,2024-08-21
CUST-10207,Jaipur,Rajasthan,Tier 2,2025-02-20
CUST-10208,Mumbai,Maharashtra,Tier 1,2025-04-11
CUST-10209,Delhi NCR,Delhi,Tier 1,2025-04-26
CUST-10210,Kolkata,West Bengal,Tier 1,2024-12-30
CUST-10211,Lucknow,Uttar Pradesh,Tier 2,2024-06-01
CUST-10212,Jaipur,Rajasthan,Tier 2,2024-09-28
CUST-10213,Bangalore,Karnataka,Tier 1,2025-01-26
CUST-10214,Ahmedabad,Gujarat,Tier 2,2025-06-30
CUST-10215,Bangalore,Karnataka,Tier 1,2025-03-05
CUST-10216,Hyderabad,Telangana,Tier 1,2025-10-12
CUST-10217,Chandigarh,Punjab,Tier 2,2024-07-07
CUST-10218,Pune,Maharashtra,Tier 1,2024-09-08
CUST-10219,Patna,Bihar,Tier 2,2025-01-29
CUST-10220,Jaipur,Rajasthan,Tier 2,2025-10-23
CUST-10221,Pune,Maharashtra,Tier 1,2024-08-06
CUST-10222,Delhi NCR,Delhi,Tier 1,2025-08-16
CUST-10223,Hyderabad,Telangana,Tier 1,2024-07-08
CUST-10224,Bangalore,Karnataka,Tier 1,2024-08-21
CUST-10225,Bangalore,Karnataka,Tier 1,2025-11-18
CUST-10226,Visakhapatnam,Andhra Pradesh,Tier 2,2024-08-19
CUST-10227,Chennai,Tamil Nadu,Tier 1,2024-12-23
CUST-10228,Coimbatore,Tamil Nadu,Tier 2,2025-04-22
CUST-10229,Pune,Maharashtra,Tier 1,2025-07-28
CUST-10230,Kochi,Kerala,Tier 2,2025-03-04
CUST-10231,Kolkata,West Bengal,Tier 1,2024-08-24
CUST-10232,Pune,Maharashtra,Tier 1,2024-02-02
CUST-10233,Kolkata,West Bengal,Tier 1,2024-07-31
CUST-10234,Bangalore,Karnataka,Tier 1,2025-07-25
CUST-10235,Ahmedabad,Gujarat,Tier 2,2025-01-13
CUST-10236,Hyderabad,Telangana,Tier 1,2024-01-02
CUST-10237,Mumbai,Maharashtra,Tier 1,2025-03-25
CUST-10238,Pune,Maharashtra,Tier 1,2025-07-22
CUST-10239,Delhi NCR,Delhi,Tier 1,2025-03-02
CUST-10240,Nagpur,Maharashtra,Tier 2,2025-10-11
CUST-10241,Bhubaneswar,Odisha,Tier 2,2024-10-05
CUST-10242,Nagpur,Maharashtra,Tier 2,2024-08-01
CUST-10243,Hyderabad,Telangana,Tier 1,2024-10-11
CUST-10244,Mumbai,Maharashtra,Tier 1,2025-06-26
CUST-10245,Nagpur,Maharashtra,Tier 2,2024-09-30
CUST-10246,Chennai,Tamil Nadu,Tier 1,2024-01-11
CUST-10247,Bhubaneswar,Odisha,Tier 2,2024-02-16
CUST-10248,Bhubaneswar,Odisha,Tier 2,2025-05-29
CUST-10249,Patna,Bihar,Tier 2,2025-10-03
CUST-10250,Hyderabad,Telangana,Tier 1,2025-03-13
CUST-10251,Chennai,Tamil Nadu,Tier 1,2025-08-06
CUST-10252,Patna,Bihar,Tier 2,2025-11-01
CUST-10253,Hyderabad,Telangana,Tier 1,2025-03-02
CUST-10254,Delhi NCR,Delhi,Tier 1,2025-03-07
CUST-10255,Kolkata,West Bengal,Tier 1,2024-05-09
CUST-10256,Nagpur,Maharashtra,Tier 2,2024-01-22
CUST-10257,Lucknow,Uttar Pradesh,Tier 2,2025-01-23
CUST-10258,Pune,Maharashtra,Tier 1,2024-05-14
CUST-10259,Delhi NCR,Delhi,Tier 1,2025-06-15
CUST-10260,Pune,Maharashtra,Tier 1,2024-08-07
CUST-10261,Visakhapatnam,Andhra Pradesh,Tier 2,2024-11-28
CUST-10262,Delhi NCR,Delhi,Tier 1,2024-05-09
CUST-10263,Kolkata,West Bengal,Tier 1,2024-02-01
CUST-10264,Bhopal,Madhya Pradesh,Tier 2,2025-08-24
CUST-10265,Chandigarh,Punjab,Tier 2,2025-02-28
CUST-10266,Lucknow,Uttar Pradesh,Tier 2,2024-10-24
CUST-10267,Lucknow,Uttar Pradesh,Tier 2,2025-05-18
CUST-10268,Hyderabad,Telangana,Tier 1,2025-11-15
CUST-10269,Hyderabad,Telangana,Tier 1,2024-12-22
CUST-10270,Indore,Madhya Pradesh,Tier 2,2025-03-30
CUST-10271,Indore,Madhya Pradesh,Tier 2,2025-02-04
CUST-10272,Bhopal,Madhya Pradesh,Tier 2,2025-07-12
CUST-10273,Nagpur,Maharashtra,Tier 2,2025-03-30
CUST-10274,Kolkata,West Bengal,Tier 1,2024-02-03
CUST-10275,Kolkata,West Bengal,Tier 1,2024-09-04
CUST-10276,Indore,Madhya Pradesh,Tier 2,2024-02-11
CUST-10277,Pune,Maharashtra,Tier 1,2024-05-02
CUST-10278,Lucknow,Uttar Pradesh,Tier 2,2024-01-27
CUST-10279,Kochi,Kerala,Tier 2,2025-04-06
CUST-10280,Coimbatore,Tamil Nadu,Tier 2,2025-07-24
CUST-10281,Hyderabad,Telangana,Tier 1,2024-05-26
CUST-10282,Chennai,Tamil Nadu,Tier 1,2025-05-10
CUST-10283,Delhi NCR,Delhi,Tier 1,2025-09-18
CUST-10284,Pune,Maharashtra,Tier 1,2025-04-30
CUST-10285,Mumbai,Maharashtra,Tier 1,2025-04-04
CUST-10286,Kolkata,West Bengal,Tier 1,2024-05-07
CUST-10287,Kolkata,West Bengal,Tier 1,2025-01-10
CUST-10288,Hyderabad,Telangana,Tier 1,2025-10-26
CUST-10289,Pune,Maharashtra,Tier 1,2024-03-23
CUST-10290,Mumbai,Maharashtra,Tier 1,2025-06-18
CUST-10291,Mumbai,Maharashtra,Tier 1,2025-06-06
CUST-10292,Indore,Madhya Pradesh,Tier 2,2025-11-29
CUST-10293,Hyderabad,Telangana,Tier 1,2025-09-19
CUST-10294,Delhi NCR,Delhi,Tier 1,2025-11-04
CUST-10295,Kolkata,West Bengal,Tier 1,2024-04-12
CUST-10296,Kochi,Kerala,Tier 2,2025-06-02
CUST-10297,Bangalore,Karnataka,Tier 1,2024-12-27
CUST-10298,Pune,Maharashtra,Tier 1,2025-11-14
CUST-10299,Mumbai,Maharashtra,Tier 1,2024-09-12
CUST-10300,Mumbai,Maharashtra,Tier 1,2024-09-03
CUST-10301,Kolkata,West Bengal,Tier 1,2024-07-10
CUST-10302,Kolkata,West Bengal,Tier 1,2025-09-17
CUST-10303,Pune,Maharashtra,Tier 1,2025-06-18
CUST-10304,Ahmedabad,Gujarat,Tier 2,2024-11-09
CUST-10305,Visakhapatnam,Andhra Pradesh,Tier 2,2024-10-02
CUST-10306,Kolkata,West Bengal,Tier 1,2025-01-07
CUST-10307,Hyderabad,Telangana,Tier 1,2025-03-19
CUST-10308,Kochi,Kerala,Tier 2,2025-10-09
CUST-10309,Bangalore,Karnataka,Tier 1,2024-07-13
CUST-10310,Chennai,Tamil Nadu,Tier 1,2024-09-14
CUST-10311,Mumbai,Maharashtra,Tier 1,2025-08-04
CUST-10312,Mumbai,Maharashtra,Tier 1,2024-12-25
CUST-10313,Bhubaneswar,Odisha,Tier 2,2025-07-01
CUST-10314,Patna,Bihar,Tier 2,2024-04-17
CUST-10315,Lucknow,Uttar Pradesh,Tier 2,2024-01-24
CUST-10316,Chennai,Tamil Nadu,Tier 1,2025-10-13
CUST-10317,Delhi NCR,Delhi,Tier 1,2025-04-09
CUST-10318,Delhi NCR,Delhi,Tier 1,2024-01-22
CUST-10319,Bangalore,Karnataka,Tier 1,2025-05-16
CUST-10320,Kolkata,West Bengal,Tier 1,2025-05-15
CUST-10321,Ahmedabad,Gujarat,Tier 2,2025-08-15
CUST-10322,Jaipur,Rajasthan,Tier 2,2025-02-10
CUST-10323,Hyderabad,Telangana,Tier 1,2024-11-25
CUST-10324,Bhubaneswar,Odisha,Tier 2,2024-10-12
CUST-10325,Chandigarh,Punjab,Tier 2,2024-05-26
CUST-10326,Kolkata,West Bengal,Tier 1,2025-01-18
CUST-10327,Pune,Maharashtra,Tier 1,2024-01-11
CUST-10328,Chennai,Tamil Nadu,Tier 1,2024-10-02
CUST-10329,Bangalore,Karnataka,Tier 1,2025-07-21
CUST-10330,Hyderabad,Telangana,Tier 1,2025-11-15
CUST-10331,Chandigarh,Punjab,Tier 2,2024-10-29
CUST-10332,Mumbai,Maharashtra,Tier 1,2024-07-22
CUST-10333,Delhi NCR,Delhi,Tier 1,2024-12-10
CUST-10334,Mumbai,Maharashtra,Tier 1,2024-09-22
CUST-10335,Mumbai,Maharashtra,Tier 1,2024-01-22
CUST-10336,Bhopal,Madhya Pradesh,Tier 2,2025-06-19
CUST-10337,Lucknow,Uttar Pradesh,Tier 2,2024-04-05
CUST-10338,Kolkata,West Bengal,Tier 1,2025-03-20
CUST-10339,Delhi NCR,Delhi,Tier 1,2024-09-19
CUST-10340,Kolkata,West Bengal,Tier 1,2025-08-06
CUST-10341,Kolkata,West Bengal,Tier 1,2025-01-17
CUST-10342,Delhi NCR,Delhi,Tier 1,2025-07-03
CUST-10343,Chennai,Tamil Nadu,Tier 1,2025-01-26
CUST-10344,Chennai,Tamil Nadu,Tier 1,2025-08-23
CUST-10345,Pune,Maharashtra,Tier 1,2025-06-23
CUST-10346,Pune,Maharashtra,Tier 1,2024-04-01
CUST-10347,Mumbai,Maharashtra,Tier 1,2025-07-19
CUST-10348,Chennai,Tamil Nadu,Tier 1,2024-06-07
CUST-10349,Pune,Maharashtra,Tier 1,2024-08-15
CUST-10350,Kolkata,West Bengal,Tier 1,2025-04-17
CUST-10351,Bhopal,Madhya Pradesh,Tier 2,2025-01-06
CUST-10352,Jaipur,Rajasthan,Tier 2,2025-01-10
CUST-10353,Delhi NCR,Delhi,Tier 1,2025-07-06
CUST-10354,Mumbai,Maharashtra,Tier 1,2024-02-06
CUST-10355,Pune,Maharashtra,Tier 1,2025-09-28
CUST-10356,Mumbai,Maharashtra,Tier 1,2025-11-21
CUST-10357,Pune,Maharashtra,Tier 1,2024-02-06
CUST-10358,Nagpur,Maharashtra,Tier 2,2024-04-10
CUST-10359,Pune,Maharashtra,Tier 1,2025-06-26
CUST-10360,Chennai,Tamil Nadu,Tier 1,2024-07-08
CUST-10361,Pune,Maharashtra,Tier 1,2025-05-26
CUST-10362,Chennai,Tamil Nadu,Tier 1,2025-10-19
CUST-10363,Kolkata,West Bengal,Tier 1,2024-03-30
CUST-10364,Nagpur,Maharashtra,Tier 2,2024-01-06
CUST-10365,Chennai,Tamil Nadu,Tier 1,2024-05-18
CUST-10366,Bhubaneswar,Odisha,Tier 2,2024-04-04
CUST-10367,Coimbatore,Tamil Nadu,Tier 2,2025-09-22
CUST-10368,Bangalore,Karnataka,Tier 1,2025-09-23
CUST-10369,Mumbai,Maharashtra,Tier 1,2025-01-20
CUST-10370,Delhi NCR,Delhi,Tier 1,2024-05-02
CUST-10371,Mumbai,Maharashtra,Tier 1,2024-10-11
CUST-10372,Delhi NCR,Delhi,Tier 1,2024-12-31
CUST-10373,Lucknow,Uttar Pradesh,Tier 2,2025-11-21
CUST-10374,Mumbai,Maharashtra,Tier 1,2025-05-04
CUST-10375,Hyderabad,Telangana,Tier 1,2024-11-20
CUST-10376,Patna,Bihar,Tier 2,2025-02-10
CUST-10377,Mumbai,Maharashtra,Tier 1,2025-06-02
CUST-10378,Indore,Madhya Pradesh,Tier 2,2025-09-30
CUST-10379,Hyderabad,Telangana,Tier 1,2024-03-17
CUST-10380,Delhi NCR,Delhi,Tier 1,2024-08-21
CUST-10381,Lucknow,Uttar Pradesh,Tier 2,2025-08-08
CUST-10382,Pune,Maharashtra,Tier 1,2025-04-28
CUST-10383,Bhopal,Madhya Pradesh,Tier 2,2025-04-08
CUST-10384,Ahmedabad,Gujarat,Tier 2,2024-09-27
CUST-10385,Indore,Madhya Pradesh,Tier 2,2025-04-11
CUST-10386,Hyderabad,Telangana,Tier 1,2025-04-13
CUST-10387,Delhi NCR,Delhi,Tier 1,2025-09-23
CUST-10388,Chandigarh,Punjab,Tier 2,2025-06-30
CUST-10389,Indore,Madhya Pradesh,Tier 2,2024-09-26
CUST-10390,Visakhapatnam,Andhra Pradesh,Tier 2,2025-08-27
CUST-10391,Chennai,Tamil Nadu,Tier 1,2025-01-12
CUST-10392,Chennai,Tamil Nadu,Tier 1,2024-06-25
CUST-10393,Kochi,Kerala,Tier 2,2024-09-30
CUST-10394,Hyderabad,Telangana,Tier 1,2025-11-21
CUST-10395,Nagpur,Maharashtra,Tier 2,2025-10-02
CUST-10396,Bhopal,Madhya Pradesh,Tier 2,2025-09-28
CUST-10397,Chennai,Tamil Nadu,Tier 1,2024-01-27
CUST-10398,Chandigarh,Punjab,Tier 2,2025-07-29
CUST-10399,Chandigarh,Punjab,Tier 2,2024-02-29
CUST-10400,Delhi NCR,Delhi,Tier 1,2024-08-04
CUST-10401,Coimbatore,Tamil Nadu,Tier 2,2025-11-11
CUST-10402,Kolkata,West Bengal,Tier 1,2025-10-22
CUST-10403,Patna,Bihar,Tier 2,2024-09-26
CUST-10404,Hyderabad,Telangana,Tier 1,2024-04-25
CUST-10405,Coimbatore,Tamil Nadu,Tier 2,2024-09-01
CUST-10406,Chennai,Tamil Nadu,Tier 1,2025-10-21
CUST-10407,Mumbai,Maharashtra,Tier 1,2025-08-26
CUST-10408,Coimbatore,Tamil Nadu,Tier 2,2024-03-25
CUST-10409,Mumbai,Maharashtra,Tier 1,2025-08-21
CUST-10410,Hyderabad,Telangana,Tier 1,2025-09-23
CUST-10411,Bhubaneswar,Odisha,Tier 2,2025-03-25
CUST-10412,Bhubaneswar,Odisha,Tier 2,2025-06-19
CUST-10413,Pune,Maharashtra,Tier 1,2024-03-29
CUST-10414,Pune,Maharashtra,Tier 1,2025-07-02
CUST-10415,Chennai,Tamil Nadu,Tier 1,2025-05-21
CUST-10416,Hyderabad,Telangana,Tier 1,2025-02-11
CUST-10417,Hyderabad,Telangana,Tier 1,2024-09-27
CUST-10418,Jaipur,Rajasthan,Tier 2,2025-06-07
CUST-10419,Chandigarh,Punjab,Tier 2,2025-05-08
CUST-10420,Kochi,Kerala,Tier 2,2025-08-29
CUST-10421,Kochi,Kerala,Tier 2,2025-03-23
CUST-10422,Mumbai,Maharashtra,Tier 1,2025-06-26
CUST-10423,Kolkata,West Bengal,Tier 1,2024-12-15
CUST-10424,Mumbai,Maharashtra,Tier 1,2024-11-23
CUST-10425,Kolkata,West Bengal,Tier 1,2024-10-12
CUST-10426,Chennai,Tamil Nadu,Tier 1,2024-02-04
CUST-10427,Coimbatore,Tamil Nadu,Tier 2,2025-06-16
CUST-10428,Hyderabad,Telangana,Tier 1,2025-09-14
CUST-10429,Delhi NCR,Delhi,Tier 1,2025-05-02
CUST-10430,Delhi NCR,Delhi,Tier 1,2025-05-01
CUST-10431,Chandigarh,Punjab,Tier 2,2024-05-24
CUST-10432,Pune,Maharashtra,Tier 1,2025-06-07
CUST-10433,Delhi NCR,Delhi,Tier 1,2024-05-25
CUST-10434,Mumbai,Maharashtra,Tier 1,2025-05-17
CUST-10435,Lucknow,Uttar Pradesh,Tier 2,2025-08-26
CUST-10436,Mumbai,Maharashtra,Tier 1,2025-09-18
CUST-10437,Indore,Madhya Pradesh,Tier 2,2025-06-10
CUST-10438,Lucknow,Uttar Pradesh,Tier 2,2024-09-28
CUST-10439,Mumbai,Maharashtra,Tier 1,2025-06-17
CUST-10440,Mumbai,Maharashtra,Tier 1,2025-09-21
CUST-10441,Visakhapatnam,Andhra Pradesh,Tier 2,2024-04-04
CUST-10442,Chennai,Tamil Nadu,Tier 1,2025-03-22
CUST-10443,Hyderabad,Telangana,Tier 1,2025-02-18
CUST-10444,Indore,Madhya Pradesh,Tier 2,2024-09-13
CUST-10445,Bhubaneswar,Odisha,Tier 2,2024-09-18
CUST-10446,Visakhapatnam,Andhra Pradesh,Tier 2,2024-03-27
CUST-10447,Chandigarh,Punjab,Tier 2,2025-03-11
CUST-10448,Chennai,Tamil Nadu,Tier 1,2025-07-23
CUST-10449,Mumbai,Maharashtra,Tier 1,2024-04-17
CUST-10450,Kochi,Kerala,Tier 2,2024-01-19
CUST-10451,Pune,Maharashtra,Tier 1,2024-12-30
CUST-10452,Chennai,Tamil Nadu,Tier 1,2025-10-14
CUST-10453,Coimbatore,Tamil Nadu,Tier 2,2025-01-13
CUST-10454,Delhi NCR,Delhi,Tier 1,2024-06-08
CUST-10455,Kolkata,West Bengal,Tier 1,2024-04-09
CUST-10456,Mumbai,Maharashtra,Tier 1,2024-09-21
CUST-10457,Kolkata,West Bengal,Tier 1,2024-02-18
CUST-10458,Mumbai,Maharashtra,Tier 1,2025-11-07
CUST-10459,Delhi NCR,Delhi,Tier 1,2025-02-18
CUST-10460,Delhi NCR,Delhi,Tier 1,2024-02-28
CUST-10461,Pune,Maharashtra,Tier 1,2024-07-01
CUST-10462,Chandigarh,Punjab,Tier 2,2025-10-20
CUST-10463,Pune,Maharashtra,Tier 1,2025-03-22
CUST-10464,Bhubaneswar,Odisha,Tier 2,2024-10-27
CUST-10465,Chennai,Tamil Nadu,Tier 1,2025-08-30
CUST-10466,Hyderabad,Telangana,Tier 1,2025-07-08
CUST-10467,Bhopal,Madhya Pradesh,Tier 2,2024-12-19
CUST-10468,Bangalore,Karnataka,Tier 1,2024-07-31
CUST-10469,Bhubaneswar,Odisha,Tier 2,2024-07-07
CUST-10470,Mumbai,Maharashtra,Tier 1,2025-10-04
CUST-10471,Bhubaneswar,Odisha,Tier 2,2024-12-12
CUST-10472,Mumbai,Maharashtra,Tier 1,2024-05-16
CUST-10473,Coimbatore,Tamil Nadu,Tier 2,2024-01-30
CUST-10474,Kolkata,West Bengal,Tier 1,2024-05-25
CUST-10475,Visakhapatnam,Andhra Pradesh,Tier 2,2025-04-12
CUST-10476,Mumbai,Maharashtra,Tier 1,2025-09-08
CUST-10477,Kolkata,West Bengal,Tier 1,2025-05-17
CUST-10478,Bhubaneswar,Odisha,Tier 2,2024-07-09
CUST-10479,Kolkata,West Bengal,Tier 1,2025-04-15
CUST-10480,Pune,Maharashtra,Tier 1,2025-11-20
CUST-10481,Lucknow,Uttar Pradesh,Tier 2,2024-12-10
CUST-10482,Chennai,Tamil Nadu,Tier 1,2024-01-01
CUST-10483,Pune,Maharashtra,Tier 1,2024-04-19
CUST-10484,Pune,Maharashtra,Tier 1,2024-03-04
CUST-10485,Coimbatore,Tamil Nadu,Tier 2,2024-02-22
CUST-10486,Mumbai,Maharashtra,Tier 1,2024-09-18
CUST-10487,Hyderabad,Telangana,Tier 1,2025-06-12
CUST-10488,Bhubaneswar,Odisha,Tier 2,2024-10-28
CUST-10489,Coimbatore,Tamil Nadu,Tier 2,2024-08-21
CUST-10490,Chennai,Tamil Nadu,Tier 1,2024-03-13
CUST-10491,Pune,Maharashtra,Tier 1,2024-12-22
CUST-10492,Bangalore,Karnataka,Tier 1,2025-08-25
CUST-10493,Bangalore,Karnataka,Tier 1,2025-04-28
CUST-10494,Chennai,Tamil Nadu,Tier 1,2024-01-06
CUST-10495,Hyderabad,Telangana,Tier 1,2024-05-16
CUST-10496,Pune,Maharashtra,Tier 1,2025-02-07
CUST-10497,Mumbai,Maharashtra,Tier 1,2025-09-19
CUST-10498,Visakhapatnam,Andhra Pradesh,Tier 2,2025-07-08
CUST-10499,Visakhapatnam,Andhra Pradesh,Tier 2,2025-07-23
CUST-10500,Lucknow,Uttar Pradesh,Tier 2,2024-07-24
CUST-10501,Kolkata,West Bengal,Tier 1,2025-02-13
CUST-10502,Hyderabad,Telangana,Tier 1,2025-08-28
CUST-10503,Indore,Madhya Pradesh,Tier 2,2024-02-05
CUST-10504,Lucknow,Uttar Pradesh,Tier 2,2024-08-17
CUST-10505,Delhi NCR,Delhi,Tier 1,2024-08-14
CUST-10506,Coimbatore,Tamil Nadu,Tier 2,2025-11-25
CUST-10507,Indore,Madhya Pradesh,Tier 2,2024-09-18
CUST-10508,Bhubaneswar,Odisha,Tier 2,2024-05-10
CUST-10509,Ahmedabad,Gujarat,Tier 2,2025-07-30
CUST-10510,Pune,Maharashtra,Tier 1,2025-03-23
CUST-10511,Chennai,Tamil Nadu,Tier 1,2024-07-04
CUST-10512,Nagpur,Maharashtra,Tier 2,2025-09-20
CUST-10513,Bhopal,Madhya Pradesh,Tier 2,2024-07-04
CUST-10514,Mumbai,Maharashtra,Tier 1,2024-09-30
CUST-10515,Mumbai,Maharashtra,Tier 1,2025-10-24
CUST-10516,Chennai,Tamil Nadu,Tier 1,2024-12-17
CUST-10517,Indore,Madhya Pradesh,Tier 2,2025-02-16
CUST-10518,Visakhapatnam,Andhra Pradesh,Tier 2,2024-05-30
CUST-10519,Delhi NCR,Delhi,Tier 1,2025-01-18
CUST-10520,Pune,Maharashtra,Tier 1,2024-02-05
CUST-10521,Chennai,Tamil Nadu,Tier 1,2024-11-21
CUST-10522,Bhubaneswar,Odisha,Tier 2,2025-04-09
CUST-10523,Patna,Bihar,Tier 2,2025-04-10
CUST-10524,Patna,Bihar,Tier 2,2024-04-04
CUST-10525,Kolkata,West Bengal,Tier 1,2024-05-13
CUST-10526,Chennai,Tamil Nadu,Tier 1,2024-06-10
CUST-10527,Bangalore,Karnataka,Tier 1,2025-07-09
CUST-10528,Mumbai,Maharashtra,Tier 1,2024-10-26
CUST-10529,Bhopal,Madhya Pradesh,Tier 2,2024-12-21
CUST-10530,Indore,Madhya Pradesh,Tier 2,2024-08-27
CUST-10531,Visakhapatnam,Andhra Pradesh,Tier 2,2025-07-17
CUST-10532,Visakhapatnam,Andhra Pradesh,Tier 2,2025-08-08
CUST-10533,Kolkata,West Bengal,Tier 1,2024-06-15
CUST-10534,Kochi,Kerala,Tier 2,2024-05-19
CUST-10535,Bhubaneswar,Odisha,Tier 2,2024-05-18
CUST-10536,Patna,Bihar,Tier 2,2024-08-22
CUST-10537,Bangalore,Karnataka,Tier 1,2024-01-03
CUST-10538,Chennai,Tamil Nadu,Tier 1,2024-09-12
CUST-10539,Delhi NCR,Delhi,Tier 1,2025-01-05
CUST-10540,Bhubaneswar,Odisha,Tier 2,2024-10-04
CUST-10541,Pune,Maharashtra,Tier 1,2025-05-30
CUST-10542,Bangalore,Karnataka,Tier 1,2024-07-30
CUST-10543,Jaipur,Rajasthan,Tier 2,2024-08-03
CUST-10544,Pune,Maharashtra,Tier 1,2024-09-26
CUST-10545,Hyderabad,Telangana,Tier 1,2025-04-20
CUST-10546,Delhi NCR,Delhi,Tier 1,2025-06-11
CUST-10547,Jaipur,Rajasthan,Tier 2,2024-03-04
CUST-10548,Kolkata,West Bengal,Tier 1,2025-04-04
CUST-10549,Kochi,Kerala,Tier 2,2024-01-16
CUST-10550,Kolkata,West Bengal,Tier 1,2025-07-17
CUST-10551,Patna,Bihar,Tier 2,2024-01-19
CUST-10552,Kolkata,West Bengal,Tier 1,2024-11-20
CUST-10553,Pune,Maharashtra,Tier 1,2024-04-02
CUST-10554,Bhopal,Madhya Pradesh,Tier 2,2024-01-17
CUST-10555,Chennai,Tamil Nadu,Tier 1,2025-09-14
CUST-10556,Delhi NCR,Delhi,Tier 1,2025-05-02
CUST-10557,Mumbai,Maharashtra,Tier 1,2024-04-03
CUST-10558,Chandigarh,Punjab,Tier 2,2024-01-10
CUST-10559,Pune,Maharashtra,Tier 1,2025-06-11
CUST-10560,Lucknow,Uttar Pradesh,Tier 2,2025-05-03
CUST-10561,Bangalore,Karnataka,Tier 1,2024-05-23
CUST-10562,Delhi NCR,Delhi,Tier 1,2025-07-07
CUST-10563,Mumbai,Maharashtra,Tier 1,2025-05-29
CUST-10564,Hyderabad,Telangana,Tier 1,2025-04-14
CUST-10565,Pune,Maharashtra,Tier 1,2025-01-11
CUST-10566,Chennai,Tamil Nadu,Tier 1,2025-10-29
CUST-10567,Chennai,Tamil Nadu,Tier 1,2025-05-08
CUST-10568,Coimbatore,Tamil Nadu,Tier 2,2025-11-15
CUST-10569,Hyderabad,Telangana,Tier 1,2025-04-28
CUST-10570,Kolkata,West Bengal,Tier 1,2025-03-27
CUST-10571,Kochi,Kerala,Tier 2,2025-06-19
CUST-10572,Chennai,Tamil Nadu,Tier 1,2024-03-15
CUST-10573,Pune,Maharashtra,Tier 1,2024-02-09
CUST-10574,Bhopal,Madhya Pradesh,Tier 2,2024-10-28
CUST-10575,Bhubaneswar,Odisha,Tier 2,2025-07-05
CUST-10576,Delhi NCR,Delhi,Tier 1,2024-03-02
CUST-10577,Nagpur,Maharashtra,Tier 2,2025-05-17
CUST-10578,Kolkata,West Bengal,Tier 1,2024-09-01
CUST-10579,Bangalore,Karnataka,Tier 1,2024-01-18
CUST-10580,Chennai,Tamil Nadu,Tier 1,2025-10-13
CUST-10581,Visakhapatnam,Andhra Pradesh,Tier 2,2025-02-01
CUST-10582,Kolkata,West Bengal,Tier 1,2025-08-16
CUST-10583,Hyderabad,Telangana,Tier 1,2024-07-07
CUST-10584,Pune,Maharashtra,Tier 1,2025-09-11
CUST-10585,Bangalore,Karnataka,Tier 1,2024-04-13
CUST-10586,Mumbai,Maharashtra,Tier 1,2025-10-07
CUST-10587,Delhi NCR,Delhi,Tier 1,2024-12-09
CUST-10588,Delhi NCR,Delhi,Tier 1,2025-01-05
CUST-10589,Delhi NCR,Delhi,Tier 1,2024-02-02
CUST-10590,Delhi NCR,Delhi,Tier 1,2025-01-08
CUST-10591,Pune,Maharashtra,Tier 1,2024-06-26
CUST-10592,Delhi NCR,Delhi,Tier 1,2024-01-12
CUST-10593,Hyderabad,Telangana,Tier 1,2025-03-31
CUST-10594,Coimbatore,Tamil Nadu,Tier 2,2025-10-04
CUST-10595,Kolkata,West Bengal,Tier 1,2024-09-05
CUST-10596,Jaipur,Rajasthan,Tier 2,2025-03-23
CUST-10597,Delhi NCR,Delhi,Tier 1,2025-07-23
CUST-10598,Bangalore,Karnataka,Tier 1,2024-01-04
CUST-10599,Mumbai,Maharashtra,Tier 1,2024-08-23
CUST-10600,Delhi NCR,Delhi,Tier 1,2024-06-21
CUST-10601,Hyderabad,Telangana,Tier 1,2024-11-17
CUST-10602,Delhi NCR,Delhi,Tier 1,2025-01-05
CUST-10603,Mumbai,Maharashtra,Tier 1,2025-07-01
CUST-10604,Delhi NCR,Delhi,Tier 1,2024-10-22
CUST-10605,Chennai,Tamil Nadu,Tier 1,2025-02-03
CUST-10606,Bangalore,Karnataka,Tier 1,2024-02-27
CUST-10607,Hyderabad,Telangana,Tier 1,2025-06-13
CUST-10608,Kolkata,West Bengal,Tier 1,2025-07-01
CUST-10609,Lucknow,Uttar Pradesh,Tier 2,2025-02-11
CUST-10610,Mumbai,Maharashtra,Tier 1,2025-10-02
CUST-10611,Indore,Madhya Pradesh,Tier 2,2025-05-27
CUST-10612,Pune,Maharashtra,Tier 1,2024-03-04
CUST-10613,Mumbai,Maharashtra,Tier 1,2025-07-27
CUST-10614,Bhopal,Madhya Pradesh,Tier 2,2025-02-23
CUST-10615,Nagpur,Maharashtra,Tier 2,2024-05-25
CUST-10616,Mumbai,Maharashtra,Tier 1,2024-09-28
CUST-10617,Bangalore,Karnataka,Tier 1,2024-01-17
CUST-10618,Indore,Madhya Pradesh,Tier 2,2024-04-07
CUST-10619,Chandigarh,Punjab,Tier 2,2025-03-27
CUST-10620,Delhi NCR,Delhi,Tier 1,2024-08-30
CUST-10621,Bangalore,Karnataka,Tier 1,2025-04-23
CUST-10622,Hyderabad,Telangana,Tier 1,2024-07-19
CUST-10623,Kolkata,West Bengal,Tier 1,2025-04-17
CUST-10624,Pune,Maharashtra,Tier 1,2024-06-27
CUST-10625,Hyderabad,Telangana,Tier 1,2025-05-22
CUST-10626,Chennai,Tamil Nadu,Tier 1,2025-03-28
CUST-10627,Chandigarh,Punjab,Tier 2,2024-09-26
CUST-10628,Mumbai,Maharashtra,Tier 1,2024-08-21
CUST-10629,Bangalore,Karnataka,Tier 1,2025-09-15
CUST-10630,Ahmedabad,Gujarat,Tier 2,2025-04-30
CUST-10631,Coimbatore,Tamil Nadu,Tier 2,2025-07-31
CUST-10632,Kolkata,West Bengal,Tier 1,2024-12-03
CUST-10633,Kolkata,West Bengal,Tier 1,2025-03-23
CUST-10634,Delhi NCR,Delhi,Tier 1,2025-08-06
CUST-10635,Chennai,Tamil Nadu,Tier 1,2024-12-22
CUST-10636,Kolkata,West Bengal,Tier 1,2024-02-18
CUST-10637,Bangalore,Karnataka,Tier 1,2025-05-10
CUST-10638,Bangalore,Karnataka,Tier 1,2024-12-11
CUST-10639,Chennai,Tamil Nadu,Tier 1,2024-10-19
CUST-10640,Mumbai,Maharashtra,Tier 1,2025-11-19
CUST-10641,Hyderabad,Telangana,Tier 1,2025-11-03
CUST-10642,Bangalore,Karnataka,Tier 1,2024-05-29
CUST-10643,Hyderabad,Telangana,Tier 1,2025-08-04
CUST-10644,Delhi NCR,Delhi,Tier 1,2025-06-28
CUST-10645,Coimbatore,Tamil Nadu,Tier 2,2024-09-16
CUST-10646,Pune,Maharashtra,Tier 1,2024-11-17
CUST-10647,Jaipur,Rajasthan,Tier 2,2024-03-17
CUST-10648,Kochi,Kerala,Tier 2,2024-04-19
CUST-10649,Kolkata,West Bengal,Tier 1,2025-10-12
CUST-10650,Mumbai,Maharashtra,Tier 1,2025-06-30
CUST-10651,Kolkata,West Bengal,Tier 1,2025-02-26
CUST-10652,Pune,Maharashtra,Tier 1,2025-01-28
CUST-10653,Chandigarh,Punjab,Tier 2,2024-08-22
CUST-10654,Chennai,Tamil Nadu,Tier 1,2024-11-25
CUST-10655,Delhi NCR,Delhi,Tier 1,2024-11-20
CUST-10656,Hyderabad,Telangana,Tier 1,2024-05-30
CUST-10657,Hyderabad,Telangana,Tier 1,2025-06-29
CUST-10658,Pune,Maharashtra,Tier 1,2025-09-27
CUST-10659,Pune,Maharashtra,Tier 1,2024-02-01
CUST-10660,Hyderabad,Telangana,Tier 1,2024-09-28
CUST-10661,Visakhapatnam,Andhra Pradesh,Tier 2,2025-09-27
CUST-10662,Pune,Maharashtra,Tier 1,2025-01-02
CUST-10663,Bangalore,Karnataka,Tier 1,2025-05-06
CUST-10664,Delhi NCR,Delhi,Tier 1,2024-11-11
CUST-10665,Delhi NCR,Delhi,Tier 1,2025-08-12
CUST-10666,Bangalore,Karnataka,Tier 1,2025-08-10
CUST-10667,Delhi NCR,Delhi,Tier 1,2025-07-25
CUST-10668,Bangalore,Karnataka,Tier 1,2025-08-19
CUST-10669,Hyderabad,Telangana,Tier 1,2025-01-02
CUST-10670,Delhi NCR,Delhi,Tier 1,2024-03-20
CUST-10671,Coimbatore,Tamil Nadu,Tier 2,2024-06-20
CUST-10672,Mumbai,Maharashtra,Tier 1,2024-09-14
CUST-10673,Kolkata,West Bengal,Tier 1,2024-10-05
CUST-10674,Chennai,Tamil Nadu,Tier 1,2025-05-18
CUST-10675,Visakhapatnam,Andhra Pradesh,Tier 2,2025-07-11
CUST-10676,Delhi NCR,Delhi,Tier 1,2025-05-05
CUST-10677,Chennai,Tamil Nadu,Tier 1,2025-08-07
CUST-10678,Bhubaneswar,Odisha,Tier 2,2025-07-19
CUST-10679,Bhopal,Madhya Pradesh,Tier 2,2024-12-02
CUST-10680,Indore,Madhya Pradesh,Tier 2,2025-06-04
CUST-10681,Bangalore,Karnataka,Tier 1,2024-11-21
CUST-10682,Delhi NCR,Delhi,Tier 1,2024-06-20
CUST-10683,Jaipur,Rajasthan,Tier 2,2024-03-24
CUST-10684,Nagpur,Maharashtra,Tier 2,2025-06-07
CUST-10685,Kolkata,West Bengal,Tier 1,2025-04-25
CUST-10686,Pune,Maharashtra,Tier 1,2025-06-27
CUST-10687,Hyderabad,Telangana,Tier 1,2025-02-21
CUST-10688,Kochi,Kerala,Tier 2,2024-12-04
CUST-10689,Bangalore,Karnataka,Tier 1,2024-11-15
CUST-10690,Hyderabad,Telangana,Tier 1,2024-10-30
CUST-10691,Chennai,Tamil Nadu,Tier 1,2024-09-28
CUST-10692,Kolkata,West Bengal,Tier 1,2025-11-20
CUST-10693,Bangalore,Karnataka,Tier 1,2024-04-23
CUST-10694,Delhi NCR,Delhi,Tier 1,2025-02-10
CUST-10695,Pune,Maharashtra,Tier 1,2024-01-26
CUST-10696,Hyderabad,Telangana,Tier 1,2024-08-24
CUST-10697,Pune,Maharashtra,Tier 1,2024-11-05
CUST-10698,Delhi NCR,Delhi,Tier 1,2025-11-14
CUST-10699,Kolkata,West Bengal,Tier 1,2024-08-20
CUST-10700,Kolkata,West Bengal,Tier 1,2025-07-02
CUST-10701,Mumbai,Maharashtra,Tier 1,2024-09-21
CUST-10702,Hyderabad,Telangana,Tier 1,2024-01-13
CUST-10703,Delhi NCR,Delhi,Tier 1,2025-05-10
CUST-10704,Mumbai,Maharashtra,Tier 1,2024-11-11
CUST-10705,Visakhapatnam,Andhra Pradesh,Tier 2,2025-09-09
CUST-10706,Hyderabad,Telangana,Tier 1,2025-09-29
CUST-10707,Indore,Madhya Pradesh,Tier 2,2025-01-18
CUST-10708,Bangalore,Karnataka,Tier 1,2025-10-03
CUST-10709,Lucknow,Uttar Pradesh,Tier 2,2024-11-11
CUST-10710,Chandigarh,Punjab,Tier 2,2024-09-12
CUST-10711,Pune,Maharashtra,Tier 1,2025-03-16
CUST-10712,Kolkata,West Bengal,Tier 1,2024-04-24
CUST-10713,Chennai,Tamil Nadu,Tier 1,2024-10-25
CUST-10714,Hyderabad,Telangana,Tier 1,2024-05-03
CUST-10715,Nagpur,Maharashtra,Tier 2,2024-09-12
CUST-10716,Patna,Bihar,Tier 2,2025-10-12
CUST-10717,Bhubaneswar,Odisha,Tier 2,2024-02-16
CUST-10718,Delhi NCR,Delhi,Tier 1,2025-04-07
CUST-10719,Ahmedabad,Gujarat,Tier 2,2024-12-15
CUST-10720,Nagpur,Maharashtra,Tier 2,2024-05-02
CUST-10721,Delhi NCR,Delhi,Tier 1,2024-01-31
CUST-10722,Mumbai,Maharashtra,Tier 1,2024-02-24
CUST-10723,Chandigarh,Punjab,Tier 2,2024-06-01
CUST-10724,Pune,Maharashtra,Tier 1,2025-03-31
CUST-10725,Patna,Bihar,Tier 2,2024-10-12
CUST-10726,Delhi NCR,Delhi,Tier 1,2024-02-05
CUST-10727,Kochi,Kerala,Tier 2,2024-09-12
CUST-10728,Bangalore,Karnataka,Tier 1,2024-06-26
CUST-10729,Delhi NCR,Delhi,Tier 1,2025-07-01
CUST-10730,Delhi NCR,Delhi,Tier 1,2024-09-10
CUST-10731,Indore,Madhya Pradesh,Tier 2,2025-05-22
CUST-10732,Jaipur,Rajasthan,Tier 2,2025-11-04
CUST-10733,Kolkata,West Bengal,Tier 1,2024-01-21
CUST-10734,Hyderabad,Telangana,Tier 1,2024-03-15
CUST-10735,Bhopal,Madhya Pradesh,Tier 2,2025-04-04
CUST-10736,Chennai,Tamil Nadu,Tier 1,2024-06-26
CUST-10737,Indore,Madhya Pradesh,Tier 2,2025-01-16
CUST-10738,Chennai,Tamil Nadu,Tier 1,2024-02-06
CUST-10739,Chennai,Tamil Nadu,Tier 1,2024-04-29
CUST-10740,Chennai,Tamil Nadu,Tier 1,2025-09-21
CUST-10741,Hyderabad,Telangana,Tier 1,2024-01-01
CUST-10742,Chandigarh,Punjab,Tier 2,2024-11-06
CUST-10743,Kolkata,West Bengal,Tier 1,2024-07-26
CUST-10744,Bangalore,Karnataka,Tier 1,2024-06-02
CUST-10745,Coimbatore,Tamil Nadu,Tier 2,2025-11-13
CUST-10746,Chennai,Tamil Nadu,Tier 1,2024-11-10
CUST-10747,Kolkata,West Bengal,Tier 1,2024-11-02
CUST-10748,Coimbatore,Tamil Nadu,Tier 2,2025-05-18
CUST-10749,Pune,Maharashtra,Tier 1,2025-09-10
CUST-10750,Delhi NCR,Delhi,Tier 1,2025-10-16
CUST-10751,Nagpur,Maharashtra,Tier 2,2025-06-03
CUST-10752,Pune,Maharashtra,Tier 1,2025-08-28
CUST-10753,Hyderabad,Telangana,Tier 1,2024-04-06
CUST-10754,Delhi NCR,Delhi,Tier 1,2025-05-04
CUST-10755,Kochi,Kerala,Tier 2,2024-01-07
CUST-10756,Pune,Maharashtra,Tier 1,2024-01-12
CUST-10757,Kolkata,West Bengal,Tier 1,2025-05-28
CUST-10758,Coimbatore,Tamil Nadu,Tier 2,2024-12-14
CUST-10759,Kochi,Kerala,Tier 2,2024-01-07
CUST-10760,Delhi NCR,Delhi,Tier 1,2025-05-14
CUST-10761,Hyderabad,Telangana,Tier 1,2025-04-19
CUST-10762,Bangalore,Karnataka,Tier 1,2025-06-07
CUST-10763,Chandigarh,Punjab,Tier 2,2024-02-26
CUST-10764,Mumbai,Maharashtra,Tier 1,2025-08-12
CUST-10765,Pune,Maharashtra,Tier 1,2025-08-08
CUST-10766,Chandigarh,Punjab,Tier 2,2024-08-20
CUST-10767,Bhopal,Madhya Pradesh,Tier 2,2024-01-30
CUST-10768,Hyderabad,Telangana,Tier 1,2025-01-01
CUST-10769,Indore,Madhya Pradesh,Tier 2,2025-08-29
CUST-10770,Delhi NCR,Delhi,Tier 1,2024-02-25
CUST-10771,Patna,Bihar,Tier 2,2024-01-10
CUST-10772,Delhi NCR,Delhi,Tier 1,2024-05-26
CUST-10773,Chennai,Tamil Nadu,Tier 1,2024-12-29
CUST-10774,Indore,Madhya Pradesh,Tier 2,2025-08-21
CUST-10775,Delhi NCR,Delhi,Tier 1,2024-09-09
CUST-10776,Bangalore,Karnataka,Tier 1,2025-11-29
CUST-10777,Ahmedabad,Gujarat,Tier 2,2024-09-09
CUST-10778,Ahmedabad,Gujarat,Tier 2,2025-03-18
CUST-10779,Pune,Maharashtra,Tier 1,2024-12-05
CUST-10780,Lucknow,Uttar Pradesh,Tier 2,2025-05-30
CUST-10781,Kolkata,West Bengal,Tier 1,2024-12-18
CUST-10782,Bangalore,Karnataka,Tier 1,2025-09-15
CUST-10783,Hyderabad,Telangana,Tier 1,2025-10-14
CUST-10784,Delhi NCR,Delhi,Tier 1,2024-11-18
CUST-10785,Coimbatore,Tamil Nadu,Tier 2,2024-05-19
CUST-10786,Pune,Maharashtra,Tier 1,2025-03-20
CUST-10787,Chennai,Tamil Nadu,Tier 1,2024-04-04
CUST-10788,Chennai,Tamil Nadu,Tier 1,2025-07-06
CUST-10789,Bhubaneswar,Odisha,Tier 2,2025-02-23
CUST-10790,Delhi NCR,Delhi,Tier 1,2025-05-28
CUST-10791,Pune,Maharashtra,Tier 1,2024-05-29
CUST-10792,Kolkata,West Bengal,Tier 1,2025-07-06
CUST-10793,Pune,Maharashtra,Tier 1,2024-12-16
CUST-10794,Mumbai,Maharashtra,Tier 1,2024-04-25
CUST-10795,Bhopal,Madhya Pradesh,Tier 2,2025-09-23
CUST-10796,Nagpur,Maharashtra,Tier 2,2024-08-24
CUST-10797,Pune,Maharashtra,Tier 1,2024-09-26
CUST-10798,Lucknow,Uttar Pradesh,Tier 2,2024-10-17
CUST-10799,Nagpur,Maharashtra,Tier 2,2025-03-09
CUST-10800,Lucknow,Uttar Pradesh,Tier 2,2024-01-09
CUST-10801,Delhi NCR,Delhi,Tier 1,2025-09-21
CUST-10802,Pune,Maharashtra,Tier 1,2025-04-19
CUST-10803,Pune,Maharashtra,Tier 1,2025-06-05
CUST-10804,Chennai,Tamil Nadu,Tier 1,2025-06-20
CUST-10805,Ahmedabad,Gujarat,Tier 2,2025-11-15
CUST-10806,Nagpur,Maharashtra,Tier 2,2024-01-11
CUST-10807,Nagpur,Maharashtra,Tier 2,2025-09-04
CUST-10808,Chennai,Tamil Nadu,Tier 1,2024-11-22
CUST-10809,Delhi NCR,Delhi,Tier 1,2025-08-17
CUST-10810,Visakhapatnam,Andhra Pradesh,Tier 2,2024-10-02
CUST-10811,Patna,Bihar,Tier 2,2025-01-04
CUST-10812,Delhi NCR,Delhi,Tier 1,2025-05-04
CUST-10813,Nagpur,Maharashtra,Tier 2,2024-12-10
CUST-10814,Bhopal,Madhya Pradesh,Tier 2,2025-01-02
CUST-10815,Kolkata,West Bengal,Tier 1,2024-11-06
CUST-10816,Pune,Maharashtra,Tier 1,2025-08-23
CUST-10817,Chennai,Tamil Nadu,Tier 1,2025-04-29
CUST-10818,Mumbai,Maharashtra,Tier 1,2024-01-15
CUST-10819,Hyderabad,Telangana,Tier 1,2025-11-18
CUST-10820,Indore,Madhya Pradesh,Tier 2,2024-01-04
CUST-10821,Mumbai,Maharashtra,Tier 1,2025-01-10
CUST-10822,Hyderabad,Telangana,Tier 1,2025-01-03
CUST-10823,Chennai,Tamil Nadu,Tier 1,2025-04-09
CUST-10824,Kolkata,West Bengal,Tier 1,2025-06-16
CUST-10825,Nagpur,Maharashtra,Tier 2,2024-05-16
CUST-10826,Hyderabad,Telangana,Tier 1,2024-12-28
CUST-10827,Hyderabad,Telangana,Tier 1,2024-08-03
CUST-10828,Chandigarh,Punjab,Tier 2,2025-01-02
CUST-10829,Chennai,Tamil Nadu,Tier 1,2024-04-26
CUST-10830,Bangalore,Karnataka,Tier 1,2024-06-27
CUST-10831,Chennai,Tamil Nadu,Tier 1,2024-09-02
CUST-10832,Delhi NCR,Delhi,Tier 1,2024-05-07
CUST-10833,Delhi NCR,Delhi,Tier 1,2024-12-23
CUST-10834,Kolkata,West Bengal,Tier 1,2024-03-18
CUST-10835,Chennai,Tamil Nadu,Tier 1,2024-10-19
CUST-10836,Nagpur,Maharashtra,Tier 2,2024-03-22
CUST-10837,Hyderabad,Telangana,Tier 1,2024-12-07
CUST-10838,Pune,Maharashtra,Tier 1,2024-12-03
CUST-10839,Pune,Maharashtra,Tier 1,2025-07-31
CUST-10840,Mumbai,Maharashtra,Tier 1,2024-04-05
CUST-10841,Jaipur,Rajasthan,Tier 2,2024-05-24
CUST-10842,Delhi NCR,Delhi,Tier 1,2025-07-30
CUST-10843,Bhubaneswar,Odisha,Tier 2,2025-06-04
CUST-10844,Delhi NCR,Delhi,Tier 1,2025-01-31
CUST-10845,Chennai,Tamil Nadu,Tier 1,2024-12-22
CUST-10846,Mumbai,Maharashtra,Tier 1,2024-07-04
CUST-10847,Visakhapatnam,Andhra Pradesh,Tier 2,2025-10-31
CUST-10848,Kolkata,West Bengal,Tier 1,2025-06-26
CUST-10849,Pune,Maharashtra,Tier 1,2024-05-30
CUST-10850,Mumbai,Maharashtra,Tier 1,2024-11-14
CUST-10851,Chandigarh,Punjab,Tier 2,2025-10-29
CUST-10852,Bangalore,Karnataka,Tier 1,2024-02-28
CUST-10853,Coimbatore,Tamil Nadu,Tier 2,2024-01-10
CUST-10854,Bangalore,Karnataka,Tier 1,2024-05-03
CUST-10855,Bangalore,Karnataka,Tier 1,2024-12-21
CUST-10856,Mumbai,Maharashtra,Tier 1,2024-12-11
CUST-10857,Kolkata,West Bengal,Tier 1,2024-08-24
CUST-10858,Pune,Maharashtra,Tier 1,2024-11-28
CUST-10859,Mumbai,Maharashtra,Tier 1,2024-01-17
CUST-10860,Kochi,Kerala,Tier 2,2025-02-27
CUST-10861,Chennai,Tamil Nadu,Tier 1,2024-11-19
CUST-10862,Kolkata,West Bengal,Tier 1,2024-01-23
CUST-10863,Chennai,Tamil Nadu,Tier 1,2025-04-03
CUST-10864,Chennai,Tamil Nadu,Tier 1,2025-04-04
CUST-10865,Pune,Maharashtra,Tier 1,2025-06-04
CUST-10866,Delhi NCR,Delhi,Tier 1,2025-07-10
CUST-10867,Delhi NCR,Delhi,Tier 1,2025-02-24
CUST-10868,Bhopal,Madhya Pradesh,Tier 2,2025-02-06
CUST-10869,Bhubaneswar,Odisha,Tier 2,2024-11-26
CUST-10870,Chennai,Tamil Nadu,Tier 1,2025-04-01
CUST-10871,Bangalore,Karnataka,Tier 1,2025-04-27
CUST-10872,Pune,Maharashtra,Tier 1,2025-05-12
CUST-10873,Chennai,Tamil Nadu,Tier 1,2024-01-27
CUST-10874,Mumbai,Maharashtra,Tier 1,2025-01-31
CUST-10875,Delhi NCR,Delhi,Tier 1,2024-07-06
CUST-10876,Ahmedabad,Gujarat,Tier 2,2024-05-19
CUST-10877,Jaipur,Rajasthan,Tier 2,2025-06-04
CUST-10878,Mumbai,Maharashtra,Tier 1,2024-04-01
CUST-10879,Bangalore,Karnataka,Tier 1,2024-03-17
CUST-10880,Bangalore,Karnataka,Tier 1,2024-08-31
CUST-10881,Jaipur,Rajasthan,Tier 2,2025-10-28
CUST-10882,Mumbai,Maharashtra,Tier 1,2025-10-23
CUST-10883,Delhi NCR,Delhi,Tier 1,2024-03-28
CUST-10884,Indore,Madhya Pradesh,Tier 2,2025-09-09
CUST-10885,Delhi NCR,Delhi,Tier 1,2024-10-20
CUST-10886,Jaipur,Rajasthan,Tier 2,2024-04-04
CUST-10887,Bangalore,Karnataka,Tier 1,2024-09-09
CUST-10888,Delhi NCR,Delhi,Tier 1,2025-07-04
CUST-10889,Bangalore,Karnataka,Tier 1,2025-02-02
CUST-10890,Ahmedabad,Gujarat,Tier 2,2024-02-23
CUST-10891,Bhopal,Madhya Pradesh,Tier 2,2024-08-30
CUST-10892,Patna,Bihar,Tier 2,2024-04-19
CUST-10893,Chennai,Tamil Nadu,Tier 1,2025-09-15
CUST-10894,Jaipur,Rajasthan,Tier 2,2025-11-16
CUST-10895,Bangalore,Karnataka,Tier 1,2024-08-08
CUST-10896,Hyderabad,Telangana,Tier 1,2025-07-17
CUST-10897,Coimbatore,Tamil Nadu,Tier 2,2024-06-10
CUST-10898,Mumbai,Maharashtra,Tier 1,2024-02-04
CUST-10899,Mumbai,Maharashtra,Tier 1,2024-02-06
CUST-10900,Bangalore,Karnataka,Tier 1,2025-09-14
CUST-10901,Mumbai,Maharashtra,Tier 1,2025-01-04
CUST-10902,Delhi NCR,Delhi,Tier 1,2024-06-25
CUST-10903,Pune,Maharashtra,Tier 1,2025-06-04
CUST-10904,Chennai,Tamil Nadu,Tier 1,2024-10-01
CUST-10905,Coimbatore,Tamil Nadu,Tier 2,2025-09-24
CUST-10906,Indore,Madhya Pradesh,Tier 2,2024-04-14
CUST-10907,Hyderabad,Telangana,Tier 1,2024-06-04
CUST-10908,Bangalore,Karnataka,Tier 1,2024-12-01
CUST-10909,Chennai,Tamil Nadu,Tier 1,2024-01-26
CUST-10910,Pune,Maharashtra,Tier 1,2024-10-22
CUST-10911,Bangalore,Karnataka,Tier 1,2025-06-20
CUST-10912,Pune,Maharashtra,Tier 1,2024-12-20
CUST-10913,Chennai,Tamil Nadu,Tier 1,2024-03-09
CUST-10914,Kolkata,West Bengal,Tier 1,2024-11-22
CUST-10915,Chennai,Tamil Nadu,Tier 1,2024-05-30
CUST-10916,Hyderabad,Telangana,Tier 1,2025-07-30
CUST-10917,Bhubaneswar,Odisha,Tier 2,2025-10-23
CUST-10918,Chandigarh,Punjab,Tier 2,2024-11-15
CUST-10919,Delhi NCR,Delhi,Tier 1,2025-03-27
CUST-10920,Bhopal,Madhya Pradesh,Tier 2,2025-07-23
CUST-10921,Kolkata,West Bengal,Tier 1,2025-10-29
CUST-10922,Coimbatore,Tamil Nadu,Tier 2,2024-04-21
CUST-10923,Indore,Madhya Pradesh,Tier 2,2025-09-26
CUST-10924,Chennai,Tamil Nadu,Tier 1,2025-04-06
CUST-10925,Mumbai,Maharashtra,Tier 1,2024-12-27
CUST-10926,Bangalore,Karnataka,Tier 1,2024-07-21
CUST-10927,Kolkata,West Bengal,Tier 1,2025-05-01
CUST-10928,Pune,Maharashtra,Tier 1,2025-04-24
CUST-10929,Bangalore,Karnataka,Tier 1,2024-01-04
CUST-10930,Delhi NCR,Delhi,Tier 1,2024-05-08
CUST-10931,Patna,Bihar,Tier 2,2024-01-26
CUST-10932,Visakhapatnam,Andhra Pradesh,Tier 2,2024-01-27
CUST-10933,Kolkata,West Bengal,Tier 1,2024-02-11
CUST-10934,Delhi NCR,Delhi,Tier 1,2025-08-05
CUST-10935,Bangalore,Karnataka,Tier 1,2024-03-04
CUST-10936,Mumbai,Maharashtra,Tier 1,2024-01-25
CUST-10937,Nagpur,Maharashtra,Tier 2,2024-03-12
CUST-10938,Delhi NCR,Delhi,Tier 1,2025-04-26
CUST-10939,Pune,Maharashtra,Tier 1,2024-09-24
CUST-10940,Bangalore,Karnataka,Tier 1,2024-04-04
CUST-10941,Kolkata,West Bengal,Tier 1,2025-01-29
CUST-10942,Jaipur,Rajasthan,Tier 2,2024-12-29
CUST-10943,Patna,Bihar,Tier 2,2024-11-10
CUST-10944,Bangalore,Karnataka,Tier 1,2024-04-26
CUST-10945,Mumbai,Maharashtra,Tier 1,2024-06-12
CUST-10946,Delhi NCR,Delhi,Tier 1,2025-07-30
CUST-10947,Coimbatore,Tamil Nadu,Tier 2,2024-11-01
CUST-10948,Bhopal,Madhya Pradesh,Tier 2,2024-07-18
CUST-10949,Pune,Maharashtra,Tier 1,2024-06-28
CUST-10950,Pune,Maharashtra,Tier 1,2024-12-23
CUST-10951,Jaipur,Rajasthan,Tier 2,2024-09-08
CUST-10952,Delhi NCR,Delhi,Tier 1,2024-10-25
CUST-10953,Nagpur,Maharashtra,Tier 2,2025-03-05
CUST-10954,Chennai,Tamil Nadu,Tier 1,2024-01-04
CUST-10955,Chennai,Tamil Nadu,Tier 1,2025-10-14
CUST-10956,Kolkata,West Bengal,Tier 1,2025-11-08
CUST-10957,Mumbai,Maharashtra,Tier 1,2024-09-10
CUST-10958,Delhi NCR,Delhi,Tier 1,2025-10-26
CUST-10959,Chandigarh,Punjab,Tier 2,2025-08-01
CUST-10960,Mumbai,Maharashtra,Tier 1,2025-07-20
CUST-10961,Pune,Maharashtra,Tier 1,2024-04-05
CUST-10962,Bangalore,Karnataka,Tier 1,2024-06-15
CUST-10963,Chennai,Tamil Nadu,Tier 1,2024-11-26
CUST-10964,Hyderabad,Telangana,Tier 1,2024-03-02
CUST-10965,Hyderabad,Telangana,Tier 1,2024-06-22
CUST-10966,Ahmedabad,Gujarat,Tier 2,2024-09-09
CUST-10967,Hyderabad,Telangana,Tier 1,2025-04-05
CUST-10968,Pune,Maharashtra,Tier 1,2025-09-15
CUST-10969,Kolkata,West Bengal,Tier 1,2024-08-02
CUST-10970,Jaipur,Rajasthan,Tier 2,2024-08-26
CUST-10971,Nagpur,Maharashtra,Tier 2,2025-02-18
CUST-10972,Ahmedabad,Gujarat,Tier 2,2025-11-05
CUST-10973,Bangalore,Karnataka,Tier 1,2024-05-05
CUST-10974,Mumbai,Maharashtra,Tier 1,2024-09-09
CUST-10975,Bangalore,Karnataka,Tier 1,2024-07-15
CUST-10976,Pune,Maharashtra,Tier 1,2025-09-25
CUST-10977,Mumbai,Maharashtra,Tier 1,2025-02-16
CUST-10978,Kolkata,West Bengal,Tier 1,2025-03-31
CUST-10979,Pune,Maharashtra,Tier 1,2024-02-23
CUST-10980,Hyderabad,Telangana,Tier 1,2025-10-08
CUST-10981,Kochi,Kerala,Tier 2,2024-12-04
CUST-10982,Delhi NCR,Delhi,Tier 1,2024-12-24
CUST-10983,Mumbai,Maharashtra,Tier 1,2024-05-30
CUST-10984,Ahmedabad,Gujarat,Tier 2,2024-04-09
CUST-10985,Kolkata,West Bengal,Tier 1,2024-08-21
CUST-10986,Lucknow,Uttar Pradesh,Tier 2,2025-06-27
CUST-10987,Chennai,Tamil Nadu,Tier 1,2024-03-02
CUST-10988,Bangalore,Karnataka,Tier 1,2024-07-14
CUST-10989,Indore,Madhya Pradesh,Tier 2,2025-06-25
CUST-10990,Indore,Madhya Pradesh,Tier 2,2024-04-15
CUST-10991,Lucknow,Uttar Pradesh,Tier 2,2024-10-21
CUST-10992,Bangalore,Karnataka,Tier 1,2025-10-06
CUST-10993,Pune,Maharashtra,Tier 1,2025-03-26
CUST-10994,Hyderabad,Telangana,Tier 1,2025-06-17
CUST-10995,Mumbai,Maharashtra,Tier 1,2024-06-04
CUST-10996,Nagpur,Maharashtra,Tier 2,2025-02-09
CUST-10997,Delhi NCR,Delhi,Tier 1,2025-11-13
CUST-10998,Bhubaneswar,Odisha,Tier 2,2025-07-07
CUST-10999,Chennai,Tamil Nadu,Tier 1,2025-07-25
CUST-11000,Delhi NCR,Delhi,Tier 1,2025-01-09
CUST-11001,Kolkata,West Bengal,Tier 1,2025-08-11
CUST-11002,Bhopal,Madhya Pradesh,Tier 2,2025-03-30
CUST-11003,Ahmedabad,Gujarat,Tier 2,2024-07-20
CUST-11004,Indore,Madhya Pradesh,Tier 2,2025-03-27
CUST-11005,Jaipur,Rajasthan,Tier 2,2024-07-05
CUST-11006,Lucknow,Uttar Pradesh,Tier 2,2025-08-30
CUST-11007,Patna,Bihar,Tier 2,2025-01-02
CUST-11008,Bangalore,Karnataka,Tier 1,2024-12-05
CUST-11009,Kolkata,West Bengal,Tier 1,2024-09-18
CUST-11010,Bangalore,Karnataka,Tier 1,2025-08-11
CUST-11011,Visakhapatnam,Andhra Pradesh,Tier 2,2025-06-26
CUST-11012,Bhubaneswar,Odisha,Tier 2,2025-07-04
CUST-11013,Mumbai,Maharashtra,Tier 1,2024-11-01
CUST-11014,Lucknow,Uttar Pradesh,Tier 2,2025-09-29
CUST-11015,Nagpur,Maharashtra,Tier 2,2024-06-13
CUST-11016,Delhi NCR,Delhi,Tier 1,2025-09-12
CUST-11017,Pune,Maharashtra,Tier 1,2024-03-28
CUST-11018,Nagpur,Maharashtra,Tier 2,2024-07-18
CUST-11019,Mumbai,Maharashtra,Tier 1,2024-09-27
CUST-11020,Lucknow,Uttar Pradesh,Tier 2,2024-02-20
CUST-11021,Hyderabad,Telangana,Tier 1,2025-05-03
CUST-11022,Nagpur,Maharashtra,Tier 2,2024-07-16
CUST-11023,Visakhapatnam,Andhra Pradesh,Tier 2,2024-01-23
CUST-11024,Bhubaneswar,Odisha,Tier 2,2025-10-26
CUST-11025,Kolkata,West Bengal,Tier 1,2024-08-10
CUST-11026,Bhopal,Madhya Pradesh,Tier 2,2024-08-08
CUST-11027,Patna,Bihar,Tier 2,2025-10-24
CUST-11028,Hyderabad,Telangana,Tier 1,2024-09-22
CUST-11029,Patna,Bihar,Tier 2,2024-03-13
CUST-11030,Mumbai,Maharashtra,Tier 1,2024-03-17
CUST-11031,Pune,Maharashtra,Tier 1,2025-06-27
CUST-11032,Bangalore,Karnataka,Tier 1,2025-03-10
CUST-11033,Delhi NCR,Delhi,Tier 1,2024-03-05
CUST-11034,Mumbai,Maharashtra,Tier 1,2024-12-22
CUST-11035,Lucknow,Uttar Pradesh,Tier 2,2024-01-18
CUST-11036,Hyderabad,Telangana,Tier 1,2025-11-06
CUST-11037,Ahmedabad,Gujarat,Tier 2,2025-07-19
CUST-11038,Mumbai,Maharashtra,Tier 1,2025-07-28
CUST-11039,Hyderabad,Telangana,Tier 1,2025-03-11
CUST-11040,Kolkata,West Bengal,Tier 1,2025-03-16
CUST-11041,Kochi,Kerala,Tier 2,2024-01-09
CUST-11042,Hyderabad,Telangana,Tier 1,2025-04-14
CUST-11043,Pune,Maharashtra,Tier 1,2025-09-23
CUST-11044,Coimbatore,Tamil Nadu,Tier 2,2024-12-13
CUST-11045,Pune,Maharashtra,Tier 1,2025-08-24
CUST-11046,Bangalore,Karnataka,Tier 1,2025-01-06
CUST-11047,Mumbai,Maharashtra,Tier 1,2024-06-23
CUST-11048,Bhopal,Madhya Pradesh,Tier 2,2025-05-29
CUST-11049,Mumbai,Maharashtra,Tier 1,2024-05-09
CUST-11050,Bhopal,Madhya Pradesh,Tier 2,2025-07-19
CUST-11051,Kolkata,West Bengal,Tier 1,2024-10-19
CUST-11052,Nagpur,Maharashtra,Tier 2,2025-11-26
CUST-11053,Indore,Madhya Pradesh,Tier 2,2024-12-18
CUST-11054,Visakhapatnam,Andhra Pradesh,Tier 2,2024-08-11
CUST-11055,Hyderabad,Telangana,Tier 1,2025-06-07
CUST-11056,Kochi,Kerala,Tier 2,2025-05-23
CUST-11057,Chennai,Tamil Nadu,Tier 1,2025-01-02
CUST-11058,Kolkata,West Bengal,Tier 1,2025-10-27
CUST-11059,Pune,Maharashtra,Tier 1,2025-08-12
CUST-11060,Bhopal,Madhya Pradesh,Tier 2,2025-10-13
CUST-11061,Visakhapatnam,Andhra Pradesh,Tier 2,2025-05-14
CUST-11062,Kochi,Kerala,Tier 2,2024-03-30
CUST-11063,Chennai,Tamil Nadu,Tier 1,2025-10-17
CUST-11064,Chennai,Tamil Nadu,Tier 1,2024-03-12
CUST-11065,Chandigarh,Punjab,Tier 2,2025-03-08
CUST-11066,Bangalore,Karnataka,Tier 1,2025-11-19
CUST-11067,Delhi NCR,Delhi,Tier 1,2024-12-13
CUST-11068,Hyderabad,Telangana,Tier 1,2024-09-19
CUST-11069,Hyderabad,Telangana,Tier 1,2024-09-27
CUST-11070,Hyderabad,Telangana,Tier 1,2025-05-23
CUST-11071,Bangalore,Karnataka,Tier 1,2025-05-22
CUST-11072,Mumbai,Maharashtra,Tier 1,2025-09-08
CUST-11073,Mumbai,Maharashtra,Tier 1,2025-02-23
CUST-11074,Visakhapatnam,Andhra Pradesh,Tier 2,2024-03-12
CUST-11075,Chennai,Tamil Nadu,Tier 1,2024-03-14
CUST-11076,Chennai,Tamil Nadu,Tier 1,2025-10-16
CUST-11077,Lucknow,Uttar Pradesh,Tier 2,2025-05-17
CUST-11078,Bangalore,Karnataka,Tier 1,2025-07-27
CUST-11079,Bhubaneswar,Odisha,Tier 2,2024-05-25
CUST-11080,Kochi,Kerala,Tier 2,2024-02-15
CUST-11081,Mumbai,Maharashtra,Tier 1,2024-04-14
CUST-11082,Chennai,Tamil Nadu,Tier 1,2024-04-18
CUST-11083,Bhopal,Madhya Pradesh,Tier 2,2024-11-12
CUST-11084,Bhubaneswar,Odisha,Tier 2,2024-04-30
CUST-11085,Kolkata,West Bengal,Tier 1,2025-05-13
CUST-11086,Pune,Maharashtra,Tier 1,2024-02-12
CUST-11087,Delhi NCR,Delhi,Tier 1,2024-04-08
CUST-11088,Visakhapatnam,Andhra Pradesh,Tier 2,2024-11-06
CUST-11089,Bangalore,Karnataka,Tier 1,2024-08-01
CUST-11090,Bhubaneswar,Odisha,Tier 2,2025-04-07
CUST-11091,Pune,Maharashtra,Tier 1,2025-02-26
CUST-11092,Pune,Maharashtra,Tier 1,2025-01-23
CUST-11093,Kolkata,West Bengal,Tier 1,2025-11-27
CUST-11094,Bangalore,Karnataka,Tier 1,2024-04-21
CUST-11095,Delhi NCR,Delhi,Tier 1,2024-09-28
CUST-11096,Bangalore,Karnataka,Tier 1,2024-04-11
CUST-11097,Bangalore,Karnataka,Tier 1,2024-07-28
CUST-11098,Kochi,Kerala,Tier 2,2024-01-22
CUST-11099,Hyderabad,Telangana,Tier 1,2024-06-07
CUST-11100,Mumbai,Maharashtra,Tier 1,2024-12-08
CUST-11101,Bhubaneswar,Odisha,Tier 2,2025-02-03
CUST-11102,Coimbatore,Tamil Nadu,Tier 2,2025-03-29
CUST-11103,Nagpur,Maharashtra,Tier 2,2025-11-29
CUST-11104,Visakhapatnam,Andhra Pradesh,Tier 2,2024-05-22
CUST-11105,Delhi NCR,Delhi,Tier 1,2025-01-31
CUST-11106,Chennai,Tamil Nadu,Tier 1,2025-06-19
CUST-11107,Chandigarh,Punjab,Tier 2,2024-05-20
CUST-11108,Lucknow,Uttar Pradesh,Tier 2,2024-08-27
CUST-11109,Delhi NCR,Delhi,Tier 1,2024-10-18
CUST-11110,Indore,Madhya Pradesh,Tier 2,2024-03-22
CUST-11111,Bangalore,Karnataka,Tier 1,2025-07-13
CUST-11112,Bangalore,Karnataka,Tier 1,2024-06-19
CUST-11113,Kolkata,West Bengal,Tier 1,2025-08-02
CUST-11114,Pune,Maharashtra,Tier 1,2025-06-09
CUST-11115,Pune,Maharashtra,Tier 1,2025-06-25
CUST-11116,Mumbai,Maharashtra,Tier 1,2024-04-19
CUST-11117,Bhopal,Madhya Pradesh,Tier 2,2024-07-30
CUST-11118,Bangalore,Karnataka,Tier 1,2025-03-13
CUST-11119,Delhi NCR,Delhi,Tier 1,2024-11-17
CUST-11120,Coimbatore,Tamil Nadu,Tier 2,2024-03-24
CUST-11121,Bhubaneswar,Odisha,Tier 2,2025-01-10
CUST-11122,Bhopal,Madhya Pradesh,Tier 2,2024-02-22
CUST-11123,Indore,Madhya Pradesh,Tier 2,2025-05-10
CUST-11124,Jaipur,Rajasthan,Tier 2,2024-09-12
CUST-11125,Kolkata,West Bengal,Tier 1,2025-08-08
CUST-11126,Mumbai,Maharashtra,Tier 1,2024-08-07
CUST-11127,Chennai,Tamil Nadu,Tier 1,2025-10-16
CUST-11128,Chennai,Tamil Nadu,Tier 1,2024-04-09
CUST-11129,Bangalore,Karnataka,Tier 1,2024-05-08
CUST-11130,Ahmedabad,Gujarat,Tier 2,2024-08-06
CUST-11131,Kolkata,West Bengal,Tier 1,2025-04-21
CUST-11132,Mumbai,Maharashtra,Tier 1,2025-04-02
CUST-11133,Bangalore,Karnataka,Tier 1,2024-01-22
CUST-11134,Lucknow,Uttar Pradesh,Tier 2,2025-11-20
CUST-11135,Mumbai,Maharashtra,Tier 1,2025-07-13
CUST-11136,Patna,Bihar,Tier 2,2025-09-20
CUST-11137,Kolkata,West Bengal,Tier 1,2024-11-24
CUST-11138,Kolkata,West Bengal,Tier 1,2025-11-21
CUST-11139,Pune,Maharashtra,Tier 1,2025-04-24
CUST-11140,Indore,Madhya Pradesh,Tier 2,2024-12-04
CUST-11141,Hyderabad,Telangana,Tier 1,2024-06-27
CUST-11142,Jaipur,Rajasthan,Tier 2,2025-02-24
CUST-11143,Pune,Maharashtra,Tier 1,2025-04-26
CUST-11144,Bangalore,Karnataka,Tier 1,2024-02-18
CUST-11145,Bhopal,Madhya Pradesh,Tier 2,2024-01-30
CUST-11146,Indore,Madhya Pradesh,Tier 2,2024-03-25
CUST-11147,Jaipur,Rajasthan,Tier 2,2025-05-16
CUST-11148,Patna,Bihar,Tier 2,2025-06-29
CUST-11149,Bhopal,Madhya Pradesh,Tier 2,2024-11-24
CUST-11150,Ahmedabad,Gujarat,Tier 2,2025-09-01
CUST-11151,Patna,Bihar,Tier 2,2025-03-09
CUST-11152,Lucknow,Uttar Pradesh,Tier 2,2025-08-10
CUST-11153,Lucknow,Uttar Pradesh,Tier 2,2025-11-17
CUST-11154,Pune,Maharashtra,Tier 1,2024-09-05
CUST-11155,Chandigarh,Punjab,Tier 2,2024-05-13
CUST-11156,Delhi NCR,Delhi,Tier 1,2025-11-20
CUST-11157,Bhopal,Madhya Pradesh,Tier 2,2024-12-30
CUST-11158,Bhopal,Madhya Pradesh,Tier 2,2025-07-28
CUST-11159,Mumbai,Maharashtra,Tier 1,2025-02-28
CUST-11160,Patna,Bihar,Tier 2,2025-02-18
CUST-11161,Delhi NCR,Delhi,Tier 1,2025-10-17
CUST-11162,Hyderabad,Telangana,Tier 1,2025-05-26
CUST-11163,Chandigarh,Punjab,Tier 2,2025-01-19
CUST-11164,Delhi NCR,Delhi,Tier 1,2025-01-22
CUST-11165,Indore,Madhya Pradesh,Tier 2,2025-03-24
CUST-11166,Patna,Bihar,Tier 2,2025-07-17
CUST-11167,Kolkata,West Bengal,Tier 1,2024-10-29
CUST-11168,Mumbai,Maharashtra,Tier 1,2024-04-08
CUST-11169,Hyderabad,Telangana,Tier 1,2024-11-01
CUST-11170,Pune,Maharashtra,Tier 1,2025-07-10
CUST-11171,Visakhapatnam,Andhra Pradesh,Tier 2,2024-02-11
CUST-11172,Pune,Maharashtra,Tier 1,2025-04-12
CUST-11173,Bangalore,Karnataka,Tier 1,2025-03-15
CUST-11174,Pune,Maharashtra,Tier 1,2024-11-22
CUST-11175,Kolkata,West Bengal,Tier 1,2025-07-22
CUST-11176,Kochi,Kerala,Tier 2,2024-02-02
CUST-11177,Delhi NCR,Delhi,Tier 1,2025-02-15
CUST-11178,Chandigarh,Punjab,Tier 2,2025-09-17
CUST-11179,Kolkata,West Bengal,Tier 1,2024-04-23
CUST-11180,Bhubaneswar,Odisha,Tier 2,2025-05-22
CUST-11181,Hyderabad,Telangana,Tier 1,2024-02-25
CUST-11182,Pune,Maharashtra,Tier 1,2025-07-09
CUST-11183,Nagpur,Maharashtra,Tier 2,2024-12-17
CUST-11184,Delhi NCR,Delhi,Tier 1,2024-11-24
CUST-11185,Nagpur,Maharashtra,Tier 2,2025-06-29
CUST-11186,Lucknow,Uttar Pradesh,Tier 2,2024-09-26
CUST-11187,Mumbai,Maharashtra,Tier 1,2024-07-14
CUST-11188,Hyderabad,Telangana,Tier 1,2025-02-16
CUST-11189,Lucknow,Uttar Pradesh,Tier 2,2025-09-28
CUST-11190,Mumbai,Maharashtra,Tier 1,2024-03-19
CUST-11191,Pune,Maharashtra,Tier 1,2025-10-18
CUST-11192,Hyderabad,Telangana,Tier 1,2024-03-23
CUST-11193,Pune,Maharashtra,Tier 1,2024-05-16
CUST-11194,Mumbai,Maharashtra,Tier 1,2025-06-22
CUST-11195,Bhopal,Madhya Pradesh,Tier 2,2025-11-19
CUST-11196,Visakhapatnam,Andhra Pradesh,Tier 2,2024-11-01
CUST-11197,Bhubaneswar,Odisha,Tier 2,2024-11-06
CUST-11198,Chandigarh,Punjab,Tier 2,2025-01-22
CUST-11199,Delhi NCR,Delhi,Tier 1,2025-07-02
CUST-11200,Chandigarh,Punjab,Tier 2,2025-05-20
CUST-11201,Mumbai,Maharashtra,Tier 1,2025-01-22
CUST-11202,Mumbai,Maharashtra,Tier 1,2024-10-19
CUST-11203,Hyderabad,Telangana,Tier 1,2024-06-27
CUST-11204,Kolkata,West Bengal,Tier 1,2025-11-02
CUST-11205,Kochi,Kerala,Tier 2,2025-03-04
CUST-11206,Lucknow,Uttar Pradesh,Tier 2,2025-06-07
CUST-11207,Chennai,Tamil Nadu,Tier 1,2025-11-11
CUST-11208,Bangalore,Karnataka,Tier 1,2024-11-07
CUST-11209,Visakhapatnam,Andhra Pradesh,Tier 2,2024-03-20
CUST-11210,Chennai,Tamil Nadu,Tier 1,2024-01-14
CUST-11211,Chennai,Tamil Nadu,Tier 1,2024-02-23
CUST-11212,Delhi NCR,Delhi,Tier 1,2025-03-22
CUST-11213,Kochi,Kerala,Tier 2,2024-03-05
CUST-11214,Lucknow,Uttar Pradesh,Tier 2,2025-01-06
CUST-11215,Bangalore,Karnataka,Tier 1,2025-05-17
CUST-11216,Mumbai,Maharashtra,Tier 1,2025-07-23
CUST-11217,Lucknow,Uttar Pradesh,Tier 2,2024-04-05
CUST-11218,Jaipur,Rajasthan,Tier 2,2025-06-16
CUST-11219,Bangalore,Karnataka,Tier 1,2024-09-16
CUST-11220,Bhubaneswar,Odisha,Tier 2,2025-08-07
CUST-11221,Delhi NCR,Delhi,Tier 1,2024-09-04
CUST-11222,Chennai,Tamil Nadu,Tier 1,2024-05-06
CUST-11223,Bhubaneswar,Odisha,Tier 2,2025-05-13
CUST-11224,Chennai,Tamil Nadu,Tier 1,2024-02-15
CUST-11225,Pune,Maharashtra,Tier 1,2024-09-24
CUST-11226,Chennai,Tamil Nadu,Tier 1,2025-10-01
CUST-11227,Bangalore,Karnataka,Tier 1,2025-06-25
CUST-11228,Visakhapatnam,Andhra Pradesh,Tier 2,2024-04-03
CUST-11229,Chennai,Tamil Nadu,Tier 1,2024-11-11
CUST-11230,Coimbatore,Tamil Nadu,Tier 2,2025-09-03
CUST-11231,Bangalore,Karnataka,Tier 1,2024-03-11
CUST-11232,Bangalore,Karnataka,Tier 1,2025-08-15
CUST-11233,Mumbai,Maharashtra,Tier 1,2025-03-24
CUST-11234,Jaipur,Rajasthan,Tier 2,2025-01-01
CUST-11235,Hyderabad,Telangana,Tier 1,2025-09-11
CUST-11236,Bhopal,Madhya Pradesh,Tier 2,2025-09-05
CUST-11237,Kolkata,West Bengal,Tier 1,2025-02-13
CUST-11238,Bhubaneswar,Odisha,Tier 2,2024-03-31
CUST-11239,Delhi NCR,Delhi,Tier 1,2025-05-23
CUST-11240,Bhopal,Madhya Pradesh,Tier 2,2025-06-11
CUST-11241,Kochi,Kerala,Tier 2,2024-04-19
CUST-11242,Kochi,Kerala,Tier 2,2025-11-02
CUST-11243,Patna,Bihar,Tier 2,2024-03-29
CUST-11244,Chandigarh,Punjab,Tier 2,2025-08-29
CUST-11245,Pune,Maharashtra,Tier 1,2024-09-28
CUST-11246,Delhi NCR,Delhi,Tier 1,2024-09-03
CUST-11247,Mumbai,Maharashtra,Tier 1,2024-12-26
CUST-11248,Nagpur,Maharashtra,Tier 2,2025-01-12
CUST-11249,Pune,Maharashtra,Tier 1,2024-07-24
CUST-11250,Indore,Madhya Pradesh,Tier 2,2024-12-10
CUST-11251,Kolkata,West Bengal,Tier 1,2025-03-30
CUST-11252,Delhi NCR,Delhi,Tier 1,2024-03-07
CUST-11253,Delhi NCR,Delhi,Tier 1,2025-07-11
CUST-11254,Lucknow,Uttar Pradesh,Tier 2,2024-02-12
CUST-11255,Chennai,Tamil Nadu,Tier 1,2024-08-16
CUST-11256,Bangalore,Karnataka,Tier 1,2025-03-19
CUST-11257,Kolkata,West Bengal,Tier 1,2024-08-21
CUST-11258,Mumbai,Maharashtra,Tier 1,2024-07-17
CUST-11259,Pune,Maharashtra,Tier 1,2025-05-11
CUST-11260,Bangalore,Karnataka,Tier 1,2024-02-01
CUST-11261,Indore,Madhya Pradesh,Tier 2,2024-09-20
CUST-11262,Hyderabad,Telangana,Tier 1,2024-04-22
CUST-11263,Chennai,Tamil Nadu,Tier 1,2025-04-03
CUST-11264,Mumbai,Maharashtra,Tier 1,2024-10-02
CUST-11265,Mumbai,Maharashtra,Tier 1,2024-05-25
CUST-11266,Chennai,Tamil Nadu,Tier 1,2024-12-22
CUST-11267,Kolkata,West Bengal,Tier 1,2024-01-06
CUST-11268,Pune,Maharashtra,Tier 1,2024-12-05
CUST-11269,Hyderabad,Telangana,Tier 1,2025-05-08
CUST-11270,Lucknow,Uttar Pradesh,Tier 2,2024-04-17
CUST-11271,Bhopal,Madhya Pradesh,Tier 2,2024-03-11
CUST-11272,Kochi,Kerala,Tier 2,2024-12-05
CUST-11273,Mumbai,Maharashtra,Tier 1,2025-11-04
CUST-11274,Kolkata,West Bengal,Tier 1,2024-04-09
CUST-11275,Delhi NCR,Delhi,Tier 1,2024-11-22
CUST-11276,Bangalore,Karnataka,Tier 1,2024-02-02
CUST-11277,Visakhapatnam,Andhra Pradesh,Tier 2,2024-05-22
CUST-11278,Delhi NCR,Delhi,Tier 1,2024-08-31
CUST-11279,Kolkata,West Bengal,Tier 1,2025-09-23
CUST-11280,Pune,Maharashtra,Tier 1,2025-11-10
CUST-11281,Lucknow,Uttar Pradesh,Tier 2,2024-08-04
CUST-11282,Pune,Maharashtra,Tier 1,2025-03-09
CUST-11283,Mumbai,Maharashtra,Tier 1,2024-02-23
CUST-11284,Hyderabad,Telangana,Tier 1,2025-08-14
CUST-11285,Kolkata,West Bengal,Tier 1,2024-05-30
CUST-11286,Mumbai,Maharashtra,Tier 1,2024-02-24
CUST-11287,Hyderabad,Telangana,Tier 1,2025-05-31
CUST-11288,Mumbai,Maharashtra,Tier 1,2025-03-23
CUST-11289,Mumbai,Maharashtra,Tier 1,2024-02-04
CUST-11290,Chennai,Tamil Nadu,Tier 1,2024-04-28
CUST-11291,Delhi NCR,Delhi,Tier 1,2024-07-15
CUST-11292,Pune,Maharashtra,Tier 1,2025-07-19
CUST-11293,Lucknow,Uttar Pradesh,Tier 2,2025-05-28
CUST-11294,Indore,Madhya Pradesh,Tier 2,2025-08-16
CUST-11295,Bangalore,Karnataka,Tier 1,2025-02-25
CUST-11296,Delhi NCR,Delhi,Tier 1,2025-05-31
CUST-11297,Delhi NCR,Delhi,Tier 1,2025-11-16
CUST-11298,Pune,Maharashtra,Tier 1,2024-05-18
CUST-11299,Lucknow,Uttar Pradesh,Tier 2,2025-10-11
CUST-11300,Mumbai,Maharashtra,Tier 1,2025-09-19
CUST-11301,Nagpur,Maharashtra,Tier 2,2024-02-13
CUST-11302,Mumbai,Maharashtra,Tier 1,2024-08-06
CUST-11303,Kolkata,West Bengal,Tier 1,2025-07-21
CUST-11304,Ahmedabad,Gujarat,Tier 2,2024-09-14
CUST-11305,Bhopal,Madhya Pradesh,Tier 2,2025-05-27
CUST-11306,Ahmedabad,Gujarat,Tier 2,2025-01-11
CUST-11307,Indore,Madhya Pradesh,Tier 2,2024-10-15
CUST-11308,Hyderabad,Telangana,Tier 1,2025-04-14
CUST-11309,Indore,Madhya Pradesh,Tier 2,2024-04-12
CUST-11310,Mumbai,Maharashtra,Tier 1,2024-05-28
CUST-11311,Coimbatore,Tamil Nadu,Tier 2,2024-03-24
CUST-11312,Kolkata,West Bengal,Tier 1,2024-01-26
CUST-11313,Indore,Madhya Pradesh,Tier 2,2024-06-23
CUST-11314,Chennai,Tamil Nadu,Tier 1,2025-10-02
CUST-11315,Pune,Maharashtra,Tier 1,2025-02-25
CUST-11316,Kolkata,West Bengal,Tier 1,2025-10-15
CUST-11317,Ahmedabad,Gujarat,Tier 2,2024-12-11
CUST-11318,Mumbai,Maharashtra,Tier 1,2024-10-28
CUST-11319,Mumbai,Maharashtra,Tier 1,2024-10-24
CUST-11320,Bangalore,Karnataka,Tier 1,2024-05-14
CUST-11321,Delhi NCR,Delhi,Tier 1,2024-02-24
CUST-11322,Bhopal,Madhya Pradesh,Tier 2,2024-02-25
CUST-11323,Bangalore,Karnataka,Tier 1,2025-01-08
CUST-11324,Visakhapatnam,Andhra Pradesh,Tier 2,2025-08-10
CUST-11325,Hyderabad,Telangana,Tier 1,2024-12-04
CUST-11326,Delhi NCR,Delhi,Tier 1,2025-04-01
CUST-11327,Kochi,Kerala,Tier 2,2024-12-20
CUST-11328,Jaipur,Rajasthan,Tier 2,2024-05-11
CUST-11329,Kolkata,West Bengal,Tier 1,2025-05-07
CUST-11330,Kolkata,West Bengal,Tier 1,2025-07-07
CUST-11331,Ahmedabad,Gujarat,Tier 2,2024-04-19
CUST-11332,Bangalore,Karnataka,Tier 1,2025-08-04
CUST-11333,Visakhapatnam,Andhra Pradesh,Tier 2,2024-05-05
CUST-11334,Visakhapatnam,Andhra Pradesh,Tier 2,2024-10-22
CUST-11335,Jaipur,Rajasthan,Tier 2,2024-06-27
CUST-11336,Bangalore,Karnataka,Tier 1,2024-07-15
CUST-11337,Lucknow,Uttar Pradesh,Tier 2,2024-04-10
CUST-11338,Mumbai,Maharashtra,Tier 1,2025-07-26
CUST-11339,Mumbai,Maharashtra,Tier 1,2024-07-01
CUST-11340,Bangalore,Karnataka,Tier 1,2024-01-09
CUST-11341,Chennai,Tamil Nadu,Tier 1,2025-02-16
CUST-11342,Bhopal,Madhya Pradesh,Tier 2,2025-07-19
CUST-11343,Ahmedabad,Gujarat,Tier 2,2025-11-22
CUST-11344,Chandigarh,Punjab,Tier 2,2024-04-13
CUST-11345,Chennai,Tamil Nadu,Tier 1,2024-05-05
CUST-11346,Hyderabad,Telangana,Tier 1,2025-06-29
CUST-11347,Hyderabad,Telangana,Tier 1,2025-11-07
CUST-11348,Visakhapatnam,Andhra Pradesh,Tier 2,2024-09-26
CUST-11349,Mumbai,Maharashtra,Tier 1,2025-04-10
CUST-11350,Bhopal,Madhya Pradesh,Tier 2,2024-04-27
CUST-11351,Pune,Maharashtra,Tier 1,2024-04-01
CUST-11352,Chennai,Tamil Nadu,Tier 1,2025-09-03
CUST-11353,Ahmedabad,Gujarat,Tier 2,2025-04-29
CUST-11354,Kolkata,West Bengal,Tier 1,2024-03-27
CUST-11355,Bhopal,Madhya Pradesh,Tier 2,2024-08-21
CUST-11356,Coimbatore,Tamil Nadu,Tier 2,2024-05-03
CUST-11357,Chennai,Tamil Nadu,Tier 1,2024-07-21
CUST-11358,Bangalore,Karnataka,Tier 1,2024-02-01
CUST-11359,Pune,Maharashtra,Tier 1,2024-12-22
CUST-11360,Coimbatore,Tamil Nadu,Tier 2,2025-04-07
CUST-11361,Bangalore,Karnataka,Tier 1,2025-07-04
CUST-11362,Pune,Maharashtra,Tier 1,2024-04-03
CUST-11363,Pune,Maharashtra,Tier 1,2025-06-05
CUST-11364,Ahmedabad,Gujarat,Tier 2,2025-02-11
CUST-11365,Delhi NCR,Delhi,Tier 1,2024-04-09
CUST-11366,Ahmedabad,Gujarat,Tier 2,2024-08-31
CUST-11367,Coimbatore,Tamil Nadu,Tier 2,2024-02-27
CUST-11368,Delhi NCR,Delhi,Tier 1,2024-12-22
CUST-11369,Bangalore,Karnataka,Tier 1,2025-05-05
CUST-11370,Visakhapatnam,Andhra Pradesh,Tier 2,2024-11-15
CUST-11371,Delhi NCR,Delhi,Tier 1,2024-01-19
CUST-11372,Bhopal,Madhya Pradesh,Tier 2,2024-12-22
CUST-11373,Kolkata,West Bengal,Tier 1,2024-04-26
CUST-11374,Bangalore,Karnataka,Tier 1,2024-05-15
CUST-11375,Bhopal,Madhya Pradesh,Tier 2,2024-10-22
CUST-11376,Chennai,Tamil Nadu,Tier 1,2025-06-08
CUST-11377,Kolkata,West Bengal,Tier 1,2024-04-10
CUST-11378,Hyderabad,Telangana,Tier 1,2025-01-14
CUST-11379,Pune,Maharashtra,Tier 1,2024-06-03
CUST-11380,Delhi NCR,Delhi,Tier 1,2025-08-16
CUST-11381,Chennai,Tamil Nadu,Tier 1,2025-08-22
CUST-11382,Bhubaneswar,Odisha,Tier 2,2024-04-14
CUST-11383,Bangalore,Karnataka,Tier 1,2025-10-03
CUST-11384,Jaipur,Rajasthan,Tier 2,2025-06-09
CUST-11385,Hyderabad,Telangana,Tier 1,2024-05-07
CUST-11386,Kochi,Kerala,Tier 2,2025-02-04
CUST-11387,Delhi NCR,Delhi,Tier 1,2025-07-25
CUST-11388,Bhubaneswar,Odisha,Tier 2,2025-06-12
CUST-11389,Chennai,Tamil Nadu,Tier 1,2025-07-10
CUST-11390,Bangalore,Karnataka,Tier 1,2025-07-03
CUST-11391,Mumbai,Maharashtra,Tier 1,2024-05-03
CUST-11392,Delhi NCR,Delhi,Tier 1,2024-12-25
CUST-11393,Kolkata,West Bengal,Tier 1,2024-03-04
CUST-11394,Hyderabad,Telangana,Tier 1,2025-09-15
CUST-11395,Patna,Bihar,Tier 2,2024-04-11
CUST-11396,Chennai,Tamil Nadu,Tier 1,2025-07-14
CUST-11397,Bangalore,Karnataka,Tier 1,2024-10-03
CUST-11398,Pune,Maharashtra,Tier 1,2024-08-14
CUST-11399,Lucknow,Uttar Pradesh,Tier 2,2024-01-23
CUST-11400,Delhi NCR,Delhi,Tier 1,2025-11-27
CUST-11401,Delhi NCR,Delhi,Tier 1,2024-03-04
CUST-11402,Mumbai,Maharashtra,Tier 1,2024-06-05
CUST-11403,Ahmedabad,Gujarat,Tier 2,2025-01-24
CUST-11404,Jaipur,Rajasthan,Tier 2,2024-05-28
CUST-11405,Kolkata,West Bengal,Tier 1,2024-12-28
CUST-11406,Patna,Bihar,Tier 2,2025-11-11
CUST-11407,Indore,Madhya Pradesh,Tier 2,2025-04-08
CUST-11408,Pune,Maharashtra,Tier 1,2025-10-06
CUST-11409,Bhopal,Madhya Pradesh,Tier 2,2025-02-02
CUST-11410,Bangalore,Karnataka,Tier 1,2025-02-08
CUST-11411,Delhi NCR,Delhi,Tier 1,2024-05-11
CUST-11412,Bangalore,Karnataka,Tier 1,2024-07-15
CUST-11413,Mumbai,Maharashtra,Tier 1,2025-10-08
CUST-11414,Kolkata,West Bengal,Tier 1,2024-02-04
CUST-11415,Nagpur,Maharashtra,Tier 2,2025-02-23
CUST-11416,Mumbai,Maharashtra,Tier 1,2025-01-11
CUST-11417,Delhi NCR,Delhi,Tier 1,2025-02-02
CUST-11418,Chennai,Tamil Nadu,Tier 1,2024-08-07
CUST-11419,Nagpur,Maharashtra,Tier 2,2025-11-27
CUST-11420,Hyderabad,Telangana,Tier 1,2025-05-31
CUST-11421,Kolkata,West Bengal,Tier 1,2025-08-05
CUST-11422,Mumbai,Maharashtra,Tier 1,2024-12-07
CUST-11423,Delhi NCR,Delhi,Tier 1,2025-02-19
CUST-11424,Visakhapatnam,Andhra Pradesh,Tier 2,2025-03-31
CUST-11425,Bhubaneswar,Odisha,Tier 2,2024-10-23
CUST-11426,Mumbai,Maharashtra,Tier 1,2024-11-26
CUST-11427,Bhubaneswar,Odisha,Tier 2,2025-11-10
CUST-11428,Pune,Maharashtra,Tier 1,2024-12-04
CUST-11429,Bhopal,Madhya Pradesh,Tier 2,2024-10-24
CUST-11430,Chennai,Tamil Nadu,Tier 1,2025-11-07
CUST-11431,Kolkata,West Bengal,Tier 1,2024-11-07
CUST-11432,Kolkata,West Bengal,Tier 1,2025-08-05
CUST-11433,Jaipur,Rajasthan,Tier 2,2024-02-24
CUST-11434,Delhi NCR,Delhi,Tier 1,2025-11-24
CUST-11435,Mumbai,Maharashtra,Tier 1,2025-06-17
CUST-11436,Hyderabad,Telangana,Tier 1,2024-04-14
CUST-11437,Lucknow,Uttar Pradesh,Tier 2,2024-06-23
CUST-11438,Bangalore,Karnataka,Tier 1,2024-10-20
CUST-11439,Jaipur,Rajasthan,Tier 2,2025-07-04
CUST-11440,Bhubaneswar,Odisha,Tier 2,2025-01-09
CUST-11441,Delhi NCR,Delhi,Tier 1,2025-03-25
CUST-11442,Jaipur,Rajasthan,Tier 2,2025-03-20
CUST-11443,Chennai,Tamil Nadu,Tier 1,2024-02-29
CUST-11444,Bhopal,Madhya Pradesh,Tier 2,2025-01-26
CUST-11445,Delhi NCR,Delhi,Tier 1,2025-01-24
CUST-11446,Lucknow,Uttar Pradesh,Tier 2,2024-07-30
CUST-11447,Patna,Bihar,Tier 2,2025-10-28
CUST-11448,Bhubaneswar,Odisha,Tier 2,2025-11-15
CUST-11449,Lucknow,Uttar Pradesh,Tier 2,2025-06-18
CUST-11450,Kolkata,West Bengal,Tier 1,2024-08-27
CUST-11451,Pune,Maharashtra,Tier 1,2025-05-02
CUST-11452,Bhopal,Madhya Pradesh,Tier 2,2024-05-01
CUST-11453,Pune,Maharashtra,Tier 1,2024-09-09
CUST-11454,Mumbai,Maharashtra,Tier 1,2024-05-20
CUST-11455,Nagpur,Maharashtra,Tier 2,2025-03-27
CUST-11456,Lucknow,Uttar Pradesh,Tier 2,2024-06-01
CUST-11457,Jaipur,Rajasthan,Tier 2,2024-11-03
CUST-11458,Bangalore,Karnataka,Tier 1,2025-07-13
CUST-11459,Jaipur,Rajasthan,Tier 2,2024-11-12
CUST-11460,Chennai,Tamil Nadu,Tier 1,2025-06-12
CUST-11461,Jaipur,Rajasthan,Tier 2,2024-10-22
CUST-11462,Delhi NCR,Delhi,Tier 1,2024-12-10
CUST-11463,Jaipur,Rajasthan,Tier 2,2025-08-03
CUST-11464,Visakhapatnam,Andhra Pradesh,Tier 2,2025-08-19
CUST-11465,Mumbai,Maharashtra,Tier 1,2024-10-08
CUST-11466,Visakhapatnam,Andhra Pradesh,Tier 2,2024-07-26
CUST-11467,Chennai,Tamil Nadu,Tier 1,2025-07-05
CUST-11468,Bhopal,Madhya Pradesh,Tier 2,2024-04-05
CUST-11469,Kochi,Kerala,Tier 2,2025-03-27
CUST-11470,Pune,Maharashtra,Tier 1,2025-01-07
CUST-11471,Chandigarh,Punjab,Tier 2,2025-10-09
CUST-11472,Bhopal,Madhya Pradesh,Tier 2,2024-03-13
CUST-11473,Chennai,Tamil Nadu,Tier 1,2025-11-11
CUST-11474,Hyderabad,Telangana,Tier 1,2024-11-28
CUST-11475,Jaipur,Rajasthan,Tier 2,2025-01-27
CUST-11476,Indore,Madhya Pradesh,Tier 2,2024-04-15
CUST-11477,Chandigarh,Punjab,Tier 2,2024-04-10
CUST-11478,Indore,Madhya Pradesh,Tier 2,2024-12-24
CUST-11479,Chennai,Tamil Nadu,Tier 1,2024-11-24
CUST-11480,Indore,Madhya Pradesh,Tier 2,2025-09-09
CUST-11481,Delhi NCR,Delhi,Tier 1,2025-01-29
CUST-11482,Kolkata,West Bengal,Tier 1,2024-02-04
CUST-11483,Mumbai,Maharashtra,Tier 1,2024-06-05
CUST-11484,Hyderabad,Telangana,Tier 1,2024-09-29
CUST-11485,Hyderabad,Telangana,Tier 1,2025-01-30
CUST-11486,Chennai,Tamil Nadu,Tier 1,2024-07-25
CUST-11487,Lucknow,Uttar Pradesh,Tier 2,2025-08-27
CUST-11488,Chennai,Tamil Nadu,Tier 1,2025-09-12
CUST-11489,Chennai,Tamil Nadu,Tier 1,2024-11-01
CUST-11490,Bangalore,Karnataka,Tier 1,2025-09-17
CUST-11491,Chennai,Tamil Nadu,Tier 1,2025-06-19
CUST-11492,Bangalore,Karnataka,Tier 1,2025-04-06
CUST-11493,Mumbai,Maharashtra,Tier 1,2024-09-08
CUST-11494,Pune,Maharashtra,Tier 1,2024-09-23
CUST-11495,Jaipur,Rajasthan,Tier 2,2024-07-27
CUST-11496,Pune,Maharashtra,Tier 1,2025-07-20
CUST-11497,Chennai,Tamil Nadu,Tier 1,2025-06-22
CUST-11498,Chennai,Tamil Nadu,Tier 1,2025-05-17
CUST-11499,Bhopal,Madhya Pradesh,Tier 2,2025-05-28
CUST-11500,Kolkata,West Bengal,Tier 1,2025-08-02
CUST-11501,Kolkata,West Bengal,Tier 1,2024-05-27
CUST-11502,Mumbai,Maharashtra,Tier 1,2025-10-03
CUST-11503,Hyderabad,Telangana,Tier 1,2024-03-23
CUST-11504,Chennai,Tamil Nadu,Tier 1,2024-02-11
CUST-11505,Chennai,Tamil Nadu,Tier 1,2024-06-04
CUST-11506,Pune,Maharashtra,Tier 1,2025-10-30
CUST-11507,Kolkata,West Bengal,Tier 1,2025-03-28
CUST-11508,Pune,Maharashtra,Tier 1,2025-09-10
CUST-11509,Chandigarh,Punjab,Tier 2,2024-10-10
CUST-11510,Indore,Madhya Pradesh,Tier 2,2024-07-06
CUST-11511,Ahmedabad,Gujarat,Tier 2,2025-09-08
CUST-11512,Bhubaneswar,Odisha,Tier 2,2025-09-15
CUST-11513,Mumbai,Maharashtra,Tier 1,2025-04-18
CUST-11514,Bangalore,Karnataka,Tier 1,2025-05-21
CUST-11515,Mumbai,Maharashtra,Tier 1,2024-05-12
CUST-11516,Pune,Maharashtra,Tier 1,2024-09-27
CUST-11517,Coimbatore,Tamil Nadu,Tier 2,2025-09-13
CUST-11518,Bangalore,Karnataka,Tier 1,2024-03-13
CUST-11519,Nagpur,Maharashtra,Tier 2,2025-03-11
CUST-11520,Mumbai,Maharashtra,Tier 1,2024-10-19
CUST-11521,Nagpur,Maharashtra,Tier 2,2025-10-16
CUST-11522,Hyderabad,Telangana,Tier 1,2025-03-12
CUST-11523,Delhi NCR,Delhi,Tier 1,2025-10-28
CUST-11524,Kolkata,West Bengal,Tier 1,2025-10-22
CUST-11525,Bangalore,Karnataka,Tier 1,2024-02-29
CUST-11526,Hyderabad,Telangana,Tier 1,2025-08-20
CUST-11527,Hyderabad,Telangana,Tier 1,2024-11-22
CUST-11528,Indore,Madhya Pradesh,Tier 2,2024-06-30
CUST-11529,Kolkata,West Bengal,Tier 1,2025-03-09
CUST-11530,Hyderabad,Telangana,Tier 1,2025-06-02
CUST-11531,Pune,Maharashtra,Tier 1,2025-09-29
CUST-11532,Ahmedabad,Gujarat,Tier 2,2024-03-23
CUST-11533,Bangalore,Karnataka,Tier 1,2024-01-28
CUST-11534,Chennai,Tamil Nadu,Tier 1,2024-09-22
CUST-11535,Delhi NCR,Delhi,Tier 1,2024-10-09
CUST-11536,Delhi NCR,Delhi,Tier 1,2025-01-31
CUST-11537,Lucknow,Uttar Pradesh,Tier 2,2025-11-30
CUST-11538,Delhi NCR,Delhi,Tier 1,2025-01-17
CUST-11539,Kolkata,West Bengal,Tier 1,2025-08-03
CUST-11540,Ahmedabad,Gujarat,Tier 2,2024-11-14
CUST-11541,Delhi NCR,Delhi,Tier 1,2025-09-02
CUST-11542,Pune,Maharashtra,Tier 1,2024-07-11
CUST-11543,Bangalore,Karnataka,Tier 1,2024-08-14
CUST-11544,Bhubaneswar,Odisha,Tier 2,2025-03-26
CUST-11545,Kolkata,West Bengal,Tier 1,2024-06-30
CUST-11546,Indore,Madhya Pradesh,Tier 2,2024-11-22
CUST-11547,Kolkata,West Bengal,Tier 1,2025-08-27
CUST-11548,Mumbai,Maharashtra,Tier 1,2025-10-16
CUST-11549,Pune,Maharashtra,Tier 1,2024-07-21
CUST-11550,Bhubaneswar,Odisha,Tier 2,2025-02-05
CUST-11551,Pune,Maharashtra,Tier 1,2025-10-05
CUST-11552,Indore,Madhya Pradesh,Tier 2,2025-04-16
CUST-11553,Coimbatore,Tamil Nadu,Tier 2,2025-10-07
CUST-11554,Bangalore,Karnataka,Tier 1,2024-06-27
CUST-11555,Bangalore,Karnataka,Tier 1,2025-11-28
CUST-11556,Pune,Maharashtra,Tier 1,2024-01-18
CUST-11557,Chennai,Tamil Nadu,Tier 1,2025-04-07
CUST-11558,Patna,Bihar,Tier 2,2025-08-31
CUST-11559,Coimbatore,Tamil Nadu,Tier 2,2025-06-29
CUST-11560,Hyderabad,Telangana,Tier 1,2025-02-06
CUST-11561,Bangalore,Karnataka,Tier 1,2025-01-27
CUST-11562,Kochi,Kerala,Tier 2,2024-10-26
CUST-11563,Bangalore,Karnataka,Tier 1,2024-12-16
CUST-11564,Indore,Madhya Pradesh,Tier 2,2024-07-05
CUST-11565,Chennai,Tamil Nadu,Tier 1,2024-12-12
CUST-11566,Jaipur,Rajasthan,Tier 2,2025-09-14
CUST-11567,Delhi NCR,Delhi,Tier 1,2025-02-12
CUST-11568,Pune,Maharashtra,Tier 1,2024-03-11
CUST-11569,Chennai,Tamil Nadu,Tier 1,2024-11-22
CUST-11570,Pune,Maharashtra,Tier 1,2024-07-30
CUST-11571,Delhi NCR,Delhi,Tier 1,2024-11-04
CUST-11572,Ahmedabad,Gujarat,Tier 2,2024-04-17
CUST-11573,Bhopal,Madhya Pradesh,Tier 2,2024-06-25
CUST-11574,Bangalore,Karnataka,Tier 1,2025-03-02
CUST-11575,Delhi NCR,Delhi,Tier 1,2025-06-14
CUST-11576,Mumbai,Maharashtra,Tier 1,2025-02-21
CUST-11577,Pune,Maharashtra,Tier 1,2024-09-04
CUST-11578,Pune,Maharashtra,Tier 1,2024-07-27
CUST-11579,Kolkata,West Bengal,Tier 1,2024-08-03
CUST-11580,Bangalore,Karnataka,Tier 1,2025-03-13
CUST-11581,Chennai,Tamil Nadu,Tier 1,2025-09-09
CUST-11582,Pune,Maharashtra,Tier 1,2024-11-06
CUST-11583,Kolkata,West Bengal,Tier 1,2025-01-17
CUST-11584,Visakhapatnam,Andhra Pradesh,Tier 2,2024-09-27
CUST-11585,Delhi NCR,Delhi,Tier 1,2024-04-30
CUST-11586,Lucknow,Uttar Pradesh,Tier 2,2025-02-10
CUST-11587,Chennai,Tamil Nadu,Tier 1,2024-09-01
CUST-11588,Chennai,Tamil Nadu,Tier 1,2024-03-06
CUST-11589,Ahmedabad,Gujarat,Tier 2,2024-08-15
CUST-11590,Lucknow,Uttar Pradesh,Tier 2,2024-05-16
CUST-11591,Visakhapatnam,Andhra Pradesh,Tier 2,2024-07-12
CUST-11592,Delhi NCR,Delhi,Tier 1,2025-10-19
CUST-11593,Delhi NCR,Delhi,Tier 1,2025-10-18
CUST-11594,Ahmedabad,Gujarat,Tier 2,2025-05-03
CUST-11595,Pune,Maharashtra,Tier 1,2025-08-06
CUST-11596,Bangalore,Karnataka,Tier 1,2024-12-19
CUST-11597,Mumbai,Maharashtra,Tier 1,2025-07-09
CUST-11598,Mumbai,Maharashtra,Tier 1,2024-06-05
CUST-11599,Coimbatore,Tamil Nadu,Tier 2,2025-04-20
CUST-11600,Bangalore,Karnataka,Tier 1,2024-01-16
CUST-11601,Hyderabad,Telangana,Tier 1,2024-03-18
CUST-11602,Bangalore,Karnataka,Tier 1,2024-02-21
CUST-11603,Hyderabad,Telangana,Tier 1,2025-05-28
CUST-11604,Mumbai,Maharashtra,Tier 1,2025-05-18
CUST-11605,Kolkata,West Bengal,Tier 1,2024-03-01
CUST-11606,Mumbai,Maharashtra,Tier 1,2024-05-11
CUST-11607,Indore,Madhya Pradesh,Tier 2,2025-01-16
CUST-11608,Bangalore,Karnataka,Tier 1,2025-07-17
CUST-11609,Kolkata,West Bengal,Tier 1,2025-11-22
CUST-11610,Bhopal,Madhya Pradesh,Tier 2,2025-06-26
CUST-11611,Jaipur,Rajasthan,Tier 2,2025-02-13
CUST-11612,Kolkata,West Bengal,Tier 1,2024-06-03
CUST-11613,Hyderabad,Telangana,Tier 1,2025-09-24
CUST-11614,Hyderabad,Telangana,Tier 1,2024-02-20
CUST-11615,Jaipur,Rajasthan,Tier 2,2024-04-04
CUST-11616,Visakhapatnam,Andhra Pradesh,Tier 2,2025-11-18
CUST-11617,Jaipur,Rajasthan,Tier 2,2025-06-06
CUST-11618,Pune,Maharashtra,Tier 1,2025-06-07
CUST-11619,Ahmedabad,Gujarat,Tier 2,2024-12-20
CUST-11620,Kolkata,West Bengal,Tier 1,2024-02-14
CUST-11621,Mumbai,Maharashtra,Tier 1,2024-07-23
CUST-11622,Pune,Maharashtra,Tier 1,2025-03-06
CUST-11623,Bhubaneswar,Odisha,Tier 2,2024-09-12
CUST-11624,Delhi NCR,Delhi,Tier 1,2024-09-04
CUST-11625,Lucknow,Uttar Pradesh,Tier 2,2025-06-16
CUST-11626,Bangalore,Karnataka,Tier 1,2024-02-10
CUST-11627,Kolkata,West Bengal,Tier 1,2025-04-03
CUST-11628,Delhi NCR,Delhi,Tier 1,2024-10-03
CUST-11629,Chennai,Tamil Nadu,Tier 1,2024-07-13
CUST-11630,Chandigarh,Punjab,Tier 2,2024-03-11
CUST-11631,Hyderabad,Telangana,Tier 1,2024-09-26
CUST-11632,Jaipur,Rajasthan,Tier 2,2024-11-30
CUST-11633,Kochi,Kerala,Tier 2,2025-08-07
CUST-11634,Nagpur,Maharashtra,Tier 2,2024-11-03
CUST-11635,Bangalore,Karnataka,Tier 1,2025-03-02
CUST-11636,Chennai,Tamil Nadu,Tier 1,2024-07-17
CUST-11637,Delhi NCR,Delhi,Tier 1,2024-03-16
CUST-11638,Visakhapatnam,Andhra Pradesh,Tier 2,2025-10-19
CUST-11639,Nagpur,Maharashtra,Tier 2,2025-06-08
CUST-11640,Kolkata,West Bengal,Tier 1,2025-10-02
CUST-11641,Patna,Bihar,Tier 2,2024-08-17
CUST-11642,Kolkata,West Bengal,Tier 1,2024-03-25
CUST-11643,Pune,Maharashtra,Tier 1,2024-06-10
CUST-11644,Mumbai,Maharashtra,Tier 1,2025-01-31
CUST-11645,Chandigarh,Punjab,Tier 2,2025-01-05
CUST-11646,Delhi NCR,Delhi,Tier 1,2025-07-16
CUST-11647,Patna,Bihar,Tier 2,2024-08-02
CUST-11648,Kochi,Kerala,Tier 2,2024-01-01
CUST-11649,Ahmedabad,Gujarat,Tier 2,2025-01-11
CUST-11650,Mumbai,Maharashtra,Tier 1,2025-02-15
CUST-11651,Hyderabad,Telangana,Tier 1,2025-09-26
CUST-11652,Bangalore,Karnataka,Tier 1,2024-07-18
CUST-11653,Hyderabad,Telangana,Tier 1,2024-07-01
CUST-11654,Mumbai,Maharashtra,Tier 1,2025-02-13
CUST-11655,Nagpur,Maharashtra,Tier 2,2025-02-01
CUST-11656,Kolkata,West Bengal,Tier 1,2024-08-03
CUST-11657,Hyderabad,Telangana,Tier 1,2024-12-14
CUST-11658,Chennai,Tamil Nadu,Tier 1,2025-08-02
CUST-11659,Chennai,Tamil Nadu,Tier 1,2025-08-16
CUST-11660,Pune,Maharashtra,Tier 1,2025-10-15
CUST-11661,Kolkata,West Bengal,Tier 1,2024-02-10
CUST-11662,Nagpur,Maharashtra,Tier 2,2024-01-03
CUST-11663,Kolkata,West Bengal,Tier 1,2024-04-03
CUST-11664,Visakhapatnam,Andhra Pradesh,Tier 2,2024-02-28
CUST-11665,Patna,Bihar,Tier 2,2025-02-10
CUST-11666,Bangalore,Karnataka,Tier 1,2024-01-18
CUST-11667,Nagpur,Maharashtra,Tier 2,2025-05-08
CUST-11668,Delhi NCR,Delhi,Tier 1,2025-05-22
CUST-11669,Indore,Madhya Pradesh,Tier 2,2025-08-08
CUST-11670,Chennai,Tamil Nadu,Tier 1,2024-11-27
CUST-11671,Bhopal,Madhya Pradesh,Tier 2,2024-06-17
CUST-11672,Bhopal,Madhya Pradesh,Tier 2,2025-11-02
CUST-11673,Indore,Madhya Pradesh,Tier 2,2025-11-11
CUST-11674,Kochi,Kerala,Tier 2,2024-07-24
CUST-11675,Hyderabad,Telangana,Tier 1,2025-06-04
CUST-11676,Mumbai,Maharashtra,Tier 1,2025-05-19
CUST-11677,Chennai,Tamil Nadu,Tier 1,2024-12-11
CUST-11678,Delhi NCR,Delhi,Tier 1,2024-10-30
CUST-11679,Lucknow,Uttar Pradesh,Tier 2,2024-04-24
CUST-11680,Hyderabad,Telangana,Tier 1,2025-10-25
CUST-11681,Visakhapatnam,Andhra Pradesh,Tier 2,2024-03-27
CUST-11682,Pune,Maharashtra,Tier 1,2024-04-04
CUST-11683,Indore,Madhya Pradesh,Tier 2,2025-03-03
CUST-11684,Delhi NCR,Delhi,Tier 1,2025-11-28
CUST-11685,Bhopal,Madhya Pradesh,Tier 2,2025-03-25
CUST-11686,Nagpur,Maharashtra,Tier 2,2025-09-17
CUST-11687,Kolkata,West Bengal,Tier 1,2025-06-24
CUST-11688,Pune,Maharashtra,Tier 1,2024-01-02
CUST-11689,Chandigarh,Punjab,Tier 2,2024-03-18
CUST-11690,Delhi NCR,Delhi,Tier 1,2024-11-19
CUST-11691,Kolkata,West Bengal,Tier 1,2024-04-07
CUST-11692,Chennai,Tamil Nadu,Tier 1,2025-09-20
CUST-11693,Delhi NCR,Delhi,Tier 1,2024-04-19
CUST-11694,Hyderabad,Telangana,Tier 1,2025-11-09
CUST-11695,Mumbai,Maharashtra,Tier 1,2025-04-01
CUST-11696,Mumbai,Maharashtra,Tier 1,2025-05-02
CUST-11697,Delhi NCR,Delhi,Tier 1,2025-01-05
CUST-11698,Bhubaneswar,Odisha,Tier 2,2024-12-02
CUST-11699,Kolkata,West Bengal,Tier 1,2025-08-21
CUST-11700,Bhubaneswar,Odisha,Tier 2,2024-01-22
CUST-11701,Chennai,Tamil Nadu,Tier 1,2024-10-31
CUST-11702,Hyderabad,Telangana,Tier 1,2024-09-28
CUST-11703,Kolkata,West Bengal,Tier 1,2025-05-04
CUST-11704,Chennai,Tamil Nadu,Tier 1,2025-03-21
CUST-11705,Delhi NCR,Delhi,Tier 1,2024-10-04
CUST-11706,Pune,Maharashtra,Tier 1,2025-10-12
CUST-11707,Bangalore,Karnataka,Tier 1,2025-01-11
CUST-11708,Pune,Maharashtra,Tier 1,2024-08-19
CUST-11709,Jaipur,Rajasthan,Tier 2,2025-08-14
CUST-11710,Delhi NCR,Delhi,Tier 1,2025-03-01
CUST-11711,Mumbai,Maharashtra,Tier 1,2024-02-24
CUST-11712,Kochi,Kerala,Tier 2,2025-03-16
CUST-11713,Chennai,Tamil Nadu,Tier 1,2024-02-03
CUST-11714,Mumbai,Maharashtra,Tier 1,2024-11-24
CUST-11715,Visakhapatnam,Andhra Pradesh,Tier 2,2025-03-29
CUST-11716,Mumbai,Maharashtra,Tier 1,2025-01-22
CUST-11717,Lucknow,Uttar Pradesh,Tier 2,2025-03-05
CUST-11718,Visakhapatnam,Andhra Pradesh,Tier 2,2025-04-20
CUST-11719,Bangalore,Karnataka,Tier 1,2024-05-04
CUST-11720,Delhi NCR,Delhi,Tier 1,2025-06-06
CUST-11721,Delhi NCR,Delhi,Tier 1,2025-04-26
CUST-11722,Hyderabad,Telangana,Tier 1,2024-11-12
CUST-11723,Delhi NCR,Delhi,Tier 1,2024-05-01
CUST-11724,Lucknow,Uttar Pradesh,Tier 2,2025-06-30
CUST-11725,Mumbai,Maharashtra,Tier 1,2025-08-03
CUST-11726,Kolkata,West Bengal,Tier 1,2024-11-08
CUST-11727,Visakhapatnam,Andhra Pradesh,Tier 2,2025-05-01
CUST-11728,Indore,Madhya Pradesh,Tier 2,2025-10-12
CUST-11729,Pune,Maharashtra,Tier 1,2024-01-12
CUST-11730,Hyderabad,Telangana,Tier 1,2024-05-04
CUST-11731,Pune,Maharashtra,Tier 1,2025-10-20
CUST-11732,Kolkata,West Bengal,Tier 1,2024-03-17
CUST-11733,Chennai,Tamil Nadu,Tier 1,2025-08-02
CUST-11734,Delhi NCR,Delhi,Tier 1,2024-08-23
CUST-11735,Coimbatore,Tamil Nadu,Tier 2,2025-07-24
CUST-11736,Chennai,Tamil Nadu,Tier 1,2024-09-10
CUST-11737,Bangalore,Karnataka,Tier 1,2025-02-09
CUST-11738,Hyderabad,Telangana,Tier 1,2024-08-30
CUST-11739,Chennai,Tamil Nadu,Tier 1,2025-04-05
CUST-11740,Patna,Bihar,Tier 2,2024-10-03
CUST-11741,Ahmedabad,Gujarat,Tier 2,2025-04-13
CUST-11742,Kochi,Kerala,Tier 2,2024-08-07
CUST-11743,Mumbai,Maharashtra,Tier 1,2024-08-12
CUST-11744,Chennai,Tamil Nadu,Tier 1,2024-04-10
CUST-11745,Kolkata,West Bengal,Tier 1,2025-09-25
CUST-11746,Mumbai,Maharashtra,Tier 1,2025-05-21
CUST-11747,Bangalore,Karnataka,Tier 1,2025-08-09
CUST-11748,Chandigarh,Punjab,Tier 2,2024-11-26
CUST-11749,Delhi NCR,Delhi,Tier 1,2024-08-24
CUST-11750,Kolkata,West Bengal,Tier 1,2024-12-04
CUST-11751,Bangalore,Karnataka,Tier 1,2025-05-20
CUST-11752,Mumbai,Maharashtra,Tier 1,2024-06-13
CUST-11753,Bangalore,Karnataka,Tier 1,2025-10-30
CUST-11754,Visakhapatnam,Andhra Pradesh,Tier 2,2024-08-05
CUST-11755,Indore,Madhya Pradesh,Tier 2,2025-01-10
CUST-11756,Bhubaneswar,Odisha,Tier 2,2024-01-12
CUST-11757,Kolkata,West Bengal,Tier 1,2025-03-07
CUST-11758,Delhi NCR,Delhi,Tier 1,2024-03-23
CUST-11759,Kolkata,West Bengal,Tier 1,2025-03-06
CUST-11760,Chennai,Tamil Nadu,Tier 1,2025-09-16
CUST-11761,Patna,Bihar,Tier 2,2025-04-22
CUST-11762,Delhi NCR,Delhi,Tier 1,2025-01-03
CUST-11763,Kolkata,West Bengal,Tier 1,2025-10-14
CUST-11764,Delhi NCR,Delhi,Tier 1,2025-09-27
CUST-11765,Hyderabad,Telangana,Tier 1,2024-05-20
CUST-11766,Ahmedabad,Gujarat,Tier 2,2025-09-18
CUST-11767,Kolkata,West Bengal,Tier 1,2025-03-31
CUST-11768,Chennai,Tamil Nadu,Tier 1,2025-05-16
CUST-11769,Chennai,Tamil Nadu,Tier 1,2025-02-06
CUST-11770,Chennai,Tamil Nadu,Tier 1,2024-10-14
CUST-11771,Kochi,Kerala,Tier 2,2024-12-20
CUST-11772,Coimbatore,Tamil Nadu,Tier 2,2024-12-08
CUST-11773,Bhubaneswar,Odisha,Tier 2,2024-05-28
CUST-11774,Kochi,Kerala,Tier 2,2024-07-28
CUST-11775,Hyderabad,Telangana,Tier 1,2024-04-21
CUST-11776,Lucknow,Uttar Pradesh,Tier 2,2025-10-15
CUST-11777,Chennai,Tamil Nadu,Tier 1,2025-06-19
CUST-11778,Bangalore,Karnataka,Tier 1,2024-02-18
CUST-11779,Patna,Bihar,Tier 2,2024-11-26
CUST-11780,Mumbai,Maharashtra,Tier 1,2024-12-30
CUST-11781,Coimbatore,Tamil Nadu,Tier 2,2024-01-11
CUST-11782,Chennai,Tamil Nadu,Tier 1,2024-07-06
CUST-11783,Pune,Maharashtra,Tier 1,2025-05-23
CUST-11784,Jaipur,Rajasthan,Tier 2,2025-08-02
CUST-11785,Coimbatore,Tamil Nadu,Tier 2,2025-03-20
CUST-11786,Pune,Maharashtra,Tier 1,2024-03-30
CUST-11787,Pune,Maharashtra,Tier 1,2025-09-13
CUST-11788,Mumbai,Maharashtra,Tier 1,2025-11-06
CUST-11789,Kolkata,West Bengal,Tier 1,2025-03-23
CUST-11790,Delhi NCR,Delhi,Tier 1,2024-02-01
CUST-11791,Ahmedabad,Gujarat,Tier 2,2024-11-22
CUST-11792,Kolkata,West Bengal,Tier 1,2024-03-14
CUST-11793,Lucknow,Uttar Pradesh,Tier 2,2024-09-07
CUST-11794,Mumbai,Maharashtra,Tier 1,2025-03-25
CUST-11795,Mumbai,Maharashtra,Tier 1,2024-12-20
CUST-11796,Ahmedabad,Gujarat,Tier 2,2025-06-16
CUST-11797,Mumbai,Maharashtra,Tier 1,2024-10-22
CUST-11798,Mumbai,Maharashtra,Tier 1,2024-10-24
CUST-11799,Mumbai,Maharashtra,Tier 1,2024-11-23
CUST-11800,Bhubaneswar,Odisha,Tier 2,2024-10-28
CUST-11801,Chandigarh,Punjab,Tier 2,2025-05-26
CUST-11802,Hyderabad,Telangana,Tier 1,2024-12-03
CUST-11803,Hyderabad,Telangana,Tier 1,2025-08-07
CUST-11804,Hyderabad,Telangana,Tier 1,2025-01-08
CUST-11805,Kochi,Kerala,Tier 2,2025-07-06
CUST-11806,Jaipur,Rajasthan,Tier 2,2024-04-03
CUST-11807,Delhi NCR,Delhi,Tier 1,2024-05-11
CUST-11808,Delhi NCR,Delhi,Tier 1,2025-09-02
CUST-11809,Delhi NCR,Delhi,Tier 1,2024-02-22
CUST-11810,Jaipur,Rajasthan,Tier 2,2025-05-10
CUST-11811,Chandigarh,Punjab,Tier 2,2024-08-16
CUST-11812,Bangalore,Karnataka,Tier 1,2025-10-01
CUST-11813,Mumbai,Maharashtra,Tier 1,2024-07-30
CUST-11814,Mumbai,Maharashtra,Tier 1,2025-05-18
CUST-11815,Bhubaneswar,Odisha,Tier 2,2025-05-09
CUST-11816,Hyderabad,Telangana,Tier 1,2025-11-01
CUST-11817,Kochi,Kerala,Tier 2,2024-08-20
CUST-11818,Pune,Maharashtra,Tier 1,2024-03-11
CUST-11819,Chennai,Tamil Nadu,Tier 1,2024-07-07
CUST-11820,Bangalore,Karnataka,Tier 1,2025-10-24
CUST-11821,Delhi NCR,Delhi,Tier 1,2024-01-08
CUST-11822,Pune,Maharashtra,Tier 1,2024-11-27
CUST-11823,Kochi,Kerala,Tier 2,2025-09-03
CUST-11824,Pune,Maharashtra,Tier 1,2024-01-16
CUST-11825,Kolkata,West Bengal,Tier 1,2025-10-27
CUST-11826,Mumbai,Maharashtra,Tier 1,2025-10-30
CUST-11827,Bhubaneswar,Odisha,Tier 2,2024-04-02
CUST-11828,Indore,Madhya Pradesh,Tier 2,2024-09-18
CUST-11829,Hyderabad,Telangana,Tier 1,2025-07-02
CUST-11830,Visakhapatnam,Andhra Pradesh,Tier 2,2024-06-09
CUST-11831,Pune,Maharashtra,Tier 1,2024-12-16
CUST-11832,Pune,Maharashtra,Tier 1,2024-06-22
CUST-11833,Chandigarh,Punjab,Tier 2,2024-11-12
CUST-11834,Indore,Madhya Pradesh,Tier 2,2024-01-18
CUST-11835,Jaipur,Rajasthan,Tier 2,2025-04-30
CUST-11836,Delhi NCR,Delhi,Tier 1,2025-01-01
CUST-11837,Hyderabad,Telangana,Tier 1,2024-12-16
CUST-11838,Nagpur,Maharashtra,Tier 2,2025-06-11
CUST-11839,Bangalore,Karnataka,Tier 1,2025-03-10
CUST-11840,Chennai,Tamil Nadu,Tier 1,2024-09-26
CUST-11841,Chennai,Tamil Nadu,Tier 1,2024-03-08
CUST-11842,Chennai,Tamil Nadu,Tier 1,2024-01-30
CUST-11843,Pune,Maharashtra,Tier 1,2024-11-11
CUST-11844,Bhubaneswar,Odisha,Tier 2,2024-06-12
CUST-11845,Bangalore,Karnataka,Tier 1,2024-11-15
CUST-11846,Delhi NCR,Delhi,Tier 1,2024-01-14
CUST-11847,Bangalore,Karnataka,Tier 1,2024-10-05
CUST-11848,Coimbatore,Tamil Nadu,Tier 2,2025-03-07
CUST-11849,Pune,Maharashtra,Tier 1,2025-10-29
CUST-11850,Hyderabad,Telangana,Tier 1,2025-09-25
CUST-11851,Indore,Madhya Pradesh,Tier 2,2024-09-19
CUST-11852,Bhopal,Madhya Pradesh,Tier 2,2025-11-12
CUST-11853,Patna,Bihar,Tier 2,2025-06-05
CUST-11854,Nagpur,Maharashtra,Tier 2,2024-06-20
CUST-11855,Bangalore,Karnataka,Tier 1,2024-12-23
CUST-11856,Chandigarh,Punjab,Tier 2,2024-01-13
CUST-11857,Chennai,Tamil Nadu,Tier 1,2025-11-03
CUST-11858,Patna,Bihar,Tier 2,2024-08-19
CUST-11859,Ahmedabad,Gujarat,Tier 2,2025-04-20
CUST-11860,Kochi,Kerala,Tier 2,2025-04-15
CUST-11861,Jaipur,Rajasthan,Tier 2,2024-06-08
CUST-11862,Delhi NCR,Delhi,Tier 1,2025-09-30
CUST-11863,Kolkata,West Bengal,Tier 1,2025-07-13
CUST-11864,Visakhapatnam,Andhra Pradesh,Tier 2,2024-09-17
CUST-11865,Nagpur,Maharashtra,Tier 2,2025-07-26
CUST-11866,Mumbai,Maharashtra,Tier 1,2025-09-25
CUST-11867,Delhi NCR,Delhi,Tier 1,2025-08-24
CUST-11868,Delhi NCR,Delhi,Tier 1,2024-12-24
CUST-11869,Ahmedabad,Gujarat,Tier 2,2024-09-11
CUST-11870,Indore,Madhya Pradesh,Tier 2,2025-08-24
CUST-11871,Bangalore,Karnataka,Tier 1,2025-05-29
CUST-11872,Kolkata,West Bengal,Tier 1,2024-10-06
CUST-11873,Patna,Bihar,Tier 2,2024-04-26
CUST-11874,Ahmedabad,Gujarat,Tier 2,2025-09-01
CUST-11875,Kolkata,West Bengal,Tier 1,2024-06-10
CUST-11876,Pune,Maharashtra,Tier 1,2024-10-24
CUST-11877,Kolkata,West Bengal,Tier 1,2024-10-23
CUST-11878,Hyderabad,Telangana,Tier 1,2025-08-16
CUST-11879,Pune,Maharashtra,Tier 1,2024-12-23
CUST-11880,Lucknow,Uttar Pradesh,Tier 2,2025-10-21
CUST-11881,Bhopal,Madhya Pradesh,Tier 2,2025-06-01
CUST-11882,Pune,Maharashtra,Tier 1,2025-01-12
CUST-11883,Chandigarh,Punjab,Tier 2,2025-11-27
CUST-11884,Delhi NCR,Delhi,Tier 1,2025-03-01
CUST-11885,Chennai,Tamil Nadu,Tier 1,2025-06-20
CUST-11886,Mumbai,Maharashtra,Tier 1,2025-07-06
CUST-11887,Bangalore,Karnataka,Tier 1,2024-06-17
CUST-11888,Ahmedabad,Gujarat,Tier 2,2025-05-29
CUST-11889,Visakhapatnam,Andhra Pradesh,Tier 2,2024-12-29
CUST-11890,Delhi NCR,Delhi,Tier 1,2025-11-13
CUST-11891,Chennai,Tamil Nadu,Tier 1,2025-03-05
CUST-11892,Indore,Madhya Pradesh,Tier 2,2025-07-22
CUST-11893,Bangalore,Karnataka,Tier 1,2024-03-23
CUST-11894,Kolkata,West Bengal,Tier 1,2024-11-25
CUST-11895,Ahmedabad,Gujarat,Tier 2,2025-11-21
CUST-11896,Pune,Maharashtra,Tier 1,2024-05-12
CUST-11897,Bangalore,Karnataka,Tier 1,2025-08-20
CUST-11898,Hyderabad,Telangana,Tier 1,2025-04-01
CUST-11899,Kochi,Kerala,Tier 2,2024-12-18
CUST-11900,Kolkata,West Bengal,Tier 1,2024-12-09
CUST-11901,Mumbai,Maharashtra,Tier 1,2024-04-03
CUST-11902,Chandigarh,Punjab,Tier 2,2025-01-16
CUST-11903,Mumbai,Maharashtra,Tier 1,2024-10-21
CUST-11904,Chandigarh,Punjab,Tier 2,2024-07-16
CUST-11905,Bangalore,Karnataka,Tier 1,2024-03-19
CUST-11906,Bhubaneswar,Odisha,Tier 2,2025-11-08
CUST-11907,Hyderabad,Telangana,Tier 1,2025-07-04
CUST-11908,Hyderabad,Telangana,Tier 1,2024-08-01
CUST-11909,Delhi NCR,Delhi,Tier 1,2025-10-04
CUST-11910,Hyderabad,Telangana,Tier 1,2025-10-30
CUST-11911,Bhopal,Madhya Pradesh,Tier 2,2024-06-07
CUST-11912,Visakhapatnam,Andhra Pradesh,Tier 2,2025-07-10
CUST-11913,Hyderabad,Telangana,Tier 1,2024-07-19
CUST-11914,Chennai,Tamil Nadu,Tier 1,2024-01-22
CUST-11915,Ahmedabad,Gujarat,Tier 2,2024-12-04
CUST-11916,Coimbatore,Tamil Nadu,Tier 2,2024-08-29
CUST-11917,Pune,Maharashtra,Tier 1,2024-08-25
CUST-11918,Chennai,Tamil Nadu,Tier 1,2024-05-28
CUST-11919,Chennai,Tamil Nadu,Tier 1,2025-08-01
CUST-11920,Lucknow,Uttar Pradesh,Tier 2,2024-01-07
CUST-11921,Mumbai,Maharashtra,Tier 1,2024-08-20
CUST-11922,Pune,Maharashtra,Tier 1,2025-08-01
CUST-11923,Hyderabad,Telangana,Tier 1,2024-03-17
CUST-11924,Kochi,Kerala,Tier 2,2025-05-03
CUST-11925,Delhi NCR,Delhi,Tier 1,2024-03-27
CUST-11926,Pune,Maharashtra,Tier 1,2024-08-09
CUST-11927,Kolkata,West Bengal,Tier 1,2025-02-16
CUST-11928,Pune,Maharashtra,Tier 1,2025-08-06
CUST-11929,Mumbai,Maharashtra,Tier 1,2024-07-20
CUST-11930,Pune,Maharashtra,Tier 1,2025-07-24
CUST-11931,Pune,Maharashtra,Tier 1,2024-10-02
CUST-11932,Pune,Maharashtra,Tier 1,2024-08-08
CUST-11933,Pune,Maharashtra,Tier 1,2024-06-05
CUST-11934,Jaipur,Rajasthan,Tier 2,2024-06-29
CUST-11935,Indore,Madhya Pradesh,Tier 2,2024-05-08
CUST-11936,Bangalore,Karnataka,Tier 1,2024-08-30
CUST-11937,Patna,Bihar,Tier 2,2024-06-20
CUST-11938,Kolkata,West Bengal,Tier 1,2025-05-17
CUST-11939,Mumbai,Maharashtra,Tier 1,2025-04-24
CUST-11940,Mumbai,Maharashtra,Tier 1,2024-09-26
CUST-11941,Hyderabad,Telangana,Tier 1,2025-02-24
CUST-11942,Kochi,Kerala,Tier 2,2024-06-11
CUST-11943,Lucknow,Uttar Pradesh,Tier 2,2024-01-24
CUST-11944,Kochi,Kerala,Tier 2,2025-05-11
CUST-11945,Kolkata,West Bengal,Tier 1,2024-07-11
CUST-11946,Chennai,Tamil Nadu,Tier 1,2025-01-24
CUST-11947,Delhi NCR,Delhi,Tier 1,2025-05-11
CUST-11948,Hyderabad,Telangana,Tier 1,2024-05-08
CUST-11949,Chennai,Tamil Nadu,Tier 1,2025-07-06
CUST-11950,Mumbai,Maharashtra,Tier 1,2025-06-26
CUST-11951,Bangalore,Karnataka,Tier 1,2024-02-05
CUST-11952,Pune,Maharashtra,Tier 1,2025-04-01
CUST-11953,Ahmedabad,Gujarat,Tier 2,2024-12-26
CUST-11954,Visakhapatnam,Andhra Pradesh,Tier 2,2024-08-02
CUST-11955,Nagpur,Maharashtra,Tier 2,2024-10-13
CUST-11956,Pune,Maharashtra,Tier 1,2025-01-03
CUST-11957,Chennai,Tamil Nadu,Tier 1,2025-04-13
CUST-11958,Pune,Maharashtra,Tier 1,2024-07-04
CUST-11959,Kochi,Kerala,Tier 2,2025-04-18
CUST-11960,Delhi NCR,Delhi,Tier 1,2024-03-01
CUST-11961,Chennai,Tamil Nadu,Tier 1,2024-09-18
CUST-11962,Patna,Bihar,Tier 2,2024-04-20
CUST-11963,Chennai,Tamil Nadu,Tier 1,2024-05-20
CUST-11964,Pune,Maharashtra,Tier 1,2025-06-18
CUST-11965,Pune,Maharashtra,Tier 1,2024-03-19
CUST-11966,Delhi NCR,Delhi,Tier 1,2025-05-08
CUST-11967,Hyderabad,Telangana,Tier 1,2024-01-31
CUST-11968,Hyderabad,Telangana,Tier 1,2025-05-30
CUST-11969,Mumbai,Maharashtra,Tier 1,2025-05-23
CUST-11970,Mumbai,Maharashtra,Tier 1,2025-09-21
CUST-11971,Patna,Bihar,Tier 2,2024-03-06
CUST-11972,Bangalore,Karnataka,Tier 1,2025-05-24
CUST-11973,Kolkata,West Bengal,Tier 1,2025-01-05
CUST-11974,Hyderabad,Telangana,Tier 1,2024-10-13
CUST-11975,Nagpur,Maharashtra,Tier 2,2024-06-24
CUST-11976,Bangalore,Karnataka,Tier 1,2024-05-02
CUST-11977,Chennai,Tamil Nadu,Tier 1,2024-08-18
CUST-11978,Bhopal,Madhya Pradesh,Tier 2,2025-07-08
CUST-11979,Patna,Bihar,Tier 2,2024-01-04
CUST-11980,Bangalore,Karnataka,Tier 1,2025-02-15
CUST-11981,Indore,Madhya Pradesh,Tier 2,2024-09-06
CUST-11982,Chennai,Tamil Nadu,Tier 1,2025-10-17
CUST-11983,Kolkata,West Bengal,Tier 1,2025-05-01
CUST-11984,Delhi NCR,Delhi,Tier 1,2024-12-10
CUST-11985,Mumbai,Maharashtra,Tier 1,2024-11-28
CUST-11986,Ahmedabad,Gujarat,Tier 2,2025-03-28
CUST-11987,Kolkata,West Bengal,Tier 1,2024-06-06
CUST-11988,Chennai,Tamil Nadu,Tier 1,2025-07-30
CUST-11989,Ahmedabad,Gujarat,Tier 2,2024-09-26
CUST-11990,Chandigarh,Punjab,Tier 2,2025-08-09
CUST-11991,Delhi NCR,Delhi,Tier 1,2025-02-21
CUST-11992,Pune,Maharashtra,Tier 1,2025-03-15
CUST-11993,Delhi NCR,Delhi,Tier 1,2024-01-29
CUST-11994,Chandigarh,Punjab,Tier 2,2024-11-30
CUST-11995,Jaipur,Rajasthan,Tier 2,2024-08-25
CUST-11996,Bhubaneswar,Odisha,Tier 2,2024-06-01
CUST-11997,Mumbai,Maharashtra,Tier 1,2025-08-28
CUST-11998,Mumbai,Maharashtra,Tier 1,2024-04-24
CUST-11999,Hyderabad,Telangana,Tier 1,2025-02-02
CUST-12000,Bangalore,Karnataka,Tier 1,2024-02-01
CUST-12001,Bangalore,Karnataka,Tier 1,2025-06-15
CUST-12002,Coimbatore,Tamil Nadu,Tier 2,2024-02-22
CUST-12003,Bangalore,Karnataka,Tier 1,2024-07-13
CUST-12004,Bangalore,Karnataka,Tier 1,2024-10-31
CUST-12005,Chandigarh,Punjab,Tier 2,2024-12-10
CUST-12006,Chennai,Tamil Nadu,Tier 1,2024-03-22
CUST-12007,Kochi,Kerala,Tier 2,2024-01-01
CUST-12008,Mumbai,Maharashtra,Tier 1,2024-06-15
CUST-12009,Kolkata,West Bengal,Tier 1,2024-11-12
CUST-12010,Mumbai,Maharashtra,Tier 1,2024-07-01
CUST-12011,Mumbai,Maharashtra,Tier 1,2024-09-29
CUST-12012,Coimbatore,Tamil Nadu,Tier 2,2025-10-30
CUST-12013,Delhi NCR,Delhi,Tier 1,2025-01-07
CUST-12014,Kolkata,West Bengal,Tier 1,2024-12-27
CUST-12015,Chennai,Tamil Nadu,Tier 1,2024-07-19
CUST-12016,Hyderabad,Telangana,Tier 1,2024-07-10
CUST-12017,Coimbatore,Tamil Nadu,Tier 2,2024-12-06
CUST-12018,Mumbai,Maharashtra,Tier 1,2024-10-25
CUST-12019,Jaipur,Rajasthan,Tier 2,2025-05-20
CUST-12020,Bhubaneswar,Odisha,Tier 2,2025-08-10
CUST-12021,Pune,Maharashtra,Tier 1,2024-05-19
CUST-12022,Nagpur,Maharashtra,Tier 2,2024-11-01
CUST-12023,Mumbai,Maharashtra,Tier 1,2024-07-14
CUST-12024,Chennai,Tamil Nadu,Tier 1,2024-03-01
CUST-12025,Bangalore,Karnataka,Tier 1,2024-12-25
CUST-12026,Ahmedabad,Gujarat,Tier 2,2024-11-02
CUST-12027,Visakhapatnam,Andhra Pradesh,Tier 2,2025-04-24
CUST-12028,Bangalore,Karnataka,Tier 1,2024-11-28
CUST-12029,Jaipur,Rajasthan,Tier 2,2024-03-23
CUST-12030,Bangalore,Karnataka,Tier 1,2024-11-29
CUST-12031,Pune,Maharashtra,Tier 1,2025-05-31
CUST-12032,Chennai,Tamil Nadu,Tier 1,2025-04-18
CUST-12033,Visakhapatnam,Andhra Pradesh,Tier 2,2025-01-28
CUST-12034,Pune,Maharashtra,Tier 1,2025-08-22
CUST-12035,Hyderabad,Telangana,Tier 1,2025-11-22
CUST-12036,Delhi NCR,Delhi,Tier 1,2025-07-30
CUST-12037,Delhi NCR,Delhi,Tier 1,2025-01-14
CUST-12038,Bangalore,Karnataka,Tier 1,2024-01-21
CUST-12039,Bangalore,Karnataka,Tier 1,2024-06-25
CUST-12040,Patna,Bihar,Tier 2,2024-12-28
CUST-12041,Pune,Maharashtra,Tier 1,2024-01-22
CUST-12042,Kolkata,West Bengal,Tier 1,2025-07-01
CUST-12043,Delhi NCR,Delhi,Tier 1,2024-09-06
CUST-12044,Bhopal,Madhya Pradesh,Tier 2,2025-10-22
CUST-12045,Ahmedabad,Gujarat,Tier 2,2024-03-13
CUST-12046,Mumbai,Maharashtra,Tier 1,2024-03-31
CUST-12047,Lucknow,Uttar Pradesh,Tier 2,2024-06-24
CUST-12048,Kolkata,West Bengal,Tier 1,2024-05-05
CUST-12049,Mumbai,Maharashtra,Tier 1,2024-07-22
CUST-12050,Chennai,Tamil Nadu,Tier 1,2024-09-02
CUST-12051,Kolkata,West Bengal,Tier 1,2025-09-02
CUST-12052,Delhi NCR,Delhi,Tier 1,2024-09-27
CUST-12053,Bhubaneswar,Odisha,Tier 2,2024-02-13
CUST-12054,Patna,Bihar,Tier 2,2025-08-31
CUST-12055,Jaipur,Rajasthan,Tier 2,2025-07-01
CUST-12056,Chennai,Tamil Nadu,Tier 1,2024-06-16
CUST-12057,Chennai,Tamil Nadu,Tier 1,2025-03-10
CUST-12058,Jaipur,Rajasthan,Tier 2,2024-01-30
CUST-12059,Kolkata,West Bengal,Tier 1,2025-08-19
CUST-12060,Mumbai,Maharashtra,Tier 1,2024-12-22
CUST-12061,Kolkata,West Bengal,Tier 1,2025-05-05
CUST-12062,Indore,Madhya Pradesh,Tier 2,2025-09-24
CUST-12063,Chennai,Tamil Nadu,Tier 1,2024-09-04
CUST-12064,Mumbai,Maharashtra,Tier 1,2025-11-26
CUST-12065,Kochi,Kerala,Tier 2,2024-09-09
CUST-12066,Bangalore,Karnataka,Tier 1,2025-01-16
CUST-12067,Bangalore,Karnataka,Tier 1,2025-06-19
CUST-12068,Delhi NCR,Delhi,Tier 1,2025-09-25
CUST-12069,Hyderabad,Telangana,Tier 1,2025-02-22
CUST-12070,Chandigarh,Punjab,Tier 2,2024-05-02
CUST-12071,Kolkata,West Bengal,Tier 1,2024-10-20
CUST-12072,Bangalore,Karnataka,Tier 1,2025-11-15
CUST-12073,Bhopal,Madhya Pradesh,Tier 2,2024-05-22
CUST-12074,Bhopal,Madhya Pradesh,Tier 2,2025-05-25
CUST-12075,Bhopal,Madhya Pradesh,Tier 2,2025-11-11
CUST-12076,Bangalore,Karnataka,Tier 1,2024-02-26
CUST-12077,Chennai,Tamil Nadu,Tier 1,2024-02-11
CUST-12078,Visakhapatnam,Andhra Pradesh,Tier 2,2025-09-22
CUST-12079,Kochi,Kerala,Tier 2,2024-04-30
CUST-12080,Mumbai,Maharashtra,Tier 1,2024-12-08
CUST-12081,Mumbai,Maharashtra,Tier 1,2024-11-27
CUST-12082,Chennai,Tamil Nadu,Tier 1,2025-03-31
CUST-12083,Coimbatore,Tamil Nadu,Tier 2,2025-03-12
CUST-12084,Kolkata,West Bengal,Tier 1,2024-12-06
CUST-12085,Kolkata,West Bengal,Tier 1,2024-12-06
CUST-12086,Delhi NCR,Delhi,Tier 1,2025-02-19
CUST-12087,Jaipur,Rajasthan,Tier 2,2024-06-30
CUST-12088,Indore,Madhya Pradesh,Tier 2,2025-11-07
CUST-12089,Chennai,Tamil Nadu,Tier 1,2024-09-20
CUST-12090,Kochi,Kerala,Tier 2,2024-07-28
CUST-12091,Bhubaneswar,Odisha,Tier 2,2025-06-06
CUST-12092,Bangalore,Karnataka,Tier 1,2024-06-30
CUST-12093,Kolkata,West Bengal,Tier 1,2025-03-19
CUST-12094,Hyderabad,Telangana,Tier 1,2024-09-07
CUST-12095,Kochi,Kerala,Tier 2,2024-05-17
CUST-12096,Pune,Maharashtra,Tier 1,2024-08-05
CUST-12097,Pune,Maharashtra,Tier 1,2025-03-29
CUST-12098,Indore,Madhya Pradesh,Tier 2,2024-03-27
CUST-12099,Chennai,Tamil Nadu,Tier 1,2024-10-19
CUST-12100,Nagpur,Maharashtra,Tier 2,2024-04-01
CUST-12101,Kolkata,West Bengal,Tier 1,2024-07-26
CUST-12102,Delhi NCR,Delhi,Tier 1,2024-07-22
CUST-12103,Lucknow,Uttar Pradesh,Tier 2,2024-07-04
CUST-12104,Kochi,Kerala,Tier 2,2024-03-25
CUST-12105,Hyderabad,Telangana,Tier 1,2025-10-25
CUST-12106,Bhopal,Madhya Pradesh,Tier 2,2024-06-04
CUST-12107,Coimbatore,Tamil Nadu,Tier 2,2024-10-19
CUST-12108,Bangalore,Karnataka,Tier 1,2025-06-16
CUST-12109,Visakhapatnam,Andhra Pradesh,Tier 2,2024-06-09
CUST-12110,Delhi NCR,Delhi,Tier 1,2025-01-20
CUST-12111,Bangalore,Karnataka,Tier 1,2025-04-29
CUST-12112,Delhi NCR,Delhi,Tier 1,2025-05-17
CUST-12113,Coimbatore,Tamil Nadu,Tier 2,2024-06-04
CUST-12114,Jaipur,Rajasthan,Tier 2,2024-05-22
CUST-12115,Delhi NCR,Delhi,Tier 1,2025-09-10
CUST-12116,Chennai,Tamil Nadu,Tier 1,2024-10-10
CUST-12117,Pune,Maharashtra,Tier 1,2025-07-15
CUST-12118,Mumbai,Maharashtra,Tier 1,2024-02-04
CUST-12119,Bhopal,Madhya Pradesh,Tier 2,2024-08-11
CUST-12120,Indore,Madhya Pradesh,Tier 2,2025-10-29
CUST-12121,Kolkata,West Bengal,Tier 1,2025-01-27
CUST-12122,Bhubaneswar,Odisha,Tier 2,2025-02-11
CUST-12123,Chennai,Tamil Nadu,Tier 1,2025-01-22
CUST-12124,Visakhapatnam,Andhra Pradesh,Tier 2,2025-11-26
CUST-12125,Jaipur,Rajasthan,Tier 2,2024-10-23
CUST-12126,Pune,Maharashtra,Tier 1,2024-11-18
CUST-12127,Delhi NCR,Delhi,Tier 1,2025-05-02
CUST-12128,Bhopal,Madhya Pradesh,Tier 2,2025-07-23
CUST-12129,Chennai,Tamil Nadu,Tier 1,2024-02-08
CUST-12130,Delhi NCR,Delhi,Tier 1,2025-05-19
CUST-12131,Mumbai,Maharashtra,Tier 1,2025-05-17
CUST-12132,Pune,Maharashtra,Tier 1,2025-06-20
CUST-12133,Kolkata,West Bengal,Tier 1,2024-11-11
CUST-12134,Ahmedabad,Gujarat,Tier 2,2025-05-10
CUST-12135,Coimbatore,Tamil Nadu,Tier 2,2024-04-26
CUST-12136,Mumbai,Maharashtra,Tier 1,2024-12-07
CUST-12137,Ahmedabad,Gujarat,Tier 2,2024-08-27
CUST-12138,Bangalore,Karnataka,Tier 1,2025-11-17
CUST-12139,Bhopal,Madhya Pradesh,Tier 2,2025-03-20
CUST-12140,Indore,Madhya Pradesh,Tier 2,2025-05-01
CUST-12141,Kolkata,West Bengal,Tier 1,2025-02-14
CUST-12142,Ahmedabad,Gujarat,Tier 2,2025-09-14
CUST-12143,Hyderabad,Telangana,Tier 1,2024-10-24
CUST-12144,Kolkata,West Bengal,Tier 1,2024-02-21
CUST-12145,Indore,Madhya Pradesh,Tier 2,2024-10-30
CUST-12146,Chennai,Tamil Nadu,Tier 1,2024-10-14
CUST-12147,Hyderabad,Telangana,Tier 1,2025-10-25
CUST-12148,Kolkata,West Bengal,Tier 1,2024-04-27
CUST-12149,Patna,Bihar,Tier 2,2025-02-27
CUST-12150,Hyderabad,Telangana,Tier 1,2025-10-08
CUST-12151,Delhi NCR,Delhi,Tier 1,2024-07-27
CUST-12152,Ahmedabad,Gujarat,Tier 2,2024-05-06
CUST-12153,Patna,Bihar,Tier 2,2024-10-19
CUST-12154,Delhi NCR,Delhi,Tier 1,2025-06-02
CUST-12155,Bangalore,Karnataka,Tier 1,2024-08-09
CUST-12156,Delhi NCR,Delhi,Tier 1,2024-03-17
CUST-12157,Hyderabad,Telangana,Tier 1,2024-12-03
CUST-12158,Chennai,Tamil Nadu,Tier 1,2024-10-01
CUST-12159,Chandigarh,Punjab,Tier 2,2024-04-26
CUST-12160,Jaipur,Rajasthan,Tier 2,2024-10-18
CUST-12161,Pune,Maharashtra,Tier 1,2024-09-27
CUST-12162,Hyderabad,Telangana,Tier 1,2025-03-22
CUST-12163,Patna,Bihar,Tier 2,2024-06-05
CUST-12164,Kolkata,West Bengal,Tier 1,2025-07-25
CUST-12165,Visakhapatnam,Andhra Pradesh,Tier 2,2024-07-02
CUST-12166,Pune,Maharashtra,Tier 1,2025-02-27
CUST-12167,Delhi NCR,Delhi,Tier 1,2025-10-17
CUST-12168,Jaipur,Rajasthan,Tier 2,2025-11-03
CUST-12169,Hyderabad,Telangana,Tier 1,2025-08-23
CUST-12170,Lucknow,Uttar Pradesh,Tier 2,2024-01-16
CUST-12171,Mumbai,Maharashtra,Tier 1,2024-04-07
CUST-12172,Delhi NCR,Delhi,Tier 1,2025-09-07
CUST-12173,Bhopal,Madhya Pradesh,Tier 2,2024-10-26
CUST-12174,Bangalore,Karnataka,Tier 1,2025-02-25
CUST-12175,Patna,Bihar,Tier 2,2024-11-02
CUST-12176,Hyderabad,Telangana,Tier 1,2024-09-30
CUST-12177,Pune,Maharashtra,Tier 1,2024-09-17
CUST-12178,Lucknow,Uttar Pradesh,Tier 2,2024-08-26
CUST-12179,Kolkata,West Bengal,Tier 1,2024-11-27
CUST-12180,Hyderabad,Telangana,Tier 1,2024-04-24
CUST-12181,Bangalore,Karnataka,Tier 1,2024-09-24
CUST-12182,Mumbai,Maharashtra,Tier 1,2024-01-12
CUST-12183,Hyderabad,Telangana,Tier 1,2024-03-13
CUST-12184,Jaipur,Rajasthan,Tier 2,2025-02-09
CUST-12185,Nagpur,Maharashtra,Tier 2,2024-06-26
CUST-12186,Bhopal,Madhya Pradesh,Tier 2,2024-09-15
CUST-12187,Chandigarh,Punjab,Tier 2,2025-02-03
CUST-12188,Kochi,Kerala,Tier 2,2024-09-26
CUST-12189,Jaipur,Rajasthan,Tier 2,2025-09-23
CUST-12190,Bangalore,Karnataka,Tier 1,2025-11-11
CUST-12191,Coimbatore,Tamil Nadu,Tier 2,2025-04-30
CUST-12192,Jaipur,Rajasthan,Tier 2,2025-08-02
CUST-12193,Pune,Maharashtra,Tier 1,2024-02-28
CUST-12194,Delhi NCR,Delhi,Tier 1,2025-10-03
CUST-12195,Chennai,Tamil Nadu,Tier 1,2024-09-22
CUST-12196,Chennai,Tamil Nadu,Tier 1,2024-03-15
CUST-12197,Bhopal,Madhya Pradesh,Tier 2,2024-03-30
CUST-12198,Kolkata,West Bengal,Tier 1,2025-05-19
CUST-12199,Chennai,Tamil Nadu,Tier 1,2024-12-22
CUST-12200,Visakhapatnam,Andhra Pradesh,Tier 2,2024-06-02
CUST-12201,Delhi NCR,Delhi,Tier 1,2024-08-05
CUST-12202,Chennai,Tamil Nadu,Tier 1,2025-04-30
CUST-12203,Mumbai,Maharashtra,Tier 1,2025-06-23
CUST-12204,Chandigarh,Punjab,Tier 2,2024-05-09
CUST-12205,Nagpur,Maharashtra,Tier 2,2024-03-06
CUST-12206,Hyderabad,Telangana,Tier 1,2024-05-23
CUST-12207,Bhopal,Madhya Pradesh,Tier 2,2025-01-14
CUST-12208,Hyderabad,Telangana,Tier 1,2024-11-08
CUST-12209,Coimbatore,Tamil Nadu,Tier 2,2025-02-10
CUST-12210,Chandigarh,Punjab,Tier 2,2025-02-10
CUST-12211,Indore,Madhya Pradesh,Tier 2,2024-10-03
CUST-12212,Mumbai,Maharashtra,Tier 1,2025-09-06
CUST-12213,Bhubaneswar,Odisha,Tier 2,2025-02-12
CUST-12214,Ahmedabad,Gujarat,Tier 2,2024-11-09
CUST-12215,Hyderabad,Telangana,Tier 1,2025-07-02
CUST-12216,Patna,Bihar,Tier 2,2024-09-05
CUST-12217,Hyderabad,Telangana,Tier 1,2025-04-05
CUST-12218,Bhopal,Madhya Pradesh,Tier 2,2025-02-02
CUST-12219,Delhi NCR,Delhi,Tier 1,2025-10-29
CUST-12220,Lucknow,Uttar Pradesh,Tier 2,2025-03-26
CUST-12221,Kolkata,West Bengal,Tier 1,2025-04-15
CUST-12222,Delhi NCR,Delhi,Tier 1,2025-10-05
CUST-12223,Bangalore,Karnataka,Tier 1,2025-07-12
CUST-12224,Mumbai,Maharashtra,Tier 1,2025-03-09
CUST-12225,Kolkata,West Bengal,Tier 1,2025-03-21
CUST-12226,Hyderabad,Telangana,Tier 1,2024-04-12
CUST-12227,Pune,Maharashtra,Tier 1,2024-11-23
CUST-12228,Hyderabad,Telangana,Tier 1,2025-11-13
CUST-12229,Hyderabad,Telangana,Tier 1,2025-08-23
CUST-12230,Chandigarh,Punjab,Tier 2,2024-09-02
CUST-12231,Mumbai,Maharashtra,Tier 1,2024-02-27
CUST-12232,Coimbatore,Tamil Nadu,Tier 2,2024-04-14
CUST-12233,Patna,Bihar,Tier 2,2025-11-22
CUST-12234,Jaipur,Rajasthan,Tier 2,2024-03-09
CUST-12235,Pune,Maharashtra,Tier 1,2024-10-28
CUST-12236,Coimbatore,Tamil Nadu,Tier 2,2024-06-01
CUST-12237,Delhi NCR,Delhi,Tier 1,2025-06-20
CUST-12238,Mumbai,Maharashtra,Tier 1,2024-02-04
CUST-12239,Bangalore,Karnataka,Tier 1,2024-01-15
CUST-12240,Kochi,Kerala,Tier 2,2024-04-15
CUST-12241,Mumbai,Maharashtra,Tier 1,2024-03-14
CUST-12242,Pune,Maharashtra,Tier 1,2024-10-11
CUST-12243,Visakhapatnam,Andhra Pradesh,Tier 2,2025-07-03
CUST-12244,Bhopal,Madhya Pradesh,Tier 2,2024-07-15
CUST-12245,Kolkata,West Bengal,Tier 1,2024-10-06
CUST-12246,Mumbai,Maharashtra,Tier 1,2025-11-16
CUST-12247,Patna,Bihar,Tier 2,2025-07-09
CUST-12248,Pune,Maharashtra,Tier 1,2025-10-27
CUST-12249,Delhi NCR,Delhi,Tier 1,2024-06-01
CUST-12250,Delhi NCR,Delhi,Tier 1,2024-10-17
CUST-12251,Coimbatore,Tamil Nadu,Tier 2,2024-05-21
CUST-12252,Jaipur,Rajasthan,Tier 2,2024-11-07
CUST-12253,Patna,Bihar,Tier 2,2025-10-07
CUST-12254,Bhopal,Madhya Pradesh,Tier 2,2024-02-01
CUST-12255,Pune,Maharashtra,Tier 1,2024-01-26
CUST-12256,Kolkata,West Bengal,Tier 1,2024-09-11
CUST-12257,Chennai,Tamil Nadu,Tier 1,2024-02-25
CUST-12258,Hyderabad,Telangana,Tier 1,2024-10-19
CUST-12259,Chennai,Tamil Nadu,Tier 1,2025-09-28
CUST-12260,Kochi,Kerala,Tier 2,2024-08-17
CUST-12261,Pune,Maharashtra,Tier 1,2024-02-22
CUST-12262,Coimbatore,Tamil Nadu,Tier 2,2024-04-10
CUST-12263,Chennai,Tamil Nadu,Tier 1,2025-04-11
CUST-12264,Pune,Maharashtra,Tier 1,2024-09-23
CUST-12265,Pune,Maharashtra,Tier 1,2024-01-02
CUST-12266,Pune,Maharashtra,Tier 1,2024-01-22
CUST-12267,Lucknow,Uttar Pradesh,Tier 2,2025-07-31
CUST-12268,Bangalore,Karnataka,Tier 1,2024-07-30
CUST-12269,Kolkata,West Bengal,Tier 1,2024-08-23
CUST-12270,Delhi NCR,Delhi,Tier 1,2025-06-12
CUST-12271,Chennai,Tamil Nadu,Tier 1,2025-01-22
CUST-12272,Kolkata,West Bengal,Tier 1,2024-01-14
CUST-12273,Jaipur,Rajasthan,Tier 2,2025-06-02
CUST-12274,Bhubaneswar,Odisha,Tier 2,2024-08-09
CUST-12275,Pune,Maharashtra,Tier 1,2025-09-07
CUST-12276,Chandigarh,Punjab,Tier 2,2025-02-06
CUST-12277,Kolkata,West Bengal,Tier 1,2025-05-27
CUST-12278,Pune,Maharashtra,Tier 1,2024-10-13
CUST-12279,Mumbai,Maharashtra,Tier 1,2025-01-18
CUST-12280,Bangalore,Karnataka,Tier 1,2024-09-03
CUST-12281,Hyderabad,Telangana,Tier 1,2024-03-31
CUST-12282,Kolkata,West Bengal,Tier 1,2024-11-07
CUST-12283,Mumbai,Maharashtra,Tier 1,2025-03-12
CUST-12284,Delhi NCR,Delhi,Tier 1,2024-02-12
CUST-12285,Bangalore,Karnataka,Tier 1,2024-03-14
CUST-12286,Visakhapatnam,Andhra Pradesh,Tier 2,2025-07-14
CUST-12287,Hyderabad,Telangana,Tier 1,2024-11-11
CUST-12288,Kolkata,West Bengal,Tier 1,2024-05-23
CUST-12289,Bangalore,Karnataka,Tier 1,2024-11-24
CUST-12290,Pune,Maharashtra,Tier 1,2024-07-27
CUST-12291,Hyderabad,Telangana,Tier 1,2024-04-08
CUST-12292,Bangalore,Karnataka,Tier 1,2025-11-30
CUST-12293,Kolkata,West Bengal,Tier 1,2024-04-23
CUST-12294,Mumbai,Maharashtra,Tier 1,2024-06-23
CUST-12295,Mumbai,Maharashtra,Tier 1,2024-09-27
CUST-12296,Bangalore,Karnataka,Tier 1,2024-03-03
CUST-12297,Mumbai,Maharashtra,Tier 1,2025-02-07
CUST-12298,Delhi NCR,Delhi,Tier 1,2024-08-12
CUST-12299,Hyderabad,Telangana,Tier 1,2024-06-09
CUST-12300,Indore,Madhya Pradesh,Tier 2,2024-02-05
CUST-12301,Pune,Maharashtra,Tier 1,2025-01-15
CUST-12302,Kolkata,West Bengal,Tier 1,2025-10-14
CUST-12303,Hyderabad,Telangana,Tier 1,2024-11-13
CUST-12304,Nagpur,Maharashtra,Tier 2,2025-10-24
CUST-12305,Chennai,Tamil Nadu,Tier 1,2025-03-31
CUST-12306,Mumbai,Maharashtra,Tier 1,2024-09-25
CUST-12307,Pune,Maharashtra,Tier 1,2024-12-09
CUST-12308,Delhi NCR,Delhi,Tier 1,2024-02-09
CUST-12309,Hyderabad,Telangana,Tier 1,2025-02-17
CUST-12310,Kolkata,West Bengal,Tier 1,2025-01-14
CUST-12311,Bhopal,Madhya Pradesh,Tier 2,2024-08-09
CUST-12312,Kolkata,West Bengal,Tier 1,2024-10-07
CUST-12313,Lucknow,Uttar Pradesh,Tier 2,2024-08-12
CUST-12314,Visakhapatnam,Andhra Pradesh,Tier 2,2025-04-01
CUST-12315,Delhi NCR,Delhi,Tier 1,2024-06-02
CUST-12316,Bangalore,Karnataka,Tier 1,2024-10-06
CUST-12317,Chennai,Tamil Nadu,Tier 1,2024-12-18
CUST-12318,Chennai,Tamil Nadu,Tier 1,2024-02-08
CUST-12319,Chennai,Tamil Nadu,Tier 1,2025-09-12
CUST-12320,Coimbatore,Tamil Nadu,Tier 2,2025-07-26
CUST-12321,Ahmedabad,Gujarat,Tier 2,2025-05-03
CUST-12322,Pune,Maharashtra,Tier 1,2024-07-16
CUST-12323,Hyderabad,Telangana,Tier 1,2024-10-02
CUST-12324,Indore,Madhya Pradesh,Tier 2,2024-06-20
CUST-12325,Bhubaneswar,Odisha,Tier 2,2025-05-22
CUST-12326,Indore,Madhya Pradesh,Tier 2,2025-02-08
CUST-12327,Mumbai,Maharashtra,Tier 1,2024-09-27
CUST-12328,Pune,Maharashtra,Tier 1,2025-07-07
CUST-12329,Mumbai,Maharashtra,Tier 1,2025-10-25
CUST-12330,Bangalore,Karnataka,Tier 1,2024-05-10
CUST-12331,Mumbai,Maharashtra,Tier 1,2025-09-17
CUST-12332,Pune,Maharashtra,Tier 1,2025-01-19
CUST-12333,Lucknow,Uttar Pradesh,Tier 2,2025-01-31
CUST-12334,Delhi NCR,Delhi,Tier 1,2025-07-19
CUST-12335,Chennai,Tamil Nadu,Tier 1,2024-10-22
CUST-12336,Chennai,Tamil Nadu,Tier 1,2025-01-17
CUST-12337,Hyderabad,Telangana,Tier 1,2025-05-26
CUST-12338,Delhi NCR,Delhi,Tier 1,2025-01-29
CUST-12339,Chennai,Tamil Nadu,Tier 1,2025-07-07
CUST-12340,Chandigarh,Punjab,Tier 2,2025-08-27
CUST-12341,Mumbai,Maharashtra,Tier 1,2024-09-16
CUST-12342,Mumbai,Maharashtra,Tier 1,2024-10-07
CUST-12343,Hyderabad,Telangana,Tier 1,2024-12-21
CUST-12344,Bhubaneswar,Odisha,Tier 2,2025-02-23
CUST-12345,Jaipur,Rajasthan,Tier 2,2024-07-10
CUST-12346,Jaipur,Rajasthan,Tier 2,2025-09-28
CUST-12347,Hyderabad,Telangana,Tier 1,2025-03-03
CUST-12348,Pune,Maharashtra,Tier 1,2024-12-13
CUST-12349,Mumbai,Maharashtra,Tier 1,2025-03-04
CUST-12350,Pune,Maharashtra,Tier 1,2025-01-26
CUST-12351,Nagpur,Maharashtra,Tier 2,2024-12-06
CUST-12352,Pune,Maharashtra,Tier 1,2025-06-30
CUST-12353,Bhopal,Madhya Pradesh,Tier 2,2025-02-05
CUST-12354,Ahmedabad,Gujarat,Tier 2,2024-02-16
CUST-12355,Delhi NCR,Delhi,Tier 1,2025-10-26
CUST-12356,Coimbatore,Tamil Nadu,Tier 2,2025-02-28
CUST-12357,Mumbai,Maharashtra,Tier 1,2025-05-31
CUST-12358,Kolkata,West Bengal,Tier 1,2025-09-28
CUST-12359,Delhi NCR,Delhi,Tier 1,2024-11-23
CUST-12360,Mumbai,Maharashtra,Tier 1,2024-03-27
CUST-12361,Chennai,Tamil Nadu,Tier 1,2025-05-29
CUST-12362,Hyderabad,Telangana,Tier 1,2024-06-13
CUST-12363,Kolkata,West Bengal,Tier 1,2024-08-10
CUST-12364,Pune,Maharashtra,Tier 1,2024-10-23
CUST-12365,Mumbai,Maharashtra,Tier 1,2025-03-26
CUST-12366,Delhi NCR,Delhi,Tier 1,2024-12-08
CUST-12367,Pune,Maharashtra,Tier 1,2024-12-06
CUST-12368,Hyderabad,Telangana,Tier 1,2025-04-05
CUST-12369,Ahmedabad,Gujarat,Tier 2,2025-01-26
CUST-12370,Jaipur,Rajasthan,Tier 2,2025-06-20
CUST-12371,Patna,Bihar,Tier 2,2025-07-04
CUST-12372,Lucknow,Uttar Pradesh,Tier 2,2025-02-24
CUST-12373,Chennai,Tamil Nadu,Tier 1,2025-01-15
CUST-12374,Jaipur,Rajasthan,Tier 2,2025-09-08
CUST-12375,Bangalore,Karnataka,Tier 1,2024-01-05
CUST-12376,Hyderabad,Telangana,Tier 1,2025-10-09
CUST-12377,Kochi,Kerala,Tier 2,2024-01-04
CUST-12378,Chennai,Tamil Nadu,Tier 1,2025-11-11
CUST-12379,Indore,Madhya Pradesh,Tier 2,2024-11-11
CUST-12380,Indore,Madhya Pradesh,Tier 2,2024-03-18
CUST-12381,Bhopal,Madhya Pradesh,Tier 2,2025-06-14
CUST-12382,Nagpur,Maharashtra,Tier 2,2024-12-20
CUST-12383,Chennai,Tamil Nadu,Tier 1,2024-02-02
CUST-12384,Hyderabad,Telangana,Tier 1,2025-10-23
CUST-12385,Pune,Maharashtra,Tier 1,2024-05-18
CUST-12386,Hyderabad,Telangana,Tier 1,2024-09-28
CUST-12387,Pune,Maharashtra,Tier 1,2024-07-14
CUST-12388,Lucknow,Uttar Pradesh,Tier 2,2024-05-06
CUST-12389,Lucknow,Uttar Pradesh,Tier 2,2024-12-14
CUST-12390,Chennai,Tamil Nadu,Tier 1,2024-02-13
CUST-12391,Delhi NCR,Delhi,Tier 1,2024-08-31
CUST-12392,Chennai,Tamil Nadu,Tier 1,2024-01-09
CUST-12393,Delhi NCR,Delhi,Tier 1,2024-03-19
CUST-12394,Coimbatore,Tamil Nadu,Tier 2,2024-07-08
CUST-12395,Hyderabad,Telangana,Tier 1,2024-03-26
CUST-12396,Delhi NCR,Delhi,Tier 1,2025-04-29
CUST-12397,Mumbai,Maharashtra,Tier 1,2024-09-27
CUST-12398,Pune,Maharashtra,Tier 1,2025-05-27
CUST-12399,Pune,Maharashtra,Tier 1,2024-01-20
CUST-12400,Hyderabad,Telangana,Tier 1,2025-05-03
CUST-12401,Mumbai,Maharashtra,Tier 1,2024-05-09
CUST-12402,Chennai,Tamil Nadu,Tier 1,2025-10-04
CUST-12403,Hyderabad,Telangana,Tier 1,2024-01-07
CUST-12404,Jaipur,Rajasthan,Tier 2,2024-11-05
CUST-12405,Pune,Maharashtra,Tier 1,2025-09-18
CUST-12406,Hyderabad,Telangana,Tier 1,2025-04-17
CUST-12407,Bangalore,Karnataka,Tier 1,2024-04-11
CUST-12408,Visakhapatnam,Andhra Pradesh,Tier 2,2024-12-03
CUST-12409,Chennai,Tamil Nadu,Tier 1,2024-11-14
CUST-12410,Lucknow,Uttar Pradesh,Tier 2,2025-05-27
CUST-12411,Delhi NCR,Delhi,Tier 1,2024-01-25
CUST-12412,Kolkata,West Bengal,Tier 1,2025-03-05
CUST-12413,Mumbai,Maharashtra,Tier 1,2024-05-22
CUST-12414,Kolkata,West Bengal,Tier 1,2025-10-18
CUST-12415,Bhubaneswar,Odisha,Tier 2,2024-05-28
CUST-12416,Chennai,Tamil Nadu,Tier 1,2025-11-23
CUST-12417,Mumbai,Maharashtra,Tier 1,2024-02-24
CUST-12418,Mumbai,Maharashtra,Tier 1,2025-04-15
CUST-12419,Chennai,Tamil Nadu,Tier 1,2024-12-28
CUST-12420,Delhi NCR,Delhi,Tier 1,2025-10-11
CUST-12421,Mumbai,Maharashtra,Tier 1,2024-07-27
CUST-12422,Chandigarh,Punjab,Tier 2,2024-07-03
CUST-12423,Chennai,Tamil Nadu,Tier 1,2024-03-05
CUST-12424,Hyderabad,Telangana,Tier 1,2025-07-02
CUST-12425,Coimbatore,Tamil Nadu,Tier 2,2024-04-21
CUST-12426,Delhi NCR,Delhi,Tier 1,2024-09-19
CUST-12427,Bhubaneswar,Odisha,Tier 2,2024-03-16
CUST-12428,Hyderabad,Telangana,Tier 1,2024-10-22
CUST-12429,Coimbatore,Tamil Nadu,Tier 2,2024-06-26
CUST-12430,Pune,Maharashtra,Tier 1,2024-01-01
CUST-12431,Patna,Bihar,Tier 2,2024-05-27
CUST-12432,Visakhapatnam,Andhra Pradesh,Tier 2,2025-11-01
CUST-12433,Hyderabad,Telangana,Tier 1,2025-10-23
CUST-12434,Bhubaneswar,Odisha,Tier 2,2024-05-08
CUST-12435,Chennai,Tamil Nadu,Tier 1,2025-09-29
CUST-12436,Chennai,Tamil Nadu,Tier 1,2025-05-27
CUST-12437,Hyderabad,Telangana,Tier 1,2025-09-20
CUST-12438,Kolkata,West Bengal,Tier 1,2025-05-16
CUST-12439,Delhi NCR,Delhi,Tier 1,2024-05-28
CUST-12440,Kolkata,West Bengal,Tier 1,2024-09-25
CUST-12441,Kolkata,West Bengal,Tier 1,2025-10-14
CUST-12442,Chandigarh,Punjab,Tier 2,2024-04-14
CUST-12443,Patna,Bihar,Tier 2,2025-04-10
CUST-12444,Chennai,Tamil Nadu,Tier 1,2024-10-07
CUST-12445,Hyderabad,Telangana,Tier 1,2025-02-10
CUST-12446,Bangalore,Karnataka,Tier 1,2025-09-04
CUST-12447,Bangalore,Karnataka,Tier 1,2024-12-23
CUST-12448,Mumbai,Maharashtra,Tier 1,2025-11-05
CUST-12449,Hyderabad,Telangana,Tier 1,2024-07-21
CUST-12450,Bangalore,Karnataka,Tier 1,2025-09-03
CUST-12451,Bhubaneswar,Odisha,Tier 2,2024-10-07
CUST-12452,Pune,Maharashtra,Tier 1,2024-09-13
CUST-12453,Hyderabad,Telangana,Tier 1,2024-04-03
CUST-12454,Pune,Maharashtra,Tier 1,2024-11-19
CUST-12455,Delhi NCR,Delhi,Tier 1,2024-12-27
CUST-12456,Chennai,Tamil Nadu,Tier 1,2025-10-23
CUST-12457,Pune,Maharashtra,Tier 1,2024-12-16
CUST-12458,Kolkata,West Bengal,Tier 1,2024-03-02
CUST-12459,Chennai,Tamil Nadu,Tier 1,2025-10-02
CUST-12460,Visakhapatnam,Andhra Pradesh,Tier 2,2024-07-05
CUST-12461,Bhopal,Madhya Pradesh,Tier 2,2025-08-02
CUST-12462,Pune,Maharashtra,Tier 1,2025-06-25
CUST-12463,Pune,Maharashtra,Tier 1,2024-10-30
CUST-12464,Pune,Maharashtra,Tier 1,2025-09-30
CUST-12465,Bangalore,Karnataka,Tier 1,2025-03-11
CUST-12466,Chennai,Tamil Nadu,Tier 1,2024-07-31
CUST-12467,Mumbai,Maharashtra,Tier 1,2025-02-09
CUST-12468,Kolkata,West Bengal,Tier 1,2024-05-13
CUST-12469,Kolkata,West Bengal,Tier 1,2024-08-06
CUST-12470,Bangalore,Karnataka,Tier 1,2025-02-24
CUST-12471,Bhubaneswar,Odisha,Tier 2,2024-11-14
CUST-12472,Coimbatore,Tamil Nadu,Tier 2,2024-06-05
CUST-12473,Ahmedabad,Gujarat,Tier 2,2024-07-06
CUST-12474,Kolkata,West Bengal,Tier 1,2025-04-20
CUST-12475,Bhopal,Madhya Pradesh,Tier 2,2024-06-10
CUST-12476,Delhi NCR,Delhi,Tier 1,2024-05-08
CUST-12477,Kochi,Kerala,Tier 2,2024-10-30
CUST-12478,Delhi NCR,Delhi,Tier 1,2024-03-29
CUST-12479,Kochi,Kerala,Tier 2,2024-06-10
CUST-12480,Bangalore,Karnataka,Tier 1,2024-02-05
CUST-12481,Bhopal,Madhya Pradesh,Tier 2,2024-08-14
CUST-12482,Bhubaneswar,Odisha,Tier 2,2024-05-30
CUST-12483,Delhi NCR,Delhi,Tier 1,2025-08-15
CUST-12484,Chennai,Tamil Nadu,Tier 1,2024-02-16
CUST-12485,Visakhapatnam,Andhra Pradesh,Tier 2,2025-10-21
CUST-12486,Kolkata,West Bengal,Tier 1,2024-08-18
CUST-12487,Bhopal,Madhya Pradesh,Tier 2,2025-06-22
CUST-12488,Pune,Maharashtra,Tier 1,2024-06-13
CUST-12489,Chennai,Tamil Nadu,Tier 1,2025-08-09
CUST-12490,Hyderabad,Telangana,Tier 1,2025-08-26
CUST-12491,Bangalore,Karnataka,Tier 1,2025-07-27
CUST-12492,Chandigarh,Punjab,Tier 2,2024-03-06
CUST-12493,Chennai,Tamil Nadu,Tier 1,2024-03-20
CUST-12494,Kolkata,West Bengal,Tier 1,2024-05-19
CUST-12495,Kolkata,West Bengal,Tier 1,2025-02-03
CUST-12496,Pune,Maharashtra,Tier 1,2024-05-09
CUST-12497,Bhopal,Madhya Pradesh,Tier 2,2025-03-21
CUST-12498,Visakhapatnam,Andhra Pradesh,Tier 2,2024-01-29
CUST-12499,Chennai,Tamil Nadu,Tier 1,2024-07-20
CUST-12500,Patna,Bihar,Tier 2,2024-08-24
CUST-12501,Chandigarh,Punjab,Tier 2,2025-08-21
CUST-12502,Pune,Maharashtra,Tier 1,2025-08-30
CUST-12503,Bhubaneswar,Odisha,Tier 2,2024-12-04
CUST-12504,Bangalore,Karnataka,Tier 1,2025-02-02
CUST-12505,Delhi NCR,Delhi,Tier 1,2025-03-14
CUST-12506,Patna,Bihar,Tier 2,2024-10-15
CUST-12507,Chennai,Tamil Nadu,Tier 1,2024-09-08
CUST-12508,Patna,Bihar,Tier 2,2025-11-22
CUST-12509,Coimbatore,Tamil Nadu,Tier 2,2024-04-09
CUST-12510,Mumbai,Maharashtra,Tier 1,2025-08-07
CUST-12511,Coimbatore,Tamil Nadu,Tier 2,2025-02-25
CUST-12512,Chennai,Tamil Nadu,Tier 1,2025-10-04
CUST-12513,Kolkata,West Bengal,Tier 1,2025-11-24
CUST-12514,Pune,Maharashtra,Tier 1,2024-01-18
CUST-12515,Nagpur,Maharashtra,Tier 2,2025-04-15
CUST-12516,Mumbai,Maharashtra,Tier 1,2025-09-29
CUST-12517,Kolkata,West Bengal,Tier 1,2024-01-07
CUST-12518,Lucknow,Uttar Pradesh,Tier 2,2025-02-22
CUST-12519,Ahmedabad,Gujarat,Tier 2,2025-01-14
CUST-12520,Lucknow,Uttar Pradesh,Tier 2,2025-05-22
CUST-12521,Delhi NCR,Delhi,Tier 1,2024-04-23
CUST-12522,Hyderabad,Telangana,Tier 1,2025-05-25
CUST-12523,Hyderabad,Telangana,Tier 1,2025-08-18
CUST-12524,Indore,Madhya Pradesh,Tier 2,2025-09-05
CUST-12525,Hyderabad,Telangana,Tier 1,2025-04-13
CUST-12526,Bangalore,Karnataka,Tier 1,2024-04-02
CUST-12527,Bhubaneswar,Odisha,Tier 2,2025-05-06
CUST-12528,Mumbai,Maharashtra,Tier 1,2024-04-11
CUST-12529,Visakhapatnam,Andhra Pradesh,Tier 2,2025-05-07
CUST-12530,Jaipur,Rajasthan,Tier 2,2025-06-19
CUST-12531,Patna,Bihar,Tier 2,2025-04-29
CUST-12532,Hyderabad,Telangana,Tier 1,2025-04-23
CUST-12533,Mumbai,Maharashtra,Tier 1,2024-06-15
CUST-12534,Chandigarh,Punjab,Tier 2,2024-05-19
CUST-12535,Patna,Bihar,Tier 2,2024-04-03
CUST-12536,Chandigarh,Punjab,Tier 2,2024-06-29
CUST-12537,Delhi NCR,Delhi,Tier 1,2025-07-29
CUST-12538,Chandigarh,Punjab,Tier 2,2024-01-04
CUST-12539,Kochi,Kerala,Tier 2,2025-08-28
CUST-12540,Jaipur,Rajasthan,Tier 2,2025-01-23
CUST-12541,Chandigarh,Punjab,Tier 2,2024-09-28
CUST-12542,Patna,Bihar,Tier 2,2024-05-11
CUST-12543,Pune,Maharashtra,Tier 1,2025-08-06
CUST-12544,Mumbai,Maharashtra,Tier 1,2025-08-15
CUST-12545,Kolkata,West Bengal,Tier 1,2025-05-26
CUST-12546,Mumbai,Maharashtra,Tier 1,2025-11-16
CUST-12547,Chennai,Tamil Nadu,Tier 1,2024-02-21
CUST-12548,Chennai,Tamil Nadu,Tier 1,2024-10-16
CUST-12549,Mumbai,Maharashtra,Tier 1,2025-03-21
CUST-12550,Hyderabad,Telangana,Tier 1,2024-08-24
CUST-12551,Delhi NCR,Delhi,Tier 1,2025-05-05
CUST-12552,Indore,Madhya Pradesh,Tier 2,2024-10-06
CUST-12553,Bhubaneswar,Odisha,Tier 2,2024-02-13
CUST-12554,Mumbai,Maharashtra,Tier 1,2024-12-24
CUST-12555,Bhubaneswar,Odisha,Tier 2,2025-10-07
CUST-12556,Kolkata,West Bengal,Tier 1,2025-07-21
CUST-12557,Hyderabad,Telangana,Tier 1,2025-06-09
CUST-12558,Mumbai,Maharashtra,Tier 1,2025-11-20
CUST-12559,Kolkata,West Bengal,Tier 1,2025-04-06
CUST-12560,Kochi,Kerala,Tier 2,2024-04-10
CUST-12561,Lucknow,Uttar Pradesh,Tier 2,2025-11-22
CUST-12562,Mumbai,Maharashtra,Tier 1,2025-04-05
CUST-12563,Mumbai,Maharashtra,Tier 1,2024-09-24
CUST-12564,Chennai,Tamil Nadu,Tier 1,2024-12-27
CUST-12565,Hyderabad,Telangana,Tier 1,2025-02-11
CUST-12566,Bangalore,Karnataka,Tier 1,2024-02-06
CUST-12567,Hyderabad,Telangana,Tier 1,2025-04-12
CUST-12568,Indore,Madhya Pradesh,Tier 2,2024-09-15
CUST-12569,Nagpur,Maharashtra,Tier 2,2025-05-23
CUST-12570,Chennai,Tamil Nadu,Tier 1,2025-10-28
CUST-12571,Coimbatore,Tamil Nadu,Tier 2,2024-11-04
CUST-12572,Hyderabad,Telangana,Tier 1,2025-09-03
CUST-12573,Kolkata,West Bengal,Tier 1,2024-09-29
CUST-12574,Bangalore,Karnataka,Tier 1,2025-09-16
CUST-12575,Pune,Maharashtra,Tier 1,2024-04-19
CUST-12576,Visakhapatnam,Andhra Pradesh,Tier 2,2025-10-16
CUST-12577,Pune,Maharashtra,Tier 1,2025-11-09
CUST-12578,Hyderabad,Telangana,Tier 1,2024-09-16
CUST-12579,Pune,Maharashtra,Tier 1,2025-10-18
CUST-12580,Delhi NCR,Delhi,Tier 1,2024-09-24
CUST-12581,Coimbatore,Tamil Nadu,Tier 2,2024-02-01
CUST-12582,Kolkata,West Bengal,Tier 1,2024-06-25
CUST-12583,Chennai,Tamil Nadu,Tier 1,2024-04-13
CUST-12584,Pune,Maharashtra,Tier 1,2024-08-23
CUST-12585,Pune,Maharashtra,Tier 1,2024-04-02
CUST-12586,Mumbai,Maharashtra,Tier 1,2024-07-19
CUST-12587,Lucknow,Uttar Pradesh,Tier 2,2025-08-19
CUST-12588,Bangalore,Karnataka,Tier 1,2024-02-04
CUST-12589,Ahmedabad,Gujarat,Tier 2,2024-04-26
CUST-12590,Indore,Madhya Pradesh,Tier 2,2025-11-18
CUST-12591,Indore,Madhya Pradesh,Tier 2,2025-04-02
CUST-12592,Kolkata,West Bengal,Tier 1,2025-04-15
CUST-12593,Kolkata,West Bengal,Tier 1,2025-02-02
CUST-12594,Delhi NCR,Delhi,Tier 1,2025-08-19
CUST-12595,Kochi,Kerala,Tier 2,2024-04-26
CUST-12596,Bangalore,Karnataka,Tier 1,2024-12-27
CUST-12597,Kolkata,West Bengal,Tier 1,2024-07-22
CUST-12598,Hyderabad,Telangana,Tier 1,2024-05-25
CUST-12599,Delhi NCR,Delhi,Tier 1,2025-03-19
CUST-12600,Pune,Maharashtra,Tier 1,2025-09-08
CUST-12601,Mumbai,Maharashtra,Tier 1,2024-10-23
CUST-12602,Chandigarh,Punjab,Tier 2,2025-08-03
CUST-12603,Hyderabad,Telangana,Tier 1,2025-05-01
CUST-12604,Mumbai,Maharashtra,Tier 1,2024-08-18
CUST-12605,Kolkata,West Bengal,Tier 1,2024-07-21
CUST-12606,Mumbai,Maharashtra,Tier 1,2024-12-27
CUST-12607,Bangalore,Karnataka,Tier 1,2025-01-29
CUST-12608,Lucknow,Uttar Pradesh,Tier 2,2024-09-04
CUST-12609,Mumbai,Maharashtra,Tier 1,2025-03-15
CUST-12610,Patna,Bihar,Tier 2,2025-01-30
CUST-12611,Mumbai,Maharashtra,Tier 1,2025-10-17
CUST-12612,Bangalore,Karnataka,Tier 1,2024-12-21
CUST-12613,Chandigarh,Punjab,Tier 2,2025-02-04
CUST-12614,Hyderabad,Telangana,Tier 1,2024-08-28
CUST-12615,Delhi NCR,Delhi,Tier 1,2024-12-06
CUST-12616,Hyderabad,Telangana,Tier 1,2024-08-16
CUST-12617,Bangalore,Karnataka,Tier 1,2025-06-26
CUST-12618,Patna,Bihar,Tier 2,2025-09-12
CUST-12619,Hyderabad,Telangana,Tier 1,2025-06-22
CUST-12620,Kochi,Kerala,Tier 2,2025-11-02
CUST-12621,Coimbatore,Tamil Nadu,Tier 2,2025-06-12
CUST-12622,Chennai,Tamil Nadu,Tier 1,2024-09-23
CUST-12623,Coimbatore,Tamil Nadu,Tier 2,2024-05-08
CUST-12624,Chennai,Tamil Nadu,Tier 1,2024-08-07
CUST-12625,Bhubaneswar,Odisha,Tier 2,2024-03-22
CUST-12626,Mumbai,Maharashtra,Tier 1,2025-07-14
CUST-12627,Lucknow,Uttar Pradesh,Tier 2,2025-07-06
CUST-12628,Kolkata,West Bengal,Tier 1,2024-01-20
CUST-12629,Chennai,Tamil Nadu,Tier 1,2024-11-22
CUST-12630,Pune,Maharashtra,Tier 1,2024-02-06
CUST-12631,Lucknow,Uttar Pradesh,Tier 2,2025-01-16
CUST-12632,Mumbai,Maharashtra,Tier 1,2024-02-08
CUST-12633,Delhi NCR,Delhi,Tier 1,2024-04-18
CUST-12634,Ahmedabad,Gujarat,Tier 2,2025-03-04
CUST-12635,Jaipur,Rajasthan,Tier 2,2024-03-04
CUST-12636,Bhubaneswar,Odisha,Tier 2,2024-06-23
CUST-12637,Chandigarh,Punjab,Tier 2,2024-02-01
CUST-12638,Bhubaneswar,Odisha,Tier 2,2025-06-14
CUST-12639,Lucknow,Uttar Pradesh,Tier 2,2024-04-15
CUST-12640,Hyderabad,Telangana,Tier 1,2025-04-26
CUST-12641,Delhi NCR,Delhi,Tier 1,2024-07-24
CUST-12642,Kochi,Kerala,Tier 2,2024-09-03
CUST-12643,Pune,Maharashtra,Tier 1,2025-11-09
CUST-12644,Mumbai,Maharashtra,Tier 1,2024-03-29
CUST-12645,Hyderabad,Telangana,Tier 1,2024-11-11
CUST-12646,Bhubaneswar,Odisha,Tier 2,2024-01-11
CUST-12647,Kolkata,West Bengal,Tier 1,2024-02-18
CUST-12648,Chennai,Tamil Nadu,Tier 1,2025-07-26
CUST-12649,Chennai,Tamil Nadu,Tier 1,2024-06-19
CUST-12650,Bangalore,Karnataka,Tier 1,2024-05-22
CUST-12651,Hyderabad,Telangana,Tier 1,2024-07-25
CUST-12652,Hyderabad,Telangana,Tier 1,2025-04-07
CUST-12653,Mumbai,Maharashtra,Tier 1,2025-05-23
CUST-12654,Kochi,Kerala,Tier 2,2024-07-19
CUST-12655,Chennai,Tamil Nadu,Tier 1,2024-01-05
CUST-12656,Indore,Madhya Pradesh,Tier 2,2024-07-29
CUST-12657,Patna,Bihar,Tier 2,2024-01-29
CUST-12658,Bangalore,Karnataka,Tier 1,2024-07-08
CUST-12659,Jaipur,Rajasthan,Tier 2,2024-07-06
CUST-12660,Kolkata,West Bengal,Tier 1,2024-05-29
CUST-12661,Bhopal,Madhya Pradesh,Tier 2,2025-06-08
CUST-12662,Bangalore,Karnataka,Tier 1,2024-12-31
CUST-12663,Jaipur,Rajasthan,Tier 2,2024-06-05
CUST-12664,Pune,Maharashtra,Tier 1,2024-03-20
CUST-12665,Hyderabad,Telangana,Tier 1,2024-09-29
CUST-12666,Delhi NCR,Delhi,Tier 1,2025-10-21
CUST-12667,Jaipur,Rajasthan,Tier 2,2025-09-17
CUST-12668,Chandigarh,Punjab,Tier 2,2025-06-01
CUST-12669,Hyderabad,Telangana,Tier 1,2024-08-19
CUST-12670,Pune,Maharashtra,Tier 1,2025-10-10
CUST-12671,Chennai,Tamil Nadu,Tier 1,2024-06-08
CUST-12672,Ahmedabad,Gujarat,Tier 2,2024-12-09
CUST-12673,Bangalore,Karnataka,Tier 1,2024-10-15
CUST-12674,Coimbatore,Tamil Nadu,Tier 2,2024-07-23
CUST-12675,Hyderabad,Telangana,Tier 1,2024-10-31
CUST-12676,Hyderabad,Telangana,Tier 1,2024-12-25
CUST-12677,Mumbai,Maharashtra,Tier 1,2025-10-31
CUST-12678,Delhi NCR,Delhi,Tier 1,2025-02-03
CUST-12679,Kolkata,West Bengal,Tier 1,2025-03-24
CUST-12680,Bangalore,Karnataka,Tier 1,2024-04-15
CUST-12681,Patna,Bihar,Tier 2,2024-03-22
CUST-12682,Mumbai,Maharashtra,Tier 1,2024-12-07
CUST-12683,Chennai,Tamil Nadu,Tier 1,2025-02-24
CUST-12684,Hyderabad,Telangana,Tier 1,2024-02-18
CUST-12685,Mumbai,Maharashtra,Tier 1,2024-07-24
CUST-12686,Delhi NCR,Delhi,Tier 1,2024-08-05
CUST-12687,Chennai,Tamil Nadu,Tier 1,2025-11-06
CUST-12688,Kolkata,West Bengal,Tier 1,2025-03-11
CUST-12689,Chennai,Tamil Nadu,Tier 1,2024-11-17
CUST-12690,Kolkata,West Bengal,Tier 1,2024-08-18
CUST-12691,Pune,Maharashtra,Tier 1,2025-05-01
CUST-12692,Mumbai,Maharashtra,Tier 1,2025-03-04
CUST-12693,Chennai,Tamil Nadu,Tier 1,2024-10-10
CUST-12694,Bhubaneswar,Odisha,Tier 2,2025-04-30
CUST-12695,Kolkata,West Bengal,Tier 1,2024-10-02
CUST-12696,Jaipur,Rajasthan,Tier 2,2025-03-08
CUST-12697,Hyderabad,Telangana,Tier 1,2024-07-03
CUST-12698,Kochi,Kerala,Tier 2,2025-09-24
CUST-12699,Kochi,Kerala,Tier 2,2024-08-03
CUST-12700,Kolkata,West Bengal,Tier 1,2024-04-06
CUST-12701,Visakhapatnam,Andhra Pradesh,Tier 2,2024-04-28
CUST-12702,Delhi NCR,Delhi,Tier 1,2024-12-30
CUST-12703,Mumbai,Maharashtra,Tier 1,2025-02-06
CUST-12704,Kochi,Kerala,Tier 2,2025-09-09
CUST-12705,Indore,Madhya Pradesh,Tier 2,2025-01-31
CUST-12706,Delhi NCR,Delhi,Tier 1,2025-04-02
CUST-12707,Bangalore,Karnataka,Tier 1,2024-11-13
CUST-12708,Mumbai,Maharashtra,Tier 1,2025-01-16
CUST-12709,Hyderabad,Telangana,Tier 1,2024-05-21
CUST-12710,Kochi,Kerala,Tier 2,2025-04-01
CUST-12711,Kolkata,West Bengal,Tier 1,2025-05-15
CUST-12712,Hyderabad,Telangana,Tier 1,2024-11-18
CUST-12713,Chennai,Tamil Nadu,Tier 1,2024-09-24
CUST-12714,Mumbai,Maharashtra,Tier 1,2025-05-01
CUST-12715,Hyderabad,Telangana,Tier 1,2025-11-09
CUST-12716,Pune,Maharashtra,Tier 1,2024-06-08
CUST-12717,Visakhapatnam,Andhra Pradesh,Tier 2,2024-01-14
CUST-12718,Patna,Bihar,Tier 2,2024-06-03
CUST-12719,Mumbai,Maharashtra,Tier 1,2024-04-10
CUST-12720,Coimbatore,Tamil Nadu,Tier 2,2025-07-25
CUST-12721,Kochi,Kerala,Tier 2,2024-02-12
CUST-12722,Kochi,Kerala,Tier 2,2024-07-11
CUST-12723,Chennai,Tamil Nadu,Tier 1,2024-11-06
CUST-12724,Chennai,Tamil Nadu,Tier 1,2025-09-12
CUST-12725,Hyderabad,Telangana,Tier 1,2025-08-27
CUST-12726,Mumbai,Maharashtra,Tier 1,2025-04-09
CUST-12727,Bangalore,Karnataka,Tier 1,2024-06-11
CUST-12728,Bangalore,Karnataka,Tier 1,2024-12-16
CUST-12729,Kolkata,West Bengal,Tier 1,2024-08-21
CUST-12730,Chandigarh,Punjab,Tier 2,2025-02-06
CUST-12731,Kolkata,West Bengal,Tier 1,2024-12-16
CUST-12732,Mumbai,Maharashtra,Tier 1,2024-06-15
CUST-12733,Bhubaneswar,Odisha,Tier 2,2024-05-27
CUST-12734,Bhubaneswar,Odisha,Tier 2,2024-01-28
CUST-12735,Kochi,Kerala,Tier 2,2024-09-15
CUST-12736,Visakhapatnam,Andhra Pradesh,Tier 2,2025-08-20
CUST-12737,Kolkata,West Bengal,Tier 1,2025-09-11
CUST-12738,Bhubaneswar,Odisha,Tier 2,2025-03-17
CUST-12739,Mumbai,Maharashtra,Tier 1,2025-09-20
CUST-12740,Hyderabad,Telangana,Tier 1,2025-06-10
CUST-12741,Bangalore,Karnataka,Tier 1,2024-07-29
CUST-12742,Bangalore,Karnataka,Tier 1,2025-06-26
CUST-12743,Delhi NCR,Delhi,Tier 1,2025-03-20
CUST-12744,Pune,Maharashtra,Tier 1,2025-03-28
CUST-12745,Kochi,Kerala,Tier 2,2025-11-27
CUST-12746,Pune,Maharashtra,Tier 1,2025-02-07
CUST-12747,Delhi NCR,Delhi,Tier 1,2024-03-06
CUST-12748,Indore,Madhya Pradesh,Tier 2,2025-02-08
CUST-12749,Pune,Maharashtra,Tier 1,2025-07-28
CUST-12750,Chennai,Tamil Nadu,Tier 1,2025-03-10
CUST-12751,Jaipur,Rajasthan,Tier 2,2024-08-15
CUST-12752,Bangalore,Karnataka,Tier 1,2025-04-20
CUST-12753,Hyderabad,Telangana,Tier 1,2025-04-12
CUST-12754,Nagpur,Maharashtra,Tier 2,2024-04-10
CUST-12755,Hyderabad,Telangana,Tier 1,2025-02-26
CUST-12756,Kolkata,West Bengal,Tier 1,2024-12-21
CUST-12757,Coimbatore,Tamil Nadu,Tier 2,2024-05-18
CUST-12758,Lucknow,Uttar Pradesh,Tier 2,2025-09-22
CUST-12759,Mumbai,Maharashtra,Tier 1,2025-07-22
CUST-12760,Delhi NCR,Delhi,Tier 1,2024-05-10
CUST-12761,Mumbai,Maharashtra,Tier 1,2025-07-02
CUST-12762,Pune,Maharashtra,Tier 1,2025-04-12
CUST-12763,Chennai,Tamil Nadu,Tier 1,2025-04-24
CUST-12764,Delhi NCR,Delhi,Tier 1,2024-04-20
CUST-12765,Bhubaneswar,Odisha,Tier 2,2024-06-01
CUST-12766,Kolkata,West Bengal,Tier 1,2024-08-29
CUST-12767,Bangalore,Karnataka,Tier 1,2025-11-12
CUST-12768,Kolkata,West Bengal,Tier 1,2024-10-05
CUST-12769,Lucknow,Uttar Pradesh,Tier 2,2024-12-28
CUST-12770,Mumbai,Maharashtra,Tier 1,2025-09-16
CUST-12771,Bangalore,Karnataka,Tier 1,2025-02-11
CUST-12772,Indore,Madhya Pradesh,Tier 2,2024-06-23
CUST-12773,Chennai,Tamil Nadu,Tier 1,2025-08-23
CUST-12774,Kolkata,West Bengal,Tier 1,2024-05-14
CUST-12775,Chennai,Tamil Nadu,Tier 1,2025-05-20
CUST-12776,Mumbai,Maharashtra,Tier 1,2024-10-20
CUST-12777,Delhi NCR,Delhi,Tier 1,2025-05-09
CUST-12778,Chennai,Tamil Nadu,Tier 1,2025-02-22
CUST-12779,Bangalore,Karnataka,Tier 1,2024-07-24
CUST-12780,Mumbai,Maharashtra,Tier 1,2024-11-13
CUST-12781,Patna,Bihar,Tier 2,2024-03-13
CUST-12782,Visakhapatnam,Andhra Pradesh,Tier 2,2024-09-15
CUST-12783,Kochi,Kerala,Tier 2,2024-12-23
CUST-12784,Patna,Bihar,Tier 2,2024-05-27
CUST-12785,Bangalore,Karnataka,Tier 1,2024-08-12
CUST-12786,Bhubaneswar,Odisha,Tier 2,2024-04-14
CUST-12787,Bangalore,Karnataka,Tier 1,2025-07-09
CUST-12788,Bhubaneswar,Odisha,Tier 2,2024-12-21
CUST-12789,Visakhapatnam,Andhra Pradesh,Tier 2,2025-06-21
CUST-12790,Ahmedabad,Gujarat,Tier 2,2024-09-17
CUST-12791,Visakhapatnam,Andhra Pradesh,Tier 2,2025-07-24
CUST-12792,Pune,Maharashtra,Tier 1,2025-07-26
CUST-12793,Bangalore,Karnataka,Tier 1,2024-03-10
CUST-12794,Chennai,Tamil Nadu,Tier 1,2025-03-22
CUST-12795,Pune,Maharashtra,Tier 1,2025-03-22
CUST-12796,Mumbai,Maharashtra,Tier 1,2024-09-13
CUST-12797,Pune,Maharashtra,Tier 1,2025-09-28
CUST-12798,Visakhapatnam,Andhra Pradesh,Tier 2,2025-06-14
CUST-12799,Bangalore,Karnataka,Tier 1,2024-04-28
CUST-12800,Kochi,Kerala,Tier 2,2024-03-06
CUST-12801,Coimbatore,Tamil Nadu,Tier 2,2024-09-01
CUST-12802,Bhubaneswar,Odisha,Tier 2,2024-02-26
CUST-12803,Bhubaneswar,Odisha,Tier 2,2024-02-13
CUST-12804,Kolkata,West Bengal,Tier 1,2025-06-07
CUST-12805,Visakhapatnam,Andhra Pradesh,Tier 2,2025-02-27
CUST-12806,Chandigarh,Punjab,Tier 2,2025-06-19
CUST-12807,Delhi NCR,Delhi,Tier 1,2025-01-29
CUST-12808,Kolkata,West Bengal,Tier 1,2025-03-25
CUST-12809,Ahmedabad,Gujarat,Tier 2,2024-09-13
CUST-12810,Bangalore,Karnataka,Tier 1,2024-12-26
CUST-12811,Pune,Maharashtra,Tier 1,2025-08-28
CUST-12812,Jaipur,Rajasthan,Tier 2,2025-01-14
CUST-12813,Delhi NCR,Delhi,Tier 1,2025-03-18
CUST-12814,Pune,Maharashtra,Tier 1,2025-06-17
CUST-12815,Kochi,Kerala,Tier 2,2025-04-18
CUST-12816,Kolkata,West Bengal,Tier 1,2024-06-05
CUST-12817,Mumbai,Maharashtra,Tier 1,2024-03-29
CUST-12818,Mumbai,Maharashtra,Tier 1,2024-07-20
CUST-12819,Hyderabad,Telangana,Tier 1,2025-04-06
CUST-12820,Nagpur,Maharashtra,Tier 2,2025-04-25
CUST-12821,Bangalore,Karnataka,Tier 1,2025-07-10
CUST-12822,Pune,Maharashtra,Tier 1,2025-03-29
CUST-12823,Bangalore,Karnataka,Tier 1,2025-04-14
CUST-12824,Hyderabad,Telangana,Tier 1,2025-01-14
CUST-12825,Patna,Bihar,Tier 2,2025-02-04
CUST-12826,Ahmedabad,Gujarat,Tier 2,2024-03-19
CUST-12827,Delhi NCR,Delhi,Tier 1,2025-07-04
CUST-12828,Chennai,Tamil Nadu,Tier 1,2025-01-20
CUST-12829,Mumbai,Maharashtra,Tier 1,2025-10-28
CUST-12830,Kolkata,West Bengal,Tier 1,2025-10-22
CUST-12831,Jaipur,Rajasthan,Tier 2,2024-12-08
CUST-12832,Delhi NCR,Delhi,Tier 1,2025-03-20
CUST-12833,Hyderabad,Telangana,Tier 1,2024-02-21
CUST-12834,Chennai,Tamil Nadu,Tier 1,2024-09-07
CUST-12835,Nagpur,Maharashtra,Tier 2,2025-10-20
CUST-12836,Visakhapatnam,Andhra Pradesh,Tier 2,2024-11-24
CUST-12837,Mumbai,Maharashtra,Tier 1,2025-05-08
CUST-12838,Chandigarh,Punjab,Tier 2,2024-12-15
CUST-12839,Chennai,Tamil Nadu,Tier 1,2025-04-03
CUST-12840,Chennai,Tamil Nadu,Tier 1,2025-05-12
CUST-12841,Chandigarh,Punjab,Tier 2,2024-05-04
CUST-12842,Nagpur,Maharashtra,Tier 2,2024-07-22
CUST-12843,Bhubaneswar,Odisha,Tier 2,2025-10-04
CUST-12844,Pune,Maharashtra,Tier 1,2024-01-21
CUST-12845,Hyderabad,Telangana,Tier 1,2025-08-12
CUST-12846,Kochi,Kerala,Tier 2,2025-07-16
CUST-12847,Bangalore,Karnataka,Tier 1,2024-12-27
CUST-12848,Pune,Maharashtra,Tier 1,2024-12-26
CUST-12849,Hyderabad,Telangana,Tier 1,2024-04-25
CUST-12850,Jaipur,Rajasthan,Tier 2,2024-02-24
CUST-12851,Bangalore,Karnataka,Tier 1,2024-10-18
CUST-12852,Bangalore,Karnataka,Tier 1,2024-02-20
CUST-12853,Nagpur,Maharashtra,Tier 2,2024-09-10
CUST-12854,Delhi NCR,Delhi,Tier 1,2025-05-06
CUST-12855,Kolkata,West Bengal,Tier 1,2025-07-26
CUST-12856,Bangalore,Karnataka,Tier 1,2024-08-12
CUST-12857,Mumbai,Maharashtra,Tier 1,2025-04-13
CUST-12858,Mumbai,Maharashtra,Tier 1,2024-04-12
CUST-12859,Delhi NCR,Delhi,Tier 1,2024-02-17
CUST-12860,Bhopal,Madhya Pradesh,Tier 2,2024-12-07
CUST-12861,Hyderabad,Telangana,Tier 1,2024-08-20
CUST-12862,Bhubaneswar,Odisha,Tier 2,2025-08-04
CUST-12863,Pune,Maharashtra,Tier 1,2025-07-12
CUST-12864,Chennai,Tamil Nadu,Tier 1,2024-08-15
CUST-12865,Pune,Maharashtra,Tier 1,2025-06-05
CUST-12866,Kolkata,West Bengal,Tier 1,2025-11-27
CUST-12867,Chandigarh,Punjab,Tier 2,2025-08-14
CUST-12868,Hyderabad,Telangana,Tier 1,2024-01-13
CUST-12869,Hyderabad,Telangana,Tier 1,2025-05-13
CUST-12870,Coimbatore,Tamil Nadu,Tier 2,2025-03-20
CUST-12871,Bhubaneswar,Odisha,Tier 2,2024-12-05
CUST-12872,Coimbatore,Tamil Nadu,Tier 2,2024-11-19
CUST-12873,Chennai,Tamil Nadu,Tier 1,2025-08-18
CUST-12874,Kochi,Kerala,Tier 2,2025-08-20
CUST-12875,Kolkata,West Bengal,Tier 1,2024-06-05
CUST-12876,Kolkata,West Bengal,Tier 1,2025-10-17
CUST-12877,Bangalore,Karnataka,Tier 1,2025-07-28
CUST-12878,Pune,Maharashtra,Tier 1,2025-03-06
CUST-12879,Bangalore,Karnataka,Tier 1,2025-07-08
CUST-12880,Hyderabad,Telangana,Tier 1,2025-02-10
CUST-12881,Bhopal,Madhya Pradesh,Tier 2,2024-06-06
CUST-12882,Bangalore,Karnataka,Tier 1,2024-07-03
CUST-12883,Mumbai,Maharashtra,Tier 1,2025-05-05
CUST-12884,Mumbai,Maharashtra,Tier 1,2025-06-19
CUST-12885,Nagpur,Maharashtra,Tier 2,2024-12-22
CUST-12886,Kolkata,West Bengal,Tier 1,2024-12-27
CUST-12887,Chennai,Tamil Nadu,Tier 1,2024-08-11
CUST-12888,Indore,Madhya Pradesh,Tier 2,2025-09-04
CUST-12889,Patna,Bihar,Tier 2,2024-07-22
CUST-12890,Hyderabad,Telangana,Tier 1,2024-01-08
CUST-12891,Lucknow,Uttar Pradesh,Tier 2,2025-04-16
CUST-12892,Kochi,Kerala,Tier 2,2024-06-20
CUST-12893,Jaipur,Rajasthan,Tier 2,2024-04-05
CUST-12894,Delhi NCR,Delhi,Tier 1,2025-11-04
CUST-12895,Bhopal,Madhya Pradesh,Tier 2,2025-08-30
CUST-12896,Kolkata,West Bengal,Tier 1,2024-11-01
CUST-12897,Hyderabad,Telangana,Tier 1,2025-10-18
CUST-12898,Chennai,Tamil Nadu,Tier 1,2024-09-14
CUST-12899,Mumbai,Maharashtra,Tier 1,2025-04-18
CUST-12900,Delhi NCR,Delhi,Tier 1,2024-10-26
CUST-12901,Chandigarh,Punjab,Tier 2,2025-04-09
CUST-12902,Mumbai,Maharashtra,Tier 1,2025-09-05
CUST-12903,Chennai,Tamil Nadu,Tier 1,2025-11-19
CUST-12904,Kolkata,West Bengal,Tier 1,2024-11-23
CUST-12905,Mumbai,Maharashtra,Tier 1,2024-04-19
CUST-12906,Visakhapatnam,Andhra Pradesh,Tier 2,2024-05-08
CUST-12907,Bangalore,Karnataka,Tier 1,2024-05-16
CUST-12908,Hyderabad,Telangana,Tier 1,2025-06-22
CUST-12909,Hyderabad,Telangana,Tier 1,2025-10-10
CUST-12910,Bangalore,Karnataka,Tier 1,2024-06-12
CUST-12911,Mumbai,Maharashtra,Tier 1,2024-12-14
CUST-12912,Ahmedabad,Gujarat,Tier 2,2025-04-07
CUST-12913,Bhubaneswar,Odisha,Tier 2,2025-10-04
CUST-12914,Bangalore,Karnataka,Tier 1,2025-05-18
CUST-12915,Jaipur,Rajasthan,Tier 2,2024-05-30
CUST-12916,Chandigarh,Punjab,Tier 2,2024-09-02
CUST-12917,Patna,Bihar,Tier 2,2024-04-19
CUST-12918,Chennai,Tamil Nadu,Tier 1,2025-08-07
CUST-12919,Hyderabad,Telangana,Tier 1,2024-10-01
CUST-12920,Hyderabad,Telangana,Tier 1,2024-03-07
CUST-12921,Ahmedabad,Gujarat,Tier 2,2024-02-19
CUST-12922,Indore,Madhya Pradesh,Tier 2,2025-05-29
CUST-12923,Delhi NCR,Delhi,Tier 1,2024-08-13
CUST-12924,Hyderabad,Telangana,Tier 1,2025-07-31
CUST-12925,Coimbatore,Tamil Nadu,Tier 2,2025-05-20
CUST-12926,Indore,Madhya Pradesh,Tier 2,2024-06-03
CUST-12927,Visakhapatnam,Andhra Pradesh,Tier 2,2025-04-24
CUST-12928,Chandigarh,Punjab,Tier 2,2024-04-20
CUST-12929,Chennai,Tamil Nadu,Tier 1,2025-04-27
CUST-12930,Pune,Maharashtra,Tier 1,2024-09-30
CUST-12931,Jaipur,Rajasthan,Tier 2,2024-06-03
CUST-12932,Mumbai,Maharashtra,Tier 1,2025-10-12
CUST-12933,Kolkata,West Bengal,Tier 1,2024-06-15
CUST-12934,Ahmedabad,Gujarat,Tier 2,2024-01-19
CUST-12935,Delhi NCR,Delhi,Tier 1,2024-12-10
CUST-12936,Kochi,Kerala,Tier 2,2025-07-22
CUST-12937,Pune,Maharashtra,Tier 1,2024-10-20
CUST-12938,Bhubaneswar,Odisha,Tier 2,2025-10-06
CUST-12939,Mumbai,Maharashtra,Tier 1,2025-04-06
CUST-12940,Bangalore,Karnataka,Tier 1,2024-12-03
CUST-12941,Pune,Maharashtra,Tier 1,2025-03-27
CUST-12942,Hyderabad,Telangana,Tier 1,2024-12-09
CUST-12943,Ahmedabad,Gujarat,Tier 2,2025-09-22
CUST-12944,Chandigarh,Punjab,Tier 2,2024-03-25
CUST-12945,Delhi NCR,Delhi,Tier 1,2025-11-27
CUST-12946,Kolkata,West Bengal,Tier 1,2025-10-21
CUST-12947,Kolkata,West Bengal,Tier 1,2025-01-23
CUST-12948,Hyderabad,Telangana,Tier 1,2024-08-14
CUST-12949,Nagpur,Maharashtra,Tier 2,2024-10-12
CUST-12950,Patna,Bihar,Tier 2,2024-10-10
CUST-12951,Lucknow,Uttar Pradesh,Tier 2,2025-11-23
CUST-12952,Ahmedabad,Gujarat,Tier 2,2024-04-18
CUST-12953,Chennai,Tamil Nadu,Tier 1,2024-05-14
CUST-12954,Nagpur,Maharashtra,Tier 2,2024-10-17
CUST-12955,Lucknow,Uttar Pradesh,Tier 2,2025-09-06
CUST-12956,Ahmedabad,Gujarat,Tier 2,2025-05-22
CUST-12957,Bhopal,Madhya Pradesh,Tier 2,2025-09-20
CUST-12958,Bangalore,Karnataka,Tier 1,2024-01-29
CUST-12959,Indore,Madhya Pradesh,Tier 2,2025-01-28
CUST-12960,Bangalore,Karnataka,Tier 1,2024-01-27
CUST-12961,Hyderabad,Telangana,Tier 1,2025-04-11
CUST-12962,Hyderabad,Telangana,Tier 1,2024-01-13
CUST-12963,Visakhapatnam,Andhra Pradesh,Tier 2,2025-07-07
CUST-12964,Bhopal,Madhya Pradesh,Tier 2,2025-03-20
CUST-12965,Lucknow,Uttar Pradesh,Tier 2,2024-08-11
CUST-12966,Ahmedabad,Gujarat,Tier 2,2025-04-07
CUST-12967,Pune,Maharashtra,Tier 1,2024-01-21
CUST-12968,Bhubaneswar,Odisha,Tier 2,2025-01-21
CUST-12969,Kolkata,West Bengal,Tier 1,2025-10-09
CUST-12970,Chennai,Tamil Nadu,Tier 1,2024-11-21
CUST-12971,Delhi NCR,Delhi,Tier 1,2025-04-11
CUST-12972,Kochi,Kerala,Tier 2,2025-10-18
CUST-12973,Ahmedabad,Gujarat,Tier 2,2025-06-05
CUST-12974,Chennai,Tamil Nadu,Tier 1,2024-08-12
CUST-12975,Mumbai,Maharashtra,Tier 1,2025-10-14
CUST-12976,Patna,Bihar,Tier 2,2025-04-19
CUST-12977,Mumbai,Maharashtra,Tier 1,2025-09-09
CUST-12978,Lucknow,Uttar Pradesh,Tier 2,2025-04-02
CUST-12979,Bhubaneswar,Odisha,Tier 2,2025-10-01
CUST-12980,Chennai,Tamil Nadu,Tier 1,2024-07-31
CUST-12981,Bangalore,Karnataka,Tier 1,2025-10-24
CUST-12982,Lucknow,Uttar Pradesh,Tier 2,2025-04-25
CUST-12983,Indore,Madhya Pradesh,Tier 2,2024-06-28
CUST-12984,Kolkata,West Bengal,Tier 1,2025-06-21
CUST-12985,Bhubaneswar,Odisha,Tier 2,2025-06-10
CUST-12986,Mumbai,Maharashtra,Tier 1,2024-01-22
CUST-12987,Kolkata,West Bengal,Tier 1,2024-12-10
CUST-12988,Ahmedabad,Gujarat,Tier 2,2025-07-30
CUST-12989,Bhopal,Madhya Pradesh,Tier 2,2024-01-21
CUST-12990,Delhi NCR,Delhi,Tier 1,2025-02-11
CUST-12991,Indore,Madhya Pradesh,Tier 2,2025-05-01
CUST-12992,Kolkata,West Bengal,Tier 1,2025-06-11
CUST-12993,Chennai,Tamil Nadu,Tier 1,2025-02-19
CUST-12994,Delhi NCR,Delhi,Tier 1,2024-09-28
CUST-12995,Bhopal,Madhya Pradesh,Tier 2,2024-07-23
CUST-12996,Delhi NCR,Delhi,Tier 1,2024-10-24
CUST-12997,Hyderabad,Telangana,Tier 1,2025-11-02
CUST-12998,Hyderabad,Telangana,Tier 1,2025-07-06
CUST-12999,Bhopal,Madhya Pradesh,Tier 2,2024-04-17
CUST-13000,Jaipur,Rajasthan,Tier 2,2025-09-28
CUST-13001,Indore,Madhya Pradesh,Tier 2,2024-05-31
CUST-13002,Bangalore,Karnataka,Tier 1,2024-01-13
CUST-13003,Pune,Maharashtra,Tier 1,2024-03-19
CUST-13004,Pune,Maharashtra,Tier 1,2025-07-07
CUST-13005,Patna,Bihar,Tier 2,2024-06-17
CUST-13006,Coimbatore,Tamil Nadu,Tier 2,2024-09-05
CUST-13007,Mumbai,Maharashtra,Tier 1,2024-04-30
CUST-13008,Jaipur,Rajasthan,Tier 2,2025-01-21
CUST-13009,Mumbai,Maharashtra,Tier 1,2025-03-14
CUST-13010,Kolkata,West Bengal,Tier 1,2024-09-28
CUST-13011,Hyderabad,Telangana,Tier 1,2024-10-26
CUST-13012,Hyderabad,Telangana,Tier 1,2025-04-17
CUST-13013,Hyderabad,Telangana,Tier 1,2024-06-06
CUST-13014,Pune,Maharashtra,Tier 1,2025-09-24
CUST-13015,Hyderabad,Telangana,Tier 1,2024-08-14
CUST-13016,Ahmedabad,Gujarat,Tier 2,2025-02-24
CUST-13017,Chennai,Tamil Nadu,Tier 1,2024-01-24
CUST-13018,Mumbai,Maharashtra,Tier 1,2025-06-21
CUST-13019,Kochi,Kerala,Tier 2,2025-07-23
CUST-13020,Hyderabad,Telangana,Tier 1,2025-09-29
CUST-13021,Chennai,Tamil Nadu,Tier 1,2025-06-23
CUST-13022,Lucknow,Uttar Pradesh,Tier 2,2024-05-07
CUST-13023,Hyderabad,Telangana,Tier 1,2024-04-03
CUST-13024,Mumbai,Maharashtra,Tier 1,2025-02-24
CUST-13025,Chennai,Tamil Nadu,Tier 1,2024-09-28
CUST-13026,Bhubaneswar,Odisha,Tier 2,2025-04-28
CUST-13027,Pune,Maharashtra,Tier 1,2024-01-05
CUST-13028,Jaipur,Rajasthan,Tier 2,2024-06-05
CUST-13029,Pune,Maharashtra,Tier 1,2024-02-21
CUST-13030,Bangalore,Karnataka,Tier 1,2024-08-30
CUST-13031,Chennai,Tamil Nadu,Tier 1,2025-10-24
CUST-13032,Chandigarh,Punjab,Tier 2,2025-02-23
CUST-13033,Delhi NCR,Delhi,Tier 1,2025-02-28
CUST-13034,Bangalore,Karnataka,Tier 1,2024-03-20
CUST-13035,Bangalore,Karnataka,Tier 1,2025-11-25
CUST-13036,Chennai,Tamil Nadu,Tier 1,2024-12-19
CUST-13037,Visakhapatnam,Andhra Pradesh,Tier 2,2025-09-10
CUST-13038,Mumbai,Maharashtra,Tier 1,2025-10-27
CUST-13039,Kolkata,West Bengal,Tier 1,2024-10-19
CUST-13040,Delhi NCR,Delhi,Tier 1,2024-04-25
CUST-13041,Bhubaneswar,Odisha,Tier 2,2025-06-12
CUST-13042,Delhi NCR,Delhi,Tier 1,2025-04-24
CUST-13043,Chennai,Tamil Nadu,Tier 1,2024-10-14
CUST-13044,Chandigarh,Punjab,Tier 2,2025-10-29
CUST-13045,Lucknow,Uttar Pradesh,Tier 2,2025-04-21
CUST-13046,Chennai,Tamil Nadu,Tier 1,2024-01-25
CUST-13047,Hyderabad,Telangana,Tier 1,2025-03-06
CUST-13048,Chennai,Tamil Nadu,Tier 1,2024-10-04
CUST-13049,Bangalore,Karnataka,Tier 1,2024-11-12
CUST-13050,Bangalore,Karnataka,Tier 1,2025-09-29
CUST-13051,Kolkata,West Bengal,Tier 1,2024-12-23
CUST-13052,Bangalore,Karnataka,Tier 1,2024-10-02
CUST-13053,Hyderabad,Telangana,Tier 1,2025-11-20
CUST-13054,Jaipur,Rajasthan,Tier 2,2024-12-09
CUST-13055,Bhubaneswar,Odisha,Tier 2,2025-03-06
CUST-13056,Pune,Maharashtra,Tier 1,2025-07-12
CUST-13057,Mumbai,Maharashtra,Tier 1,2025-07-16
CUST-13058,Mumbai,Maharashtra,Tier 1,2025-03-14
CUST-13059,Bhubaneswar,Odisha,Tier 2,2025-04-06
CUST-13060,Hyderabad,Telangana,Tier 1,2024-09-26
CUST-13061,Mumbai,Maharashtra,Tier 1,2025-03-06
CUST-13062,Pune,Maharashtra,Tier 1,2024-01-21
CUST-13063,Pune,Maharashtra,Tier 1,2024-05-22
CUST-13064,Pune,Maharashtra,Tier 1,2024-12-18
CUST-13065,Bangalore,Karnataka,Tier 1,2025-04-09
CUST-13066,Mumbai,Maharashtra,Tier 1,2025-04-12
CUST-13067,Bhubaneswar,Odisha,Tier 2,2025-05-27
CUST-13068,Bangalore,Karnataka,Tier 1,2025-04-08
CUST-13069,Jaipur,Rajasthan,Tier 2,2025-01-28
CUST-13070,Lucknow,Uttar Pradesh,Tier 2,2024-02-27
CUST-13071,Pune,Maharashtra,Tier 1,2024-05-05
CUST-13072,Hyderabad,Telangana,Tier 1,2025-04-05
CUST-13073,Bangalore,Karnataka,Tier 1,2024-02-21
CUST-13074,Pune,Maharashtra,Tier 1,2024-09-25
CUST-13075,Bhopal,Madhya Pradesh,Tier 2,2024-04-05
CUST-13076,Bhubaneswar,Odisha,Tier 2,2024-09-29
CUST-13077,Delhi NCR,Delhi,Tier 1,2024-11-18
CUST-13078,Delhi NCR,Delhi,Tier 1,2025-07-26
CUST-13079,Bhubaneswar,Odisha,Tier 2,2025-11-23
CUST-13080,Ahmedabad,Gujarat,Tier 2,2024-05-12
CUST-13081,Bhopal,Madhya Pradesh,Tier 2,2024-03-29
CUST-13082,Bangalore,Karnataka,Tier 1,2025-11-15
CUST-13083,Pune,Maharashtra,Tier 1,2024-01-05
CUST-13084,Lucknow,Uttar Pradesh,Tier 2,2024-12-22
CUST-13085,Lucknow,Uttar Pradesh,Tier 2,2024-12-08
CUST-13086,Chennai,Tamil Nadu,Tier 1,2024-07-22
CUST-13087,Mumbai,Maharashtra,Tier 1,2025-11-04
CUST-13088,Pune,Maharashtra,Tier 1,2025-07-26
CUST-13089,Bangalore,Karnataka,Tier 1,2025-04-15
CUST-13090,Chennai,Tamil Nadu,Tier 1,2025-04-08
CUST-13091,Bhubaneswar,Odisha,Tier 2,2025-05-11
CUST-13092,Chennai,Tamil Nadu,Tier 1,2024-03-03
CUST-13093,Patna,Bihar,Tier 2,2025-07-09
CUST-13094,Bangalore,Karnataka,Tier 1,2024-08-26
CUST-13095,Jaipur,Rajasthan,Tier 2,2025-06-23
CUST-13096,Visakhapatnam,Andhra Pradesh,Tier 2,2024-07-16
CUST-13097,Delhi NCR,Delhi,Tier 1,2025-11-13
CUST-13098,Mumbai,Maharashtra,Tier 1,2024-01-30
CUST-13099,Chennai,Tamil Nadu,Tier 1,2025-10-27
CUST-13100,Mumbai,Maharashtra,Tier 1,2024-07-27
CUST-13101,Chandigarh,Punjab,Tier 2,2024-03-03
CUST-13102,Nagpur,Maharashtra,Tier 2,2024-02-26
CUST-13103,Chennai,Tamil Nadu,Tier 1,2025-03-08
CUST-13104,Bangalore,Karnataka,Tier 1,2024-11-03
CUST-13105,Chennai,Tamil Nadu,Tier 1,2025-07-28
CUST-13106,Ahmedabad,Gujarat,Tier 2,2025-04-10
CUST-13107,Mumbai,Maharashtra,Tier 1,2025-10-14
CUST-13108,Pune,Maharashtra,Tier 1,2025-08-27
CUST-13109,Pune,Maharashtra,Tier 1,2024-04-16
CUST-13110,Pune,Maharashtra,Tier 1,2025-08-22
CUST-13111,Bangalore,Karnataka,Tier 1,2024-10-27
CUST-13112,Ahmedabad,Gujarat,Tier 2,2025-09-11
CUST-13113,Mumbai,Maharashtra,Tier 1,2024-02-15
CUST-13114,Bangalore,Karnataka,Tier 1,2024-03-17
CUST-13115,Bhopal,Madhya Pradesh,Tier 2,2024-06-17
CUST-13116,Chandigarh,Punjab,Tier 2,2024-05-08
CUST-13117,Mumbai,Maharashtra,Tier 1,2024-09-24
CUST-13118,Bangalore,Karnataka,Tier 1,2025-08-22
CUST-13119,Bangalore,Karnataka,Tier 1,2025-08-07
CUST-13120,Bangalore,Karnataka,Tier 1,2025-02-22
CUST-13121,Bangalore,Karnataka,Tier 1,2024-06-09
CUST-13122,Mumbai,Maharashtra,Tier 1,2024-02-27
CUST-13123,Chennai,Tamil Nadu,Tier 1,2025-01-18
CUST-13124,Ahmedabad,Gujarat,Tier 2,2025-05-24
CUST-13125,Pune,Maharashtra,Tier 1,2025-03-05
CUST-13126,Jaipur,Rajasthan,Tier 2,2024-12-05
CUST-13127,Mumbai,Maharashtra,Tier 1,2025-07-31
CUST-13128,Bhubaneswar,Odisha,Tier 2,2024-01-26
CUST-13129,Patna,Bihar,Tier 2,2025-08-11
CUST-13130,Indore,Madhya Pradesh,Tier 2,2025-01-06
CUST-13131,Indore,Madhya Pradesh,Tier 2,2024-02-05
CUST-13132,Nagpur,Maharashtra,Tier 2,2025-06-14
CUST-13133,Kolkata,West Bengal,Tier 1,2024-09-23
CUST-13134,Bangalore,Karnataka,Tier 1,2025-03-07
CUST-13135,Pune,Maharashtra,Tier 1,2024-01-19
CUST-13136,Chandigarh,Punjab,Tier 2,2024-12-04
CUST-13137,Chandigarh,Punjab,Tier 2,2024-05-19
CUST-13138,Kolkata,West Bengal,Tier 1,2024-03-07
CUST-13139,Mumbai,Maharashtra,Tier 1,2025-06-13
CUST-13140,Hyderabad,Telangana,Tier 1,2025-01-03
CUST-13141,Nagpur,Maharashtra,Tier 2,2024-09-17
CUST-13142,Pune,Maharashtra,Tier 1,2025-09-15
CUST-13143,Kolkata,West Bengal,Tier 1,2025-09-18
CUST-13144,Bangalore,Karnataka,Tier 1,2025-11-08
CUST-13145,Hyderabad,Telangana,Tier 1,2025-08-01
CUST-13146,Coimbatore,Tamil Nadu,Tier 2,2025-08-04
CUST-13147,Jaipur,Rajasthan,Tier 2,2024-07-21
CUST-13148,Kochi,Kerala,Tier 2,2025-09-30
CUST-13149,Chennai,Tamil Nadu,Tier 1,2025-02-13
CUST-13150,Pune,Maharashtra,Tier 1,2024-03-20
CUST-13151,Bangalore,Karnataka,Tier 1,2025-11-18
CUST-13152,Lucknow,Uttar Pradesh,Tier 2,2024-04-22
CUST-13153,Chennai,Tamil Nadu,Tier 1,2025-09-14
CUST-13154,Chennai,Tamil Nadu,Tier 1,2024-05-16
CUST-13155,Pune,Maharashtra,Tier 1,2025-10-06
CUST-13156,Nagpur,Maharashtra,Tier 2,2024-07-07
CUST-13157,Mumbai,Maharashtra,Tier 1,2024-10-03
CUST-13158,Indore,Madhya Pradesh,Tier 2,2024-04-12
CUST-13159,Hyderabad,Telangana,Tier 1,2024-04-16
CUST-13160,Chennai,Tamil Nadu,Tier 1,2025-07-28
CUST-13161,Mumbai,Maharashtra,Tier 1,2024-06-21
CUST-13162,Hyderabad,Telangana,Tier 1,2024-11-26
CUST-13163,Kolkata,West Bengal,Tier 1,2024-07-09
CUST-13164,Mumbai,Maharashtra,Tier 1,2025-10-31
CUST-13165,Kolkata,West Bengal,Tier 1,2024-08-12
CUST-13166,Nagpur,Maharashtra,Tier 2,2025-11-14
CUST-13167,Delhi NCR,Delhi,Tier 1,2024-11-18
CUST-13168,Chandigarh,Punjab,Tier 2,2025-05-22
CUST-13169,Chennai,Tamil Nadu,Tier 1,2025-07-01
CUST-13170,Jaipur,Rajasthan,Tier 2,2024-05-13
CUST-13171,Bangalore,Karnataka,Tier 1,2024-02-06
CUST-13172,Delhi NCR,Delhi,Tier 1,2024-04-02
CUST-13173,Delhi NCR,Delhi,Tier 1,2024-03-15
CUST-13174,Mumbai,Maharashtra,Tier 1,2024-07-01
CUST-13175,Delhi NCR,Delhi,Tier 1,2025-04-03
CUST-13176,Jaipur,Rajasthan,Tier 2,2025-11-29
CUST-13177,Bhopal,Madhya Pradesh,Tier 2,2025-11-08
CUST-13178,Indore,Madhya Pradesh,Tier 2,2025-09-18
CUST-13179,Lucknow,Uttar Pradesh,Tier 2,2025-02-12
CUST-13180,Delhi NCR,Delhi,Tier 1,2024-07-25
CUST-13181,Hyderabad,Telangana,Tier 1,2024-09-01
CUST-13182,Hyderabad,Telangana,Tier 1,2024-11-28
CUST-13183,Bangalore,Karnataka,Tier 1,2025-11-03
CUST-13184,Kolkata,West Bengal,Tier 1,2025-06-08
CUST-13185,Kolkata,West Bengal,Tier 1,2024-10-20
CUST-13186,Hyderabad,Telangana,Tier 1,2024-09-29
CUST-13187,Hyderabad,Telangana,Tier 1,2025-01-13
CUST-13188,Patna,Bihar,Tier 2,2025-09-17
CUST-13189,Kochi,Kerala,Tier 2,2025-10-25
CUST-13190,Hyderabad,Telangana,Tier 1,2024-01-26
CUST-13191,Nagpur,Maharashtra,Tier 2,2025-11-10
CUST-13192,Bhubaneswar,Odisha,Tier 2,2025-06-27
CUST-13193,Hyderabad,Telangana,Tier 1,2025-09-01
CUST-13194,Hyderabad,Telangana,Tier 1,2024-03-31
CUST-13195,Kolkata,West Bengal,Tier 1,2025-04-20
CUST-13196,Nagpur,Maharashtra,Tier 2,2024-07-06
CUST-13197,Bhopal,Madhya Pradesh,Tier 2,2025-07-22
CUST-13198,Delhi NCR,Delhi,Tier 1,2025-09-10
CUST-13199,Chennai,Tamil Nadu,Tier 1,2024-07-13
CUST-13200,Kolkata,West Bengal,Tier 1,2025-06-17
CUST-13201,Kolkata,West Bengal,Tier 1,2025-11-28
CUST-13202,Bangalore,Karnataka,Tier 1,2024-03-25
CUST-13203,Bhopal,Madhya Pradesh,Tier 2,2025-08-14
CUST-13204,Jaipur,Rajasthan,Tier 2,2024-03-17
CUST-13205,Patna,Bihar,Tier 2,2024-11-25
CUST-13206,Bhopal,Madhya Pradesh,Tier 2,2025-01-17
CUST-13207,Chandigarh,Punjab,Tier 2,2025-03-08
CUST-13208,Chennai,Tamil Nadu,Tier 1,2025-01-11
CUST-13209,Pune,Maharashtra,Tier 1,2024-12-06
CUST-13210,Delhi NCR,Delhi,Tier 1,2024-06-25
CUST-13211,Jaipur,Rajasthan,Tier 2,2025-03-01
CUST-13212,Delhi NCR,Delhi,Tier 1,2025-02-27
CUST-13213,Lucknow,Uttar Pradesh,Tier 2,2024-06-22
CUST-13214,Bangalore,Karnataka,Tier 1,2025-02-09
CUST-13215,Delhi NCR,Delhi,Tier 1,2024-03-22
CUST-13216,Delhi NCR,Delhi,Tier 1,2024-01-21
CUST-13217,Mumbai,Maharashtra,Tier 1,2025-11-21
CUST-13218,Ahmedabad,Gujarat,Tier 2,2025-02-01
CUST-13219,Ahmedabad,Gujarat,Tier 2,2024-11-25
CUST-13220,Kolkata,West Bengal,Tier 1,2024-08-12
CUST-13221,Delhi NCR,Delhi,Tier 1,2025-02-05
CUST-13222,Mumbai,Maharashtra,Tier 1,2025-03-13
CUST-13223,Mumbai,Maharashtra,Tier 1,2024-09-28
CUST-13224,Delhi NCR,Delhi,Tier 1,2024-10-06
CUST-13225,Coimbatore,Tamil Nadu,Tier 2,2024-08-10
CUST-13226,Bangalore,Karnataka,Tier 1,2025-08-09
CUST-13227,Hyderabad,Telangana,Tier 1,2025-10-24
CUST-13228,Delhi NCR,Delhi,Tier 1,2025-05-23
CUST-13229,Bangalore,Karnataka,Tier 1,2024-12-07
CUST-13230,Kolkata,West Bengal,Tier 1,2025-09-08
CUST-13231,Pune,Maharashtra,Tier 1,2024-02-11
CUST-13232,Bangalore,Karnataka,Tier 1,2024-06-24
CUST-13233,Mumbai,Maharashtra,Tier 1,2024-09-01
CUST-13234,Chennai,Tamil Nadu,Tier 1,2024-09-09
CUST-13235,Bangalore,Karnataka,Tier 1,2024-09-30
CUST-13236,Bangalore,Karnataka,Tier 1,2024-11-29
CUST-13237,Bhubaneswar,Odisha,Tier 2,2025-08-26
CUST-13238,Pune,Maharashtra,Tier 1,2024-01-11
CUST-13239,Kolkata,West Bengal,Tier 1,2024-05-31
CUST-13240,Chennai,Tamil Nadu,Tier 1,2024-07-07
CUST-13241,Chennai,Tamil Nadu,Tier 1,2025-11-06
CUST-13242,Kolkata,West Bengal,Tier 1,2025-09-29
CUST-13243,Lucknow,Uttar Pradesh,Tier 2,2024-07-29
CUST-13244,Lucknow,Uttar Pradesh,Tier 2,2024-04-06
CUST-13245,Delhi NCR,Delhi,Tier 1,2024-12-04
CUST-13246,Kolkata,West Bengal,Tier 1,2024-02-16
CUST-13247,Chennai,Tamil Nadu,Tier 1,2024-02-26
CUST-13248,Bhopal,Madhya Pradesh,Tier 2,2024-03-15
CUST-13249,Pune,Maharashtra,Tier 1,2024-09-10
CUST-13250,Kolkata,West Bengal,Tier 1,2025-10-24
CUST-13251,Delhi NCR,Delhi,Tier 1,2025-07-24
CUST-13252,Pune,Maharashtra,Tier 1,2025-08-20
CUST-13253,Delhi NCR,Delhi,Tier 1,2024-06-18
CUST-13254,Hyderabad,Telangana,Tier 1,2024-05-25
CUST-13255,Delhi NCR,Delhi,Tier 1,2024-02-02
CUST-13256,Lucknow,Uttar Pradesh,Tier 2,2025-05-29
CUST-13257,Bangalore,Karnataka,Tier 1,2024-09-13
CUST-13258,Chennai,Tamil Nadu,Tier 1,2024-05-05
CUST-13259,Coimbatore,Tamil Nadu,Tier 2,2024-04-22
CUST-13260,Bangalore,Karnataka,Tier 1,2024-12-07
CUST-13261,Kolkata,West Bengal,Tier 1,2024-02-17
CUST-13262,Chennai,Tamil Nadu,Tier 1,2024-12-29
CUST-13263,Mumbai,Maharashtra,Tier 1,2025-02-01
CUST-13264,Kochi,Kerala,Tier 2,2024-07-13
CUST-13265,Mumbai,Maharashtra,Tier 1,2024-11-16
CUST-13266,Kolkata,West Bengal,Tier 1,2024-05-17
CUST-13267,Pune,Maharashtra,Tier 1,2024-12-20
CUST-13268,Pune,Maharashtra,Tier 1,2024-03-10
CUST-13269,Lucknow,Uttar Pradesh,Tier 2,2025-08-04
CUST-13270,Bangalore,Karnataka,Tier 1,2025-04-27
CUST-13271,Mumbai,Maharashtra,Tier 1,2024-02-28
CUST-13272,Ahmedabad,Gujarat,Tier 2,2025-01-23
CUST-13273,Kolkata,West Bengal,Tier 1,2024-12-16
CUST-13274,Patna,Bihar,Tier 2,2024-12-04
CUST-13275,Indore,Madhya Pradesh,Tier 2,2025-11-07
CUST-13276,Patna,Bihar,Tier 2,2025-08-18
CUST-13277,Kolkata,West Bengal,Tier 1,2025-03-11
CUST-13278,Hyderabad,Telangana,Tier 1,2025-03-25
CUST-13279,Kochi,Kerala,Tier 2,2025-01-11
CUST-13280,Chennai,Tamil Nadu,Tier 1,2025-01-25
CUST-13281,Delhi NCR,Delhi,Tier 1,2025-04-25
CUST-13282,Bhopal,Madhya Pradesh,Tier 2,2024-04-23
CUST-13283,Bhopal,Madhya Pradesh,Tier 2,2024-06-20
CUST-13284,Kolkata,West Bengal,Tier 1,2024-01-18
CUST-13285,Mumbai,Maharashtra,Tier 1,2024-08-22
CUST-13286,Chennai,Tamil Nadu,Tier 1,2024-11-05
CUST-13287,Indore,Madhya Pradesh,Tier 2,2025-10-30
CUST-13288,Coimbatore,Tamil Nadu,Tier 2,2024-10-07
CUST-13289,Bangalore,Karnataka,Tier 1,2024-07-14
CUST-13290,Mumbai,Maharashtra,Tier 1,2024-04-24
CUST-13291,Bhopal,Madhya Pradesh,Tier 2,2025-01-31
CUST-13292,Chennai,Tamil Nadu,Tier 1,2025-11-02
CUST-13293,Kolkata,West Bengal,Tier 1,2025-10-28
CUST-13294,Bhubaneswar,Odisha,Tier 2,2025-07-16
CUST-13295,Mumbai,Maharashtra,Tier 1,2025-02-21
CUST-13296,Pune,Maharashtra,Tier 1,2024-10-10
CUST-13297,Mumbai,Maharashtra,Tier 1,2025-08-07
CUST-13298,Chennai,Tamil Nadu,Tier 1,2024-11-23
CUST-13299,Indore,Madhya Pradesh,Tier 2,2024-12-06
CUST-13300,Chennai,Tamil Nadu,Tier 1,2025-09-13
CUST-13301,Visakhapatnam,Andhra Pradesh,Tier 2,2024-08-08
CUST-13302,Pune,Maharashtra,Tier 1,2024-01-09
CUST-13303,Hyderabad,Telangana,Tier 1,2024-03-22
CUST-13304,Bangalore,Karnataka,Tier 1,2024-10-20
CUST-13305,Hyderabad,Telangana,Tier 1,2025-01-09
CUST-13306,Chennai,Tamil Nadu,Tier 1,2025-06-17
CUST-13307,Mumbai,Maharashtra,Tier 1,2025-02-18
CUST-13308,Hyderabad,Telangana,Tier 1,2024-04-08
CUST-13309,Chennai,Tamil Nadu,Tier 1,2025-11-12
CUST-13310,Ahmedabad,Gujarat,Tier 2,2025-09-09
CUST-13311,Jaipur,Rajasthan,Tier 2,2025-01-16
CUST-13312,Ahmedabad,Gujarat,Tier 2,2025-05-18
CUST-13313,Mumbai,Maharashtra,Tier 1,2025-03-22
CUST-13314,Bangalore,Karnataka,Tier 1,2025-11-10
CUST-13315,Jaipur,Rajasthan,Tier 2,2024-12-09
CUST-13316,Kolkata,West Bengal,Tier 1,2025-02-28
CUST-13317,Mumbai,Maharashtra,Tier 1,2025-09-16
CUST-13318,Indore,Madhya Pradesh,Tier 2,2024-11-01
CUST-13319,Kochi,Kerala,Tier 2,2024-05-27
CUST-13320,Kolkata,West Bengal,Tier 1,2025-03-29
CUST-13321,Mumbai,Maharashtra,Tier 1,2024-02-02
CUST-13322,Chandigarh,Punjab,Tier 2,2025-05-15
CUST-13323,Pune,Maharashtra,Tier 1,2024-11-14
CUST-13324,Kochi,Kerala,Tier 2,2025-11-27
CUST-13325,Chandigarh,Punjab,Tier 2,2024-07-11
CUST-13326,Indore,Madhya Pradesh,Tier 2,2024-06-28
CUST-13327,Kolkata,West Bengal,Tier 1,2025-06-01
CUST-13328,Delhi NCR,Delhi,Tier 1,2025-01-25
CUST-13329,Jaipur,Rajasthan,Tier 2,2025-06-04
CUST-13330,Pune,Maharashtra,Tier 1,2024-12-22
CUST-13331,Chandigarh,Punjab,Tier 2,2025-07-26
CUST-13332,Delhi NCR,Delhi,Tier 1,2025-04-08
CUST-13333,Bangalore,Karnataka,Tier 1,2025-11-05
CUST-13334,Coimbatore,Tamil Nadu,Tier 2,2024-04-08
CUST-13335,Chandigarh,Punjab,Tier 2,2024-05-27
CUST-13336,Coimbatore,Tamil Nadu,Tier 2,2025-07-23
CUST-13337,Chandigarh,Punjab,Tier 2,2024-11-11
CUST-13338,Pune,Maharashtra,Tier 1,2024-06-30
CUST-13339,Jaipur,Rajasthan,Tier 2,2025-06-30
CUST-13340,Coimbatore,Tamil Nadu,Tier 2,2024-10-29
CUST-13341,Pune,Maharashtra,Tier 1,2025-07-11
CUST-13342,Pune,Maharashtra,Tier 1,2025-08-21
CUST-13343,Delhi NCR,Delhi,Tier 1,2024-01-04
CUST-13344,Kolkata,West Bengal,Tier 1,2024-04-16
CUST-13345,Ahmedabad,Gujarat,Tier 2,2024-03-15
CUST-13346,Bangalore,Karnataka,Tier 1,2024-02-09
CUST-13347,Bangalore,Karnataka,Tier 1,2025-09-30
CUST-13348,Hyderabad,Telangana,Tier 1,2025-11-25
CUST-13349,Bangalore,Karnataka,Tier 1,2024-04-28
CUST-13350,Bangalore,Karnataka,Tier 1,2024-03-13
CUST-13351,Chennai,Tamil Nadu,Tier 1,2025-07-05
CUST-13352,Coimbatore,Tamil Nadu,Tier 2,2024-07-22
CUST-13353,Kolkata,West Bengal,Tier 1,2024-04-05
CUST-13354,Bangalore,Karnataka,Tier 1,2024-10-05
CUST-13355,Mumbai,Maharashtra,Tier 1,2024-05-22
CUST-13356,Lucknow,Uttar Pradesh,Tier 2,2024-04-24
CUST-13357,Chennai,Tamil Nadu,Tier 1,2025-04-20
CUST-13358,Indore,Madhya Pradesh,Tier 2,2024-05-12
CUST-13359,Jaipur,Rajasthan,Tier 2,2024-06-16
CUST-13360,Indore,Madhya Pradesh,Tier 2,2024-09-01
CUST-13361,Bangalore,Karnataka,Tier 1,2024-10-03
CUST-13362,Lucknow,Uttar Pradesh,Tier 2,2024-09-15
CUST-13363,Bangalore,Karnataka,Tier 1,2024-02-15
CUST-13364,Nagpur,Maharashtra,Tier 2,2024-12-11
CUST-13365,Pune,Maharashtra,Tier 1,2024-08-24
CUST-13366,Hyderabad,Telangana,Tier 1,2024-02-22
CUST-13367,Bangalore,Karnataka,Tier 1,2024-05-27
CUST-13368,Bangalore,Karnataka,Tier 1,2025-11-29
CUST-13369,Lucknow,Uttar Pradesh,Tier 2,2025-06-16
CUST-13370,Bangalore,Karnataka,Tier 1,2024-03-30
CUST-13371,Pune,Maharashtra,Tier 1,2024-08-20
CUST-13372,Bangalore,Karnataka,Tier 1,2024-02-20
CUST-13373,Jaipur,Rajasthan,Tier 2,2025-10-26
CUST-13374,Indore,Madhya Pradesh,Tier 2,2025-09-19
CUST-13375,Kochi,Kerala,Tier 2,2025-01-28
CUST-13376,Chandigarh,Punjab,Tier 2,2024-08-01
CUST-13377,Bangalore,Karnataka,Tier 1,2025-03-26
CUST-13378,Mumbai,Maharashtra,Tier 1,2024-12-04
CUST-13379,Lucknow,Uttar Pradesh,Tier 2,2024-12-16
CUST-13380,Hyderabad,Telangana,Tier 1,2025-10-10
CUST-13381,Chennai,Tamil Nadu,Tier 1,2024-10-11
CUST-13382,Mumbai,Maharashtra,Tier 1,2025-08-05
CUST-13383,Bangalore,Karnataka,Tier 1,2024-09-01
CUST-13384,Mumbai,Maharashtra,Tier 1,2025-07-03
CUST-13385,Bhopal,Madhya Pradesh,Tier 2,2025-09-30
CUST-13386,Bangalore,Karnataka,Tier 1,2025-08-06
CUST-13387,Pune,Maharashtra,Tier 1,2024-08-13
CUST-13388,Mumbai,Maharashtra,Tier 1,2025-03-16
CUST-13389,Jaipur,Rajasthan,Tier 2,2025-04-18
CUST-13390,Hyderabad,Telangana,Tier 1,2025-03-19
CUST-13391,Coimbatore,Tamil Nadu,Tier 2,2025-02-15
CUST-13392,Coimbatore,Tamil Nadu,Tier 2,2024-09-02
CUST-13393,Hyderabad,Telangana,Tier 1,2025-08-05
CUST-13394,Coimbatore,Tamil Nadu,Tier 2,2025-05-14
CUST-13395,Visakhapatnam,Andhra Pradesh,Tier 2,2025-07-03
CUST-13396,Patna,Bihar,Tier 2,2024-04-26
CUST-13397,Patna,Bihar,Tier 2,2024-12-29
CUST-13398,Bangalore,Karnataka,Tier 1,2024-07-22
CUST-13399,Pune,Maharashtra,Tier 1,2024-12-16
CUST-13400,Mumbai,Maharashtra,Tier 1,2024-11-14
CUST-13401,Delhi NCR,Delhi,Tier 1,2024-12-24
CUST-13402,Visakhapatnam,Andhra Pradesh,Tier 2,2025-05-31
CUST-13403,Hyderabad,Telangana,Tier 1,2025-05-03
CUST-13404,Chandigarh,Punjab,Tier 2,2025-10-30
CUST-13405,Indore,Madhya Pradesh,Tier 2,2024-04-16
CUST-13406,Bhopal,Madhya Pradesh,Tier 2,2025-10-15
CUST-13407,Visakhapatnam,Andhra Pradesh,Tier 2,2024-06-20
CUST-13408,Bangalore,Karnataka,Tier 1,2025-10-19
CUST-13409,Mumbai,Maharashtra,Tier 1,2025-06-02
CUST-13410,Chennai,Tamil Nadu,Tier 1,2025-06-11
CUST-13411,Delhi NCR,Delhi,Tier 1,2024-11-15
CUST-13412,Mumbai,Maharashtra,Tier 1,2024-02-06
CUST-13413,Hyderabad,Telangana,Tier 1,2025-05-13
CUST-13414,Kochi,Kerala,Tier 2,2025-10-26
CUST-13415,Pune,Maharashtra,Tier 1,2024-09-21
CUST-13416,Hyderabad,Telangana,Tier 1,2025-11-25
CUST-13417,Jaipur,Rajasthan,Tier 2,2025-10-29
CUST-13418,Bangalore,Karnataka,Tier 1,2025-10-10
CUST-13419,Mumbai,Maharashtra,Tier 1,2025-02-05
CUST-13420,Chandigarh,Punjab,Tier 2,2025-08-24
CUST-13421,Pune,Maharashtra,Tier 1,2024-08-05
CUST-13422,Chandigarh,Punjab,Tier 2,2024-11-25
CUST-13423,Mumbai,Maharashtra,Tier 1,2024-07-04
CUST-13424,Patna,Bihar,Tier 2,2025-01-15
CUST-13425,Pune,Maharashtra,Tier 1,2024-07-27
CUST-13426,Pune,Maharashtra,Tier 1,2025-07-16
CUST-13427,Pune,Maharashtra,Tier 1,2024-10-14
CUST-13428,Bhopal,Madhya Pradesh,Tier 2,2024-03-28
CUST-13429,Pune,Maharashtra,Tier 1,2024-05-15
CUST-13430,Pune,Maharashtra,Tier 1,2024-06-06
CUST-13431,Visakhapatnam,Andhra Pradesh,Tier 2,2024-06-03
CUST-13432,Chandigarh,Punjab,Tier 2,2025-04-07
CUST-13433,Chennai,Tamil Nadu,Tier 1,2024-08-07
CUST-13434,Lucknow,Uttar Pradesh,Tier 2,2025-04-03
CUST-13435,Chennai,Tamil Nadu,Tier 1,2024-06-15
CUST-13436,Bangalore,Karnataka,Tier 1,2024-11-17
CUST-13437,Pune,Maharashtra,Tier 1,2025-11-21
CUST-13438,Nagpur,Maharashtra,Tier 2,2025-07-15
CUST-13439,Nagpur,Maharashtra,Tier 2,2025-05-26
CUST-13440,Hyderabad,Telangana,Tier 1,2024-03-27
CUST-13441,Kolkata,West Bengal,Tier 1,2025-06-28
CUST-13442,Bangalore,Karnataka,Tier 1,2024-10-01
CUST-13443,Visakhapatnam,Andhra Pradesh,Tier 2,2024-05-20
CUST-13444,Visakhapatnam,Andhra Pradesh,Tier 2,2025-09-16
CUST-13445,Pune,Maharashtra,Tier 1,2024-12-18
CUST-13446,Indore,Madhya Pradesh,Tier 2,2024-01-05
CUST-13447,Ahmedabad,Gujarat,Tier 2,2025-01-16
CUST-13448,Pune,Maharashtra,Tier 1,2024-11-29
CUST-13449,Mumbai,Maharashtra,Tier 1,2025-04-19
CUST-13450,Chennai,Tamil Nadu,Tier 1,2024-01-30
CUST-13451,Jaipur,Rajasthan,Tier 2,2024-12-12
CUST-13452,Jaipur,Rajasthan,Tier 2,2025-08-16
CUST-13453,Chennai,Tamil Nadu,Tier 1,2025-05-07
CUST-13454,Bhubaneswar,Odisha,Tier 2,2025-05-09
CUST-13455,Delhi NCR,Delhi,Tier 1,2025-01-22
CUST-13456,Kolkata,West Bengal,Tier 1,2024-09-09
CUST-13457,Lucknow,Uttar Pradesh,Tier 2,2025-09-21
CUST-13458,Lucknow,Uttar Pradesh,Tier 2,2024-01-30
CUST-13459,Pune,Maharashtra,Tier 1,2025-09-14
CUST-13460,Bangalore,Karnataka,Tier 1,2024-12-07
CUST-13461,Delhi NCR,Delhi,Tier 1,2024-10-13
CUST-13462,Pune,Maharashtra,Tier 1,2025-01-31
CUST-13463,Pune,Maharashtra,Tier 1,2025-05-23
CUST-13464,Delhi NCR,Delhi,Tier 1,2024-08-31
CUST-13465,Lucknow,Uttar Pradesh,Tier 2,2024-08-08
CUST-13466,Chennai,Tamil Nadu,Tier 1,2024-06-04
CUST-13467,Jaipur,Rajasthan,Tier 2,2025-01-17
CUST-13468,Patna,Bihar,Tier 2,2024-11-15
CUST-13469,Delhi NCR,Delhi,Tier 1,2025-01-07
CUST-13470,Mumbai,Maharashtra,Tier 1,2025-06-14
CUST-13471,Kochi,Kerala,Tier 2,2024-08-02
CUST-13472,Pune,Maharashtra,Tier 1,2025-01-01
CUST-13473,Lucknow,Uttar Pradesh,Tier 2,2024-04-23
CUST-13474,Patna,Bihar,Tier 2,2024-07-18
CUST-13475,Indore,Madhya Pradesh,Tier 2,2024-01-25
CUST-13476,Bhubaneswar,Odisha,Tier 2,2024-04-30
CUST-13477,Kolkata,West Bengal,Tier 1,2025-09-02
CUST-13478,Kolkata,West Bengal,Tier 1,2024-01-03
CUST-13479,Chennai,Tamil Nadu,Tier 1,2025-03-20
CUST-13480,Delhi NCR,Delhi,Tier 1,2024-09-10
CUST-13481,Pune,Maharashtra,Tier 1,2024-01-20
CUST-13482,Bangalore,Karnataka,Tier 1,2024-07-22
CUST-13483,Nagpur,Maharashtra,Tier 2,2024-12-22
CUST-13484,Pune,Maharashtra,Tier 1,2024-05-07
CUST-13485,Pune,Maharashtra,Tier 1,2024-12-23
CUST-13486,Hyderabad,Telangana,Tier 1,2024-10-18
CUST-13487,Mumbai,Maharashtra,Tier 1,2024-06-22
CUST-13488,Mumbai,Maharashtra,Tier 1,2024-12-20
CUST-13489,Chennai,Tamil Nadu,Tier 1,2024-02-06
CUST-13490,Mumbai,Maharashtra,Tier 1,2024-11-05
CUST-13491,Pune,Maharashtra,Tier 1,2025-10-22
CUST-13492,Bhopal,Madhya Pradesh,Tier 2,2025-08-26
CUST-13493,Bhopal,Madhya Pradesh,Tier 2,2025-08-04
CUST-13494,Jaipur,Rajasthan,Tier 2,2024-03-24
CUST-13495,Bangalore,Karnataka,Tier 1,2025-05-24
CUST-13496,Bhopal,Madhya Pradesh,Tier 2,2025-03-19
CUST-13497,Coimbatore,Tamil Nadu,Tier 2,2025-02-23
CUST-13498,Bangalore,Karnataka,Tier 1,2024-07-23
CUST-13499,Ahmedabad,Gujarat,Tier 2,2025-05-02
CUST-13500,Hyderabad,Telangana,Tier 1,2024-03-28
CUST-13501,Indore,Madhya Pradesh,Tier 2,2024-09-08
CUST-13502,Visakhapatnam,Andhra Pradesh,Tier 2,2024-01-31
CUST-13503,Mumbai,Maharashtra,Tier 1,2025-02-24
CUST-13504,Coimbatore,Tamil Nadu,Tier 2,2024-03-01
CUST-13505,Pune,Maharashtra,Tier 1,2025-08-01
CUST-13506,Visakhapatnam,Andhra Pradesh,Tier 2,2024-08-13
CUST-13507,Kolkata,West Bengal,Tier 1,2024-11-30
CUST-13508,Patna,Bihar,Tier 2,2025-08-01
CUST-13509,Mumbai,Maharashtra,Tier 1,2025-10-01
CUST-13510,Hyderabad,Telangana,Tier 1,2024-04-20
CUST-13511,Mumbai,Maharashtra,Tier 1,2025-05-05
CUST-13512,Visakhapatnam,Andhra Pradesh,Tier 2,2024-09-28
CUST-13513,Indore,Madhya Pradesh,Tier 2,2024-02-03
CUST-13514,Patna,Bihar,Tier 2,2024-07-30
CUST-13515,Nagpur,Maharashtra,Tier 2,2024-10-26
CUST-13516,Mumbai,Maharashtra,Tier 1,2025-01-07
CUST-13517,Chennai,Tamil Nadu,Tier 1,2024-05-04
CUST-13518,Mumbai,Maharashtra,Tier 1,2024-04-12
CUST-13519,Bangalore,Karnataka,Tier 1,2024-04-29
CUST-13520,Bangalore,Karnataka,Tier 1,2025-11-12
CUST-13521,Kolkata,West Bengal,Tier 1,2025-06-30
CUST-13522,Bangalore,Karnataka,Tier 1,2024-11-26
CUST-13523,Delhi NCR,Delhi,Tier 1,2024-11-04
CUST-13524,Delhi NCR,Delhi,Tier 1,2025-07-23
CUST-13525,Delhi NCR,Delhi,Tier 1,2025-02-15
CUST-13526,Visakhapatnam,Andhra Pradesh,Tier 2,2025-02-02
CUST-13527,Chandigarh,Punjab,Tier 2,2024-11-01
CUST-13528,Bhubaneswar,Odisha,Tier 2,2025-10-14
CUST-13529,Chennai,Tamil Nadu,Tier 1,2025-09-14
CUST-13530,Bangalore,Karnataka,Tier 1,2024-06-11
CUST-13531,Indore,Madhya Pradesh,Tier 2,2025-09-14
CUST-13532,Hyderabad,Telangana,Tier 1,2025-10-25
CUST-13533,Hyderabad,Telangana,Tier 1,2024-03-05
CUST-13534,Bangalore,Karnataka,Tier 1,2025-09-09
CUST-13535,Delhi NCR,Delhi,Tier 1,2024-08-03
CUST-13536,Bangalore,Karnataka,Tier 1,2025-08-25
CUST-13537,Hyderabad,Telangana,Tier 1,2024-01-26
CUST-13538,Jaipur,Rajasthan,Tier 2,2025-10-30
CUST-13539,Mumbai,Maharashtra,Tier 1,2025-08-06
CUST-13540,Bangalore,Karnataka,Tier 1,2024-02-13
CUST-13541,Indore,Madhya Pradesh,Tier 2,2024-03-30
CUST-13542,Delhi NCR,Delhi,Tier 1,2024-05-12
CUST-13543,Hyderabad,Telangana,Tier 1,2024-06-09
CUST-13544,Bhopal,Madhya Pradesh,Tier 2,2025-01-14
CUST-13545,Delhi NCR,Delhi,Tier 1,2024-09-17
CUST-13546,Mumbai,Maharashtra,Tier 1,2025-01-17
CUST-13547,Kolkata,West Bengal,Tier 1,2025-01-03
CUST-13548,Hyderabad,Telangana,Tier 1,2024-04-20
CUST-13549,Pune,Maharashtra,Tier 1,2025-11-06
CUST-13550,Indore,Madhya Pradesh,Tier 2,2024-03-17
CUST-13551,Delhi NCR,Delhi,Tier 1,2024-07-27
CUST-13552,Pune,Maharashtra,Tier 1,2024-01-13
CUST-13553,Kolkata,West Bengal,Tier 1,2025-07-23
CUST-13554,Delhi NCR,Delhi,Tier 1,2025-07-01
CUST-13555,Pune,Maharashtra,Tier 1,2024-01-25
CUST-13556,Bangalore,Karnataka,Tier 1,2025-06-29
CUST-13557,Kolkata,West Bengal,Tier 1,2024-05-19
CUST-13558,Mumbai,Maharashtra,Tier 1,2024-10-01
CUST-13559,Chennai,Tamil Nadu,Tier 1,2025-01-04
CUST-13560,Hyderabad,Telangana,Tier 1,2024-08-09
CUST-13561,Indore,Madhya Pradesh,Tier 2,2024-02-06
CUST-13562,Mumbai,Maharashtra,Tier 1,2024-05-08
CUST-13563,Chennai,Tamil Nadu,Tier 1,2024-11-11
CUST-13564,Chennai,Tamil Nadu,Tier 1,2024-11-18
CUST-13565,Ahmedabad,Gujarat,Tier 2,2025-03-08
CUST-13566,Pune,Maharashtra,Tier 1,2024-08-05
CUST-13567,Jaipur,Rajasthan,Tier 2,2024-09-04
CUST-13568,Kochi,Kerala,Tier 2,2024-04-20
CUST-13569,Bhopal,Madhya Pradesh,Tier 2,2024-05-26
CUST-13570,Hyderabad,Telangana,Tier 1,2024-12-09
CUST-13571,Kolkata,West Bengal,Tier 1,2025-05-23
CUST-13572,Patna,Bihar,Tier 2,2025-05-19
CUST-13573,Visakhapatnam,Andhra Pradesh,Tier 2,2025-07-05
CUST-13574,Coimbatore,Tamil Nadu,Tier 2,2024-05-13
CUST-13575,Chennai,Tamil Nadu,Tier 1,2025-04-08
CUST-13576,Bangalore,Karnataka,Tier 1,2024-07-09
CUST-13577,Kolkata,West Bengal,Tier 1,2024-06-11
CUST-13578,Chandigarh,Punjab,Tier 2,2025-03-31
CUST-13579,Kolkata,West Bengal,Tier 1,2024-03-01
CUST-13580,Kolkata,West Bengal,Tier 1,2024-01-05
CUST-13581,Patna,Bihar,Tier 2,2024-02-06
CUST-13582,Hyderabad,Telangana,Tier 1,2025-04-04
CUST-13583,Bhopal,Madhya Pradesh,Tier 2,2024-08-04
CUST-13584,Chennai,Tamil Nadu,Tier 1,2024-05-18
CUST-13585,Hyderabad,Telangana,Tier 1,2025-09-09
CUST-13586,Chennai,Tamil Nadu,Tier 1,2024-04-08
CUST-13587,Chandigarh,Punjab,Tier 2,2025-11-10
CUST-13588,Delhi NCR,Delhi,Tier 1,2024-09-20
CUST-13589,Bangalore,Karnataka,Tier 1,2025-08-21
CUST-13590,Bhubaneswar,Odisha,Tier 2,2025-08-18
CUST-13591,Delhi NCR,Delhi,Tier 1,2024-08-11
CUST-13592,Pune,Maharashtra,Tier 1,2024-01-11
CUST-13593,Pune,Maharashtra,Tier 1,2024-11-22
CUST-13594,Kolkata,West Bengal,Tier 1,2025-11-28
CUST-13595,Pune,Maharashtra,Tier 1,2024-12-15
CUST-13596,Bangalore,Karnataka,Tier 1,2025-01-13
CUST-13597,Kolkata,West Bengal,Tier 1,2024-08-18
CUST-13598,Chennai,Tamil Nadu,Tier 1,2024-05-20
CUST-13599,Jaipur,Rajasthan,Tier 2,2025-09-09
CUST-13600,Delhi NCR,Delhi,Tier 1,2024-02-18
CUST-13601,Pune,Maharashtra,Tier 1,2025-03-26
CUST-13602,Delhi NCR,Delhi,Tier 1,2025-05-05
CUST-13603,Hyderabad,Telangana,Tier 1,2024-07-23
CUST-13604,Bangalore,Karnataka,Tier 1,2025-02-12
CUST-13605,Delhi NCR,Delhi,Tier 1,2025-02-10
CUST-13606,Patna,Bihar,Tier 2,2024-02-20
CUST-13607,Hyderabad,Telangana,Tier 1,2024-06-23
CUST-13608,Nagpur,Maharashtra,Tier 2,2024-09-17
CUST-13609,Bhubaneswar,Odisha,Tier 2,2025-04-24
CUST-13610,Pune,Maharashtra,Tier 1,2024-08-10
CUST-13611,Delhi NCR,Delhi,Tier 1,2024-09-25
CUST-13612,Chennai,Tamil Nadu,Tier 1,2024-11-13
CUST-13613,Indore,Madhya Pradesh,Tier 2,2025-01-19
CUST-13614,Hyderabad,Telangana,Tier 1,2025-08-08
CUST-13615,Mumbai,Maharashtra,Tier 1,2025-09-17
CUST-13616,Kolkata,West Bengal,Tier 1,2024-08-06
CUST-13617,Patna,Bihar,Tier 2,2024-02-23
CUST-13618,Indore,Madhya Pradesh,Tier 2,2024-07-18
CUST-13619,Delhi NCR,Delhi,Tier 1,2025-10-04
CUST-13620,Jaipur,Rajasthan,Tier 2,2024-12-04
CUST-13621,Bangalore,Karnataka,Tier 1,2025-11-21
CUST-13622,Bangalore,Karnataka,Tier 1,2024-10-31
CUST-13623,Bhopal,Madhya Pradesh,Tier 2,2024-09-01
CUST-13624,Bangalore,Karnataka,Tier 1,2025-09-20
CUST-13625,Bangalore,Karnataka,Tier 1,2024-07-26
CUST-13626,Mumbai,Maharashtra,Tier 1,2025-05-25
CUST-13627,Bhopal,Madhya Pradesh,Tier 2,2024-09-15
CUST-13628,Kochi,Kerala,Tier 2,2025-01-14
CUST-13629,Pune,Maharashtra,Tier 1,2024-06-11
CUST-13630,Chandigarh,Punjab,Tier 2,2024-12-06
CUST-13631,Delhi NCR,Delhi,Tier 1,2025-07-29
CUST-13632,Chennai,Tamil Nadu,Tier 1,2025-06-13
CUST-13633,Hyderabad,Telangana,Tier 1,2024-02-03
CUST-13634,Delhi NCR,Delhi,Tier 1,2024-11-18
CUST-13635,Kolkata,West Bengal,Tier 1,2024-06-29
CUST-13636,Nagpur,Maharashtra,Tier 2,2024-12-12
CUST-13637,Mumbai,Maharashtra,Tier 1,2024-07-10
CUST-13638,Hyderabad,Telangana,Tier 1,2025-08-01
CUST-13639,Bangalore,Karnataka,Tier 1,2025-11-09
CUST-13640,Bangalore,Karnataka,Tier 1,2024-09-02
CUST-13641,Coimbatore,Tamil Nadu,Tier 2,2024-09-01
CUST-13642,Kolkata,West Bengal,Tier 1,2025-11-08
CUST-13643,Kolkata,West Bengal,Tier 1,2024-05-12
CUST-13644,Chandigarh,Punjab,Tier 2,2024-07-15
CUST-13645,Delhi NCR,Delhi,Tier 1,2024-12-12
CUST-13646,Kolkata,West Bengal,Tier 1,2024-02-18
CUST-13647,Chennai,Tamil Nadu,Tier 1,2024-03-04
CUST-13648,Pune,Maharashtra,Tier 1,2025-09-15
CUST-13649,Visakhapatnam,Andhra Pradesh,Tier 2,2025-11-27
CUST-13650,Kochi,Kerala,Tier 2,2024-04-13
CUST-13651,Chennai,Tamil Nadu,Tier 1,2024-07-31
CUST-13652,Patna,Bihar,Tier 2,2025-05-31
CUST-13653,Delhi NCR,Delhi,Tier 1,2024-04-28
CUST-13654,Mumbai,Maharashtra,Tier 1,2025-11-09
CUST-13655,Bangalore,Karnataka,Tier 1,2024-08-29
CUST-13656,Hyderabad,Telangana,Tier 1,2024-10-06
CUST-13657,Kolkata,West Bengal,Tier 1,2025-02-27
CUST-13658,Pune,Maharashtra,Tier 1,2024-12-28
CUST-13659,Coimbatore,Tamil Nadu,Tier 2,2024-11-01
CUST-13660,Kolkata,West Bengal,Tier 1,2025-04-30
CUST-13661,Kolkata,West Bengal,Tier 1,2024-11-09
CUST-13662,Mumbai,Maharashtra,Tier 1,2025-05-27
CUST-13663,Mumbai,Maharashtra,Tier 1,2025-11-13
CUST-13664,Kolkata,West Bengal,Tier 1,2024-06-15
CUST-13665,Chennai,Tamil Nadu,Tier 1,2025-01-28
CUST-13666,Patna,Bihar,Tier 2,2024-03-03
CUST-13667,Delhi NCR,Delhi,Tier 1,2024-09-28
CUST-13668,Mumbai,Maharashtra,Tier 1,2024-02-06
CUST-13669,Chennai,Tamil Nadu,Tier 1,2024-01-16
CUST-13670,Bangalore,Karnataka,Tier 1,2024-12-08
CUST-13671,Mumbai,Maharashtra,Tier 1,2024-12-11
CUST-13672,Ahmedabad,Gujarat,Tier 2,2025-06-22
CUST-13673,Delhi NCR,Delhi,Tier 1,2025-09-14
CUST-13674,Pune,Maharashtra,Tier 1,2024-08-20
CUST-13675,Hyderabad,Telangana,Tier 1,2025-07-29
CUST-13676,Delhi NCR,Delhi,Tier 1,2025-08-31
CUST-13677,Chennai,Tamil Nadu,Tier 1,2025-02-19
CUST-13678,Indore,Madhya Pradesh,Tier 2,2024-09-23
CUST-13679,Chennai,Tamil Nadu,Tier 1,2024-11-21
CUST-13680,Chandigarh,Punjab,Tier 2,2025-03-18
CUST-13681,Delhi NCR,Delhi,Tier 1,2025-07-13
CUST-13682,Kochi,Kerala,Tier 2,2024-03-16
CUST-13683,Bangalore,Karnataka,Tier 1,2024-09-03
CUST-13684,Jaipur,Rajasthan,Tier 2,2025-08-02
CUST-13685,Pune,Maharashtra,Tier 1,2024-11-08
CUST-13686,Nagpur,Maharashtra,Tier 2,2025-07-29
CUST-13687,Chennai,Tamil Nadu,Tier 1,2025-11-24
CUST-13688,Mumbai,Maharashtra,Tier 1,2025-08-14
CUST-13689,Mumbai,Maharashtra,Tier 1,2024-12-08
CUST-13690,Patna,Bihar,Tier 2,2024-06-30
CUST-13691,Kolkata,West Bengal,Tier 1,2025-09-23
CUST-13692,Kochi,Kerala,Tier 2,2025-02-02
CUST-13693,Bangalore,Karnataka,Tier 1,2024-08-28
CUST-13694,Hyderabad,Telangana,Tier 1,2024-10-18
CUST-13695,Mumbai,Maharashtra,Tier 1,2024-02-23
CUST-13696,Bhubaneswar,Odisha,Tier 2,2024-05-24
CUST-13697,Jaipur,Rajasthan,Tier 2,2024-12-21
CUST-13698,Nagpur,Maharashtra,Tier 2,2025-08-20
CUST-13699,Bangalore,Karnataka,Tier 1,2025-04-21
CUST-13700,Pune,Maharashtra,Tier 1,2024-01-22
CUST-13701,Jaipur,Rajasthan,Tier 2,2024-11-26
CUST-13702,Hyderabad,Telangana,Tier 1,2024-10-18
CUST-13703,Patna,Bihar,Tier 2,2024-08-23
CUST-13704,Bhubaneswar,Odisha,Tier 2,2024-01-29
CUST-13705,Coimbatore,Tamil Nadu,Tier 2,2025-11-25
CUST-13706,Chandigarh,Punjab,Tier 2,2024-06-08
CUST-13707,Bangalore,Karnataka,Tier 1,2025-06-13
CUST-13708,Hyderabad,Telangana,Tier 1,2025-07-03
CUST-13709,Bhubaneswar,Odisha,Tier 2,2024-04-10
CUST-13710,Mumbai,Maharashtra,Tier 1,2024-10-16
CUST-13711,Ahmedabad,Gujarat,Tier 2,2025-01-11
CUST-13712,Lucknow,Uttar Pradesh,Tier 2,2024-06-21
CUST-13713,Pune,Maharashtra,Tier 1,2024-12-08
CUST-13714,Visakhapatnam,Andhra Pradesh,Tier 2,2025-08-01
CUST-13715,Hyderabad,Telangana,Tier 1,2024-07-09
CUST-13716,Hyderabad,Telangana,Tier 1,2025-03-14
CUST-13717,Mumbai,Maharashtra,Tier 1,2025-07-08
CUST-13718,Chennai,Tamil Nadu,Tier 1,2025-09-26
CUST-13719,Bangalore,Karnataka,Tier 1,2024-12-08
CUST-13720,Hyderabad,Telangana,Tier 1,2024-05-04
CUST-13721,Patna,Bihar,Tier 2,2025-08-30
CUST-13722,Nagpur,Maharashtra,Tier 2,2025-10-30
CUST-13723,Bangalore,Karnataka,Tier 1,2025-07-05
CUST-13724,Chennai,Tamil Nadu,Tier 1,2024-12-25
CUST-13725,Nagpur,Maharashtra,Tier 2,2025-05-17
CUST-13726,Mumbai,Maharashtra,Tier 1,2024-06-21
CUST-13727,Mumbai,Maharashtra,Tier 1,2025-01-28
CUST-13728,Delhi NCR,Delhi,Tier 1,2025-04-05
CUST-13729,Pune,Maharashtra,Tier 1,2025-11-15
CUST-13730,Delhi NCR,Delhi,Tier 1,2024-04-29
CUST-13731,Bhubaneswar,Odisha,Tier 2,2024-09-29
CUST-13732,Chennai,Tamil Nadu,Tier 1,2024-12-23
CUST-13733,Kolkata,West Bengal,Tier 1,2025-01-20
CUST-13734,Bangalore,Karnataka,Tier 1,2024-11-14
CUST-13735,Kolkata,West Bengal,Tier 1,2024-09-17
CUST-13736,Jaipur,Rajasthan,Tier 2,2024-10-07
CUST-13737,Chandigarh,Punjab,Tier 2,2024-11-24
CUST-13738,Chandigarh,Punjab,Tier 2,2024-05-03
CUST-13739,Pune,Maharashtra,Tier 1,2025-04-20
CUST-13740,Coimbatore,Tamil Nadu,Tier 2,2024-10-04
CUST-13741,Indore,Madhya Pradesh,Tier 2,2024-04-02
CUST-13742,Chandigarh,Punjab,Tier 2,2025-06-30
CUST-13743,Mumbai,Maharashtra,Tier 1,2024-05-07
CUST-13744,Mumbai,Maharashtra,Tier 1,2025-06-15
CUST-13745,Bangalore,Karnataka,Tier 1,2024-06-15
CUST-13746,Jaipur,Rajasthan,Tier 2,2024-08-23
CUST-13747,Chennai,Tamil Nadu,Tier 1,2024-02-01
CUST-13748,Chennai,Tamil Nadu,Tier 1,2024-08-18
CUST-13749,Coimbatore,Tamil Nadu,Tier 2,2024-07-09
CUST-13750,Coimbatore,Tamil Nadu,Tier 2,2025-10-18
CUST-13751,Coimbatore,Tamil Nadu,Tier 2,2025-09-04
CUST-13752,Hyderabad,Telangana,Tier 1,2025-08-13
CUST-13753,Lucknow,Uttar Pradesh,Tier 2,2025-05-22
CUST-13754,Bangalore,Karnataka,Tier 1,2025-04-01
CUST-13755,Bangalore,Karnataka,Tier 1,2025-11-02
CUST-13756,Delhi NCR,Delhi,Tier 1,2024-09-11
CUST-13757,Hyderabad,Telangana,Tier 1,2024-10-05
CUST-13758,Chennai,Tamil Nadu,Tier 1,2025-11-30
CUST-13759,Patna,Bihar,Tier 2,2024-02-25
CUST-13760,Delhi NCR,Delhi,Tier 1,2025-10-10
CUST-13761,Ahmedabad,Gujarat,Tier 2,2024-04-15
CUST-13762,Kolkata,West Bengal,Tier 1,2025-08-03
CUST-13763,Hyderabad,Telangana,Tier 1,2024-07-10
CUST-13764,Kolkata,West Bengal,Tier 1,2024-10-04
CUST-13765,Hyderabad,Telangana,Tier 1,2025-06-27
CUST-13766,Pune,Maharashtra,Tier 1,2024-06-23
CUST-13767,Chennai,Tamil Nadu,Tier 1,2025-09-26
CUST-13768,Delhi NCR,Delhi,Tier 1,2024-03-25
CUST-13769,Delhi NCR,Delhi,Tier 1,2024-08-03
CUST-13770,Kolkata,West Bengal,Tier 1,2024-01-14
CUST-13771,Coimbatore,Tamil Nadu,Tier 2,2024-02-06
CUST-13772,Hyderabad,Telangana,Tier 1,2024-01-27
CUST-13773,Ahmedabad,Gujarat,Tier 2,2025-10-25
CUST-13774,Jaipur,Rajasthan,Tier 2,2025-07-29
CUST-13775,Nagpur,Maharashtra,Tier 2,2024-03-10
CUST-13776,Indore,Madhya Pradesh,Tier 2,2024-06-02
CUST-13777,Pune,Maharashtra,Tier 1,2025-03-13
CUST-13778,Jaipur,Rajasthan,Tier 2,2024-09-27
CUST-13779,Coimbatore,Tamil Nadu,Tier 2,2025-06-24
CUST-13780,Chennai,Tamil Nadu,Tier 1,2024-03-14
CUST-13781,Hyderabad,Telangana,Tier 1,2025-07-24
CUST-13782,Mumbai,Maharashtra,Tier 1,2024-05-28
CUST-13783,Patna,Bihar,Tier 2,2025-05-20
CUST-13784,Indore,Madhya Pradesh,Tier 2,2024-01-10
CUST-13785,Delhi NCR,Delhi,Tier 1,2025-10-05
CUST-13786,Pune,Maharashtra,Tier 1,2025-05-16
CUST-13787,Chennai,Tamil Nadu,Tier 1,2024-03-02
CUST-13788,Delhi NCR,Delhi,Tier 1,2025-01-22
CUST-13789,Visakhapatnam,Andhra Pradesh,Tier 2,2024-08-19
CUST-13790,Bangalore,Karnataka,Tier 1,2025-08-06
CUST-13791,Mumbai,Maharashtra,Tier 1,2025-06-11
CUST-13792,Pune,Maharashtra,Tier 1,2025-07-03
CUST-13793,Chandigarh,Punjab,Tier 2,2025-11-19
CUST-13794,Mumbai,Maharashtra,Tier 1,2025-03-20
CUST-13795,Jaipur,Rajasthan,Tier 2,2024-11-16
CUST-13796,Kolkata,West Bengal,Tier 1,2024-03-23
CUST-13797,Delhi NCR,Delhi,Tier 1,2025-03-09
CUST-13798,Delhi NCR,Delhi,Tier 1,2024-01-17
CUST-13799,Pune,Maharashtra,Tier 1,2025-01-03
CUST-13800,Hyderabad,Telangana,Tier 1,2025-10-29
CUST-13801,Nagpur,Maharashtra,Tier 2,2025-11-14
CUST-13802,Indore,Madhya Pradesh,Tier 2,2025-08-04
CUST-13803,Visakhapatnam,Andhra Pradesh,Tier 2,2025-08-05
CUST-13804,Bangalore,Karnataka,Tier 1,2024-09-11
CUST-13805,Bhubaneswar,Odisha,Tier 2,2025-03-31
CUST-13806,Chennai,Tamil Nadu,Tier 1,2025-10-04
CUST-13807,Hyderabad,Telangana,Tier 1,2025-07-14
CUST-13808,Mumbai,Maharashtra,Tier 1,2025-06-16
CUST-13809,Mumbai,Maharashtra,Tier 1,2025-01-26
CUST-13810,Lucknow,Uttar Pradesh,Tier 2,2024-11-15
CUST-13811,Chennai,Tamil Nadu,Tier 1,2024-08-07
CUST-13812,Bangalore,Karnataka,Tier 1,2025-11-29
CUST-13813,Pune,Maharashtra,Tier 1,2025-02-17
CUST-13814,Bangalore,Karnataka,Tier 1,2024-02-01
CUST-13815,Pune,Maharashtra,Tier 1,2024-01-16
CUST-13816,Hyderabad,Telangana,Tier 1,2025-02-12
CUST-13817,Indore,Madhya Pradesh,Tier 2,2024-06-21
CUST-13818,Indore,Madhya Pradesh,Tier 2,2025-10-10
CUST-13819,Kolkata,West Bengal,Tier 1,2024-06-27
CUST-13820,Hyderabad,Telangana,Tier 1,2025-07-26
CUST-13821,Hyderabad,Telangana,Tier 1,2025-05-11
CUST-13822,Indore,Madhya Pradesh,Tier 2,2024-04-13
CUST-13823,Hyderabad,Telangana,Tier 1,2024-11-12
CUST-13824,Bangalore,Karnataka,Tier 1,2025-08-10
CUST-13825,Mumbai,Maharashtra,Tier 1,2024-06-29
CUST-13826,Kolkata,West Bengal,Tier 1,2024-05-11
CUST-13827,Kolkata,West Bengal,Tier 1,2025-10-24
CUST-13828,Patna,Bihar,Tier 2,2024-06-03
CUST-13829,Bangalore,Karnataka,Tier 1,2024-12-24
CUST-13830,Chennai,Tamil Nadu,Tier 1,2024-08-22
CUST-13831,Indore,Madhya Pradesh,Tier 2,2024-06-13
CUST-13832,Indore,Madhya Pradesh,Tier 2,2025-03-02
CUST-13833,Chennai,Tamil Nadu,Tier 1,2025-11-07
CUST-13834,Chennai,Tamil Nadu,Tier 1,2025-05-02
CUST-13835,Hyderabad,Telangana,Tier 1,2024-07-31
CUST-13836,Nagpur,Maharashtra,Tier 2,2024-06-05
CUST-13837,Delhi NCR,Delhi,Tier 1,2025-11-19
CUST-13838,Nagpur,Maharashtra,Tier 2,2024-03-15
CUST-13839,Lucknow,Uttar Pradesh,Tier 2,2025-03-10
CUST-13840,Kolkata,West Bengal,Tier 1,2024-06-26
CUST-13841,Mumbai,Maharashtra,Tier 1,2025-10-06
CUST-13842,Kolkata,West Bengal,Tier 1,2025-09-28
CUST-13843,Chennai,Tamil Nadu,Tier 1,2024-11-07
CUST-13844,Delhi NCR,Delhi,Tier 1,2024-05-06
CUST-13845,Jaipur,Rajasthan,Tier 2,2025-01-11
CUST-13846,Visakhapatnam,Andhra Pradesh,Tier 2,2024-12-10
CUST-13847,Pune,Maharashtra,Tier 1,2024-08-12
CUST-13848,Ahmedabad,Gujarat,Tier 2,2024-01-17
CUST-13849,Mumbai,Maharashtra,Tier 1,2025-05-11
CUST-13850,Chennai,Tamil Nadu,Tier 1,2025-04-17
CUST-13851,Delhi NCR,Delhi,Tier 1,2024-11-06
CUST-13852,Pune,Maharashtra,Tier 1,2024-05-16
CUST-13853,Nagpur,Maharashtra,Tier 2,2025-04-19
CUST-13854,Jaipur,Rajasthan,Tier 2,2024-08-04
CUST-13855,Mumbai,Maharashtra,Tier 1,2024-07-14
CUST-13856,Hyderabad,Telangana,Tier 1,2024-07-19
CUST-13857,Kolkata,West Bengal,Tier 1,2024-12-31
CUST-13858,Chennai,Tamil Nadu,Tier 1,2025-06-11
CUST-13859,Patna,Bihar,Tier 2,2025-02-03
CUST-13860,Indore,Madhya Pradesh,Tier 2,2025-06-08
CUST-13861,Pune,Maharashtra,Tier 1,2025-08-12
CUST-13862,Chennai,Tamil Nadu,Tier 1,2024-08-01
CUST-13863,Bangalore,Karnataka,Tier 1,2024-12-06
CUST-13864,Delhi NCR,Delhi,Tier 1,2024-11-24
CUST-13865,Hyderabad,Telangana,Tier 1,2024-04-28
CUST-13866,Chennai,Tamil Nadu,Tier 1,2025-02-28
CUST-13867,Jaipur,Rajasthan,Tier 2,2025-11-23
CUST-13868,Jaipur,Rajasthan,Tier 2,2025-01-07
CUST-13869,Mumbai,Maharashtra,Tier 1,2025-10-10
CUST-13870,Chennai,Tamil Nadu,Tier 1,2024-06-27
CUST-13871,Delhi NCR,Delhi,Tier 1,2025-03-07
CUST-13872,Delhi NCR,Delhi,Tier 1,2025-02-05
CUST-13873,Patna,Bihar,Tier 2,2025-01-28
CUST-13874,Mumbai,Maharashtra,Tier 1,2025-07-19
CUST-13875,Chennai,Tamil Nadu,Tier 1,2024-03-19
CUST-13876,Delhi NCR,Delhi,Tier 1,2025-02-27
CUST-13877,Bhopal,Madhya Pradesh,Tier 2,2024-04-27
CUST-13878,Kolkata,West Bengal,Tier 1,2025-01-02
CUST-13879,Bangalore,Karnataka,Tier 1,2024-04-15
CUST-13880,Kolkata,West Bengal,Tier 1,2024-04-14
CUST-13881,Ahmedabad,Gujarat,Tier 2,2024-10-29
CUST-13882,Bhubaneswar,Odisha,Tier 2,2025-09-21
CUST-13883,Bangalore,Karnataka,Tier 1,2024-05-27
CUST-13884,Coimbatore,Tamil Nadu,Tier 2,2024-05-29
CUST-13885,Nagpur,Maharashtra,Tier 2,2024-09-12
CUST-13886,Nagpur,Maharashtra,Tier 2,2024-03-22
CUST-13887,Pune,Maharashtra,Tier 1,2024-01-16
CUST-13888,Pune,Maharashtra,Tier 1,2024-07-11
CUST-13889,Chennai,Tamil Nadu,Tier 1,2024-03-14
CUST-13890,Chandigarh,Punjab,Tier 2,2024-10-03
CUST-13891,Kolkata,West Bengal,Tier 1,2024-03-01
CUST-13892,Jaipur,Rajasthan,Tier 2,2025-06-19
CUST-13893,Chennai,Tamil Nadu,Tier 1,2025-06-18
CUST-13894,Ahmedabad,Gujarat,Tier 2,2024-12-08
CUST-13895,Indore,Madhya Pradesh,Tier 2,2025-01-29
CUST-13896,Delhi NCR,Delhi,Tier 1,2024-09-14
CUST-13897,Patna,Bihar,Tier 2,2024-07-16
CUST-13898,Kolkata,West Bengal,Tier 1,2024-02-22
CUST-13899,Patna,Bihar,Tier 2,2025-10-12
CUST-13900,Chennai,Tamil Nadu,Tier 1,2024-09-27
CUST-13901,Chennai,Tamil Nadu,Tier 1,2024-07-19
CUST-13902,Nagpur,Maharashtra,Tier 2,2025-01-30
CUST-13903,Bangalore,Karnataka,Tier 1,2025-01-12
CUST-13904,Patna,Bihar,Tier 2,2025-11-06
CUST-13905,Kolkata,West Bengal,Tier 1,2025-08-26
CUST-13906,Kolkata,West Bengal,Tier 1,2025-06-18
CUST-13907,Hyderabad,Telangana,Tier 1,2024-03-28
CUST-13908,Pune,Maharashtra,Tier 1,2025-02-01
CUST-13909,Hyderabad,Telangana,Tier 1,2024-06-30
CUST-13910,Mumbai,Maharashtra,Tier 1,2024-10-09
CUST-13911,Bangalore,Karnataka,Tier 1,2025-06-16
CUST-13912,Mumbai,Maharashtra,Tier 1,2025-07-14
CUST-13913,Visakhapatnam,Andhra Pradesh,Tier 2,2024-07-08
CUST-13914,Bhubaneswar,Odisha,Tier 2,2024-07-23
CUST-13915,Chennai,Tamil Nadu,Tier 1,2024-02-13
CUST-13916,Ahmedabad,Gujarat,Tier 2,2024-10-26
CUST-13917,Hyderabad,Telangana,Tier 1,2025-10-01
CUST-13918,Jaipur,Rajasthan,Tier 2,2025-11-12
CUST-13919,Indore,Madhya Pradesh,Tier 2,2024-10-05
CUST-13920,Bhubaneswar,Odisha,Tier 2,2025-01-19
CUST-13921,Chennai,Tamil Nadu,Tier 1,2025-09-28
CUST-13922,Kochi,Kerala,Tier 2,2024-11-06
CUST-13923,Bangalore,Karnataka,Tier 1,2025-06-11
CUST-13924,Visakhapatnam,Andhra Pradesh,Tier 2,2024-09-30
CUST-13925,Mumbai,Maharashtra,Tier 1,2025-04-26
CUST-13926,Pune,Maharashtra,Tier 1,2025-03-26
CUST-13927,Jaipur,Rajasthan,Tier 2,2025-06-15
CUST-13928,Lucknow,Uttar Pradesh,Tier 2,2025-06-14
CUST-13929,Delhi NCR,Delhi,Tier 1,2025-06-08
CUST-13930,Nagpur,Maharashtra,Tier 2,2024-01-17
CUST-13931,Delhi NCR,Delhi,Tier 1,2024-01-30
CUST-13932,Pune,Maharashtra,Tier 1,2025-04-14
CUST-13933,Bangalore,Karnataka,Tier 1,2024-10-30
CUST-13934,Hyderabad,Telangana,Tier 1,2025-07-08
CUST-13935,Kolkata,West Bengal,Tier 1,2024-04-02
CUST-13936,Chennai,Tamil Nadu,Tier 1,2025-07-31
CUST-13937,Delhi NCR,Delhi,Tier 1,2025-09-22
CUST-13938,Delhi NCR,Delhi,Tier 1,2025-08-06
CUST-13939,Chennai,Tamil Nadu,Tier 1,2024-06-10
CUST-13940,Chandigarh,Punjab,Tier 2,2024-11-23
CUST-13941,Coimbatore,Tamil Nadu,Tier 2,2024-09-10
CUST-13942,Mumbai,Maharashtra,Tier 1,2025-03-15
CUST-13943,Chennai,Tamil Nadu,Tier 1,2025-07-24
CUST-13944,Delhi NCR,Delhi,Tier 1,2025-06-27
CUST-13945,Mumbai,Maharashtra,Tier 1,2024-04-29
CUST-13946,Jaipur,Rajasthan,Tier 2,2025-05-28
CUST-13947,Pune,Maharashtra,Tier 1,2025-09-21
CUST-13948,Delhi NCR,Delhi,Tier 1,2025-07-02
CUST-13949,Bangalore,Karnataka,Tier 1,2024-04-06
CUST-13950,Mumbai,Maharashtra,Tier 1,2025-01-04
CUST-13951,Patna,Bihar,Tier 2,2025-02-20
CUST-13952,Visakhapatnam,Andhra Pradesh,Tier 2,2024-09-13
CUST-13953,Delhi NCR,Delhi,Tier 1,2024-05-07
CUST-13954,Bangalore,Karnataka,Tier 1,2024-12-24
CUST-13955,Bhopal,Madhya Pradesh,Tier 2,2024-06-04
CUST-13956,Nagpur,Maharashtra,Tier 2,2025-10-18
CUST-13957,Chennai,Tamil Nadu,Tier 1,2024-02-26
CUST-13958,Mumbai,Maharashtra,Tier 1,2025-08-04
CUST-13959,Mumbai,Maharashtra,Tier 1,2025-07-09
CUST-13960,Pune,Maharashtra,Tier 1,2025-11-17
CUST-13961,Chennai,Tamil Nadu,Tier 1,2025-10-14
CUST-13962,Mumbai,Maharashtra,Tier 1,2024-03-16
CUST-13963,Pune,Maharashtra,Tier 1,2024-06-06
CUST-13964,Mumbai,Maharashtra,Tier 1,2024-03-25
CUST-13965,Kochi,Kerala,Tier 2,2024-11-17
CUST-13966,Hyderabad,Telangana,Tier 1,2024-11-04
CUST-13967,Mumbai,Maharashtra,Tier 1,2025-06-13
CUST-13968,Pune,Maharashtra,Tier 1,2024-10-10
CUST-13969,Chennai,Tamil Nadu,Tier 1,2024-02-11
CUST-13970,Visakhapatnam,Andhra Pradesh,Tier 2,2024-05-13
CUST-13971,Kolkata,West Bengal,Tier 1,2025-09-05
CUST-13972,Bangalore,Karnataka,Tier 1,2025-10-10
CUST-13973,Ahmedabad,Gujarat,Tier 2,2025-02-07
CUST-13974,Bangalore,Karnataka,Tier 1,2025-05-07
CUST-13975,Coimbatore,Tamil Nadu,Tier 2,2024-08-09
CUST-13976,Chennai,Tamil Nadu,Tier 1,2024-08-16
CUST-13977,Kolkata,West Bengal,Tier 1,2025-03-27
CUST-13978,Mumbai,Maharashtra,Tier 1,2024-11-01
CUST-13979,Chennai,Tamil Nadu,Tier 1,2024-04-28
CUST-13980,Patna,Bihar,Tier 2,2025-09-02
CUST-13981,Indore,Madhya Pradesh,Tier 2,2024-11-19
CUST-13982,Bangalore,Karnataka,Tier 1,2024-06-07
CUST-13983,Bangalore,Karnataka,Tier 1,2024-08-26
CUST-13984,Indore,Madhya Pradesh,Tier 2,2025-01-30
CUST-13985,Nagpur,Maharashtra,Tier 2,2024-11-15
CUST-13986,Delhi NCR,Delhi,Tier 1,2024-07-07
CUST-13987,Chennai,Tamil Nadu,Tier 1,2024-11-04
CUST-13988,Hyderabad,Telangana,Tier 1,2024-09-05
CUST-13989,Bhopal,Madhya Pradesh,Tier 2,2025-06-21
CUST-13990,Mumbai,Maharashtra,Tier 1,2025-05-20
CUST-13991,Bangalore,Karnataka,Tier 1,2025-01-28
CUST-13992,Chandigarh,Punjab,Tier 2,2025-10-13
CUST-13993,Mumbai,Maharashtra,Tier 1,2025-02-09
CUST-13994,Kolkata,West Bengal,Tier 1,2024-06-29
CUST-13995,Chennai,Tamil Nadu,Tier 1,2024-01-21
CUST-13996,Hyderabad,Telangana,Tier 1,2025-11-05
CUST-13997,Chennai,Tamil Nadu,Tier 1,2025-08-05
CUST-13998,Kolkata,West Bengal,Tier 1,2025-08-16
CUST-13999,Delhi NCR,Delhi,Tier 1,2024-06-03
CUST-14000,Pune,Maharashtra,Tier 1,2025-07-12
CUST-14001,Indore,Madhya Pradesh,Tier 2,2024-07-12
CUST-14002,Chandigarh,Punjab,Tier 2,2024-08-11
CUST-14003,Delhi NCR,Delhi,Tier 1,2025-02-02
CUST-14004,Delhi NCR,Delhi,Tier 1,2024-10-06
CUST-14005,Bangalore,Karnataka,Tier 1,2024-01-10
CUST-14006,Hyderabad,Telangana,Tier 1,2025-01-10
CUST-14007,Chennai,Tamil Nadu,Tier 1,2025-04-16
CUST-14008,Lucknow,Uttar Pradesh,Tier 2,2024-05-31
CUST-14009,Mumbai,Maharashtra,Tier 1,2025-09-07
CUST-14010,Mumbai,Maharashtra,Tier 1,2024-05-03
CUST-14011,Chennai,Tamil Nadu,Tier 1,2025-11-27
CUST-14012,Lucknow,Uttar Pradesh,Tier 2,2025-07-06
CUST-14013,Bangalore,Karnataka,Tier 1,2025-02-27
CUST-14014,Pune,Maharashtra,Tier 1,2025-06-06
CUST-14015,Bangalore,Karnataka,Tier 1,2025-05-27
CUST-14016,Coimbatore,Tamil Nadu,Tier 2,2024-06-19
CUST-14017,Coimbatore,Tamil Nadu,Tier 2,2025-07-18
CUST-14018,Hyderabad,Telangana,Tier 1,2024-05-04
CUST-14019,Bangalore,Karnataka,Tier 1,2024-06-23
CUST-14020,Chennai,Tamil Nadu,Tier 1,2025-05-18
CUST-14021,Bangalore,Karnataka,Tier 1,2025-01-19
CUST-14022,Jaipur,Rajasthan,Tier 2,2025-11-14
CUST-14023,Patna,Bihar,Tier 2,2025-07-24
CUST-14024,Jaipur,Rajasthan,Tier 2,2024-04-15
CUST-14025,Indore,Madhya Pradesh,Tier 2,2025-09-28
CUST-14026,Chennai,Tamil Nadu,Tier 1,2025-06-11
CUST-14027,Delhi NCR,Delhi,Tier 1,2024-02-07
CUST-14028,Chandigarh,Punjab,Tier 2,2025-01-29
CUST-14029,Hyderabad,Telangana,Tier 1,2025-04-21
CUST-14030,Jaipur,Rajasthan,Tier 2,2025-04-11
CUST-14031,Bangalore,Karnataka,Tier 1,2025-05-19
CUST-14032,Mumbai,Maharashtra,Tier 1,2024-11-10
CUST-14033,Visakhapatnam,Andhra Pradesh,Tier 2,2024-10-11
CUST-14034,Delhi NCR,Delhi,Tier 1,2025-04-08
CUST-14035,Visakhapatnam,Andhra Pradesh,Tier 2,2025-11-10
CUST-14036,Visakhapatnam,Andhra Pradesh,Tier 2,2024-09-20
CUST-14037,Kochi,Kerala,Tier 2,2025-09-01
CUST-14038,Jaipur,Rajasthan,Tier 2,2025-10-07
CUST-14039,Pune,Maharashtra,Tier 1,2025-03-04
CUST-14040,Bhopal,Madhya Pradesh,Tier 2,2024-12-30
CUST-14041,Hyderabad,Telangana,Tier 1,2024-06-29
CUST-14042,Kolkata,West Bengal,Tier 1,2025-10-22
CUST-14043,Pune,Maharashtra,Tier 1,2024-08-31
CUST-14044,Chennai,Tamil Nadu,Tier 1,2024-11-08
CUST-14045,Chennai,Tamil Nadu,Tier 1,2024-03-16
CUST-14046,Hyderabad,Telangana,Tier 1,2024-09-18
CUST-14047,Pune,Maharashtra,Tier 1,2024-08-18
CUST-14048,Patna,Bihar,Tier 2,2025-01-14
CUST-14049,Bangalore,Karnataka,Tier 1,2025-10-07
CUST-14050,Nagpur,Maharashtra,Tier 2,2024-11-04
CUST-14051,Lucknow,Uttar Pradesh,Tier 2,2025-01-22
CUST-14052,Indore,Madhya Pradesh,Tier 2,2024-11-20
CUST-14053,Kolkata,West Bengal,Tier 1,2025-03-31
CUST-14054,Kochi,Kerala,Tier 2,2025-05-26
CUST-14055,Mumbai,Maharashtra,Tier 1,2024-12-08
CUST-14056,Indore,Madhya Pradesh,Tier 2,2025-05-30
CUST-14057,Mumbai,Maharashtra,Tier 1,2025-03-17
CUST-14058,Coimbatore,Tamil Nadu,Tier 2,2025-07-02
CUST-14059,Visakhapatnam,Andhra Pradesh,Tier 2,2025-08-05
CUST-14060,Hyderabad,Telangana,Tier 1,2024-09-18
CUST-14061,Bangalore,Karnataka,Tier 1,2025-04-07
CUST-14062,Chandigarh,Punjab,Tier 2,2025-11-20
CUST-14063,Bangalore,Karnataka,Tier 1,2025-08-30
CUST-14064,Bhopal,Madhya Pradesh,Tier 2,2024-08-14
CUST-14065,Delhi NCR,Delhi,Tier 1,2025-06-06
CUST-14066,Delhi NCR,Delhi,Tier 1,2024-07-07
CUST-14067,Visakhapatnam,Andhra Pradesh,Tier 2,2024-07-27
CUST-14068,Jaipur,Rajasthan,Tier 2,2024-01-13
CUST-14069,Patna,Bihar,Tier 2,2024-06-10
CUST-14070,Hyderabad,Telangana,Tier 1,2025-07-25
CUST-14071,Jaipur,Rajasthan,Tier 2,2025-05-07
CUST-14072,Pune,Maharashtra,Tier 1,2025-03-10
CUST-14073,Pune,Maharashtra,Tier 1,2024-01-05
CUST-14074,Lucknow,Uttar Pradesh,Tier 2,2024-07-20
CUST-14075,Pune,Maharashtra,Tier 1,2025-02-19
CUST-14076,Chennai,Tamil Nadu,Tier 1,2024-01-12
CUST-14077,Bangalore,Karnataka,Tier 1,2025-01-31
CUST-14078,Kochi,Kerala,Tier 2,2024-12-06
CUST-14079,Bangalore,Karnataka,Tier 1,2025-01-07
CUST-14080,Lucknow,Uttar Pradesh,Tier 2,2025-01-12
CUST-14081,Bangalore,Karnataka,Tier 1,2024-08-12
CUST-14082,Pune,Maharashtra,Tier 1,2024-06-30
CUST-14083,Chandigarh,Punjab,Tier 2,2024-10-23
CUST-14084,Bangalore,Karnataka,Tier 1,2024-11-02
CUST-14085,Mumbai,Maharashtra,Tier 1,2025-03-06
CUST-14086,Delhi NCR,Delhi,Tier 1,2025-11-20
CUST-14087,Pune,Maharashtra,Tier 1,2024-04-27
CUST-14088,Patna,Bihar,Tier 2,2024-12-17
CUST-14089,Mumbai,Maharashtra,Tier 1,2025-08-10
CUST-14090,Ahmedabad,Gujarat,Tier 2,2024-02-15
CUST-14091,Hyderabad,Telangana,Tier 1,2024-08-14
CUST-14092,Kolkata,West Bengal,Tier 1,2024-12-21
CUST-14093,Nagpur,Maharashtra,Tier 2,2024-10-20
CUST-14094,Hyderabad,Telangana,Tier 1,2024-08-27
CUST-14095,Kolkata,West Bengal,Tier 1,2024-12-13
CUST-14096,Mumbai,Maharashtra,Tier 1,2024-05-20
CUST-14097,Mumbai,Maharashtra,Tier 1,2024-07-22
CUST-14098,Bangalore,Karnataka,Tier 1,2025-10-23
CUST-14099,Mumbai,Maharashtra,Tier 1,2025-10-03
CUST-14100,Pune,Maharashtra,Tier 1,2024-09-25
CUST-14101,Chennai,Tamil Nadu,Tier 1,2024-11-08
CUST-14102,Kolkata,West Bengal,Tier 1,2025-02-21
CUST-14103,Delhi NCR,Delhi,Tier 1,2024-05-16
CUST-14104,Hyderabad,Telangana,Tier 1,2025-09-19
CUST-14105,Jaipur,Rajasthan,Tier 2,2024-12-16
CUST-14106,Bhubaneswar,Odisha,Tier 2,2024-06-09
CUST-14107,Mumbai,Maharashtra,Tier 1,2025-10-28
CUST-14108,Coimbatore,Tamil Nadu,Tier 2,2024-06-21
CUST-14109,Pune,Maharashtra,Tier 1,2024-05-09
CUST-14110,Pune,Maharashtra,Tier 1,2024-03-19
CUST-14111,Kolkata,West Bengal,Tier 1,2025-07-22
CUST-14112,Mumbai,Maharashtra,Tier 1,2024-02-26
CUST-14113,Mumbai,Maharashtra,Tier 1,2025-02-03
CUST-14114,Pune,Maharashtra,Tier 1,2024-12-28
CUST-14115,Hyderabad,Telangana,Tier 1,2024-11-30
CUST-14116,Nagpur,Maharashtra,Tier 2,2024-05-13
CUST-14117,Chennai,Tamil Nadu,Tier 1,2024-01-14
CUST-14118,Delhi NCR,Delhi,Tier 1,2024-10-09
CUST-14119,Ahmedabad,Gujarat,Tier 2,2025-10-20
CUST-14120,Hyderabad,Telangana,Tier 1,2025-02-24
CUST-14121,Kolkata,West Bengal,Tier 1,2024-05-06
CUST-14122,Lucknow,Uttar Pradesh,Tier 2,2024-08-05
CUST-14123,Coimbatore,Tamil Nadu,Tier 2,2025-11-10
CUST-14124,Kochi,Kerala,Tier 2,2025-10-16
CUST-14125,Jaipur,Rajasthan,Tier 2,2025-05-03
CUST-14126,Lucknow,Uttar Pradesh,Tier 2,2024-09-16
CUST-14127,Bhubaneswar,Odisha,Tier 2,2024-08-05
CUST-14128,Hyderabad,Telangana,Tier 1,2025-10-19
CUST-14129,Mumbai,Maharashtra,Tier 1,2025-05-03
CUST-14130,Bangalore,Karnataka,Tier 1,2025-03-18
CUST-14131,Bangalore,Karnataka,Tier 1,2024-04-08
CUST-14132,Jaipur,Rajasthan,Tier 2,2024-06-30
CUST-14133,Pune,Maharashtra,Tier 1,2024-06-17
CUST-14134,Pune,Maharashtra,Tier 1,2024-08-20
CUST-14135,Mumbai,Maharashtra,Tier 1,2024-04-02
CUST-14136,Ahmedabad,Gujarat,Tier 2,2025-09-20
CUST-14137,Hyderabad,Telangana,Tier 1,2025-04-16
CUST-14138,Jaipur,Rajasthan,Tier 2,2025-05-30
CUST-14139,Kolkata,West Bengal,Tier 1,2024-03-25
CUST-14140,Hyderabad,Telangana,Tier 1,2025-11-09
CUST-14141,Delhi NCR,Delhi,Tier 1,2025-06-02
CUST-14142,Delhi NCR,Delhi,Tier 1,2025-01-15
CUST-14143,Patna,Bihar,Tier 2,2025-02-10
CUST-14144,Nagpur,Maharashtra,Tier 2,2024-08-19
CUST-14145,Pune,Maharashtra,Tier 1,2024-09-07
CUST-14146,Delhi NCR,Delhi,Tier 1,2024-03-25
CUST-14147,Chennai,Tamil Nadu,Tier 1,2024-11-14
CUST-14148,Ahmedabad,Gujarat,Tier 2,2024-07-11
CUST-14149,Kochi,Kerala,Tier 2,2025-09-26
CUST-14150,Delhi NCR,Delhi,Tier 1,2025-08-23
CUST-14151,Mumbai,Maharashtra,Tier 1,2025-08-29
CUST-14152,Ahmedabad,Gujarat,Tier 2,2024-10-26
CUST-14153,Hyderabad,Telangana,Tier 1,2024-12-23
CUST-14154,Bangalore,Karnataka,Tier 1,2025-07-10
CUST-14155,Mumbai,Maharashtra,Tier 1,2025-03-28
CUST-14156,Kolkata,West Bengal,Tier 1,2025-07-16
CUST-14157,Patna,Bihar,Tier 2,2025-05-20
CUST-14158,Bhubaneswar,Odisha,Tier 2,2024-03-05
CUST-14159,Pune,Maharashtra,Tier 1,2025-07-19
CUST-14160,Kolkata,West Bengal,Tier 1,2024-08-09
CUST-14161,Mumbai,Maharashtra,Tier 1,2025-04-10
CUST-14162,Kolkata,West Bengal,Tier 1,2024-03-12
CUST-14163,Chennai,Tamil Nadu,Tier 1,2025-04-18
CUST-14164,Pune,Maharashtra,Tier 1,2025-11-10
CUST-14165,Chennai,Tamil Nadu,Tier 1,2025-11-28
CUST-14166,Bangalore,Karnataka,Tier 1,2025-10-16
CUST-14167,Delhi NCR,Delhi,Tier 1,2024-01-19
CUST-14168,Hyderabad,Telangana,Tier 1,2025-06-05
CUST-14169,Delhi NCR,Delhi,Tier 1,2025-11-13
CUST-14170,Delhi NCR,Delhi,Tier 1,2025-02-18
CUST-14171,Visakhapatnam,Andhra Pradesh,Tier 2,2024-12-29
CUST-14172,Chennai,Tamil Nadu,Tier 1,2025-06-11
CUST-14173,Kolkata,West Bengal,Tier 1,2024-03-20
CUST-14174,Bhopal,Madhya Pradesh,Tier 2,2024-07-08
CUST-14175,Visakhapatnam,Andhra Pradesh,Tier 2,2024-05-27
CUST-14176,Pune,Maharashtra,Tier 1,2025-11-05
CUST-14177,Indore,Madhya Pradesh,Tier 2,2025-03-18
CUST-14178,Hyderabad,Telangana,Tier 1,2024-09-21
CUST-14179,Hyderabad,Telangana,Tier 1,2025-10-11
CUST-14180,Chennai,Tamil Nadu,Tier 1,2025-05-23
CUST-14181,Jaipur,Rajasthan,Tier 2,2024-10-27
CUST-14182,Lucknow,Uttar Pradesh,Tier 2,2025-04-10
CUST-14183,Hyderabad,Telangana,Tier 1,2024-12-30
CUST-14184,Delhi NCR,Delhi,Tier 1,2025-02-02
CUST-14185,Pune,Maharashtra,Tier 1,2025-05-07
CUST-14186,Delhi NCR,Delhi,Tier 1,2025-06-25
CUST-14187,Pune,Maharashtra,Tier 1,2025-04-24
CUST-14188,Lucknow,Uttar Pradesh,Tier 2,2024-06-16
CUST-14189,Lucknow,Uttar Pradesh,Tier 2,2025-08-25
CUST-14190,Chandigarh,Punjab,Tier 2,2024-03-31
CUST-14191,Bhopal,Madhya Pradesh,Tier 2,2024-10-26
CUST-14192,Kolkata,West Bengal,Tier 1,2024-06-22
CUST-14193,Ahmedabad,Gujarat,Tier 2,2025-10-07
CUST-14194,Pune,Maharashtra,Tier 1,2025-01-07
CUST-14195,Bangalore,Karnataka,Tier 1,2024-01-24
CUST-14196,Mumbai,Maharashtra,Tier 1,2024-07-19
CUST-14197,Hyderabad,Telangana,Tier 1,2024-01-07
CUST-14198,Chennai,Tamil Nadu,Tier 1,2024-01-06
CUST-14199,Pune,Maharashtra,Tier 1,2025-09-21
CUST-14200,Patna,Bihar,Tier 2,2024-06-09
CUST-14201,Bangalore,Karnataka,Tier 1,2025-08-19
CUST-14202,Delhi NCR,Delhi,Tier 1,2024-09-04
CUST-14203,Bhubaneswar,Odisha,Tier 2,2024-06-14
CUST-14204,Delhi NCR,Delhi,Tier 1,2025-03-03
CUST-14205,Kolkata,West Bengal,Tier 1,2024-05-24
CUST-14206,Pune,Maharashtra,Tier 1,2025-05-25
CUST-14207,Kolkata,West Bengal,Tier 1,2025-06-26
CUST-14208,Mumbai,Maharashtra,Tier 1,2025-05-23
CUST-14209,Mumbai,Maharashtra,Tier 1,2024-08-07
CUST-14210,Delhi NCR,Delhi,Tier 1,2025-10-06
CUST-14211,Pune,Maharashtra,Tier 1,2025-07-29
CUST-14212,Kolkata,West Bengal,Tier 1,2024-03-16
CUST-14213,Bangalore,Karnataka,Tier 1,2025-10-04
CUST-14214,Pune,Maharashtra,Tier 1,2024-11-14
CUST-14215,Indore,Madhya Pradesh,Tier 2,2024-02-07
CUST-14216,Mumbai,Maharashtra,Tier 1,2025-07-19
CUST-14217,Kolkata,West Bengal,Tier 1,2025-10-03
CUST-14218,Lucknow,Uttar Pradesh,Tier 2,2025-05-28
CUST-14219,Bangalore,Karnataka,Tier 1,2024-09-02
CUST-14220,Hyderabad,Telangana,Tier 1,2024-05-19
CUST-14221,Pune,Maharashtra,Tier 1,2024-09-14
CUST-14222,Coimbatore,Tamil Nadu,Tier 2,2025-09-08
CUST-14223,Indore,Madhya Pradesh,Tier 2,2025-01-15
CUST-14224,Pune,Maharashtra,Tier 1,2025-04-22
CUST-14225,Ahmedabad,Gujarat,Tier 2,2024-07-03
CUST-14226,Hyderabad,Telangana,Tier 1,2024-10-29
CUST-14227,Pune,Maharashtra,Tier 1,2025-05-08
CUST-14228,Kolkata,West Bengal,Tier 1,2024-06-12
CUST-14229,Bangalore,Karnataka,Tier 1,2025-10-05
CUST-14230,Lucknow,Uttar Pradesh,Tier 2,2024-07-21
CUST-14231,Kolkata,West Bengal,Tier 1,2025-02-11
CUST-14232,Hyderabad,Telangana,Tier 1,2024-07-28
CUST-14233,Coimbatore,Tamil Nadu,Tier 2,2024-04-10
CUST-14234,Mumbai,Maharashtra,Tier 1,2025-03-21
CUST-14235,Hyderabad,Telangana,Tier 1,2025-07-14
CUST-14236,Mumbai,Maharashtra,Tier 1,2025-01-02
CUST-14237,Chandigarh,Punjab,Tier 2,2024-08-26
CUST-14238,Lucknow,Uttar Pradesh,Tier 2,2024-10-17
CUST-14239,Hyderabad,Telangana,Tier 1,2025-01-06
CUST-14240,Jaipur,Rajasthan,Tier 2,2025-03-06
CUST-14241,Chennai,Tamil Nadu,Tier 1,2024-10-06
CUST-14242,Chandigarh,Punjab,Tier 2,2025-04-11
CUST-14243,Chennai,Tamil Nadu,Tier 1,2024-11-11
CUST-14244,Chennai,Tamil Nadu,Tier 1,2024-03-17
CUST-14245,Nagpur,Maharashtra,Tier 2,2024-05-30
CUST-14246,Bangalore,Karnataka,Tier 1,2025-01-30
CUST-14247,Delhi NCR,Delhi,Tier 1,2025-05-10
CUST-14248,Pune,Maharashtra,Tier 1,2024-10-23
CUST-14249,Bhubaneswar,Odisha,Tier 2,2025-10-30
CUST-14250,Chennai,Tamil Nadu,Tier 1,2025-02-10
CUST-14251,Mumbai,Maharashtra,Tier 1,2024-10-13
CUST-14252,Hyderabad,Telangana,Tier 1,2025-05-07
CUST-14253,Kolkata,West Bengal,Tier 1,2025-06-19
CUST-14254,Delhi NCR,Delhi,Tier 1,2025-03-31
CUST-14255,Jaipur,Rajasthan,Tier 2,2025-05-06
CUST-14256,Visakhapatnam,Andhra Pradesh,Tier 2,2024-01-09
CUST-14257,Chennai,Tamil Nadu,Tier 1,2024-05-11
CUST-14258,Hyderabad,Telangana,Tier 1,2024-03-17
CUST-14259,Chennai,Tamil Nadu,Tier 1,2024-05-10
CUST-14260,Delhi NCR,Delhi,Tier 1,2025-02-15
CUST-14261,Bhopal,Madhya Pradesh,Tier 2,2024-03-30
CUST-14262,Chennai,Tamil Nadu,Tier 1,2025-05-12
CUST-14263,Chennai,Tamil Nadu,Tier 1,2025-09-20
CUST-14264,Jaipur,Rajasthan,Tier 2,2025-09-13
CUST-14265,Chennai,Tamil Nadu,Tier 1,2024-12-19
CUST-14266,Pune,Maharashtra,Tier 1,2024-09-27
CUST-14267,Mumbai,Maharashtra,Tier 1,2025-01-26
CUST-14268,Indore,Madhya Pradesh,Tier 2,2025-03-07
CUST-14269,Nagpur,Maharashtra,Tier 2,2025-04-16
CUST-14270,Pune,Maharashtra,Tier 1,2024-11-03
CUST-14271,Bhubaneswar,Odisha,Tier 2,2025-05-22
CUST-14272,Delhi NCR,Delhi,Tier 1,2024-02-24
CUST-14273,Kolkata,West Bengal,Tier 1,2024-02-06
CUST-14274,Pune,Maharashtra,Tier 1,2024-02-24
CUST-14275,Pune,Maharashtra,Tier 1,2025-06-07
CUST-14276,Chennai,Tamil Nadu,Tier 1,2025-04-07
CUST-14277,Hyderabad,Telangana,Tier 1,2025-11-27
CUST-14278,Delhi NCR,Delhi,Tier 1,2025-04-22
CUST-14279,Chennai,Tamil Nadu,Tier 1,2024-07-29
CUST-14280,Delhi NCR,Delhi,Tier 1,2024-08-13
CUST-14281,Ahmedabad,Gujarat,Tier 2,2024-01-07
CUST-14282,Bangalore,Karnataka,Tier 1,2025-06-23
CUST-14283,Mumbai,Maharashtra,Tier 1,2024-07-30
CUST-14284,Kolkata,West Bengal,Tier 1,2024-07-07
CUST-14285,Pune,Maharashtra,Tier 1,2024-03-15
CUST-14286,Bhopal,Madhya Pradesh,Tier 2,2024-04-23
CUST-14287,Pune,Maharashtra,Tier 1,2025-11-09
CUST-14288,Hyderabad,Telangana,Tier 1,2025-09-09
CUST-14289,Indore,Madhya Pradesh,Tier 2,2024-05-30
CUST-14290,Kolkata,West Bengal,Tier 1,2025-03-11
CUST-14291,Mumbai,Maharashtra,Tier 1,2024-03-24
CUST-14292,Pune,Maharashtra,Tier 1,2024-07-30
CUST-14293,Coimbatore,Tamil Nadu,Tier 2,2025-04-05
CUST-14294,Chennai,Tamil Nadu,Tier 1,2024-06-25
CUST-14295,Hyderabad,Telangana,Tier 1,2024-11-07
CUST-14296,Delhi NCR,Delhi,Tier 1,2025-11-24
CUST-14297,Delhi NCR,Delhi,Tier 1,2024-06-07
CUST-14298,Chennai,Tamil Nadu,Tier 1,2024-07-04
CUST-14299,Pune,Maharashtra,Tier 1,2025-04-15
CUST-14300,Mumbai,Maharashtra,Tier 1,2024-11-04
CUST-14301,Nagpur,Maharashtra,Tier 2,2024-09-02
CUST-14302,Chandigarh,Punjab,Tier 2,2025-01-18
CUST-14303,Pune,Maharashtra,Tier 1,2024-02-11
CUST-14304,Patna,Bihar,Tier 2,2024-10-11
CUST-14305,Mumbai,Maharashtra,Tier 1,2024-10-26
CUST-14306,Kolkata,West Bengal,Tier 1,2025-03-11
CUST-14307,Pune,Maharashtra,Tier 1,2025-01-03
CUST-14308,Patna,Bihar,Tier 2,2025-04-30
CUST-14309,Kochi,Kerala,Tier 2,2025-03-11
CUST-14310,Bangalore,Karnataka,Tier 1,2025-03-03
CUST-14311,Nagpur,Maharashtra,Tier 2,2024-06-29
CUST-14312,Delhi NCR,Delhi,Tier 1,2025-11-24
CUST-14313,Bhopal,Madhya Pradesh,Tier 2,2024-12-05
CUST-14314,Visakhapatnam,Andhra Pradesh,Tier 2,2025-05-05
CUST-14315,Delhi NCR,Delhi,Tier 1,2025-05-09
CUST-14316,Ahmedabad,Gujarat,Tier 2,2024-06-11
CUST-14317,Mumbai,Maharashtra,Tier 1,2025-07-11
CUST-14318,Chennai,Tamil Nadu,Tier 1,2025-03-31
CUST-14319,Kolkata,West Bengal,Tier 1,2024-04-01
CUST-14320,Pune,Maharashtra,Tier 1,2024-04-14
CUST-14321,Nagpur,Maharashtra,Tier 2,2025-03-14
CUST-14322,Jaipur,Rajasthan,Tier 2,2025-05-12
CUST-14323,Kolkata,West Bengal,Tier 1,2024-11-23
CUST-14324,Indore,Madhya Pradesh,Tier 2,2025-10-12
CUST-14325,Bhubaneswar,Odisha,Tier 2,2025-06-24
CUST-14326,Mumbai,Maharashtra,Tier 1,2025-05-23
CUST-14327,Visakhapatnam,Andhra Pradesh,Tier 2,2024-09-07
CUST-14328,Mumbai,Maharashtra,Tier 1,2024-07-09
CUST-14329,Indore,Madhya Pradesh,Tier 2,2024-02-16
CUST-14330,Hyderabad,Telangana,Tier 1,2024-09-07
CUST-14331,Delhi NCR,Delhi,Tier 1,2024-03-04
CUST-14332,Chennai,Tamil Nadu,Tier 1,2024-11-15
CUST-14333,Pune,Maharashtra,Tier 1,2025-06-07
CUST-14334,Chennai,Tamil Nadu,Tier 1,2024-10-18
CUST-14335,Mumbai,Maharashtra,Tier 1,2024-01-29
CUST-14336,Pune,Maharashtra,Tier 1,2025-10-12
CUST-14337,Coimbatore,Tamil Nadu,Tier 2,2025-03-12
CUST-14338,Chennai,Tamil Nadu,Tier 1,2025-08-19
CUST-14339,Bangalore,Karnataka,Tier 1,2025-08-08
CUST-14340,Chennai,Tamil Nadu,Tier 1,2024-02-16
CUST-14341,Mumbai,Maharashtra,Tier 1,2025-02-20
CUST-14342,Indore,Madhya Pradesh,Tier 2,2025-08-15
CUST-14343,Patna,Bihar,Tier 2,2025-03-26
CUST-14344,Pune,Maharashtra,Tier 1,2025-09-24
CUST-14345,Hyderabad,Telangana,Tier 1,2025-07-08
CUST-14346,Indore,Madhya Pradesh,Tier 2,2025-10-19
CUST-14347,Kolkata,West Bengal,Tier 1,2024-03-14
CUST-14348,Patna,Bihar,Tier 2,2024-02-22
CUST-14349,Pune,Maharashtra,Tier 1,2024-08-20
CUST-14350,Kochi,Kerala,Tier 2,2024-07-18
CUST-14351,Pune,Maharashtra,Tier 1,2025-11-04
CUST-14352,Chennai,Tamil Nadu,Tier 1,2025-07-02
CUST-14353,Bhubaneswar,Odisha,Tier 2,2024-04-06
CUST-14354,Kolkata,West Bengal,Tier 1,2024-02-18
CUST-14355,Pune,Maharashtra,Tier 1,2025-06-05
CUST-14356,Bangalore,Karnataka,Tier 1,2024-02-09
CUST-14357,Pune,Maharashtra,Tier 1,2024-06-01
CUST-14358,Pune,Maharashtra,Tier 1,2024-04-15
CUST-14359,Delhi NCR,Delhi,Tier 1,2025-07-06
CUST-14360,Mumbai,Maharashtra,Tier 1,2025-11-06
CUST-14361,Pune,Maharashtra,Tier 1,2024-07-29
CUST-14362,Chandigarh,Punjab,Tier 2,2024-07-20
CUST-14363,Kolkata,West Bengal,Tier 1,2025-03-08
CUST-14364,Bangalore,Karnataka,Tier 1,2025-07-18
CUST-14365,Jaipur,Rajasthan,Tier 2,2024-05-26
CUST-14366,Mumbai,Maharashtra,Tier 1,2025-05-13
CUST-14367,Chennai,Tamil Nadu,Tier 1,2024-10-08
CUST-14368,Delhi NCR,Delhi,Tier 1,2024-11-05
CUST-14369,Delhi NCR,Delhi,Tier 1,2024-02-20
CUST-14370,Bangalore,Karnataka,Tier 1,2025-05-09
CUST-14371,Chennai,Tamil Nadu,Tier 1,2025-02-12
CUST-14372,Mumbai,Maharashtra,Tier 1,2025-09-17
CUST-14373,Chennai,Tamil Nadu,Tier 1,2024-09-29
CUST-14374,Kolkata,West Bengal,Tier 1,2025-04-02
CUST-14375,Kolkata,West Bengal,Tier 1,2024-04-29
CUST-14376,Chennai,Tamil Nadu,Tier 1,2024-02-15
CUST-14377,Patna,Bihar,Tier 2,2024-08-30
CUST-14378,Delhi NCR,Delhi,Tier 1,2024-11-06
CUST-14379,Kolkata,West Bengal,Tier 1,2025-07-15
CUST-14380,Mumbai,Maharashtra,Tier 1,2024-11-26
CUST-14381,Mumbai,Maharashtra,Tier 1,2024-01-11
CUST-14382,Pune,Maharashtra,Tier 1,2025-02-27
CUST-14383,Pune,Maharashtra,Tier 1,2024-02-17
CUST-14384,Bhopal,Madhya Pradesh,Tier 2,2025-01-11
CUST-14385,Pune,Maharashtra,Tier 1,2025-07-21
CUST-14386,Bhubaneswar,Odisha,Tier 2,2024-01-08
CUST-14387,Mumbai,Maharashtra,Tier 1,2025-06-09
CUST-14388,Delhi NCR,Delhi,Tier 1,2025-01-04
CUST-14389,Mumbai,Maharashtra,Tier 1,2025-03-15
CUST-14390,Delhi NCR,Delhi,Tier 1,2025-07-19
CUST-14391,Kolkata,West Bengal,Tier 1,2025-04-28
CUST-14392,Pune,Maharashtra,Tier 1,2024-09-29
CUST-14393,Mumbai,Maharashtra,Tier 1,2024-05-10
CUST-14394,Bhubaneswar,Odisha,Tier 2,2025-06-04
CUST-14395,Patna,Bihar,Tier 2,2025-09-25
CUST-14396,Hyderabad,Telangana,Tier 1,2024-04-23
CUST-14397,Mumbai,Maharashtra,Tier 1,2025-06-15
CUST-14398,Delhi NCR,Delhi,Tier 1,2025-05-13
CUST-14399,Delhi NCR,Delhi,Tier 1,2024-12-04
CUST-14400,Delhi NCR,Delhi,Tier 1,2024-01-21
CUST-14401,Kolkata,West Bengal,Tier 1,2024-02-02
CUST-14402,Bangalore,Karnataka,Tier 1,2024-05-12
CUST-14403,Hyderabad,Telangana,Tier 1,2024-01-26
CUST-14404,Visakhapatnam,Andhra Pradesh,Tier 2,2024-12-29
CUST-14405,Lucknow,Uttar Pradesh,Tier 2,2025-08-23
CUST-14406,Bhubaneswar,Odisha,Tier 2,2024-04-01
CUST-14407,Delhi NCR,Delhi,Tier 1,2025-06-28
CUST-14408,Chennai,Tamil Nadu,Tier 1,2024-08-25
CUST-14409,Kolkata,West Bengal,Tier 1,2024-01-18
CUST-14410,Mumbai,Maharashtra,Tier 1,2024-09-30
CUST-14411,Mumbai,Maharashtra,Tier 1,2024-10-15
CUST-14412,Jaipur,Rajasthan,Tier 2,2024-01-27
CUST-14413,Pune,Maharashtra,Tier 1,2025-03-09
CUST-14414,Chennai,Tamil Nadu,Tier 1,2024-04-17
CUST-14415,Kolkata,West Bengal,Tier 1,2024-11-19
CUST-14416,Chennai,Tamil Nadu,Tier 1,2025-06-14
CUST-14417,Mumbai,Maharashtra,Tier 1,2024-04-13
CUST-14418,Hyderabad,Telangana,Tier 1,2024-11-27
CUST-14419,Delhi NCR,Delhi,Tier 1,2024-12-27
CUST-14420,Delhi NCR,Delhi,Tier 1,2024-10-15
CUST-14421,Bhubaneswar,Odisha,Tier 2,2025-03-19
CUST-14422,Pune,Maharashtra,Tier 1,2024-02-06
CUST-14423,Ahmedabad,Gujarat,Tier 2,2024-12-13
CUST-14424,Hyderabad,Telangana,Tier 1,2024-02-12
CUST-14425,Chennai,Tamil Nadu,Tier 1,2024-05-05
CUST-14426,Bangalore,Karnataka,Tier 1,2024-01-09
CUST-14427,Delhi NCR,Delhi,Tier 1,2025-06-09
CUST-14428,Delhi NCR,Delhi,Tier 1,2024-05-10
CUST-14429,Indore,Madhya Pradesh,Tier 2,2024-11-20
CUST-14430,Jaipur,Rajasthan,Tier 2,2024-07-02
CUST-14431,Kolkata,West Bengal,Tier 1,2024-10-08
CUST-14432,Kolkata,West Bengal,Tier 1,2024-02-22
CUST-14433,Nagpur,Maharashtra,Tier 2,2025-07-06
CUST-14434,Mumbai,Maharashtra,Tier 1,2025-06-16
CUST-14435,Hyderabad,Telangana,Tier 1,2025-01-11
CUST-14436,Hyderabad,Telangana,Tier 1,2024-10-21
CUST-14437,Kochi,Kerala,Tier 2,2024-07-26
CUST-14438,Visakhapatnam,Andhra Pradesh,Tier 2,2025-10-24
CUST-14439,Bangalore,Karnataka,Tier 1,2025-04-21
CUST-14440,Bhopal,Madhya Pradesh,Tier 2,2024-03-09
CUST-14441,Patna,Bihar,Tier 2,2025-03-12
CUST-14442,Bangalore,Karnataka,Tier 1,2024-10-27
CUST-14443,Chennai,Tamil Nadu,Tier 1,2024-01-27
CUST-14444,Chennai,Tamil Nadu,Tier 1,2025-09-19
CUST-14445,Visakhapatnam,Andhra Pradesh,Tier 2,2025-10-15
CUST-14446,Delhi NCR,Delhi,Tier 1,2025-07-06
CUST-14447,Indore,Madhya Pradesh,Tier 2,2024-04-15
CUST-14448,Hyderabad,Telangana,Tier 1,2025-08-08
CUST-14449,Ahmedabad,Gujarat,Tier 2,2025-07-25
CUST-14450,Chennai,Tamil Nadu,Tier 1,2025-09-25
CUST-14451,Pune,Maharashtra,Tier 1,2024-01-11
CUST-14452,Patna,Bihar,Tier 2,2025-10-20
CUST-14453,Indore,Madhya Pradesh,Tier 2,2024-08-03
CUST-14454,Bhopal,Madhya Pradesh,Tier 2,2024-11-16
CUST-14455,Mumbai,Maharashtra,Tier 1,2025-04-04
CUST-14456,Lucknow,Uttar Pradesh,Tier 2,2025-06-09
CUST-14457,Delhi NCR,Delhi,Tier 1,2025-08-01
CUST-14458,Chennai,Tamil Nadu,Tier 1,2025-11-22
CUST-14459,Kolkata,West Bengal,Tier 1,2024-06-08
CUST-14460,Chennai,Tamil Nadu,Tier 1,2025-04-08
CUST-14461,Kolkata,West Bengal,Tier 1,2025-06-05
CUST-14462,Visakhapatnam,Andhra Pradesh,Tier 2,2025-09-27
CUST-14463,Delhi NCR,Delhi,Tier 1,2024-09-29
CUST-14464,Jaipur,Rajasthan,Tier 2,2024-08-28
CUST-14465,Chennai,Tamil Nadu,Tier 1,2025-10-16
CUST-14466,Delhi NCR,Delhi,Tier 1,2024-06-15
CUST-14467,Delhi NCR,Delhi,Tier 1,2025-07-22
CUST-14468,Bhubaneswar,Odisha,Tier 2,2025-10-11
CUST-14469,Bhopal,Madhya Pradesh,Tier 2,2024-11-22
CUST-14470,Coimbatore,Tamil Nadu,Tier 2,2025-06-12
CUST-14471,Visakhapatnam,Andhra Pradesh,Tier 2,2024-09-29
CUST-14472,Bangalore,Karnataka,Tier 1,2025-01-10
CUST-14473,Hyderabad,Telangana,Tier 1,2025-01-09
CUST-14474,Jaipur,Rajasthan,Tier 2,2024-11-29
CUST-14475,Kolkata,West Bengal,Tier 1,2024-01-03
CUST-14476,Chennai,Tamil Nadu,Tier 1,2024-08-30
CUST-14477,Hyderabad,Telangana,Tier 1,2025-09-11
CUST-14478,Pune,Maharashtra,Tier 1,2024-02-20
CUST-14479,Pune,Maharashtra,Tier 1,2024-12-15
CUST-14480,Delhi NCR,Delhi,Tier 1,2024-06-22
CUST-14481,Kolkata,West Bengal,Tier 1,2024-04-25
CUST-14482,Kolkata,West Bengal,Tier 1,2025-11-25
CUST-14483,Pune,Maharashtra,Tier 1,2024-12-26
CUST-14484,Bangalore,Karnataka,Tier 1,2024-12-20
CUST-14485,Chandigarh,Punjab,Tier 2,2025-10-27
CUST-14486,Mumbai,Maharashtra,Tier 1,2024-03-16
CUST-14487,Hyderabad,Telangana,Tier 1,2024-03-21
CUST-14488,Kochi,Kerala,Tier 2,2024-08-16
CUST-14489,Pune,Maharashtra,Tier 1,2024-03-12
CUST-14490,Bangalore,Karnataka,Tier 1,2025-02-06
CUST-14491,Lucknow,Uttar Pradesh,Tier 2,2024-08-05
CUST-14492,Pune,Maharashtra,Tier 1,2025-03-27
CUST-14493,Indore,Madhya Pradesh,Tier 2,2025-01-01
CUST-14494,Ahmedabad,Gujarat,Tier 2,2025-08-12
CUST-14495,Pune,Maharashtra,Tier 1,2025-10-31
CUST-14496,Kolkata,West Bengal,Tier 1,2025-07-13
CUST-14497,Delhi NCR,Delhi,Tier 1,2024-11-07
CUST-14498,Bangalore,Karnataka,Tier 1,2024-10-24
CUST-14499,Chennai,Tamil Nadu,Tier 1,2024-01-24
CUST-14500,Pune,Maharashtra,Tier 1,2024-04-19
CUST-14501,Kolkata,West Bengal,Tier 1,2024-02-21
CUST-14502,Hyderabad,Telangana,Tier 1,2024-10-16
CUST-14503,Mumbai,Maharashtra,Tier 1,2025-03-19
CUST-14504,Kolkata,West Bengal,Tier 1,2025-04-11
CUST-14505,Hyderabad,Telangana,Tier 1,2024-09-15
CUST-14506,Ahmedabad,Gujarat,Tier 2,2024-11-19
CUST-14507,Mumbai,Maharashtra,Tier 1,2025-10-12
CUST-14508,Pune,Maharashtra,Tier 1,2024-12-03
CUST-14509,Nagpur,Maharashtra,Tier 2,2025-07-09
CUST-14510,Delhi NCR,Delhi,Tier 1,2025-02-25
CUST-14511,Kolkata,West Bengal,Tier 1,2024-09-15
CUST-14512,Mumbai,Maharashtra,Tier 1,2025-09-16
CUST-14513,Pune,Maharashtra,Tier 1,2024-03-05
CUST-14514,Kolkata,West Bengal,Tier 1,2024-06-11
CUST-14515,Chennai,Tamil Nadu,Tier 1,2024-06-12
CUST-14516,Kolkata,West Bengal,Tier 1,2025-11-08
CUST-14517,Coimbatore,Tamil Nadu,Tier 2,2024-02-08
CUST-14518,Bangalore,Karnataka,Tier 1,2025-10-26
CUST-14519,Mumbai,Maharashtra,Tier 1,2024-11-15
CUST-14520,Bhopal,Madhya Pradesh,Tier 2,2024-12-25
CUST-14521,Pune,Maharashtra,Tier 1,2024-09-25
CUST-14522,Coimbatore,Tamil Nadu,Tier 2,2024-11-19
CUST-14523,Pune,Maharashtra,Tier 1,2024-11-21
CUST-14524,Indore,Madhya Pradesh,Tier 2,2025-08-09
CUST-14525,Chennai,Tamil Nadu,Tier 1,2024-09-13
CUST-14526,Chandigarh,Punjab,Tier 2,2024-07-18
CUST-14527,Nagpur,Maharashtra,Tier 2,2025-03-13
CUST-14528,Pune,Maharashtra,Tier 1,2025-09-01
CUST-14529,Delhi NCR,Delhi,Tier 1,2024-04-13
CUST-14530,Bangalore,Karnataka,Tier 1,2025-01-06
CUST-14531,Bangalore,Karnataka,Tier 1,2024-06-12
CUST-14532,Bangalore,Karnataka,Tier 1,2024-04-22
CUST-14533,Hyderabad,Telangana,Tier 1,2025-09-06
CUST-14534,Kolkata,West Bengal,Tier 1,2025-07-02
CUST-14535,Pune,Maharashtra,Tier 1,2024-04-15
CUST-14536,Chennai,Tamil Nadu,Tier 1,2025-11-29
CUST-14537,Pune,Maharashtra,Tier 1,2024-12-29
CUST-14538,Mumbai,Maharashtra,Tier 1,2024-01-21
CUST-14539,Mumbai,Maharashtra,Tier 1,2025-10-21
CUST-14540,Delhi NCR,Delhi,Tier 1,2024-05-08
CUST-14541,Kolkata,West Bengal,Tier 1,2025-04-27
CUST-14542,Bangalore,Karnataka,Tier 1,2025-11-29
CUST-14543,Hyderabad,Telangana,Tier 1,2024-07-17
CUST-14544,Chennai,Tamil Nadu,Tier 1,2025-09-11
CUST-14545,Indore,Madhya Pradesh,Tier 2,2025-06-04
CUST-14546,Mumbai,Maharashtra,Tier 1,2025-02-23
CUST-14547,Pune,Maharashtra,Tier 1,2024-08-13
CUST-14548,Jaipur,Rajasthan,Tier 2,2024-07-27
CUST-14549,Indore,Madhya Pradesh,Tier 2,2024-09-01
CUST-14550,Nagpur,Maharashtra,Tier 2,2024-10-14
CUST-14551,Mumbai,Maharashtra,Tier 1,2024-03-06
CUST-14552,Delhi NCR,Delhi,Tier 1,2024-06-01
CUST-14553,Coimbatore,Tamil Nadu,Tier 2,2025-05-05
CUST-14554,Chennai,Tamil Nadu,Tier 1,2025-03-10
CUST-14555,Pune,Maharashtra,Tier 1,2024-08-05
CUST-14556,Jaipur,Rajasthan,Tier 2,2025-03-04
CUST-14557,Jaipur,Rajasthan,Tier 2,2025-05-16
CUST-14558,Nagpur,Maharashtra,Tier 2,2025-10-27
CUST-14559,Visakhapatnam,Andhra Pradesh,Tier 2,2025-08-16
CUST-14560,Ahmedabad,Gujarat,Tier 2,2024-08-08
CUST-14561,Hyderabad,Telangana,Tier 1,2025-03-10
CUST-14562,Bhopal,Madhya Pradesh,Tier 2,2024-10-06
CUST-14563,Mumbai,Maharashtra,Tier 1,2025-09-14
CUST-14564,Bangalore,Karnataka,Tier 1,2024-04-01
CUST-14565,Coimbatore,Tamil Nadu,Tier 2,2025-06-07
CUST-14566,Bangalore,Karnataka,Tier 1,2024-05-18
CUST-14567,Bangalore,Karnataka,Tier 1,2025-10-28
CUST-14568,Delhi NCR,Delhi,Tier 1,2024-01-23
CUST-14569,Bhopal,Madhya Pradesh,Tier 2,2025-02-20
CUST-14570,Kolkata,West Bengal,Tier 1,2024-12-13
CUST-14571,Jaipur,Rajasthan,Tier 2,2024-08-24
CUST-14572,Bangalore,Karnataka,Tier 1,2024-07-01
CUST-14573,Chandigarh,Punjab,Tier 2,2025-05-22
CUST-14574,Chandigarh,Punjab,Tier 2,2024-07-16
CUST-14575,Hyderabad,Telangana,Tier 1,2025-11-12
CUST-14576,Chennai,Tamil Nadu,Tier 1,2024-05-02
CUST-14577,Bangalore,Karnataka,Tier 1,2025-06-29
CUST-14578,Visakhapatnam,Andhra Pradesh,Tier 2,2025-01-15
CUST-14579,Pune,Maharashtra,Tier 1,2025-05-29
CUST-14580,Nagpur,Maharashtra,Tier 2,2024-01-06
CUST-14581,Hyderabad,Telangana,Tier 1,2024-10-30
CUST-14582,Kochi,Kerala,Tier 2,2025-09-05
CUST-14583,Chandigarh,Punjab,Tier 2,2024-07-10
CUST-14584,Lucknow,Uttar Pradesh,Tier 2,2025-01-10
CUST-14585,Bhubaneswar,Odisha,Tier 2,2025-06-08
CUST-14586,Chennai,Tamil Nadu,Tier 1,2024-02-05
CUST-14587,Delhi NCR,Delhi,Tier 1,2024-03-10
CUST-14588,Jaipur,Rajasthan,Tier 2,2024-10-15
CUST-14589,Ahmedabad,Gujarat,Tier 2,2024-04-14
CUST-14590,Pune,Maharashtra,Tier 1,2024-11-08
CUST-14591,Bangalore,Karnataka,Tier 1,2024-02-24
CUST-14592,Kolkata,West Bengal,Tier 1,2024-04-16
CUST-14593,Hyderabad,Telangana,Tier 1,2025-10-14
CUST-14594,Chennai,Tamil Nadu,Tier 1,2024-11-02
CUST-14595,Pune,Maharashtra,Tier 1,2024-02-05
CUST-14596,Chandigarh,Punjab,Tier 2,2024-05-12
CUST-14597,Bangalore,Karnataka,Tier 1,2024-01-25
CUST-14598,Chennai,Tamil Nadu,Tier 1,2024-02-06
CUST-14599,Bangalore,Karnataka,Tier 1,2024-01-19
CUST-14600,Bangalore,Karnataka,Tier 1,2024-02-04
CUST-14601,Kochi,Kerala,Tier 2,2024-12-28
CUST-14602,Coimbatore,Tamil Nadu,Tier 2,2025-02-21
CUST-14603,Hyderabad,Telangana,Tier 1,2025-03-05
CUST-14604,Chandigarh,Punjab,Tier 2,2025-06-01
CUST-14605,Coimbatore,Tamil Nadu,Tier 2,2025-04-11
CUST-14606,Patna,Bihar,Tier 2,2024-07-17
CUST-14607,Delhi NCR,Delhi,Tier 1,2025-06-29
CUST-14608,Bhubaneswar,Odisha,Tier 2,2025-07-21
CUST-14609,Chennai,Tamil Nadu,Tier 1,2024-07-29
CUST-14610,Hyderabad,Telangana,Tier 1,2025-08-31
CUST-14611,Mumbai,Maharashtra,Tier 1,2025-05-15
CUST-14612,Kolkata,West Bengal,Tier 1,2024-08-28
CUST-14613,Delhi NCR,Delhi,Tier 1,2024-06-18
CUST-14614,Bangalore,Karnataka,Tier 1,2024-10-20
CUST-14615,Hyderabad,Telangana,Tier 1,2024-11-10
CUST-14616,Indore,Madhya Pradesh,Tier 2,2024-05-06
CUST-14617,Bhopal,Madhya Pradesh,Tier 2,2025-04-12
CUST-14618,Hyderabad,Telangana,Tier 1,2025-01-01
CUST-14619,Bhopal,Madhya Pradesh,Tier 2,2024-01-21
CUST-14620,Bhopal,Madhya Pradesh,Tier 2,2024-11-11
CUST-14621,Chandigarh,Punjab,Tier 2,2024-03-30
CUST-14622,Delhi NCR,Delhi,Tier 1,2025-02-07
CUST-14623,Lucknow,Uttar Pradesh,Tier 2,2025-06-01
CUST-14624,Bhubaneswar,Odisha,Tier 2,2025-03-26
CUST-14625,Lucknow,Uttar Pradesh,Tier 2,2025-08-31
CUST-14626,Hyderabad,Telangana,Tier 1,2024-05-29
CUST-14627,Kolkata,West Bengal,Tier 1,2025-03-21
CUST-14628,Pune,Maharashtra,Tier 1,2024-03-20
CUST-14629,Kolkata,West Bengal,Tier 1,2024-01-17
CUST-14630,Delhi NCR,Delhi,Tier 1,2024-05-17
CUST-14631,Hyderabad,Telangana,Tier 1,2025-10-13
CUST-14632,Indore,Madhya Pradesh,Tier 2,2025-05-22
CUST-14633,Bhopal,Madhya Pradesh,Tier 2,2025-07-05
CUST-14634,Delhi NCR,Delhi,Tier 1,2025-11-10
CUST-14635,Bhubaneswar,Odisha,Tier 2,2024-03-14
CUST-14636,Hyderabad,Telangana,Tier 1,2024-03-14
CUST-14637,Jaipur,Rajasthan,Tier 2,2024-02-19
CUST-14638,Chandigarh,Punjab,Tier 2,2024-01-10
CUST-14639,Indore,Madhya Pradesh,Tier 2,2024-04-12
CUST-14640,Bhubaneswar,Odisha,Tier 2,2025-01-22
CUST-14641,Hyderabad,Telangana,Tier 1,2025-01-19
CUST-14642,Bhopal,Madhya Pradesh,Tier 2,2024-10-25
CUST-14643,Delhi NCR,Delhi,Tier 1,2024-12-04
CUST-14644,Lucknow,Uttar Pradesh,Tier 2,2025-01-23
CUST-14645,Chandigarh,Punjab,Tier 2,2025-04-18
CUST-14646,Jaipur,Rajasthan,Tier 2,2025-09-07
CUST-14647,Bangalore,Karnataka,Tier 1,2024-05-21
CUST-14648,Bhopal,Madhya Pradesh,Tier 2,2024-06-18
CUST-14649,Delhi NCR,Delhi,Tier 1,2024-01-13
CUST-14650,Mumbai,Maharashtra,Tier 1,2025-10-30
CUST-14651,Ahmedabad,Gujarat,Tier 2,2025-03-24
CUST-14652,Kolkata,West Bengal,Tier 1,2024-06-22
CUST-14653,Patna,Bihar,Tier 2,2025-11-04
CUST-14654,Chennai,Tamil Nadu,Tier 1,2024-05-11
CUST-14655,Delhi NCR,Delhi,Tier 1,2025-06-23
CUST-14656,Patna,Bihar,Tier 2,2025-08-17
CUST-14657,Kolkata,West Bengal,Tier 1,2024-09-25
CUST-14658,Bangalore,Karnataka,Tier 1,2024-09-07
CUST-14659,Ahmedabad,Gujarat,Tier 2,2025-01-04
CUST-14660,Kolkata,West Bengal,Tier 1,2025-09-09
CUST-14661,Pune,Maharashtra,Tier 1,2025-06-09
CUST-14662,Chennai,Tamil Nadu,Tier 1,2025-08-14
CUST-14663,Patna,Bihar,Tier 2,2025-05-20
CUST-14664,Patna,Bihar,Tier 2,2025-11-02
CUST-14665,Ahmedabad,Gujarat,Tier 2,2024-06-26
CUST-14666,Delhi NCR,Delhi,Tier 1,2025-10-28
CUST-14667,Patna,Bihar,Tier 2,2025-06-30
CUST-14668,Jaipur,Rajasthan,Tier 2,2024-09-15
CUST-14669,Lucknow,Uttar Pradesh,Tier 2,2024-09-16
CUST-14670,Hyderabad,Telangana,Tier 1,2024-05-14
CUST-14671,Bhopal,Madhya Pradesh,Tier 2,2025-04-05
CUST-14672,Ahmedabad,Gujarat,Tier 2,2025-05-03
CUST-14673,Delhi NCR,Delhi,Tier 1,2025-10-04
CUST-14674,Chennai,Tamil Nadu,Tier 1,2024-03-21
CUST-14675,Coimbatore,Tamil Nadu,Tier 2,2025-01-01
CUST-14676,Mumbai,Maharashtra,Tier 1,2024-02-28
CUST-14677,Bhubaneswar,Odisha,Tier 2,2024-03-14
CUST-14678,Jaipur,Rajasthan,Tier 2,2024-08-26
CUST-14679,Pune,Maharashtra,Tier 1,2024-05-08
CUST-14680,Bangalore,Karnataka,Tier 1,2025-02-15
CUST-14681,Bangalore,Karnataka,Tier 1,2024-11-10
CUST-14682,Bhubaneswar,Odisha,Tier 2,2025-01-08
CUST-14683,Hyderabad,Telangana,Tier 1,2025-03-12
CUST-14684,Kochi,Kerala,Tier 2,2024-05-17
CUST-14685,Chennai,Tamil Nadu,Tier 1,2025-03-30
CUST-14686,Delhi NCR,Delhi,Tier 1,2025-09-06
CUST-14687,Mumbai,Maharashtra,Tier 1,2024-01-09
CUST-14688,Kolkata,West Bengal,Tier 1,2024-08-19
CUST-14689,Visakhapatnam,Andhra Pradesh,Tier 2,2025-09-02
CUST-14690,Hyderabad,Telangana,Tier 1,2025-01-31
CUST-14691,Hyderabad,Telangana,Tier 1,2025-11-10
CUST-14692,Hyderabad,Telangana,Tier 1,2025-07-27
CUST-14693,Kolkata,West Bengal,Tier 1,2024-11-13
CUST-14694,Chennai,Tamil Nadu,Tier 1,2025-05-21
CUST-14695,Bhopal,Madhya Pradesh,Tier 2,2025-06-05
CUST-14696,Kolkata,West Bengal,Tier 1,2024-03-27
CUST-14697,Kolkata,West Bengal,Tier 1,2024-11-13
CUST-14698,Delhi NCR,Delhi,Tier 1,2024-11-28
CUST-14699,Visakhapatnam,Andhra Pradesh,Tier 2,2024-12-25
CUST-14700,Bangalore,Karnataka,Tier 1,2024-08-28
CUST-14701,Mumbai,Maharashtra,Tier 1,2024-02-25
CUST-14702,Jaipur,Rajasthan,Tier 2,2024-04-19
CUST-14703,Pune,Maharashtra,Tier 1,2024-02-18
CUST-14704,Chennai,Tamil Nadu,Tier 1,2024-01-16
CUST-14705,Chennai,Tamil Nadu,Tier 1,2024-03-13
CUST-14706,Kochi,Kerala,Tier 2,2024-07-20
CUST-14707,Bangalore,Karnataka,Tier 1,2024-04-02
CUST-14708,Indore,Madhya Pradesh,Tier 2,2025-10-10
CUST-14709,Pune,Maharashtra,Tier 1,2024-02-02
CUST-14710,Chennai,Tamil Nadu,Tier 1,2025-08-22
CUST-14711,Chennai,Tamil Nadu,Tier 1,2025-02-22
CUST-14712,Bangalore,Karnataka,Tier 1,2024-07-21
CUST-14713,Chandigarh,Punjab,Tier 2,2025-07-04
CUST-14714,Kolkata,West Bengal,Tier 1,2025-09-17
CUST-14715,Hyderabad,Telangana,Tier 1,2024-11-07
CUST-14716,Pune,Maharashtra,Tier 1,2025-04-13
CUST-14717,Visakhapatnam,Andhra Pradesh,Tier 2,2025-01-28
CUST-14718,Chennai,Tamil Nadu,Tier 1,2024-07-29
CUST-14719,Nagpur,Maharashtra,Tier 2,2025-07-24
CUST-14720,Hyderabad,Telangana,Tier 1,2024-06-04
CUST-14721,Mumbai,Maharashtra,Tier 1,2025-09-25
CUST-14722,Bangalore,Karnataka,Tier 1,2025-09-23
CUST-14723,Chennai,Tamil Nadu,Tier 1,2024-11-17
CUST-14724,Bangalore,Karnataka,Tier 1,2025-03-10
CUST-14725,Mumbai,Maharashtra,Tier 1,2025-07-27
CUST-14726,Nagpur,Maharashtra,Tier 2,2025-10-31
CUST-14727,Patna,Bihar,Tier 2,2024-02-09
CUST-14728,Chandigarh,Punjab,Tier 2,2024-02-09
CUST-14729,Delhi NCR,Delhi,Tier 1,2025-03-28
CUST-14730,Delhi NCR,Delhi,Tier 1,2024-07-08
CUST-14731,Mumbai,Maharashtra,Tier 1,2024-01-15
CUST-14732,Ahmedabad,Gujarat,Tier 2,2024-05-03
CUST-14733,Nagpur,Maharashtra,Tier 2,2024-10-06
CUST-14734,Chennai,Tamil Nadu,Tier 1,2024-02-17
CUST-14735,Delhi NCR,Delhi,Tier 1,2024-07-07
CUST-14736,Kolkata,West Bengal,Tier 1,2024-10-30
CUST-14737,Hyderabad,Telangana,Tier 1,2025-07-12
CUST-14738,Chennai,Tamil Nadu,Tier 1,2025-11-26
CUST-14739,Pune,Maharashtra,Tier 1,2024-04-14
CUST-14740,Ahmedabad,Gujarat,Tier 2,2025-01-03
CUST-14741,Delhi NCR,Delhi,Tier 1,2025-05-15
CUST-14742,Mumbai,Maharashtra,Tier 1,2025-04-04
CUST-14743,Visakhapatnam,Andhra Pradesh,Tier 2,2024-09-03
CUST-14744,Bangalore,Karnataka,Tier 1,2024-09-20
CUST-14745,Mumbai,Maharashtra,Tier 1,2024-07-24
CUST-14746,Bangalore,Karnataka,Tier 1,2025-05-21
CUST-14747,Mumbai,Maharashtra,Tier 1,2025-06-13
CUST-14748,Chennai,Tamil Nadu,Tier 1,2024-12-29
CUST-14749,Indore,Madhya Pradesh,Tier 2,2024-12-05
CUST-14750,Hyderabad,Telangana,Tier 1,2025-02-10
CUST-14751,Chennai,Tamil Nadu,Tier 1,2025-03-28
CUST-14752,Jaipur,Rajasthan,Tier 2,2025-07-31
CUST-14753,Kolkata,West Bengal,Tier 1,2024-05-29
CUST-14754,Bhopal,Madhya Pradesh,Tier 2,2024-07-11
CUST-14755,Bhopal,Madhya Pradesh,Tier 2,2024-05-26
CUST-14756,Mumbai,Maharashtra,Tier 1,2025-02-09
CUST-14757,Kochi,Kerala,Tier 2,2024-07-01
CUST-14758,Chennai,Tamil Nadu,Tier 1,2024-04-15
CUST-14759,Visakhapatnam,Andhra Pradesh,Tier 2,2024-08-23
CUST-14760,Kolkata,West Bengal,Tier 1,2025-09-29
CUST-14761,Visakhapatnam,Andhra Pradesh,Tier 2,2024-06-27
CUST-14762,Chandigarh,Punjab,Tier 2,2025-03-07
CUST-14763,Bangalore,Karnataka,Tier 1,2025-02-04
CUST-14764,Kolkata,West Bengal,Tier 1,2025-06-08
CUST-14765,Visakhapatnam,Andhra Pradesh,Tier 2,2025-06-23
CUST-14766,Bhopal,Madhya Pradesh,Tier 2,2024-11-18
CUST-14767,Delhi NCR,Delhi,Tier 1,2024-09-17
CUST-14768,Lucknow,Uttar Pradesh,Tier 2,2025-09-03
CUST-14769,Hyderabad,Telangana,Tier 1,2025-11-30
CUST-14770,Mumbai,Maharashtra,Tier 1,2025-02-02
CUST-14771,Chennai,Tamil Nadu,Tier 1,2024-12-02
CUST-14772,Bangalore,Karnataka,Tier 1,2024-10-26
CUST-14773,Indore,Madhya Pradesh,Tier 2,2024-04-28
CUST-14774,Hyderabad,Telangana,Tier 1,2025-07-11
CUST-14775,Patna,Bihar,Tier 2,2025-02-16
CUST-14776,Mumbai,Maharashtra,Tier 1,2025-08-02
CUST-14777,Hyderabad,Telangana,Tier 1,2025-01-18
CUST-14778,Bangalore,Karnataka,Tier 1,2025-04-24
CUST-14779,Bangalore,Karnataka,Tier 1,2024-10-31
CUST-14780,Mumbai,Maharashtra,Tier 1,2025-11-13
CUST-14781,Bangalore,Karnataka,Tier 1,2024-07-14
CUST-14782,Kolkata,West Bengal,Tier 1,2024-11-28
CUST-14783,Hyderabad,Telangana,Tier 1,2024-01-20
CUST-14784,Chennai,Tamil Nadu,Tier 1,2025-09-14
CUST-14785,Chennai,Tamil Nadu,Tier 1,2025-10-19
CUST-14786,Bhopal,Madhya Pradesh,Tier 2,2025-03-08
CUST-14787,Coimbatore,Tamil Nadu,Tier 2,2025-03-01
CUST-14788,Kolkata,West Bengal,Tier 1,2024-08-16
CUST-14789,Hyderabad,Telangana,Tier 1,2025-06-07
CUST-14790,Delhi NCR,Delhi,Tier 1,2024-08-04
CUST-14791,Bhubaneswar,Odisha,Tier 2,2025-08-13
CUST-14792,Mumbai,Maharashtra,Tier 1,2025-01-09
CUST-14793,Hyderabad,Telangana,Tier 1,2024-02-05
CUST-14794,Hyderabad,Telangana,Tier 1,2024-01-28
CUST-14795,Hyderabad,Telangana,Tier 1,2025-01-06
CUST-14796,Delhi NCR,Delhi,Tier 1,2024-03-26
CUST-14797,Kochi,Kerala,Tier 2,2024-07-06
CUST-14798,Delhi NCR,Delhi,Tier 1,2024-10-31
CUST-14799,Pune,Maharashtra,Tier 1,2025-02-25
CUST-14800,Delhi NCR,Delhi,Tier 1,2024-03-20
CUST-14801,Mumbai,Maharashtra,Tier 1,2024-07-04
CUST-14802,Coimbatore,Tamil Nadu,Tier 2,2024-01-05
CUST-14803,Bangalore,Karnataka,Tier 1,2025-07-11
CUST-14804,Indore,Madhya Pradesh,Tier 2,2025-05-11
CUST-14805,Kolkata,West Bengal,Tier 1,2025-05-23
CUST-14806,Mumbai,Maharashtra,Tier 1,2025-09-05
CUST-14807,Bhubaneswar,Odisha,Tier 2,2024-01-02
CUST-14808,Bangalore,Karnataka,Tier 1,2024-08-04
CUST-14809,Bhopal,Madhya Pradesh,Tier 2,2025-06-20
CUST-14810,Delhi NCR,Delhi,Tier 1,2024-09-13
CUST-14811,Patna,Bihar,Tier 2,2025-03-28
CUST-14812,Mumbai,Maharashtra,Tier 1,2025-02-27
CUST-14813,Kolkata,West Bengal,Tier 1,2024-11-19
CUST-14814,Kochi,Kerala,Tier 2,2025-05-13
CUST-14815,Nagpur,Maharashtra,Tier 2,2025-08-03
CUST-14816,Coimbatore,Tamil Nadu,Tier 2,2024-07-15
CUST-14817,Indore,Madhya Pradesh,Tier 2,2025-05-18
CUST-14818,Coimbatore,Tamil Nadu,Tier 2,2024-09-28
CUST-14819,Bangalore,Karnataka,Tier 1,2025-11-24
CUST-14820,Hyderabad,Telangana,Tier 1,2024-01-18
CUST-14821,Hyderabad,Telangana,Tier 1,2024-04-16
CUST-14822,Chennai,Tamil Nadu,Tier 1,2025-06-12
CUST-14823,Chennai,Tamil Nadu,Tier 1,2024-05-04
CUST-14824,Kolkata,West Bengal,Tier 1,2025-04-27
CUST-14825,Delhi NCR,Delhi,Tier 1,2025-08-16
CUST-14826,Lucknow,Uttar Pradesh,Tier 2,2024-01-04
CUST-14827,Delhi NCR,Delhi,Tier 1,2025-09-18
CUST-14828,Hyderabad,Telangana,Tier 1,2024-12-16
CUST-14829,Kolkata,West Bengal,Tier 1,2024-12-16
CUST-14830,Indore,Madhya Pradesh,Tier 2,2025-10-10
CUST-14831,Chandigarh,Punjab,Tier 2,2024-08-15
CUST-14832,Pune,Maharashtra,Tier 1,2024-01-16
CUST-14833,Delhi NCR,Delhi,Tier 1,2025-02-28
CUST-14834,Kolkata,West Bengal,Tier 1,2025-04-08
CUST-14835,Mumbai,Maharashtra,Tier 1,2024-09-02
CUST-14836,Chennai,Tamil Nadu,Tier 1,2024-06-25
CUST-14837,Chennai,Tamil Nadu,Tier 1,2025-06-26
CUST-14838,Mumbai,Maharashtra,Tier 1,2025-05-23
CUST-14839,Bangalore,Karnataka,Tier 1,2025-07-15
CUST-14840,Bhubaneswar,Odisha,Tier 2,2025-10-16
CUST-14841,Bhubaneswar,Odisha,Tier 2,2025-07-17
CUST-14842,Hyderabad,Telangana,Tier 1,2024-08-20
CUST-14843,Mumbai,Maharashtra,Tier 1,2025-11-08
CUST-14844,Delhi NCR,Delhi,Tier 1,2024-02-07
CUST-14845,Chennai,Tamil Nadu,Tier 1,2025-05-05
CUST-14846,Bhubaneswar,Odisha,Tier 2,2025-03-19
CUST-14847,Delhi NCR,Delhi,Tier 1,2024-01-20
CUST-14848,Chandigarh,Punjab,Tier 2,2025-09-02
CUST-14849,Delhi NCR,Delhi,Tier 1,2025-07-09
CUST-14850,Visakhapatnam,Andhra Pradesh,Tier 2,2024-04-20
CUST-14851,Chennai,Tamil Nadu,Tier 1,2025-05-01
CUST-14852,Kochi,Kerala,Tier 2,2024-03-29
CUST-14853,Hyderabad,Telangana,Tier 1,2024-11-14
CUST-14854,Pune,Maharashtra,Tier 1,2024-04-27
CUST-14855,Bangalore,Karnataka,Tier 1,2025-03-09
CUST-14856,Delhi NCR,Delhi,Tier 1,2024-08-26
CUST-14857,Nagpur,Maharashtra,Tier 2,2024-03-12
CUST-14858,Nagpur,Maharashtra,Tier 2,2025-02-02
CUST-14859,Coimbatore,Tamil Nadu,Tier 2,2025-02-07
CUST-14860,Pune,Maharashtra,Tier 1,2025-11-05
CUST-14861,Indore,Madhya Pradesh,Tier 2,2024-09-07
CUST-14862,Mumbai,Maharashtra,Tier 1,2024-07-13
CUST-14863,Hyderabad,Telangana,Tier 1,2025-07-25
CUST-14864,Hyderabad,Telangana,Tier 1,2025-09-01
CUST-14865,Pune,Maharashtra,Tier 1,2025-08-07
CUST-14866,Hyderabad,Telangana,Tier 1,2024-08-09
CUST-14867,Delhi NCR,Delhi,Tier 1,2025-09-22
CUST-14868,Pune,Maharashtra,Tier 1,2024-06-30
CUST-14869,Indore,Madhya Pradesh,Tier 2,2024-09-12
CUST-14870,Chennai,Tamil Nadu,Tier 1,2024-03-28
CUST-14871,Delhi NCR,Delhi,Tier 1,2025-05-06
CUST-14872,Bangalore,Karnataka,Tier 1,2024-12-01
CUST-14873,Bangalore,Karnataka,Tier 1,2025-06-21
CUST-14874,Hyderabad,Telangana,Tier 1,2025-02-10
CUST-14875,Pune,Maharashtra,Tier 1,2025-09-24
CUST-14876,Pune,Maharashtra,Tier 1,2024-10-15
CUST-14877,Lucknow,Uttar Pradesh,Tier 2,2024-12-27
CUST-14878,Hyderabad,Telangana,Tier 1,2025-03-16
CUST-14879,Indore,Madhya Pradesh,Tier 2,2024-01-30
CUST-14880,Bangalore,Karnataka,Tier 1,2025-07-01
CUST-14881,Kolkata,West Bengal,Tier 1,2025-09-28
CUST-14882,Indore,Madhya Pradesh,Tier 2,2024-08-10
CUST-14883,Delhi NCR,Delhi,Tier 1,2024-05-03
CUST-14884,Delhi NCR,Delhi,Tier 1,2025-11-13
CUST-14885,Coimbatore,Tamil Nadu,Tier 2,2025-11-23
CUST-14886,Hyderabad,Telangana,Tier 1,2024-08-02
CUST-14887,Lucknow,Uttar Pradesh,Tier 2,2024-04-27
CUST-14888,Mumbai,Maharashtra,Tier 1,2024-08-14
CUST-14889,Lucknow,Uttar Pradesh,Tier 2,2025-03-19
CUST-14890,Hyderabad,Telangana,Tier 1,2025-07-02
CUST-14891,Mumbai,Maharashtra,Tier 1,2025-08-30
CUST-14892,Pune,Maharashtra,Tier 1,2025-09-23
CUST-14893,Bangalore,Karnataka,Tier 1,2025-03-12
CUST-14894,Chennai,Tamil Nadu,Tier 1,2024-01-12
CUST-14895,Mumbai,Maharashtra,Tier 1,2024-05-01
CUST-14896,Delhi NCR,Delhi,Tier 1,2025-06-30
CUST-14897,Hyderabad,Telangana,Tier 1,2025-05-03
CUST-14898,Mumbai,Maharashtra,Tier 1,2024-09-07
CUST-14899,Coimbatore,Tamil Nadu,Tier 2,2025-08-01
CUST-14900,Mumbai,Maharashtra,Tier 1,2025-04-26
CUST-14901,Kolkata,West Bengal,Tier 1,2025-07-03
CUST-14902,Delhi NCR,Delhi,Tier 1,2024-10-06
CUST-14903,Hyderabad,Telangana,Tier 1,2024-12-02
CUST-14904,Nagpur,Maharashtra,Tier 2,2024-06-16
CUST-14905,Delhi NCR,Delhi,Tier 1,2024-11-23
CUST-14906,Bhubaneswar,Odisha,Tier 2,2024-09-02
CUST-14907,Bangalore,Karnataka,Tier 1,2025-08-13
CUST-14908,Chandigarh,Punjab,Tier 2,2025-09-17
CUST-14909,Kolkata,West Bengal,Tier 1,2024-10-27
CUST-14910,Coimbatore,Tamil Nadu,Tier 2,2024-07-18
CUST-14911,Kolkata,West Bengal,Tier 1,2025-05-14
CUST-14912,Kolkata,West Bengal,Tier 1,2024-01-13
CUST-14913,Bangalore,Karnataka,Tier 1,2024-12-31
CUST-14914,Delhi NCR,Delhi,Tier 1,2024-04-06
CUST-14915,Nagpur,Maharashtra,Tier 2,2024-03-11
CUST-14916,Hyderabad,Telangana,Tier 1,2024-12-22
CUST-14917,Chennai,Tamil Nadu,Tier 1,2025-06-27
CUST-14918,Chandigarh,Punjab,Tier 2,2024-09-06
CUST-14919,Hyderabad,Telangana,Tier 1,2024-09-10
CUST-14920,Bhubaneswar,Odisha,Tier 2,2024-06-30
CUST-14921,Chandigarh,Punjab,Tier 2,2024-06-14
CUST-14922,Pune,Maharashtra,Tier 1,2024-01-04
CUST-14923,Bhopal,Madhya Pradesh,Tier 2,2025-04-07
CUST-14924,Mumbai,Maharashtra,Tier 1,2024-05-24
CUST-14925,Bangalore,Karnataka,Tier 1,2024-06-13
CUST-14926,Kolkata,West Bengal,Tier 1,2024-12-09
CUST-14927,Bangalore,Karnataka,Tier 1,2024-04-14
CUST-14928,Chandigarh,Punjab,Tier 2,2025-07-01
CUST-14929,Nagpur,Maharashtra,Tier 2,2024-11-09
CUST-14930,Chennai,Tamil Nadu,Tier 1,2024-06-17
CUST-14931,Hyderabad,Telangana,Tier 1,2025-06-03
CUST-14932,Bhubaneswar,Odisha,Tier 2,2025-08-20
CUST-14933,Chennai,Tamil Nadu,Tier 1,2025-03-11
CUST-14934,Kolkata,West Bengal,Tier 1,2025-08-31
CUST-14935,Hyderabad,Telangana,Tier 1,2025-05-26
CUST-14936,Coimbatore,Tamil Nadu,Tier 2,2025-02-12
CUST-14937,Pune,Maharashtra,Tier 1,2025-03-11
CUST-14938,Chandigarh,Punjab,Tier 2,2024-11-10
CUST-14939,Indore,Madhya Pradesh,Tier 2,2025-06-25
CUST-14940,Hyderabad,Telangana,Tier 1,2025-09-04
CUST-14941,Chennai,Tamil Nadu,Tier 1,2025-08-01
CUST-14942,Patna,Bihar,Tier 2,2024-03-03
CUST-14943,Hyderabad,Telangana,Tier 1,2024-02-01
CUST-14944,Kochi,Kerala,Tier 2,2025-08-21
CUST-14945,Nagpur,Maharashtra,Tier 2,2024-07-29
CUST-14946,Pune,Maharashtra,Tier 1,2025-04-07
CUST-14947,Chandigarh,Punjab,Tier 2,2025-07-16
CUST-14948,Indore,Madhya Pradesh,Tier 2,2025-07-28
CUST-14949,Patna,Bihar,Tier 2,2024-03-20
CUST-14950,Chennai,Tamil Nadu,Tier 1,2024-12-08
CUST-14951,Mumbai,Maharashtra,Tier 1,2024-08-19
CUST-14952,Chennai,Tamil Nadu,Tier 1,2025-09-04
CUST-14953,Jaipur,Rajasthan,Tier 2,2024-05-08
CUST-14954,Chennai,Tamil Nadu,Tier 1,2024-01-19
CUST-14955,Chandigarh,Punjab,Tier 2,2024-12-22
CUST-14956,Hyderabad,Telangana,Tier 1,2025-02-22
CUST-14957,Pune,Maharashtra,Tier 1,2025-08-28
CUST-14958,Bangalore,Karnataka,Tier 1,2024-03-21
CUST-14959,Chandigarh,Punjab,Tier 2,2025-09-06
CUST-14960,Kolkata,West Bengal,Tier 1,2025-10-27
CUST-14961,Bangalore,Karnataka,Tier 1,2024-04-27
CUST-14962,Hyderabad,Telangana,Tier 1,2025-05-08
CUST-14963,Chandigarh,Punjab,Tier 2,2025-05-06
CUST-14964,Kolkata,West Bengal,Tier 1,2024-08-12
CUST-14965,Bangalore,Karnataka,Tier 1,2025-02-22
CUST-14966,Bhubaneswar,Odisha,Tier 2,2024-05-16
CUST-14967,Ahmedabad,Gujarat,Tier 2,2024-08-13
CUST-14968,Bhubaneswar,Odisha,Tier 2,2024-11-29
CUST-14969,Chennai,Tamil Nadu,Tier 1,2024-08-16
CUST-14970,Kolkata,West Bengal,Tier 1,2024-11-18
CUST-14971,Coimbatore,Tamil Nadu,Tier 2,2024-04-17
CUST-14972,Kolkata,West Bengal,Tier 1,2025-03-20
CUST-14973,Lucknow,Uttar Pradesh,Tier 2,2024-01-07
CUST-14974,Bangalore,Karnataka,Tier 1,2024-05-07
CUST-14975,Chennai,Tamil Nadu,Tier 1,2024-12-18
CUST-14976,Delhi NCR,Delhi,Tier 1,2024-09-23
CUST-14977,Bangalore,Karnataka,Tier 1,2025-11-15
CUST-14978,Mumbai,Maharashtra,Tier 1,2024-08-01
CUST-14979,Mumbai,Maharashtra,Tier 1,2024-09-03
CUST-14980,Visakhapatnam,Andhra Pradesh,Tier 2,2025-09-09
CUST-14981,Bangalore,Karnataka,Tier 1,2025-08-17
CUST-14982,Jaipur,Rajasthan,Tier 2,2025-01-08
CUST-14983,Patna,Bihar,Tier 2,2025-02-24
CUST-14984,Kolkata,West Bengal,Tier 1,2024-02-10
CUST-14985,Delhi NCR,Delhi,Tier 1,2024-12-13
CUST-14986,Ahmedabad,Gujarat,Tier 2,2025-07-14
CUST-14987,Pune,Maharashtra,Tier 1,2024-05-22
CUST-14988,Ahmedabad,Gujarat,Tier 2,2024-05-20
CUST-14989,Kochi,Kerala,Tier 2,2025-07-18
CUST-14990,Visakhapatnam,Andhra Pradesh,Tier 2,2024-04-16
CUST-14991,Pune,Maharashtra,Tier 1,2024-02-02
CUST-14992,Hyderabad,Telangana,Tier 1,2024-07-18
CUST-14993,Pune,Maharashtra,Tier 1,2024-04-28
CUST-14994,Mumbai,Maharashtra,Tier 1,2024-08-16
CUST-14995,Coimbatore,Tamil Nadu,Tier 2,2025-09-21
CUST-14996,Delhi NCR,Delhi,Tier 1,2025-11-18
CUST-14997,Hyderabad,Telangana,Tier 1,2024-07-03
CUST-14998,Indore,Madhya Pradesh,Tier 2,2024-08-02
CUST-14999,Pune,Maharashtra,Tier 1,2024-05-09
CUST-15000,Chennai,Tamil Nadu,Tier 1,2024-09-28
CUST-15001,Kolkata,West Bengal,Tier 1,2025-09-26
CUST-15002,Bhopal,Madhya Pradesh,Tier 2,2024-01-08
CUST-15003,Hyderabad,Telangana,Tier 1,2025-02-06
CUST-15004,Bhopal,Madhya Pradesh,Tier 2,2025-08-01
CUST-15005,Mumbai,Maharashtra,Tier 1,2025-09-18
CUST-15006,Kochi,Kerala,Tier 2,2025-01-03
CUST-15007,Patna,Bihar,Tier 2,2025-09-08
CUST-15008,Delhi NCR,Delhi,Tier 1,2025-06-20
CUST-15009,Chennai,Tamil Nadu,Tier 1,2024-02-22
CUST-15010,Delhi NCR,Delhi,Tier 1,2024-09-03
CUST-15011,Lucknow,Uttar Pradesh,Tier 2,2024-12-02
CUST-15012,Kolkata,West Bengal,Tier 1,2024-10-07
CUST-15013,Pune,Maharashtra,Tier 1,2024-02-02
CUST-15014,Bangalore,Karnataka,Tier 1,2025-07-01
CUST-15015,Bangalore,Karnataka,Tier 1,2024-12-08
CUST-15016,Mumbai,Maharashtra,Tier 1,2024-08-26
CUST-15017,Hyderabad,Telangana,Tier 1,2025-05-06
CUST-15018,Pune,Maharashtra,Tier 1,2024-06-25
CUST-15019,Bhopal,Madhya Pradesh,Tier 2,2024-02-13
CUST-15020,Jaipur,Rajasthan,Tier 2,2024-10-30
CUST-15021,Chennai,Tamil Nadu,Tier 1,2025-10-31
CUST-15022,Bhubaneswar,Odisha,Tier 2,2024-09-25
CUST-15023,Ahmedabad,Gujarat,Tier 2,2025-11-13
CUST-15024,Nagpur,Maharashtra,Tier 2,2025-02-03
CUST-15025,Kolkata,West Bengal,Tier 1,2025-08-25
CUST-15026,Bangalore,Karnataka,Tier 1,2025-03-06
CUST-15027,Mumbai,Maharashtra,Tier 1,2025-02-24
CUST-15028,Ahmedabad,Gujarat,Tier 2,2024-05-10
CUST-15029,Delhi NCR,Delhi,Tier 1,2025-02-13
CUST-15030,Hyderabad,Telangana,Tier 1,2024-08-12
CUST-15031,Kolkata,West Bengal,Tier 1,2024-05-22
CUST-15032,Pune,Maharashtra,Tier 1,2025-07-31
CUST-15033,Pune,Maharashtra,Tier 1,2025-06-23
CUST-15034,Delhi NCR,Delhi,Tier 1,2024-05-04
CUST-15035,Chennai,Tamil Nadu,Tier 1,2024-07-30
CUST-15036,Pune,Maharashtra,Tier 1,2025-03-03
CUST-15037,Bhubaneswar,Odisha,Tier 2,2025-03-12
CUST-15038,Ahmedabad,Gujarat,Tier 2,2025-08-14
CUST-15039,Nagpur,Maharashtra,Tier 2,2024-08-25
CUST-15040,Chandigarh,Punjab,Tier 2,2025-10-05
CUST-15041,Pune,Maharashtra,Tier 1,2024-11-23
CUST-15042,Bangalore,Karnataka,Tier 1,2024-04-28
CUST-15043,Jaipur,Rajasthan,Tier 2,2024-02-15
CUST-15044,Pune,Maharashtra,Tier 1,2024-03-24
CUST-15045,Pune,Maharashtra,Tier 1,2024-12-17
CUST-15046,Kolkata,West Bengal,Tier 1,2024-01-13
CUST-15047,Kolkata,West Bengal,Tier 1,2025-09-28
CUST-15048,Hyderabad,Telangana,Tier 1,2024-06-20
CUST-15049,Kolkata,West Bengal,Tier 1,2024-08-21
CUST-15050,Bangalore,Karnataka,Tier 1,2024-06-29
CUST-15051,Indore,Madhya Pradesh,Tier 2,2024-02-20
CUST-15052,Bangalore,Karnataka,Tier 1,2025-11-11
CUST-15053,Mumbai,Maharashtra,Tier 1,2025-01-29
CUST-15054,Chennai,Tamil Nadu,Tier 1,2025-03-04
CUST-15055,Jaipur,Rajasthan,Tier 2,2024-09-30
CUST-15056,Chennai,Tamil Nadu,Tier 1,2024-07-25
CUST-15057,Bangalore,Karnataka,Tier 1,2024-05-27
CUST-15058,Pune,Maharashtra,Tier 1,2024-10-26
CUST-15059,Hyderabad,Telangana,Tier 1,2025-03-28
CUST-15060,Nagpur,Maharashtra,Tier 2,2025-07-02
CUST-15061,Nagpur,Maharashtra,Tier 2,2025-11-03
CUST-15062,Kolkata,West Bengal,Tier 1,2025-01-17
CUST-15063,Hyderabad,Telangana,Tier 1,2025-09-09
CUST-15064,Ahmedabad,Gujarat,Tier 2,2025-06-17
CUST-15065,Mumbai,Maharashtra,Tier 1,2024-08-20
CUST-15066,Kolkata,West Bengal,Tier 1,2025-09-25
CUST-15067,Hyderabad,Telangana,Tier 1,2024-05-08
CUST-15068,Nagpur,Maharashtra,Tier 2,2025-10-21
CUST-15069,Mumbai,Maharashtra,Tier 1,2025-07-23
CUST-15070,Kolkata,West Bengal,Tier 1,2024-08-24
CUST-15071,Chandigarh,Punjab,Tier 2,2025-08-04
CUST-15072,Kolkata,West Bengal,Tier 1,2025-07-28
CUST-15073,Mumbai,Maharashtra,Tier 1,2025-04-29
CUST-15074,Visakhapatnam,Andhra Pradesh,Tier 2,2024-08-28
CUST-15075,Kolkata,West Bengal,Tier 1,2025-11-27
CUST-15076,Pune,Maharashtra,Tier 1,2024-08-10
CUST-15077,Bangalore,Karnataka,Tier 1,2024-04-08
CUST-15078,Kolkata,West Bengal,Tier 1,2025-07-10
CUST-15079,Chennai,Tamil Nadu,Tier 1,2024-09-29
CUST-15080,Mumbai,Maharashtra,Tier 1,2025-02-02
CUST-15081,Delhi NCR,Delhi,Tier 1,2025-05-31
CUST-15082,Patna,Bihar,Tier 2,2025-03-05
CUST-15083,Bangalore,Karnataka,Tier 1,2025-06-06
CUST-15084,Bangalore,Karnataka,Tier 1,2024-12-13
CUST-15085,Kolkata,West Bengal,Tier 1,2025-07-04
CUST-15086,Kochi,Kerala,Tier 2,2025-03-26
CUST-15087,Mumbai,Maharashtra,Tier 1,2024-02-11
CUST-15088,Pune,Maharashtra,Tier 1,2024-04-03
CUST-15089,Delhi NCR,Delhi,Tier 1,2025-04-30
CUST-15090,Mumbai,Maharashtra,Tier 1,2025-05-31
CUST-15091,Mumbai,Maharashtra,Tier 1,2025-07-17
CUST-15092,Patna,Bihar,Tier 2,2024-05-29
CUST-15093,Delhi NCR,Delhi,Tier 1,2025-05-13
CUST-15094,Mumbai,Maharashtra,Tier 1,2025-01-05
CUST-15095,Chennai,Tamil Nadu,Tier 1,2025-11-29
CUST-15096,Patna,Bihar,Tier 2,2025-04-29
CUST-15097,Bangalore,Karnataka,Tier 1,2025-10-26
CUST-15098,Chennai,Tamil Nadu,Tier 1,2025-01-17
CUST-15099,Mumbai,Maharashtra,Tier 1,2025-09-19
CUST-15100,Chennai,Tamil Nadu,Tier 1,2025-10-22
CUST-15101,Pune,Maharashtra,Tier 1,2024-07-10
CUST-15102,Pune,Maharashtra,Tier 1,2024-08-08
CUST-15103,Hyderabad,Telangana,Tier 1,2024-02-16
CUST-15104,Hyderabad,Telangana,Tier 1,2024-05-06
CUST-15105,Delhi NCR,Delhi,Tier 1,2024-01-07
CUST-15106,Hyderabad,Telangana,Tier 1,2025-11-26
CUST-15107,Delhi NCR,Delhi,Tier 1,2024-04-25
CUST-15108,Chandigarh,Punjab,Tier 2,2025-07-17
CUST-15109,Bhubaneswar,Odisha,Tier 2,2024-12-31
CUST-15110,Bhubaneswar,Odisha,Tier 2,2024-02-15
CUST-15111,Bhopal,Madhya Pradesh,Tier 2,2025-01-27
CUST-15112,Pune,Maharashtra,Tier 1,2024-01-23
CUST-15113,Lucknow,Uttar Pradesh,Tier 2,2024-05-10
CUST-15114,Hyderabad,Telangana,Tier 1,2024-05-06
CUST-15115,Pune,Maharashtra,Tier 1,2025-03-20
CUST-15116,Chennai,Tamil Nadu,Tier 1,2024-11-04
CUST-15117,Kolkata,West Bengal,Tier 1,2025-03-08
CUST-15118,Chandigarh,Punjab,Tier 2,2025-04-17
CUST-15119,Hyderabad,Telangana,Tier 1,2024-02-17
CUST-15120,Hyderabad,Telangana,Tier 1,2024-03-22
CUST-15121,Nagpur,Maharashtra,Tier 2,2024-04-18
CUST-15122,Mumbai,Maharashtra,Tier 1,2024-09-19
CUST-15123,Kolkata,West Bengal,Tier 1,2024-01-31
CUST-15124,Nagpur,Maharashtra,Tier 2,2024-12-23
CUST-15125,Pune,Maharashtra,Tier 1,2025-07-21
CUST-15126,Kolkata,West Bengal,Tier 1,2025-04-24
CUST-15127,Bangalore,Karnataka,Tier 1,2024-07-07
CUST-15128,Hyderabad,Telangana,Tier 1,2024-01-05
CUST-15129,Patna,Bihar,Tier 2,2024-10-12
CUST-15130,Pune,Maharashtra,Tier 1,2025-10-18
CUST-15131,Kolkata,West Bengal,Tier 1,2025-01-28
CUST-15132,Delhi NCR,Delhi,Tier 1,2025-03-30
CUST-15133,Mumbai,Maharashtra,Tier 1,2025-03-01
CUST-15134,Bhubaneswar,Odisha,Tier 2,2024-01-27
CUST-15135,Chennai,Tamil Nadu,Tier 1,2024-05-06
CUST-15136,Pune,Maharashtra,Tier 1,2024-05-14
CUST-15137,Mumbai,Maharashtra,Tier 1,2025-06-18
CUST-15138,Lucknow,Uttar Pradesh,Tier 2,2024-11-26
CUST-15139,Nagpur,Maharashtra,Tier 2,2025-09-20
CUST-15140,Pune,Maharashtra,Tier 1,2025-01-26
CUST-15141,Delhi NCR,Delhi,Tier 1,2024-01-08
CUST-15142,Pune,Maharashtra,Tier 1,2025-09-04
CUST-15143,Chandigarh,Punjab,Tier 2,2024-09-17
CUST-15144,Chennai,Tamil Nadu,Tier 1,2024-07-17
CUST-15145,Bhopal,Madhya Pradesh,Tier 2,2025-08-20
CUST-15146,Pune,Maharashtra,Tier 1,2025-01-20
CUST-15147,Coimbatore,Tamil Nadu,Tier 2,2025-04-16
CUST-15148,Pune,Maharashtra,Tier 1,2024-06-27
CUST-15149,Delhi NCR,Delhi,Tier 1,2025-03-25
CUST-15150,Hyderabad,Telangana,Tier 1,2024-08-27
CUST-15151,Bangalore,Karnataka,Tier 1,2025-06-07
CUST-15152,Coimbatore,Tamil Nadu,Tier 2,2024-07-01
CUST-15153,Chandigarh,Punjab,Tier 2,2024-12-23
CUST-15154,Jaipur,Rajasthan,Tier 2,2025-01-10
CUST-15155,Hyderabad,Telangana,Tier 1,2025-06-21
CUST-15156,Delhi NCR,Delhi,Tier 1,2024-03-22
CUST-15157,Chandigarh,Punjab,Tier 2,2024-12-23
CUST-15158,Kolkata,West Bengal,Tier 1,2024-07-03
CUST-15159,Bangalore,Karnataka,Tier 1,2024-10-14
CUST-15160,Pune,Maharashtra,Tier 1,2024-03-02
CUST-15161,Mumbai,Maharashtra,Tier 1,2025-05-21
CUST-15162,Hyderabad,Telangana,Tier 1,2025-04-06
CUST-15163,Kolkata,West Bengal,Tier 1,2024-01-30
CUST-15164,Delhi NCR,Delhi,Tier 1,2024-01-31
CUST-15165,Visakhapatnam,Andhra Pradesh,Tier 2,2024-10-19
CUST-15166,Bangalore,Karnataka,Tier 1,2024-06-21
CUST-15167,Delhi NCR,Delhi,Tier 1,2025-09-05
CUST-15168,Bangalore,Karnataka,Tier 1,2024-05-07
CUST-15169,Kochi,Kerala,Tier 2,2024-03-26
CUST-15170,Chennai,Tamil Nadu,Tier 1,2024-11-10
CUST-15171,Pune,Maharashtra,Tier 1,2024-01-28
CUST-15172,Mumbai,Maharashtra,Tier 1,2024-05-01
CUST-15173,Mumbai,Maharashtra,Tier 1,2024-09-07
CUST-15174,Chennai,Tamil Nadu,Tier 1,2025-07-26
CUST-15175,Indore,Madhya Pradesh,Tier 2,2025-02-06
CUST-15176,Coimbatore,Tamil Nadu,Tier 2,2025-11-13
CUST-15177,Mumbai,Maharashtra,Tier 1,2025-03-18
CUST-15178,Kolkata,West Bengal,Tier 1,2024-09-28
CUST-15179,Nagpur,Maharashtra,Tier 2,2024-04-22
CUST-15180,Chennai,Tamil Nadu,Tier 1,2025-01-28
CUST-15181,Patna,Bihar,Tier 2,2024-01-19
CUST-15182,Delhi NCR,Delhi,Tier 1,2025-08-27
CUST-15183,Nagpur,Maharashtra,Tier 2,2025-04-09
CUST-15184,Chandigarh,Punjab,Tier 2,2025-11-21
CUST-15185,Nagpur,Maharashtra,Tier 2,2024-07-09
CUST-15186,Jaipur,Rajasthan,Tier 2,2025-05-07
CUST-15187,Hyderabad,Telangana,Tier 1,2024-06-11
CUST-15188,Nagpur,Maharashtra,Tier 2,2025-09-03
CUST-15189,Bangalore,Karnataka,Tier 1,2025-11-29
CUST-15190,Hyderabad,Telangana,Tier 1,2024-10-21
CUST-15191,Lucknow,Uttar Pradesh,Tier 2,2025-08-01
CUST-15192,Chandigarh,Punjab,Tier 2,2024-03-13
CUST-15193,Nagpur,Maharashtra,Tier 2,2025-07-15
CUST-15194,Bangalore,Karnataka,Tier 1,2024-11-04
CUST-15195,Indore,Madhya Pradesh,Tier 2,2024-10-28
CUST-15196,Chandigarh,Punjab,Tier 2,2024-11-03
CUST-15197,Mumbai,Maharashtra,Tier 1,2024-05-03
CUST-15198,Chennai,Tamil Nadu,Tier 1,2025-10-30
CUST-15199,Hyderabad,Telangana,Tier 1,2024-09-17
CUST-15200,Hyderabad,Telangana,Tier 1,2024-07-13
CUST-15201,Visakhapatnam,Andhra Pradesh,Tier 2,2024-12-16
CUST-15202,Pune,Maharashtra,Tier 1,2025-05-03
CUST-15203,Ahmedabad,Gujarat,Tier 2,2024-07-18
CUST-15204,Visakhapatnam,Andhra Pradesh,Tier 2,2025-05-22
CUST-15205,Chennai,Tamil Nadu,Tier 1,2025-08-02
CUST-15206,Indore,Madhya Pradesh,Tier 2,2025-03-21
CUST-15207,Chennai,Tamil Nadu,Tier 1,2024-03-20
CUST-15208,Bhopal,Madhya Pradesh,Tier 2,2025-11-28
CUST-15209,Delhi NCR,Delhi,Tier 1,2025-09-08
CUST-15210,Bhubaneswar,Odisha,Tier 2,2025-04-13
CUST-15211,Bangalore,Karnataka,Tier 1,2025-03-17
CUST-15212,Hyderabad,Telangana,Tier 1,2025-10-15
CUST-15213,Chandigarh,Punjab,Tier 2,2024-09-28
CUST-15214,Chennai,Tamil Nadu,Tier 1,2024-12-08
CUST-15215,Pune,Maharashtra,Tier 1,2024-05-03
CUST-15216,Chennai,Tamil Nadu,Tier 1,2024-08-10
CUST-15217,Chandigarh,Punjab,Tier 2,2025-05-04
CUST-15218,Bangalore,Karnataka,Tier 1,2025-11-16
CUST-15219,Mumbai,Maharashtra,Tier 1,2025-10-13
CUST-15220,Hyderabad,Telangana,Tier 1,2024-10-23
CUST-15221,Kolkata,West Bengal,Tier 1,2024-04-28
CUST-15222,Delhi NCR,Delhi,Tier 1,2024-03-16
CUST-15223,Hyderabad,Telangana,Tier 1,2025-09-12
CUST-15224,Chennai,Tamil Nadu,Tier 1,2025-09-22
CUST-15225,Mumbai,Maharashtra,Tier 1,2024-09-14
CUST-15226,Pune,Maharashtra,Tier 1,2025-06-15
CUST-15227,Coimbatore,Tamil Nadu,Tier 2,2025-09-22
CUST-15228,Delhi NCR,Delhi,Tier 1,2024-12-16
CUST-15229,Pune,Maharashtra,Tier 1,2025-10-10
CUST-15230,Jaipur,Rajasthan,Tier 2,2024-10-03
CUST-15231,Chennai,Tamil Nadu,Tier 1,2024-09-11
CUST-15232,Lucknow,Uttar Pradesh,Tier 2,2024-09-20
CUST-15233,Chennai,Tamil Nadu,Tier 1,2025-11-09
CUST-15234,Kolkata,West Bengal,Tier 1,2025-11-07
CUST-15235,Mumbai,Maharashtra,Tier 1,2024-01-29
CUST-15236,Lucknow,Uttar Pradesh,Tier 2,2025-04-11
CUST-15237,Jaipur,Rajasthan,Tier 2,2024-02-04
CUST-15238,Mumbai,Maharashtra,Tier 1,2024-10-20
CUST-15239,Hyderabad,Telangana,Tier 1,2025-08-24
CUST-15240,Visakhapatnam,Andhra Pradesh,Tier 2,2024-07-21
CUST-15241,Chennai,Tamil Nadu,Tier 1,2024-03-08
CUST-15242,Kolkata,West Bengal,Tier 1,2024-05-10
CUST-15243,Coimbatore,Tamil Nadu,Tier 2,2024-04-20
CUST-15244,Ahmedabad,Gujarat,Tier 2,2025-06-07
CUST-15245,Pune,Maharashtra,Tier 1,2024-10-14
CUST-15246,Indore,Madhya Pradesh,Tier 2,2025-11-17
CUST-15247,Bhopal,Madhya Pradesh,Tier 2,2025-10-27
CUST-15248,Chennai,Tamil Nadu,Tier 1,2024-02-12
CUST-15249,Kolkata,West Bengal,Tier 1,2025-11-14
CUST-15250,Chennai,Tamil Nadu,Tier 1,2024-10-20
CUST-15251,Bhubaneswar,Odisha,Tier 2,2024-10-11
CUST-15252,Lucknow,Uttar Pradesh,Tier 2,2025-07-17
CUST-15253,Mumbai,Maharashtra,Tier 1,2025-09-18
CUST-15254,Bhopal,Madhya Pradesh,Tier 2,2024-01-19
CUST-15255,Kolkata,West Bengal,Tier 1,2025-05-21
CUST-15256,Mumbai,Maharashtra,Tier 1,2025-06-30
CUST-15257,Kolkata,West Bengal,Tier 1,2024-02-17
CUST-15258,Chennai,Tamil Nadu,Tier 1,2024-08-06
CUST-15259,Bhopal,Madhya Pradesh,Tier 2,2025-09-13
CUST-15260,Bangalore,Karnataka,Tier 1,2024-07-06
CUST-15261,Patna,Bihar,Tier 2,2024-01-31
CUST-15262,Pune,Maharashtra,Tier 1,2024-09-15
CUST-15263,Mumbai,Maharashtra,Tier 1,2025-11-05
CUST-15264,Visakhapatnam,Andhra Pradesh,Tier 2,2024-12-09
CUST-15265,Kolkata,West Bengal,Tier 1,2024-11-03
CUST-15266,Hyderabad,Telangana,Tier 1,2024-03-11
CUST-15267,Kolkata,West Bengal,Tier 1,2024-11-02
CUST-15268,Bhopal,Madhya Pradesh,Tier 2,2025-07-21
CUST-15269,Hyderabad,Telangana,Tier 1,2024-04-08
CUST-15270,Bangalore,Karnataka,Tier 1,2024-01-21
CUST-15271,Delhi NCR,Delhi,Tier 1,2025-09-11
CUST-15272,Hyderabad,Telangana,Tier 1,2025-07-18
CUST-15273,Kochi,Kerala,Tier 2,2024-01-06
CUST-15274,Kolkata,West Bengal,Tier 1,2024-08-18
CUST-15275,Bangalore,Karnataka,Tier 1,2024-03-22
CUST-15276,Delhi NCR,Delhi,Tier 1,2024-08-04
CUST-15277,Hyderabad,Telangana,Tier 1,2024-11-30
CUST-15278,Nagpur,Maharashtra,Tier 2,2025-07-12
CUST-15279,Hyderabad,Telangana,Tier 1,2025-11-20
CUST-15280,Visakhapatnam,Andhra Pradesh,Tier 2,2025-08-16
CUST-15281,Kolkata,West Bengal,Tier 1,2025-10-16
CUST-15282,Delhi NCR,Delhi,Tier 1,2025-07-06
CUST-15283,Coimbatore,Tamil Nadu,Tier 2,2025-04-03
CUST-15284,Chennai,Tamil Nadu,Tier 1,2024-03-27
CUST-15285,Ahmedabad,Gujarat,Tier 2,2025-05-29
CUST-15286,Visakhapatnam,Andhra Pradesh,Tier 2,2025-05-27
CUST-15287,Mumbai,Maharashtra,Tier 1,2025-08-09
CUST-15288,Delhi NCR,Delhi,Tier 1,2025-04-22
CUST-15289,Ahmedabad,Gujarat,Tier 2,2025-05-12
CUST-15290,Hyderabad,Telangana,Tier 1,2025-03-24
CUST-15291,Delhi NCR,Delhi,Tier 1,2025-08-10
CUST-15292,Mumbai,Maharashtra,Tier 1,2024-09-16
CUST-15293,Mumbai,Maharashtra,Tier 1,2025-06-20
CUST-15294,Kochi,Kerala,Tier 2,2024-07-18
CUST-15295,Delhi NCR,Delhi,Tier 1,2025-04-07
CUST-15296,Kolkata,West Bengal,Tier 1,2024-04-03
CUST-15297,Pune,Maharashtra,Tier 1,2024-12-17
CUST-15298,Chennai,Tamil Nadu,Tier 1,2024-04-17
CUST-15299,Mumbai,Maharashtra,Tier 1,2024-12-20
CUST-15300,Kochi,Kerala,Tier 2,2025-04-13
CUST-15301,Mumbai,Maharashtra,Tier 1,2024-04-04
CUST-15302,Chandigarh,Punjab,Tier 2,2024-03-31
CUST-15303,Coimbatore,Tamil Nadu,Tier 2,2024-02-13
CUST-15304,Chennai,Tamil Nadu,Tier 1,2025-03-31
CUST-15305,Kolkata,West Bengal,Tier 1,2025-01-18
CUST-15306,Kolkata,West Bengal,Tier 1,2024-01-23
CUST-15307,Chennai,Tamil Nadu,Tier 1,2024-01-23
CUST-15308,Coimbatore,Tamil Nadu,Tier 2,2024-08-21
CUST-15309,Coimbatore,Tamil Nadu,Tier 2,2025-11-28
CUST-15310,Hyderabad,Telangana,Tier 1,2024-11-06
CUST-15311,Pune,Maharashtra,Tier 1,2025-02-20
CUST-15312,Nagpur,Maharashtra,Tier 2,2024-11-28
CUST-15313,Bhubaneswar,Odisha,Tier 2,2025-07-28
CUST-15314,Kolkata,West Bengal,Tier 1,2024-04-12
CUST-15315,Chennai,Tamil Nadu,Tier 1,2025-05-14
CUST-15316,Hyderabad,Telangana,Tier 1,2025-04-27
CUST-15317,Bhubaneswar,Odisha,Tier 2,2024-07-07
CUST-15318,Delhi NCR,Delhi,Tier 1,2025-04-04
CUST-15319,Pune,Maharashtra,Tier 1,2024-07-07
CUST-15320,Hyderabad,Telangana,Tier 1,2024-12-16
CUST-15321,Hyderabad,Telangana,Tier 1,2025-08-03
CUST-15322,Chennai,Tamil Nadu,Tier 1,2024-04-23
CUST-15323,Visakhapatnam,Andhra Pradesh,Tier 2,2024-04-13
CUST-15324,Mumbai,Maharashtra,Tier 1,2025-09-11
CUST-15325,Pune,Maharashtra,Tier 1,2025-05-22
CUST-15326,Mumbai,Maharashtra,Tier 1,2024-12-10
CUST-15327,Delhi NCR,Delhi,Tier 1,2024-01-21
CUST-15328,Chennai,Tamil Nadu,Tier 1,2025-01-21
CUST-15329,Kolkata,West Bengal,Tier 1,2024-07-27
CUST-15330,Bangalore,Karnataka,Tier 1,2025-11-12
CUST-15331,Hyderabad,Telangana,Tier 1,2025-04-27
CUST-15332,Mumbai,Maharashtra,Tier 1,2025-04-17
CUST-15333,Hyderabad,Telangana,Tier 1,2025-01-27
CUST-15334,Bhubaneswar,Odisha,Tier 2,2025-09-26
CUST-15335,Bhubaneswar,Odisha,Tier 2,2025-11-19
CUST-15336,Hyderabad,Telangana,Tier 1,2025-05-30
CUST-15337,Pune,Maharashtra,Tier 1,2024-07-06
CUST-15338,Coimbatore,Tamil Nadu,Tier 2,2024-12-11
CUST-15339,Mumbai,Maharashtra,Tier 1,2024-12-17
CUST-15340,Indore,Madhya Pradesh,Tier 2,2025-06-24
CUST-15341,Bhubaneswar,Odisha,Tier 2,2025-08-20
CUST-15342,Mumbai,Maharashtra,Tier 1,2024-02-16
CUST-15343,Delhi NCR,Delhi,Tier 1,2024-03-17
CUST-15344,Bhubaneswar,Odisha,Tier 2,2024-12-08
CUST-15345,Kolkata,West Bengal,Tier 1,2024-07-09
CUST-15346,Mumbai,Maharashtra,Tier 1,2025-06-26
CUST-15347,Bangalore,Karnataka,Tier 1,2025-11-11
CUST-15348,Chennai,Tamil Nadu,Tier 1,2024-02-05
CUST-15349,Lucknow,Uttar Pradesh,Tier 2,2025-02-27
CUST-15350,Ahmedabad,Gujarat,Tier 2,2024-12-16
CUST-15351,Visakhapatnam,Andhra Pradesh,Tier 2,2024-07-06
CUST-15352,Hyderabad,Telangana,Tier 1,2025-06-10
CUST-15353,Kolkata,West Bengal,Tier 1,2024-11-29
CUST-15354,Kolkata,West Bengal,Tier 1,2025-04-27
CUST-15355,Chennai,Tamil Nadu,Tier 1,2024-08-03
CUST-15356,Delhi NCR,Delhi,Tier 1,2024-06-06
CUST-15357,Visakhapatnam,Andhra Pradesh,Tier 2,2025-10-28
CUST-15358,Patna,Bihar,Tier 2,2024-08-28
CUST-15359,Kolkata,West Bengal,Tier 1,2024-10-22
CUST-15360,Pune,Maharashtra,Tier 1,2025-04-06
CUST-15361,Bangalore,Karnataka,Tier 1,2024-02-14
CUST-15362,Kolkata,West Bengal,Tier 1,2025-05-09
CUST-15363,Lucknow,Uttar Pradesh,Tier 2,2024-06-23
CUST-15364,Kolkata,West Bengal,Tier 1,2024-12-11
CUST-15365,Visakhapatnam,Andhra Pradesh,Tier 2,2024-02-25
CUST-15366,Pune,Maharashtra,Tier 1,2025-07-19
CUST-15367,Hyderabad,Telangana,Tier 1,2024-12-06
CUST-15368,Kochi,Kerala,Tier 2,2024-04-17
CUST-15369,Delhi NCR,Delhi,Tier 1,2024-08-01
CUST-15370,Chennai,Tamil Nadu,Tier 1,2025-05-13
CUST-15371,Hyderabad,Telangana,Tier 1,2025-01-31
CUST-15372,Chennai,Tamil Nadu,Tier 1,2025-07-03
CUST-15373,Kochi,Kerala,Tier 2,2025-05-11
CUST-15374,Kolkata,West Bengal,Tier 1,2024-06-21
CUST-15375,Kochi,Kerala,Tier 2,2024-04-14
CUST-15376,Pune,Maharashtra,Tier 1,2025-07-05
CUST-15377,Hyderabad,Telangana,Tier 1,2025-04-23
CUST-15378,Indore,Madhya Pradesh,Tier 2,2025-02-02
CUST-15379,Bangalore,Karnataka,Tier 1,2025-03-09
CUST-15380,Bangalore,Karnataka,Tier 1,2025-10-03
CUST-15381,Kolkata,West Bengal,Tier 1,2025-11-23
CUST-15382,Bangalore,Karnataka,Tier 1,2024-07-12
CUST-15383,Mumbai,Maharashtra,Tier 1,2025-04-10
CUST-15384,Pune,Maharashtra,Tier 1,2024-12-06
CUST-15385,Kolkata,West Bengal,Tier 1,2024-02-28
CUST-15386,Chennai,Tamil Nadu,Tier 1,2025-06-21
CUST-15387,Bhubaneswar,Odisha,Tier 2,2025-04-22
CUST-15388,Pune,Maharashtra,Tier 1,2024-04-12
CUST-15389,Bhopal,Madhya Pradesh,Tier 2,2025-06-16
CUST-15390,Delhi NCR,Delhi,Tier 1,2025-08-14
CUST-15391,Pune,Maharashtra,Tier 1,2024-11-17
CUST-15392,Bhopal,Madhya Pradesh,Tier 2,2025-07-02
CUST-15393,Pune,Maharashtra,Tier 1,2024-01-14
CUST-15394,Ahmedabad,Gujarat,Tier 2,2025-03-31
CUST-15395,Chennai,Tamil Nadu,Tier 1,2024-08-08
CUST-15396,Mumbai,Maharashtra,Tier 1,2025-01-25
CUST-15397,Chennai,Tamil Nadu,Tier 1,2025-11-08
CUST-15398,Chennai,Tamil Nadu,Tier 1,2024-06-21
CUST-15399,Bhopal,Madhya Pradesh,Tier 2,2025-10-23
CUST-15400,Bangalore,Karnataka,Tier 1,2025-11-14
CUST-15401,Bhubaneswar,Odisha,Tier 2,2024-03-21
CUST-15402,Bhubaneswar,Odisha,Tier 2,2024-12-01
CUST-15403,Bangalore,Karnataka,Tier 1,2024-08-12
CUST-15404,Hyderabad,Telangana,Tier 1,2024-02-04
CUST-15405,Coimbatore,Tamil Nadu,Tier 2,2024-07-06
CUST-15406,Bhubaneswar,Odisha,Tier 2,2024-08-11
CUST-15407,Chennai,Tamil Nadu,Tier 1,2025-10-04
CUST-15408,Hyderabad,Telangana,Tier 1,2025-05-08
CUST-15409,Kolkata,West Bengal,Tier 1,2024-11-06
CUST-15410,Lucknow,Uttar Pradesh,Tier 2,2025-06-04
CUST-15411,Bangalore,Karnataka,Tier 1,2025-08-03
CUST-15412,Ahmedabad,Gujarat,Tier 2,2025-06-23
CUST-15413,Mumbai,Maharashtra,Tier 1,2025-01-03
CUST-15414,Mumbai,Maharashtra,Tier 1,2025-04-19
CUST-15415,Chennai,Tamil Nadu,Tier 1,2024-01-31
CUST-15416,Hyderabad,Telangana,Tier 1,2024-08-19
CUST-15417,Hyderabad,Telangana,Tier 1,2025-05-11
CUST-15418,Kolkata,West Bengal,Tier 1,2025-07-19
CUST-15419,Hyderabad,Telangana,Tier 1,2024-06-23
CUST-15420,Bangalore,Karnataka,Tier 1,2024-10-24
CUST-15421,Hyderabad,Telangana,Tier 1,2024-12-30
CUST-15422,Visakhapatnam,Andhra Pradesh,Tier 2,2024-03-26
CUST-15423,Chennai,Tamil Nadu,Tier 1,2025-07-30
CUST-15424,Chennai,Tamil Nadu,Tier 1,2024-03-29
CUST-15425,Pune,Maharashtra,Tier 1,2024-02-23
CUST-15426,Visakhapatnam,Andhra Pradesh,Tier 2,2025-09-21
CUST-15427,Bangalore,Karnataka,Tier 1,2024-12-26
CUST-15428,Lucknow,Uttar Pradesh,Tier 2,2025-04-20
CUST-15429,Ahmedabad,Gujarat,Tier 2,2024-08-16
CUST-15430,Pune,Maharashtra,Tier 1,2025-06-17
CUST-15431,Mumbai,Maharashtra,Tier 1,2025-01-07
CUST-15432,Jaipur,Rajasthan,Tier 2,2025-04-13
CUST-15433,Mumbai,Maharashtra,Tier 1,2025-02-23
CUST-15434,Pune,Maharashtra,Tier 1,2025-06-15
CUST-15435,Chandigarh,Punjab,Tier 2,2025-02-03
CUST-15436,Bangalore,Karnataka,Tier 1,2024-07-02
CUST-15437,Patna,Bihar,Tier 2,2025-07-15
CUST-15438,Mumbai,Maharashtra,Tier 1,2024-03-30
CUST-15439,Patna,Bihar,Tier 2,2025-09-07
CUST-15440,Chennai,Tamil Nadu,Tier 1,2025-01-17
CUST-15441,Bangalore,Karnataka,Tier 1,2025-01-03
CUST-15442,Delhi NCR,Delhi,Tier 1,2024-03-14
CUST-15443,Bhubaneswar,Odisha,Tier 2,2024-09-25
CUST-15444,Mumbai,Maharashtra,Tier 1,2024-01-15
CUST-15445,Bangalore,Karnataka,Tier 1,2024-11-24
CUST-15446,Hyderabad,Telangana,Tier 1,2025-01-26
CUST-15447,Pune,Maharashtra,Tier 1,2025-03-09
CUST-15448,Kolkata,West Bengal,Tier 1,2024-12-09
CUST-15449,Delhi NCR,Delhi,Tier 1,2024-07-13
CUST-15450,Hyderabad,Telangana,Tier 1,2024-02-05
CUST-15451,Bangalore,Karnataka,Tier 1,2024-07-23
CUST-15452,Bangalore,Karnataka,Tier 1,2025-10-12
CUST-15453,Chennai,Tamil Nadu,Tier 1,2024-02-26
CUST-15454,Lucknow,Uttar Pradesh,Tier 2,2024-04-19
CUST-15455,Bangalore,Karnataka,Tier 1,2025-11-16
CUST-15456,Hyderabad,Telangana,Tier 1,2025-05-10
CUST-15457,Chennai,Tamil Nadu,Tier 1,2024-08-12
CUST-15458,Visakhapatnam,Andhra Pradesh,Tier 2,2025-01-20
CUST-15459,Bhubaneswar,Odisha,Tier 2,2024-03-04
CUST-15460,Indore,Madhya Pradesh,Tier 2,2024-12-17
CUST-15461,Bangalore,Karnataka,Tier 1,2025-04-07
CUST-15462,Mumbai,Maharashtra,Tier 1,2024-11-15
CUST-15463,Hyderabad,Telangana,Tier 1,2024-12-22
CUST-15464,Bangalore,Karnataka,Tier 1,2024-04-02
CUST-15465,Kolkata,West Bengal,Tier 1,2025-11-25
CUST-15466,Kochi,Kerala,Tier 2,2024-10-26
CUST-15467,Bhopal,Madhya Pradesh,Tier 2,2025-05-08
CUST-15468,Patna,Bihar,Tier 2,2025-10-15
CUST-15469,Hyderabad,Telangana,Tier 1,2025-08-17
CUST-15470,Lucknow,Uttar Pradesh,Tier 2,2025-01-23
CUST-15471,Hyderabad,Telangana,Tier 1,2025-09-02
CUST-15472,Mumbai,Maharashtra,Tier 1,2025-03-09
CUST-15473,Lucknow,Uttar Pradesh,Tier 2,2024-04-11
CUST-15474,Mumbai,Maharashtra,Tier 1,2025-01-12
CUST-15475,Chennai,Tamil Nadu,Tier 1,2025-08-05
CUST-15476,Hyderabad,Telangana,Tier 1,2024-12-03
CUST-15477,Lucknow,Uttar Pradesh,Tier 2,2025-05-06
CUST-15478,Chandigarh,Punjab,Tier 2,2025-10-03
CUST-15479,Hyderabad,Telangana,Tier 1,2024-02-29
CUST-15480,Indore,Madhya Pradesh,Tier 2,2025-05-23
CUST-15481,Hyderabad,Telangana,Tier 1,2025-01-26
CUST-15482,Chennai,Tamil Nadu,Tier 1,2024-04-28
CUST-15483,Ahmedabad,Gujarat,Tier 2,2025-04-15
CUST-15484,Lucknow,Uttar Pradesh,Tier 2,2024-11-23
CUST-15485,Visakhapatnam,Andhra Pradesh,Tier 2,2024-01-21
CUST-15486,Bangalore,Karnataka,Tier 1,2024-04-06
CUST-15487,Jaipur,Rajasthan,Tier 2,2025-05-27
CUST-15488,Pune,Maharashtra,Tier 1,2025-10-01
CUST-15489,Nagpur,Maharashtra,Tier 2,2024-12-15
CUST-15490,Delhi NCR,Delhi,Tier 1,2024-05-11
CUST-15491,Chandigarh,Punjab,Tier 2,2025-06-29
CUST-15492,Pune,Maharashtra,Tier 1,2025-08-21
CUST-15493,Bangalore,Karnataka,Tier 1,2024-02-01
CUST-15494,Kolkata,West Bengal,Tier 1,2024-09-15
CUST-15495,Hyderabad,Telangana,Tier 1,2025-04-20
CUST-15496,Pune,Maharashtra,Tier 1,2024-02-02
CUST-15497,Coimbatore,Tamil Nadu,Tier 2,2025-01-22
CUST-15498,Pune,Maharashtra,Tier 1,2025-07-14
CUST-15499,Pune,Maharashtra,Tier 1,2025-03-31
CUST-15500,Kolkata,West Bengal,Tier 1,2025-08-16
CUST-15501,Mumbai,Maharashtra,Tier 1,2024-05-23
CUST-15502,Bangalore,Karnataka,Tier 1,2025-08-26
CUST-15503,Kolkata,West Bengal,Tier 1,2024-08-11
CUST-15504,Hyderabad,Telangana,Tier 1,2024-08-04
CUST-15505,Delhi NCR,Delhi,Tier 1,2024-06-04
CUST-15506,Kolkata,West Bengal,Tier 1,2025-06-03
CUST-15507,Hyderabad,Telangana,Tier 1,2024-02-05
CUST-15508,Bangalore,Karnataka,Tier 1,2025-09-27
CUST-15509,Chennai,Tamil Nadu,Tier 1,2024-01-09
CUST-15510,Delhi NCR,Delhi,Tier 1,2024-02-09
CUST-15511,Nagpur,Maharashtra,Tier 2,2025-04-13
CUST-15512,Bhopal,Madhya Pradesh,Tier 2,2024-06-27
CUST-15513,Lucknow,Uttar Pradesh,Tier 2,2025-10-02
CUST-15514,Delhi NCR,Delhi,Tier 1,2025-05-15
CUST-15515,Kochi,Kerala,Tier 2,2025-01-07
CUST-15516,Indore,Madhya Pradesh,Tier 2,2024-03-08
CUST-15517,Kochi,Kerala,Tier 2,2025-10-27
CUST-15518,Delhi NCR,Delhi,Tier 1,2025-02-27
CUST-15519,Pune,Maharashtra,Tier 1,2025-05-29
CUST-15520,Patna,Bihar,Tier 2,2024-12-29
CUST-15521,Pune,Maharashtra,Tier 1,2025-03-26
CUST-15522,Pune,Maharashtra,Tier 1,2025-05-30
CUST-15523,Chennai,Tamil Nadu,Tier 1,2024-11-24
CUST-15524,Kolkata,West Bengal,Tier 1,2025-01-04
CUST-15525,Mumbai,Maharashtra,Tier 1,2025-08-19
CUST-15526,Pune,Maharashtra,Tier 1,2025-01-21
CUST-15527,Mumbai,Maharashtra,Tier 1,2025-06-30
CUST-15528,Chennai,Tamil Nadu,Tier 1,2024-04-23
CUST-15529,Hyderabad,Telangana,Tier 1,2025-07-24
CUST-15530,Kolkata,West Bengal,Tier 1,2024-02-07
CUST-15531,Delhi NCR,Delhi,Tier 1,2025-06-28
CUST-15532,Lucknow,Uttar Pradesh,Tier 2,2025-01-11
CUST-15533,Kochi,Kerala,Tier 2,2025-02-02
CUST-15534,Delhi NCR,Delhi,Tier 1,2024-07-21
CUST-15535,Delhi NCR,Delhi,Tier 1,2024-07-20
CUST-15536,Delhi NCR,Delhi,Tier 1,2024-04-09
CUST-15537,Bhopal,Madhya Pradesh,Tier 2,2025-02-01
CUST-15538,Kolkata,West Bengal,Tier 1,2025-03-25
CUST-15539,Kolkata,West Bengal,Tier 1,2024-04-27
CUST-15540,Delhi NCR,Delhi,Tier 1,2025-02-24
CUST-15541,Pune,Maharashtra,Tier 1,2024-08-30
CUST-15542,Bhopal,Madhya Pradesh,Tier 2,2025-06-24
CUST-15543,Patna,Bihar,Tier 2,2024-08-14
CUST-15544,Pune,Maharashtra,Tier 1,2025-05-15
CUST-15545,Mumbai,Maharashtra,Tier 1,2024-07-31
CUST-15546,Delhi NCR,Delhi,Tier 1,2025-11-29
CUST-15547,Mumbai,Maharashtra,Tier 1,2024-04-22
CUST-15548,Bangalore,Karnataka,Tier 1,2025-01-07
CUST-15549,Delhi NCR,Delhi,Tier 1,2024-10-25
CUST-15550,Bangalore,Karnataka,Tier 1,2025-11-03
CUST-15551,Chennai,Tamil Nadu,Tier 1,2024-01-19
CUST-15552,Bhubaneswar,Odisha,Tier 2,2025-11-01
CUST-15553,Pune,Maharashtra,Tier 1,2024-01-11
CUST-15554,Patna,Bihar,Tier 2,2024-01-08
CUST-15555,Ahmedabad,Gujarat,Tier 2,2024-06-01
CUST-15556,Delhi NCR,Delhi,Tier 1,2025-09-16
CUST-15557,Ahmedabad,Gujarat,Tier 2,2025-10-21
CUST-15558,Bangalore,Karnataka,Tier 1,2025-07-03
CUST-15559,Pune,Maharashtra,Tier 1,2024-05-14
CUST-15560,Hyderabad,Telangana,Tier 1,2025-01-07
CUST-15561,Visakhapatnam,Andhra Pradesh,Tier 2,2025-04-05
CUST-15562,Bangalore,Karnataka,Tier 1,2024-08-22
CUST-15563,Hyderabad,Telangana,Tier 1,2024-09-11
CUST-15564,Nagpur,Maharashtra,Tier 2,2025-08-08
CUST-15565,Mumbai,Maharashtra,Tier 1,2024-11-23
CUST-15566,Lucknow,Uttar Pradesh,Tier 2,2024-12-27
CUST-15567,Ahmedabad,Gujarat,Tier 2,2025-01-08
CUST-15568,Patna,Bihar,Tier 2,2024-07-27
CUST-15569,Visakhapatnam,Andhra Pradesh,Tier 2,2024-09-23
CUST-15570,Visakhapatnam,Andhra Pradesh,Tier 2,2025-10-17
CUST-15571,Mumbai,Maharashtra,Tier 1,2025-07-07
CUST-15572,Indore,Madhya Pradesh,Tier 2,2025-05-20
CUST-15573,Pune,Maharashtra,Tier 1,2025-07-17
CUST-15574,Pune,Maharashtra,Tier 1,2025-02-24
CUST-15575,Delhi NCR,Delhi,Tier 1,2024-11-03
CUST-15576,Jaipur,Rajasthan,Tier 2,2024-05-16
CUST-15577,Visakhapatnam,Andhra Pradesh,Tier 2,2025-02-22
CUST-15578,Coimbatore,Tamil Nadu,Tier 2,2024-07-13
CUST-15579,Chennai,Tamil Nadu,Tier 1,2024-04-04
CUST-15580,Mumbai,Maharashtra,Tier 1,2025-05-04
CUST-15581,Hyderabad,Telangana,Tier 1,2024-09-14
CUST-15582,Patna,Bihar,Tier 2,2024-01-25
CUST-15583,Lucknow,Uttar Pradesh,Tier 2,2024-08-19
CUST-15584,Chennai,Tamil Nadu,Tier 1,2024-11-27
CUST-15585,Mumbai,Maharashtra,Tier 1,2025-08-28
CUST-15586,Chennai,Tamil Nadu,Tier 1,2024-08-08
CUST-15587,Kolkata,West Bengal,Tier 1,2024-10-23
CUST-15588,Nagpur,Maharashtra,Tier 2,2024-07-21
CUST-15589,Pune,Maharashtra,Tier 1,2024-12-08
CUST-15590,Hyderabad,Telangana,Tier 1,2025-08-15
CUST-15591,Kolkata,West Bengal,Tier 1,2024-07-23
CUST-15592,Mumbai,Maharashtra,Tier 1,2024-03-17
CUST-15593,Visakhapatnam,Andhra Pradesh,Tier 2,2025-07-03
CUST-15594,Hyderabad,Telangana,Tier 1,2024-02-11
CUST-15595,Kolkata,West Bengal,Tier 1,2025-03-30
CUST-15596,Hyderabad,Telangana,Tier 1,2024-06-30
CUST-15597,Lucknow,Uttar Pradesh,Tier 2,2024-07-13
CUST-15598,Jaipur,Rajasthan,Tier 2,2025-08-12
CUST-15599,Ahmedabad,Gujarat,Tier 2,2025-01-22
CUST-15600,Bangalore,Karnataka,Tier 1,2025-09-28
CUST-15601,Hyderabad,Telangana,Tier 1,2024-05-20
CUST-15602,Delhi NCR,Delhi,Tier 1,2024-01-27
CUST-15603,Jaipur,Rajasthan,Tier 2,2024-11-10
CUST-15604,Mumbai,Maharashtra,Tier 1,2024-11-16
CUST-15605,Pune,Maharashtra,Tier 1,2025-03-23
CUST-15606,Bhopal,Madhya Pradesh,Tier 2,2024-10-19
CUST-15607,Coimbatore,Tamil Nadu,Tier 2,2024-08-23
CUST-15608,Chennai,Tamil Nadu,Tier 1,2025-04-01
CUST-15609,Chennai,Tamil Nadu,Tier 1,2025-10-15
CUST-15610,Mumbai,Maharashtra,Tier 1,2025-08-28
CUST-15611,Jaipur,Rajasthan,Tier 2,2025-10-25
CUST-15612,Indore,Madhya Pradesh,Tier 2,2024-03-07
CUST-15613,Bangalore,Karnataka,Tier 1,2024-06-24
CUST-15614,Chennai,Tamil Nadu,Tier 1,2025-05-24
CUST-15615,Patna,Bihar,Tier 2,2025-09-06
CUST-15616,Bhopal,Madhya Pradesh,Tier 2,2024-03-31
CUST-15617,Bangalore,Karnataka,Tier 1,2024-06-14
CUST-15618,Kolkata,West Bengal,Tier 1,2025-08-24
CUST-15619,Bangalore,Karnataka,Tier 1,2025-03-13
CUST-15620,Delhi NCR,Delhi,Tier 1,2024-02-20
CUST-15621,Coimbatore,Tamil Nadu,Tier 2,2025-11-08
CUST-15622,Indore,Madhya Pradesh,Tier 2,2025-11-16
CUST-15623,Chandigarh,Punjab,Tier 2,2024-09-22
CUST-15624,Mumbai,Maharashtra,Tier 1,2025-06-04
CUST-15625,Patna,Bihar,Tier 2,2024-03-27
CUST-15626,Chennai,Tamil Nadu,Tier 1,2025-08-28
CUST-15627,Hyderabad,Telangana,Tier 1,2024-02-21
CUST-15628,Kolkata,West Bengal,Tier 1,2024-06-27
CUST-15629,Mumbai,Maharashtra,Tier 1,2024-10-04
CUST-15630,Chandigarh,Punjab,Tier 2,2024-08-26
CUST-15631,Pune,Maharashtra,Tier 1,2025-08-07
CUST-15632,Bangalore,Karnataka,Tier 1,2024-12-04
CUST-15633,Bangalore,Karnataka,Tier 1,2024-03-12
CUST-15634,Delhi NCR,Delhi,Tier 1,2025-01-08
CUST-15635,Mumbai,Maharashtra,Tier 1,2025-08-02
CUST-15636,Pune,Maharashtra,Tier 1,2025-05-31
CUST-15637,Patna,Bihar,Tier 2,2024-08-25
CUST-15638,Mumbai,Maharashtra,Tier 1,2025-04-10
CUST-15639,Mumbai,Maharashtra,Tier 1,2024-04-30
CUST-15640,Pune,Maharashtra,Tier 1,2025-02-16
CUST-15641,Indore,Madhya Pradesh,Tier 2,2025-07-23
CUST-15642,Hyderabad,Telangana,Tier 1,2024-02-12
CUST-15643,Hyderabad,Telangana,Tier 1,2025-05-18
CUST-15644,Pune,Maharashtra,Tier 1,2024-07-15
CUST-15645,Bangalore,Karnataka,Tier 1,2024-03-12
CUST-15646,Mumbai,Maharashtra,Tier 1,2024-03-31
CUST-15647,Ahmedabad,Gujarat,Tier 2,2025-07-02
CUST-15648,Pune,Maharashtra,Tier 1,2025-05-05
CUST-15649,Pune,Maharashtra,Tier 1,2025-01-17
CUST-15650,Chandigarh,Punjab,Tier 2,2025-04-10
CUST-15651,Jaipur,Rajasthan,Tier 2,2024-06-02
CUST-15652,Bangalore,Karnataka,Tier 1,2024-06-18
CUST-15653,Hyderabad,Telangana,Tier 1,2024-09-28
CUST-15654,Delhi NCR,Delhi,Tier 1,2024-04-19
CUST-15655,Delhi NCR,Delhi,Tier 1,2024-05-30
CUST-15656,Jaipur,Rajasthan,Tier 2,2025-03-06
CUST-15657,Bhopal,Madhya Pradesh,Tier 2,2025-03-26
CUST-15658,Bhubaneswar,Odisha,Tier 2,2025-10-04
CUST-15659,Pune,Maharashtra,Tier 1,2024-01-23
CUST-15660,Delhi NCR,Delhi,Tier 1,2025-01-01
CUST-15661,Delhi NCR,Delhi,Tier 1,2025-10-12
CUST-15662,Indore,Madhya Pradesh,Tier 2,2024-08-26
CUST-15663,Pune,Maharashtra,Tier 1,2025-03-09
CUST-15664,Pune,Maharashtra,Tier 1,2024-05-06
CUST-15665,Kochi,Kerala,Tier 2,2025-06-24
CUST-15666,Lucknow,Uttar Pradesh,Tier 2,2025-09-24
CUST-15667,Patna,Bihar,Tier 2,2024-07-16
CUST-15668,Mumbai,Maharashtra,Tier 1,2025-11-16
CUST-15669,Chandigarh,Punjab,Tier 2,2025-10-17
CUST-15670,Patna,Bihar,Tier 2,2025-04-26
CUST-15671,Hyderabad,Telangana,Tier 1,2024-06-27
CUST-15672,Pune,Maharashtra,Tier 1,2025-06-06
CUST-15673,Hyderabad,Telangana,Tier 1,2025-10-12
CUST-15674,Bhubaneswar,Odisha,Tier 2,2025-03-12
CUST-15675,Mumbai,Maharashtra,Tier 1,2024-11-09
CUST-15676,Pune,Maharashtra,Tier 1,2024-01-19
CUST-15677,Delhi NCR,Delhi,Tier 1,2024-06-08
CUST-15678,Ahmedabad,Gujarat,Tier 2,2024-05-01
CUST-15679,Delhi NCR,Delhi,Tier 1,2024-03-12
CUST-15680,Bangalore,Karnataka,Tier 1,2024-02-24
CUST-15681,Kolkata,West Bengal,Tier 1,2025-04-04
CUST-15682,Nagpur,Maharashtra,Tier 2,2024-06-17
CUST-15683,Bangalore,Karnataka,Tier 1,2025-09-02
CUST-15684,Delhi NCR,Delhi,Tier 1,2025-08-04
CUST-15685,Chandigarh,Punjab,Tier 2,2024-05-28
CUST-15686,Kolkata,West Bengal,Tier 1,2025-09-20
CUST-15687,Coimbatore,Tamil Nadu,Tier 2,2024-01-26
CUST-15688,Delhi NCR,Delhi,Tier 1,2024-09-04
CUST-15689,Pune,Maharashtra,Tier 1,2024-08-14
CUST-15690,Bangalore,Karnataka,Tier 1,2025-09-17
CUST-15691,Delhi NCR,Delhi,Tier 1,2025-04-28
CUST-15692,Lucknow,Uttar Pradesh,Tier 2,2024-01-10
CUST-15693,Pune,Maharashtra,Tier 1,2024-04-04
CUST-15694,Chandigarh,Punjab,Tier 2,2024-04-30
CUST-15695,Hyderabad,Telangana,Tier 1,2024-05-05
CUST-15696,Chennai,Tamil Nadu,Tier 1,2025-07-02
CUST-15697,Chennai,Tamil Nadu,Tier 1,2024-03-09
CUST-15698,Visakhapatnam,Andhra Pradesh,Tier 2,2024-10-23
CUST-15699,Hyderabad,Telangana,Tier 1,2025-11-16
CUST-15700,Hyderabad,Telangana,Tier 1,2025-05-15
CUST-15701,Hyderabad,Telangana,Tier 1,2024-02-14
CUST-15702,Pune,Maharashtra,Tier 1,2025-09-26
CUST-15703,Bangalore,Karnataka,Tier 1,2025-01-16
CUST-15704,Nagpur,Maharashtra,Tier 2,2024-01-27
CUST-15705,Bangalore,Karnataka,Tier 1,2025-05-11
CUST-15706,Coimbatore,Tamil Nadu,Tier 2,2024-05-15
CUST-15707,Delhi NCR,Delhi,Tier 1,2024-02-18
CUST-15708,Jaipur,Rajasthan,Tier 2,2025-08-30
CUST-15709,Coimbatore,Tamil Nadu,Tier 2,2025-05-21
CUST-15710,Delhi NCR,Delhi,Tier 1,2024-04-30
CUST-15711,Bhubaneswar,Odisha,Tier 2,2024-08-04
CUST-15712,Chennai,Tamil Nadu,Tier 1,2025-09-17
CUST-15713,Bhubaneswar,Odisha,Tier 2,2025-06-09
CUST-15714,Jaipur,Rajasthan,Tier 2,2025-07-27
CUST-15715,Hyderabad,Telangana,Tier 1,2024-02-12
CUST-15716,Bangalore,Karnataka,Tier 1,2024-04-05
CUST-15717,Hyderabad,Telangana,Tier 1,2024-01-27
CUST-15718,Delhi NCR,Delhi,Tier 1,2024-08-29
CUST-15719,Delhi NCR,Delhi,Tier 1,2025-05-01
CUST-15720,Delhi NCR,Delhi,Tier 1,2024-08-27
CUST-15721,Chennai,Tamil Nadu,Tier 1,2024-10-30
CUST-15722,Kochi,Kerala,Tier 2,2024-03-07
CUST-15723,Delhi NCR,Delhi,Tier 1,2024-10-07
CUST-15724,Delhi NCR,Delhi,Tier 1,2024-07-10
CUST-15725,Pune,Maharashtra,Tier 1,2024-04-28
CUST-15726,Bangalore,Karnataka,Tier 1,2024-05-31
CUST-15727,Delhi NCR,Delhi,Tier 1,2025-01-26
CUST-15728,Delhi NCR,Delhi,Tier 1,2024-08-18
CUST-15729,Nagpur,Maharashtra,Tier 2,2024-12-16
CUST-15730,Indore,Madhya Pradesh,Tier 2,2025-07-24
CUST-15731,Hyderabad,Telangana,Tier 1,2025-06-12
CUST-15732,Jaipur,Rajasthan,Tier 2,2024-06-19
CUST-15733,Kolkata,West Bengal,Tier 1,2024-05-11
CUST-15734,Jaipur,Rajasthan,Tier 2,2024-12-22
CUST-15735,Lucknow,Uttar Pradesh,Tier 2,2025-10-09
CUST-15736,Pune,Maharashtra,Tier 1,2024-02-11
CUST-15737,Bangalore,Karnataka,Tier 1,2024-10-31
CUST-15738,Mumbai,Maharashtra,Tier 1,2024-01-06
CUST-15739,Chennai,Tamil Nadu,Tier 1,2024-11-24
CUST-15740,Coimbatore,Tamil Nadu,Tier 2,2024-06-18
CUST-15741,Pune,Maharashtra,Tier 1,2024-12-03
CUST-15742,Patna,Bihar,Tier 2,2024-03-09
CUST-15743,Visakhapatnam,Andhra Pradesh,Tier 2,2025-06-22
CUST-15744,Delhi NCR,Delhi,Tier 1,2025-05-21
CUST-15745,Lucknow,Uttar Pradesh,Tier 2,2025-04-30
CUST-15746,Jaipur,Rajasthan,Tier 2,2025-03-18
CUST-15747,Visakhapatnam,Andhra Pradesh,Tier 2,2024-02-20
CUST-15748,Visakhapatnam,Andhra Pradesh,Tier 2,2024-05-28
CUST-15749,Lucknow,Uttar Pradesh,Tier 2,2025-08-09
CUST-15750,Bangalore,Karnataka,Tier 1,2024-04-01
CUST-15751,Indore,Madhya Pradesh,Tier 2,2025-01-02
CUST-15752,Delhi NCR,Delhi,Tier 1,2025-08-02
CUST-15753,Kochi,Kerala,Tier 2,2025-10-17
CUST-15754,Coimbatore,Tamil Nadu,Tier 2,2024-03-16
CUST-15755,Chennai,Tamil Nadu,Tier 1,2024-03-26
CUST-15756,Pune,Maharashtra,Tier 1,2024-08-14
CUST-15757,Chennai,Tamil Nadu,Tier 1,2024-12-28
CUST-15758,Chennai,Tamil Nadu,Tier 1,2025-07-21
CUST-15759,Hyderabad,Telangana,Tier 1,2025-08-14
CUST-15760,Chandigarh,Punjab,Tier 2,2024-01-24
CUST-15761,Nagpur,Maharashtra,Tier 2,2024-01-28
CUST-15762,Nagpur,Maharashtra,Tier 2,2024-04-30
CUST-15763,Delhi NCR,Delhi,Tier 1,2025-05-04
CUST-15764,Bhopal,Madhya Pradesh,Tier 2,2025-08-27
CUST-15765,Ahmedabad,Gujarat,Tier 2,2025-09-15
CUST-15766,Bangalore,Karnataka,Tier 1,2024-12-10
CUST-15767,Mumbai,Maharashtra,Tier 1,2024-01-31
CUST-15768,Bangalore,Karnataka,Tier 1,2025-10-16
CUST-15769,Coimbatore,Tamil Nadu,Tier 2,2024-08-14
CUST-15770,Pune,Maharashtra,Tier 1,2024-09-06
CUST-15771,Ahmedabad,Gujarat,Tier 2,2024-02-19
CUST-15772,Bangalore,Karnataka,Tier 1,2025-01-23
CUST-15773,Ahmedabad,Gujarat,Tier 2,2024-10-14
CUST-15774,Mumbai,Maharashtra,Tier 1,2025-08-13
CUST-15775,Chennai,Tamil Nadu,Tier 1,2025-04-19
CUST-15776,Pune,Maharashtra,Tier 1,2025-08-25
CUST-15777,Delhi NCR,Delhi,Tier 1,2024-01-06
CUST-15778,Indore,Madhya Pradesh,Tier 2,2025-02-15
CUST-15779,Bangalore,Karnataka,Tier 1,2025-10-23
CUST-15780,Jaipur,Rajasthan,Tier 2,2024-11-19
CUST-15781,Chennai,Tamil Nadu,Tier 1,2025-02-02
CUST-15782,Pune,Maharashtra,Tier 1,2024-10-08
CUST-15783,Delhi NCR,Delhi,Tier 1,2024-07-09
CUST-15784,Mumbai,Maharashtra,Tier 1,2025-08-07
CUST-15785,Coimbatore,Tamil Nadu,Tier 2,2025-05-14
CUST-15786,Bangalore,Karnataka,Tier 1,2025-08-02
CUST-15787,Indore,Madhya Pradesh,Tier 2,2025-03-09
CUST-15788,Visakhapatnam,Andhra Pradesh,Tier 2,2024-03-03
CUST-15789,Bangalore,Karnataka,Tier 1,2025-03-28
CUST-15790,Bangalore,Karnataka,Tier 1,2025-05-07
CUST-15791,Jaipur,Rajasthan,Tier 2,2025-10-07
CUST-15792,Bhubaneswar,Odisha,Tier 2,2025-03-17
CUST-15793,Nagpur,Maharashtra,Tier 2,2024-11-02
CUST-15794,Kolkata,West Bengal,Tier 1,2024-05-05
CUST-15795,Kochi,Kerala,Tier 2,2024-09-21
CUST-15796,Delhi NCR,Delhi,Tier 1,2024-01-07
CUST-15797,Visakhapatnam,Andhra Pradesh,Tier 2,2025-02-16
CUST-15798,Bhubaneswar,Odisha,Tier 2,2024-07-24
CUST-15799,Delhi NCR,Delhi,Tier 1,2024-06-27
CUST-15800,Hyderabad,Telangana,Tier 1,2025-04-12
CUST-15801,Delhi NCR,Delhi,Tier 1,2025-05-10
CUST-15802,Bangalore,Karnataka,Tier 1,2025-11-25
CUST-15803,Indore,Madhya Pradesh,Tier 2,2025-03-18
CUST-15804,Chennai,Tamil Nadu,Tier 1,2024-08-15
CUST-15805,Mumbai,Maharashtra,Tier 1,2024-05-25
CUST-15806,Hyderabad,Telangana,Tier 1,2025-07-23
CUST-15807,Visakhapatnam,Andhra Pradesh,Tier 2,2024-10-22
CUST-15808,Pune,Maharashtra,Tier 1,2024-08-28
CUST-15809,Chennai,Tamil Nadu,Tier 1,2024-10-13
CUST-15810,Delhi NCR,Delhi,Tier 1,2025-11-05
CUST-15811,Visakhapatnam,Andhra Pradesh,Tier 2,2024-01-26
CUST-15812,Indore,Madhya Pradesh,Tier 2,2025-03-27
CUST-15813,Hyderabad,Telangana,Tier 1,2024-04-15
CUST-15814,Mumbai,Maharashtra,Tier 1,2024-08-27
CUST-15815,Mumbai,Maharashtra,Tier 1,2025-02-21
CUST-15816,Delhi NCR,Delhi,Tier 1,2024-11-27
CUST-15817,Pune,Maharashtra,Tier 1,2024-02-11
CUST-15818,Nagpur,Maharashtra,Tier 2,2025-10-06
CUST-15819,Kolkata,West Bengal,Tier 1,2025-07-09
CUST-15820,Patna,Bihar,Tier 2,2024-02-04
CUST-15821,Chennai,Tamil Nadu,Tier 1,2024-12-12
CUST-15822,Ahmedabad,Gujarat,Tier 2,2025-01-18
CUST-15823,Ahmedabad,Gujarat,Tier 2,2025-05-27
CUST-15824,Delhi NCR,Delhi,Tier 1,2024-10-14
CUST-15825,Hyderabad,Telangana,Tier 1,2024-02-02
CUST-15826,Pune,Maharashtra,Tier 1,2024-04-04
CUST-15827,Mumbai,Maharashtra,Tier 1,2024-07-23
CUST-15828,Hyderabad,Telangana,Tier 1,2025-09-12
CUST-15829,Kolkata,West Bengal,Tier 1,2024-01-30
CUST-15830,Visakhapatnam,Andhra Pradesh,Tier 2,2024-09-22
CUST-15831,Kolkata,West Bengal,Tier 1,2024-01-23
CUST-15832,Indore,Madhya Pradesh,Tier 2,2025-08-31
CUST-15833,Chennai,Tamil Nadu,Tier 1,2024-02-08
CUST-15834,Indore,Madhya Pradesh,Tier 2,2024-06-21
CUST-15835,Pune,Maharashtra,Tier 1,2025-02-16
CUST-15836,Coimbatore,Tamil Nadu,Tier 2,2025-02-17
CUST-15837,Chennai,Tamil Nadu,Tier 1,2025-11-04
CUST-15838,Pune,Maharashtra,Tier 1,2025-11-22
CUST-15839,Pune,Maharashtra,Tier 1,2025-09-06
CUST-15840,Chennai,Tamil Nadu,Tier 1,2024-07-27
CUST-15841,Delhi NCR,Delhi,Tier 1,2024-01-22
CUST-15842,Delhi NCR,Delhi,Tier 1,2024-01-05
CUST-15843,Mumbai,Maharashtra,Tier 1,2025-10-12
CUST-15844,Bhopal,Madhya Pradesh,Tier 2,2024-08-01
CUST-15845,Bangalore,Karnataka,Tier 1,2025-11-02
CUST-15846,Bangalore,Karnataka,Tier 1,2024-05-18
CUST-15847,Ahmedabad,Gujarat,Tier 2,2025-10-18
CUST-15848,Hyderabad,Telangana,Tier 1,2025-11-02
CUST-15849,Kolkata,West Bengal,Tier 1,2025-08-17
CUST-15850,Delhi NCR,Delhi,Tier 1,2025-10-28
CUST-15851,Bhubaneswar,Odisha,Tier 2,2024-11-12
CUST-15852,Patna,Bihar,Tier 2,2025-07-29
CUST-15853,Bhopal,Madhya Pradesh,Tier 2,2024-06-04
CUST-15854,Chennai,Tamil Nadu,Tier 1,2025-02-27
CUST-15855,Chandigarh,Punjab,Tier 2,2025-05-14
CUST-15856,Delhi NCR,Delhi,Tier 1,2024-03-31
CUST-15857,Mumbai,Maharashtra,Tier 1,2025-10-15
CUST-15858,Mumbai,Maharashtra,Tier 1,2024-02-11
CUST-15859,Pune,Maharashtra,Tier 1,2024-10-21
CUST-15860,Chennai,Tamil Nadu,Tier 1,2024-12-02
CUST-15861,Kolkata,West Bengal,Tier 1,2024-01-01
CUST-15862,Mumbai,Maharashtra,Tier 1,2024-04-18
CUST-15863,Chennai,Tamil Nadu,Tier 1,2024-05-04
CUST-15864,Ahmedabad,Gujarat,Tier 2,2024-03-04
CUST-15865,Chennai,Tamil Nadu,Tier 1,2024-07-24
CUST-15866,Ahmedabad,Gujarat,Tier 2,2025-02-18
CUST-15867,Bangalore,Karnataka,Tier 1,2024-08-31
CUST-15868,Indore,Madhya Pradesh,Tier 2,2025-08-12
CUST-15869,Pune,Maharashtra,Tier 1,2025-09-14
CUST-15870,Bangalore,Karnataka,Tier 1,2025-10-15
CUST-15871,Bangalore,Karnataka,Tier 1,2024-08-03
CUST-15872,Pune,Maharashtra,Tier 1,2025-06-11
CUST-15873,Patna,Bihar,Tier 2,2025-07-19
CUST-15874,Chennai,Tamil Nadu,Tier 1,2025-10-14
CUST-15875,Bangalore,Karnataka,Tier 1,2025-01-14
CUST-15876,Bhopal,Madhya Pradesh,Tier 2,2024-03-19
CUST-15877,Jaipur,Rajasthan,Tier 2,2025-02-18
CUST-15878,Chennai,Tamil Nadu,Tier 1,2025-03-28
CUST-15879,Kolkata,West Bengal,Tier 1,2024-05-28
CUST-15880,Bangalore,Karnataka,Tier 1,2025-09-30
CUST-15881,Pune,Maharashtra,Tier 1,2025-10-31
CUST-15882,Hyderabad,Telangana,Tier 1,2024-02-07
CUST-15883,Visakhapatnam,Andhra Pradesh,Tier 2,2024-06-05
CUST-15884,Kolkata,West Bengal,Tier 1,2024-11-28
CUST-15885,Kolkata,West Bengal,Tier 1,2024-10-14
CUST-15886,Pune,Maharashtra,Tier 1,2024-04-21
CUST-15887,Nagpur,Maharashtra,Tier 2,2025-09-09
CUST-15888,Indore,Madhya Pradesh,Tier 2,2024-03-31
CUST-15889,Chennai,Tamil Nadu,Tier 1,2024-02-18
CUST-15890,Ahmedabad,Gujarat,Tier 2,2024-06-09
CUST-15891,Pune,Maharashtra,Tier 1,2025-05-30
CUST-15892,Kolkata,West Bengal,Tier 1,2025-02-05
CUST-15893,Bangalore,Karnataka,Tier 1,2024-11-15
CUST-15894,Chennai,Tamil Nadu,Tier 1,2024-12-29
CUST-15895,Bangalore,Karnataka,Tier 1,2025-03-17
CUST-15896,Nagpur,Maharashtra,Tier 2,2025-04-19
CUST-15897,Hyderabad,Telangana,Tier 1,2025-08-24
CUST-15898,Bhubaneswar,Odisha,Tier 2,2024-11-07
CUST-15899,Kolkata,West Bengal,Tier 1,2025-06-15
CUST-15900,Pune,Maharashtra,Tier 1,2025-08-11
CUST-15901,Kolkata,West Bengal,Tier 1,2024-08-07
CUST-15902,Delhi NCR,Delhi,Tier 1,2025-11-04
CUST-15903,Chennai,Tamil Nadu,Tier 1,2025-05-11
CUST-15904,Delhi NCR,Delhi,Tier 1,2024-12-08
CUST-15905,Pune,Maharashtra,Tier 1,2025-09-18
CUST-15906,Chennai,Tamil Nadu,Tier 1,2024-04-03
CUST-15907,Kochi,Kerala,Tier 2,2024-05-12
CUST-15908,Bangalore,Karnataka,Tier 1,2025-05-15
CUST-15909,Delhi NCR,Delhi,Tier 1,2024-06-20
CUST-15910,Chennai,Tamil Nadu,Tier 1,2025-09-17
CUST-15911,Nagpur,Maharashtra,Tier 2,2024-01-09
CUST-15912,Ahmedabad,Gujarat,Tier 2,2025-11-12
CUST-15913,Chennai,Tamil Nadu,Tier 1,2024-11-16
CUST-15914,Kolkata,West Bengal,Tier 1,2024-04-07
CUST-15915,Mumbai,Maharashtra,Tier 1,2024-06-17
CUST-15916,Visakhapatnam,Andhra Pradesh,Tier 2,2024-11-06
CUST-15917,Jaipur,Rajasthan,Tier 2,2024-12-08
CUST-15918,Hyderabad,Telangana,Tier 1,2025-03-05
CUST-15919,Pune,Maharashtra,Tier 1,2025-07-09
CUST-15920,Delhi NCR,Delhi,Tier 1,2025-05-14
CUST-15921,Bhubaneswar,Odisha,Tier 2,2024-10-11
CUST-15922,Delhi NCR,Delhi,Tier 1,2025-09-29
CUST-15923,Pune,Maharashtra,Tier 1,2024-09-16
CUST-15924,Bangalore,Karnataka,Tier 1,2025-05-09
CUST-15925,Ahmedabad,Gujarat,Tier 2,2024-12-20
CUST-15926,Kochi,Kerala,Tier 2,2024-08-01
CUST-15927,Jaipur,Rajasthan,Tier 2,2024-07-18
CUST-15928,Pune,Maharashtra,Tier 1,2024-08-23
CUST-15929,Coimbatore,Tamil Nadu,Tier 2,2024-05-15
CUST-15930,Mumbai,Maharashtra,Tier 1,2025-09-19
CUST-15931,Hyderabad,Telangana,Tier 1,2025-10-28
CUST-15932,Bangalore,Karnataka,Tier 1,2025-02-25
CUST-15933,Visakhapatnam,Andhra Pradesh,Tier 2,2024-12-06
CUST-15934,Chennai,Tamil Nadu,Tier 1,2024-12-07
CUST-15935,Ahmedabad,Gujarat,Tier 2,2025-06-13
CUST-15936,Lucknow,Uttar Pradesh,Tier 2,2025-01-22
CUST-15937,Bangalore,Karnataka,Tier 1,2024-01-04
CUST-15938,Bangalore,Karnataka,Tier 1,2025-11-07
CUST-15939,Hyderabad,Telangana,Tier 1,2025-09-30
CUST-15940,Chennai,Tamil Nadu,Tier 1,2025-02-02
CUST-15941,Bangalore,Karnataka,Tier 1,2025-02-25
CUST-15942,Mumbai,Maharashtra,Tier 1,2025-02-14
CUST-15943,Bhopal,Madhya Pradesh,Tier 2,2024-07-31
CUST-15944,Bhubaneswar,Odisha,Tier 2,2025-07-13
CUST-15945,Hyderabad,Telangana,Tier 1,2025-07-11
CUST-15946,Hyderabad,Telangana,Tier 1,2025-07-11
CUST-15947,Mumbai,Maharashtra,Tier 1,2024-02-17
CUST-15948,Lucknow,Uttar Pradesh,Tier 2,2024-07-05
CUST-15949,Patna,Bihar,Tier 2,2025-05-16
CUST-15950,Delhi NCR,Delhi,Tier 1,2025-09-23
CUST-15951,Delhi NCR,Delhi,Tier 1,2025-10-05
CUST-15952,Kochi,Kerala,Tier 2,2025-06-14
CUST-15953,Pune,Maharashtra,Tier 1,2025-04-19
CUST-15954,Mumbai,Maharashtra,Tier 1,2024-02-11
CUST-15955,Pune,Maharashtra,Tier 1,2025-08-26
CUST-15956,Hyderabad,Telangana,Tier 1,2024-09-17
CUST-15957,Hyderabad,Telangana,Tier 1,2024-02-17
CUST-15958,Kochi,Kerala,Tier 2,2025-08-08
CUST-15959,Indore,Madhya Pradesh,Tier 2,2025-03-21
CUST-15960,Chennai,Tamil Nadu,Tier 1,2024-08-08
CUST-15961,Bhubaneswar,Odisha,Tier 2,2025-09-12
CUST-15962,Chennai,Tamil Nadu,Tier 1,2025-10-08
CUST-15963,Kochi,Kerala,Tier 2,2024-12-08
CUST-15964,Kolkata,West Bengal,Tier 1,2024-08-25
CUST-15965,Coimbatore,Tamil Nadu,Tier 2,2024-06-03
CUST-15966,Coimbatore,Tamil Nadu,Tier 2,2024-02-25
CUST-15967,Mumbai,Maharashtra,Tier 1,2025-01-21
CUST-15968,Nagpur,Maharashtra,Tier 2,2024-11-10
CUST-15969,Patna,Bihar,Tier 2,2024-02-07
CUST-15970,Kochi,Kerala,Tier 2,2024-12-06
CUST-15971,Bangalore,Karnataka,Tier 1,2024-08-18
CUST-15972,Indore,Madhya Pradesh,Tier 2,2025-03-27
CUST-15973,Patna,Bihar,Tier 2,2024-12-07
CUST-15974,Hyderabad,Telangana,Tier 1,2025-03-28
CUST-15975,Bhubaneswar,Odisha,Tier 2,2024-09-13
CUST-15976,Mumbai,Maharashtra,Tier 1,2025-03-09
CUST-15977,Delhi NCR,Delhi,Tier 1,2024-07-27
CUST-15978,Kolkata,West Bengal,Tier 1,2024-07-19
CUST-15979,Pune,Maharashtra,Tier 1,2024-05-16
CUST-15980,Pune,Maharashtra,Tier 1,2025-10-01
CUST-15981,Mumbai,Maharashtra,Tier 1,2025-07-18
CUST-15982,Bhubaneswar,Odisha,Tier 2,2025-01-28
CUST-15983,Mumbai,Maharashtra,Tier 1,2025-08-18
CUST-15984,Delhi NCR,Delhi,Tier 1,2024-02-05
CUST-15985,Mumbai,Maharashtra,Tier 1,2024-08-02
CUST-15986,Pune,Maharashtra,Tier 1,2024-01-27
CUST-15987,Nagpur,Maharashtra,Tier 2,2025-10-19
CUST-15988,Jaipur,Rajasthan,Tier 2,2024-01-18
CUST-15989,Indore,Madhya Pradesh,Tier 2,2025-09-21
CUST-15990,Mumbai,Maharashtra,Tier 1,2024-05-16
CUST-15991,Kolkata,West Bengal,Tier 1,2025-08-01
CUST-15992,Chennai,Tamil Nadu,Tier 1,2024-01-30
CUST-15993,Kolkata,West Bengal,Tier 1,2024-03-13
CUST-15994,Mumbai,Maharashtra,Tier 1,2024-05-02
CUST-15995,Lucknow,Uttar Pradesh,Tier 2,2024-08-15
CUST-15996,Kolkata,West Bengal,Tier 1,2024-12-03
CUST-15997,Chandigarh,Punjab,Tier 2,2024-09-29
CUST-15998,Kolkata,West Bengal,Tier 1,2025-03-12
CUST-15999,Delhi NCR,Delhi,Tier 1,2024-02-08
CUST-16000,Pune,Maharashtra,Tier 1,2025-11-12
CUST-16001,Delhi NCR,Delhi,Tier 1,2025-03-01
CUST-16002,Bhopal,Madhya Pradesh,Tier 2,2024-11-10
CUST-16003,Pune,Maharashtra,Tier 1,2025-09-05
CUST-16004,Delhi NCR,Delhi,Tier 1,2025-05-23
CUST-16005,Bhubaneswar,Odisha,Tier 2,2024-06-05
CUST-16006,Kolkata,West Bengal,Tier 1,2024-09-13
CUST-16007,Mumbai,Maharashtra,Tier 1,2025-09-26
CUST-16008,Pune,Maharashtra,Tier 1,2025-03-31
CUST-16009,Bangalore,Karnataka,Tier 1,2024-02-16
CUST-16010,Indore,Madhya Pradesh,Tier 2,2024-11-27
CUST-16011,Indore,Madhya Pradesh,Tier 2,2024-01-10
CUST-16012,Visakhapatnam,Andhra Pradesh,Tier 2,2024-05-23
CUST-16013,Kolkata,West Bengal,Tier 1,2025-03-06
CUST-16014,Chennai,Tamil Nadu,Tier 1,2024-05-31
CUST-16015,Chandigarh,Punjab,Tier 2,2025-05-01
CUST-16016,Delhi NCR,Delhi,Tier 1,2024-05-15
CUST-16017,Kolkata,West Bengal,Tier 1,2025-08-09
CUST-16018,Kolkata,West Bengal,Tier 1,2024-01-26
CUST-16019,Mumbai,Maharashtra,Tier 1,2024-01-07
CUST-16020,Chennai,Tamil Nadu,Tier 1,2025-08-13
CUST-16021,Patna,Bihar,Tier 2,2024-01-15
CUST-16022,Bhopal,Madhya Pradesh,Tier 2,2025-03-07
CUST-16023,Delhi NCR,Delhi,Tier 1,2025-02-03
CUST-16024,Mumbai,Maharashtra,Tier 1,2024-07-25
CUST-16025,Bangalore,Karnataka,Tier 1,2025-08-23
CUST-16026,Bhopal,Madhya Pradesh,Tier 2,2025-08-31
CUST-16027,Delhi NCR,Delhi,Tier 1,2024-08-03
CUST-16028,Ahmedabad,Gujarat,Tier 2,2025-05-16
CUST-16029,Delhi NCR,Delhi,Tier 1,2025-04-03
CUST-16030,Pune,Maharashtra,Tier 1,2024-09-15
CUST-16031,Hyderabad,Telangana,Tier 1,2024-11-24
CUST-16032,Kochi,Kerala,Tier 2,2025-03-29
CUST-16033,Bangalore,Karnataka,Tier 1,2025-01-09
CUST-16034,Pune,Maharashtra,Tier 1,2025-04-08
CUST-16035,Bangalore,Karnataka,Tier 1,2024-03-15
CUST-16036,Ahmedabad,Gujarat,Tier 2,2024-08-29
CUST-16037,Bhopal,Madhya Pradesh,Tier 2,2024-01-17
CUST-16038,Delhi NCR,Delhi,Tier 1,2025-11-19
CUST-16039,Bhopal,Madhya Pradesh,Tier 2,2024-09-15
CUST-16040,Pune,Maharashtra,Tier 1,2024-05-02
CUST-16041,Delhi NCR,Delhi,Tier 1,2024-11-06
CUST-16042,Chennai,Tamil Nadu,Tier 1,2024-04-20
CUST-16043,Delhi NCR,Delhi,Tier 1,2024-09-12
CUST-16044,Lucknow,Uttar Pradesh,Tier 2,2024-08-21
CUST-16045,Chandigarh,Punjab,Tier 2,2025-05-11
CUST-16046,Delhi NCR,Delhi,Tier 1,2024-02-09
CUST-16047,Kolkata,West Bengal,Tier 1,2024-05-01
CUST-16048,Indore,Madhya Pradesh,Tier 2,2025-03-25
CUST-16049,Nagpur,Maharashtra,Tier 2,2025-06-02
CUST-16050,Kolkata,West Bengal,Tier 1,2024-04-01
CUST-16051,Bhubaneswar,Odisha,Tier 2,2024-12-26
CUST-16052,Kolkata,West Bengal,Tier 1,2024-05-02
CUST-16053,Chennai,Tamil Nadu,Tier 1,2024-12-02
CUST-16054,Patna,Bihar,Tier 2,2025-08-30
CUST-16055,Kolkata,West Bengal,Tier 1,2025-05-27
CUST-16056,Kolkata,West Bengal,Tier 1,2025-08-25
CUST-16057,Kolkata,West Bengal,Tier 1,2025-03-03
CUST-16058,Patna,Bihar,Tier 2,2025-03-08
CUST-16059,Patna,Bihar,Tier 2,2024-01-07
CUST-16060,Chennai,Tamil Nadu,Tier 1,2024-04-29
CUST-16061,Hyderabad,Telangana,Tier 1,2025-01-21
CUST-16062,Kolkata,West Bengal,Tier 1,2024-12-15
CUST-16063,Pune,Maharashtra,Tier 1,2025-10-02
CUST-16064,Bangalore,Karnataka,Tier 1,2025-11-21
CUST-16065,Kochi,Kerala,Tier 2,2024-04-07
CUST-16066,Kolkata,West Bengal,Tier 1,2024-02-12
CUST-16067,Hyderabad,Telangana,Tier 1,2024-07-01
CUST-16068,Delhi NCR,Delhi,Tier 1,2025-11-27
CUST-16069,Bangalore,Karnataka,Tier 1,2025-07-18
CUST-16070,Bhubaneswar,Odisha,Tier 2,2025-11-03
CUST-16071,Hyderabad,Telangana,Tier 1,2024-08-22
CUST-16072,Delhi NCR,Delhi,Tier 1,2025-03-21
CUST-16073,Chennai,Tamil Nadu,Tier 1,2024-07-18
CUST-16074,Hyderabad,Telangana,Tier 1,2025-05-27
CUST-16075,Mumbai,Maharashtra,Tier 1,2025-06-09
CUST-16076,Hyderabad,Telangana,Tier 1,2024-07-31
CUST-16077,Kolkata,West Bengal,Tier 1,2025-01-12
CUST-16078,Kolkata,West Bengal,Tier 1,2025-06-29
CUST-16079,Hyderabad,Telangana,Tier 1,2025-04-30
CUST-16080,Chennai,Tamil Nadu,Tier 1,2024-12-26
CUST-16081,Bhubaneswar,Odisha,Tier 2,2024-06-16
CUST-16082,Chennai,Tamil Nadu,Tier 1,2025-11-12
CUST-16083,Bangalore,Karnataka,Tier 1,2025-08-16
CUST-16084,Bangalore,Karnataka,Tier 1,2025-02-07
CUST-16085,Chennai,Tamil Nadu,Tier 1,2024-05-16
CUST-16086,Chandigarh,Punjab,Tier 2,2024-08-20
CUST-16087,Bangalore,Karnataka,Tier 1,2024-04-24
CUST-16088,Ahmedabad,Gujarat,Tier 2,2024-09-08
CUST-16089,Mumbai,Maharashtra,Tier 1,2025-05-07
CUST-16090,Chennai,Tamil Nadu,Tier 1,2024-10-15
CUST-16091,Kochi,Kerala,Tier 2,2024-02-18
CUST-16092,Hyderabad,Telangana,Tier 1,2025-03-27
CUST-16093,Pune,Maharashtra,Tier 1,2025-05-30
CUST-16094,Bangalore,Karnataka,Tier 1,2025-11-18
CUST-16095,Chandigarh,Punjab,Tier 2,2024-09-28
CUST-16096,Mumbai,Maharashtra,Tier 1,2025-03-06
CUST-16097,Patna,Bihar,Tier 2,2024-01-26
CUST-16098,Bangalore,Karnataka,Tier 1,2024-03-10
CUST-16099,Bhopal,Madhya Pradesh,Tier 2,2024-10-19
CUST-16100,Hyderabad,Telangana,Tier 1,2025-02-09
CUST-16101,Ahmedabad,Gujarat,Tier 2,2024-08-21
CUST-16102,Hyderabad,Telangana,Tier 1,2024-08-18
CUST-16103,Coimbatore,Tamil Nadu,Tier 2,2024-09-19
CUST-16104,Delhi NCR,Delhi,Tier 1,2025-08-08
CUST-16105,Delhi NCR,Delhi,Tier 1,2024-04-30
CUST-16106,Kolkata,West Bengal,Tier 1,2025-04-07
CUST-16107,Mumbai,Maharashtra,Tier 1,2025-06-01
CUST-16108,Bangalore,Karnataka,Tier 1,2024-01-24
CUST-16109,Bhubaneswar,Odisha,Tier 2,2025-11-10
CUST-16110,Visakhapatnam,Andhra Pradesh,Tier 2,2025-01-11
CUST-16111,Chennai,Tamil Nadu,Tier 1,2025-05-14
CUST-16112,Nagpur,Maharashtra,Tier 2,2025-03-12
CUST-16113,Kolkata,West Bengal,Tier 1,2025-10-06
CUST-16114,Bangalore,Karnataka,Tier 1,2025-05-13
CUST-16115,Lucknow,Uttar Pradesh,Tier 2,2024-06-22
CUST-16116,Jaipur,Rajasthan,Tier 2,2025-10-24
CUST-16117,Visakhapatnam,Andhra Pradesh,Tier 2,2025-08-22
CUST-16118,Bangalore,Karnataka,Tier 1,2025-05-23
CUST-16119,Jaipur,Rajasthan,Tier 2,2024-11-05
CUST-16120,Mumbai,Maharashtra,Tier 1,2024-03-10
CUST-16121,Delhi NCR,Delhi,Tier 1,2024-07-23
CUST-16122,Mumbai,Maharashtra,Tier 1,2024-12-06
CUST-16123,Visakhapatnam,Andhra Pradesh,Tier 2,2024-02-01
CUST-16124,Indore,Madhya Pradesh,Tier 2,2024-02-12
CUST-16125,Kochi,Kerala,Tier 2,2024-04-27
CUST-16126,Kolkata,West Bengal,Tier 1,2024-01-15
CUST-16127,Hyderabad,Telangana,Tier 1,2024-11-17
CUST-16128,Delhi NCR,Delhi,Tier 1,2025-09-18
CUST-16129,Hyderabad,Telangana,Tier 1,2024-12-02
CUST-16130,Chennai,Tamil Nadu,Tier 1,2025-06-15
CUST-16131,Chandigarh,Punjab,Tier 2,2025-11-20
CUST-16132,Kolkata,West Bengal,Tier 1,2025-08-13
CUST-16133,Mumbai,Maharashtra,Tier 1,2025-01-15
CUST-16134,Mumbai,Maharashtra,Tier 1,2025-05-25
CUST-16135,Delhi NCR,Delhi,Tier 1,2024-04-29
CUST-16136,Chennai,Tamil Nadu,Tier 1,2024-01-26
CUST-16137,Nagpur,Maharashtra,Tier 2,2025-06-17
CUST-16138,Pune,Maharashtra,Tier 1,2024-03-04
CUST-16139,Indore,Madhya Pradesh,Tier 2,2025-04-04
CUST-16140,Kolkata,West Bengal,Tier 1,2024-11-09
CUST-16141,Hyderabad,Telangana,Tier 1,2025-08-12
CUST-16142,Delhi NCR,Delhi,Tier 1,2024-08-03
CUST-16143,Bhopal,Madhya Pradesh,Tier 2,2025-03-31
CUST-16144,Kochi,Kerala,Tier 2,2025-06-23
CUST-16145,Delhi NCR,Delhi,Tier 1,2025-08-01
CUST-16146,Kolkata,West Bengal,Tier 1,2025-04-17
CUST-16147,Kolkata,West Bengal,Tier 1,2024-12-24
CUST-16148,Pune,Maharashtra,Tier 1,2024-05-05
CUST-16149,Bhubaneswar,Odisha,Tier 2,2025-11-16
CUST-16150,Pune,Maharashtra,Tier 1,2024-03-27
CUST-16151,Kolkata,West Bengal,Tier 1,2024-12-08
CUST-16152,Mumbai,Maharashtra,Tier 1,2025-01-29
CUST-16153,Mumbai,Maharashtra,Tier 1,2025-04-28
CUST-16154,Bangalore,Karnataka,Tier 1,2025-10-27
CUST-16155,Mumbai,Maharashtra,Tier 1,2025-03-31
CUST-16156,Chandigarh,Punjab,Tier 2,2025-04-20
CUST-16157,Ahmedabad,Gujarat,Tier 2,2024-07-28
CUST-16158,Delhi NCR,Delhi,Tier 1,2025-06-08
CUST-16159,Patna,Bihar,Tier 2,2025-11-06
CUST-16160,Delhi NCR,Delhi,Tier 1,2025-07-29
CUST-16161,Hyderabad,Telangana,Tier 1,2024-11-02
CUST-16162,Bangalore,Karnataka,Tier 1,2024-03-16
CUST-16163,Chennai,Tamil Nadu,Tier 1,2024-01-22
CUST-16164,Bangalore,Karnataka,Tier 1,2024-02-29
CUST-16165,Kolkata,West Bengal,Tier 1,2025-01-20
CUST-16166,Chennai,Tamil Nadu,Tier 1,2024-02-25
CUST-16167,Visakhapatnam,Andhra Pradesh,Tier 2,2024-06-16
CUST-16168,Mumbai,Maharashtra,Tier 1,2025-02-15
CUST-16169,Delhi NCR,Delhi,Tier 1,2024-07-09
CUST-16170,Mumbai,Maharashtra,Tier 1,2025-04-26
CUST-16171,Pune,Maharashtra,Tier 1,2025-07-20
CUST-16172,Mumbai,Maharashtra,Tier 1,2025-02-19
CUST-16173,Patna,Bihar,Tier 2,2024-12-05
CUST-16174,Kolkata,West Bengal,Tier 1,2024-09-15
CUST-16175,Kolkata,West Bengal,Tier 1,2024-12-15
CUST-16176,Pune,Maharashtra,Tier 1,2025-08-23
CUST-16177,Delhi NCR,Delhi,Tier 1,2025-03-12
CUST-16178,Bangalore,Karnataka,Tier 1,2024-08-09
CUST-16179,Hyderabad,Telangana,Tier 1,2025-02-16
CUST-16180,Pune,Maharashtra,Tier 1,2024-12-15
CUST-16181,Bangalore,Karnataka,Tier 1,2025-04-26
CUST-16182,Delhi NCR,Delhi,Tier 1,2025-08-23
CUST-16183,Bhubaneswar,Odisha,Tier 2,2024-02-28
CUST-16184,Mumbai,Maharashtra,Tier 1,2024-05-31
CUST-16185,Indore,Madhya Pradesh,Tier 2,2025-06-23
CUST-16186,Kochi,Kerala,Tier 2,2024-08-12
CUST-16187,Hyderabad,Telangana,Tier 1,2024-11-13
CUST-16188,Delhi NCR,Delhi,Tier 1,2025-07-16
CUST-16189,Delhi NCR,Delhi,Tier 1,2024-10-05
CUST-16190,Lucknow,Uttar Pradesh,Tier 2,2025-07-11
CUST-16191,Pune,Maharashtra,Tier 1,2025-04-18
CUST-16192,Kochi,Kerala,Tier 2,2025-09-09
CUST-16193,Nagpur,Maharashtra,Tier 2,2024-01-24
CUST-16194,Lucknow,Uttar Pradesh,Tier 2,2025-06-02
CUST-16195,Delhi NCR,Delhi,Tier 1,2025-01-02
CUST-16196,Bangalore,Karnataka,Tier 1,2024-11-30
CUST-16197,Patna,Bihar,Tier 2,2025-03-08
CUST-16198,Bangalore,Karnataka,Tier 1,2024-01-03
CUST-16199,Mumbai,Maharashtra,Tier 1,2024-09-14
CUST-16200,Lucknow,Uttar Pradesh,Tier 2,2024-09-19
CUST-16201,Chennai,Tamil Nadu,Tier 1,2024-04-30
CUST-16202,Nagpur,Maharashtra,Tier 2,2024-01-21
CUST-16203,Jaipur,Rajasthan,Tier 2,2024-05-19
CUST-16204,Mumbai,Maharashtra,Tier 1,2025-04-21
CUST-16205,Bhubaneswar,Odisha,Tier 2,2024-10-15
CUST-16206,Bangalore,Karnataka,Tier 1,2024-07-24
CUST-16207,Hyderabad,Telangana,Tier 1,2024-02-12
CUST-16208,Chennai,Tamil Nadu,Tier 1,2024-04-27
CUST-16209,Mumbai,Maharashtra,Tier 1,2024-01-05
CUST-16210,Kolkata,West Bengal,Tier 1,2024-07-25
CUST-16211,Delhi NCR,Delhi,Tier 1,2025-09-26
CUST-16212,Chennai,Tamil Nadu,Tier 1,2024-12-10
CUST-16213,Hyderabad,Telangana,Tier 1,2024-05-21
CUST-16214,Kochi,Kerala,Tier 2,2025-01-06
CUST-16215,Indore,Madhya Pradesh,Tier 2,2024-08-19
CUST-16216,Delhi NCR,Delhi,Tier 1,2024-06-12
CUST-16217,Hyderabad,Telangana,Tier 1,2025-06-30
CUST-16218,Chennai,Tamil Nadu,Tier 1,2024-12-29
CUST-16219,Delhi NCR,Delhi,Tier 1,2024-11-30
CUST-16220,Indore,Madhya Pradesh,Tier 2,2024-01-11
CUST-16221,Lucknow,Uttar Pradesh,Tier 2,2025-02-11
CUST-16222,Bangalore,Karnataka,Tier 1,2024-03-15
CUST-16223,Hyderabad,Telangana,Tier 1,2024-10-26
CUST-16224,Delhi NCR,Delhi,Tier 1,2025-01-15
CUST-16225,Pune,Maharashtra,Tier 1,2025-09-25
CUST-16226,Delhi NCR,Delhi,Tier 1,2025-08-08
CUST-16227,Visakhapatnam,Andhra Pradesh,Tier 2,2024-01-28
CUST-16228,Kochi,Kerala,Tier 2,2025-04-07
CUST-16229,Chennai,Tamil Nadu,Tier 1,2025-01-30
CUST-16230,Pune,Maharashtra,Tier 1,2025-11-13
CUST-16231,Coimbatore,Tamil Nadu,Tier 2,2025-01-10
CUST-16232,Kolkata,West Bengal,Tier 1,2025-02-24
CUST-16233,Delhi NCR,Delhi,Tier 1,2024-12-29
CUST-16234,Chennai,Tamil Nadu,Tier 1,2024-08-03
CUST-16235,Patna,Bihar,Tier 2,2024-04-10
CUST-16236,Pune,Maharashtra,Tier 1,2024-04-02
CUST-16237,Jaipur,Rajasthan,Tier 2,2025-07-28
CUST-16238,Bhopal,Madhya Pradesh,Tier 2,2024-09-22
CUST-16239,Coimbatore,Tamil Nadu,Tier 2,2024-07-24
CUST-16240,Nagpur,Maharashtra,Tier 2,2024-03-20
CUST-16241,Delhi NCR,Delhi,Tier 1,2024-02-06
CUST-16242,Kolkata,West Bengal,Tier 1,2024-01-11
CUST-16243,Chandigarh,Punjab,Tier 2,2025-09-18
CUST-16244,Chandigarh,Punjab,Tier 2,2024-03-30
CUST-16245,Pune,Maharashtra,Tier 1,2024-01-19
CUST-16246,Delhi NCR,Delhi,Tier 1,2025-07-17
CUST-16247,Indore,Madhya Pradesh,Tier 2,2025-01-08
CUST-16248,Ahmedabad,Gujarat,Tier 2,2024-04-03
CUST-16249,Mumbai,Maharashtra,Tier 1,2024-02-01
CUST-16250,Chennai,Tamil Nadu,Tier 1,2025-10-24
CUST-16251,Delhi NCR,Delhi,Tier 1,2024-05-19
CUST-16252,Hyderabad,Telangana,Tier 1,2025-07-23
CUST-16253,Mumbai,Maharashtra,Tier 1,2024-01-21
CUST-16254,Chennai,Tamil Nadu,Tier 1,2024-05-28
CUST-16255,Kolkata,West Bengal,Tier 1,2024-08-08
CUST-16256,Pune,Maharashtra,Tier 1,2024-08-06
CUST-16257,Jaipur,Rajasthan,Tier 2,2025-06-24
CUST-16258,Patna,Bihar,Tier 2,2025-07-12
CUST-16259,Bangalore,Karnataka,Tier 1,2024-02-27
CUST-16260,Delhi NCR,Delhi,Tier 1,2025-02-28
CUST-16261,Patna,Bihar,Tier 2,2024-10-01
CUST-16262,Delhi NCR,Delhi,Tier 1,2024-05-19
CUST-16263,Visakhapatnam,Andhra Pradesh,Tier 2,2024-01-23
CUST-16264,Patna,Bihar,Tier 2,2025-01-12
CUST-16265,Kolkata,West Bengal,Tier 1,2025-01-07
CUST-16266,Visakhapatnam,Andhra Pradesh,Tier 2,2024-03-03
CUST-16267,Delhi NCR,Delhi,Tier 1,2025-07-17
CUST-16268,Hyderabad,Telangana,Tier 1,2024-12-07
CUST-16269,Pune,Maharashtra,Tier 1,2024-06-15
CUST-16270,Hyderabad,Telangana,Tier 1,2024-05-30
CUST-16271,Nagpur,Maharashtra,Tier 2,2025-06-06
CUST-16272,Mumbai,Maharashtra,Tier 1,2025-08-29
CUST-16273,Kolkata,West Bengal,Tier 1,2025-08-06
CUST-16274,Pune,Maharashtra,Tier 1,2025-05-15
CUST-16275,Jaipur,Rajasthan,Tier 2,2025-07-13
CUST-16276,Bangalore,Karnataka,Tier 1,2024-12-13
CUST-16277,Hyderabad,Telangana,Tier 1,2024-09-28
CUST-16278,Patna,Bihar,Tier 2,2025-03-05
CUST-16279,Bangalore,Karnataka,Tier 1,2025-08-29
CUST-16280,Patna,Bihar,Tier 2,2024-08-20
CUST-16281,Pune,Maharashtra,Tier 1,2025-07-13
CUST-16282,Chandigarh,Punjab,Tier 2,2024-07-26
CUST-16283,Ahmedabad,Gujarat,Tier 2,2025-03-28
CUST-16284,Bangalore,Karnataka,Tier 1,2025-05-15
CUST-16285,Pune,Maharashtra,Tier 1,2025-08-11
CUST-16286,Bhopal,Madhya Pradesh,Tier 2,2024-08-06
CUST-16287,Chennai,Tamil Nadu,Tier 1,2024-03-21
CUST-16288,Bhubaneswar,Odisha,Tier 2,2025-07-02
CUST-16289,Chennai,Tamil Nadu,Tier 1,2025-09-05
CUST-16290,Delhi NCR,Delhi,Tier 1,2025-06-24
CUST-16291,Chennai,Tamil Nadu,Tier 1,2024-09-07
CUST-16292,Bhubaneswar,Odisha,Tier 2,2025-08-28
CUST-16293,Hyderabad,Telangana,Tier 1,2025-02-18
CUST-16294,Bhopal,Madhya Pradesh,Tier 2,2024-03-26
CUST-16295,Bhopal,Madhya Pradesh,Tier 2,2025-09-13
CUST-16296,Hyderabad,Telangana,Tier 1,2024-08-04
CUST-16297,Mumbai,Maharashtra,Tier 1,2024-07-14
CUST-16298,Ahmedabad,Gujarat,Tier 2,2024-10-23
CUST-16299,Hyderabad,Telangana,Tier 1,2024-02-13
CUST-16300,Kochi,Kerala,Tier 2,2025-01-27
CUST-16301,Chennai,Tamil Nadu,Tier 1,2025-03-18
CUST-16302,Kolkata,West Bengal,Tier 1,2024-03-30
CUST-16303,Kochi,Kerala,Tier 2,2024-06-03
CUST-16304,Chennai,Tamil Nadu,Tier 1,2025-04-22
CUST-16305,Chennai,Tamil Nadu,Tier 1,2025-09-12
CUST-16306,Chennai,Tamil Nadu,Tier 1,2024-02-28
CUST-16307,Hyderabad,Telangana,Tier 1,2024-04-19
CUST-16308,Kolkata,West Bengal,Tier 1,2025-04-23
CUST-16309,Indore,Madhya Pradesh,Tier 2,2025-09-09
CUST-16310,Hyderabad,Telangana,Tier 1,2025-08-16
CUST-16311,Kolkata,West Bengal,Tier 1,2024-02-18
CUST-16312,Jaipur,Rajasthan,Tier 2,2025-01-11
CUST-16313,Bangalore,Karnataka,Tier 1,2024-02-01
CUST-16314,Bangalore,Karnataka,Tier 1,2025-04-30
CUST-16315,Nagpur,Maharashtra,Tier 2,2025-08-23
CUST-16316,Ahmedabad,Gujarat,Tier 2,2025-06-14
CUST-16317,Pune,Maharashtra,Tier 1,2024-01-03
CUST-16318,Pune,Maharashtra,Tier 1,2025-01-12
CUST-16319,Mumbai,Maharashtra,Tier 1,2025-07-25
CUST-16320,Pune,Maharashtra,Tier 1,2024-08-29
CUST-16321,Kolkata,West Bengal,Tier 1,2025-06-24
CUST-16322,Kolkata,West Bengal,Tier 1,2025-08-09
CUST-16323,Hyderabad,Telangana,Tier 1,2025-08-04
CUST-16324,Mumbai,Maharashtra,Tier 1,2025-08-17
CUST-16325,Bangalore,Karnataka,Tier 1,2024-12-22
CUST-16326,Bhubaneswar,Odisha,Tier 2,2025-11-15
CUST-16327,Chennai,Tamil Nadu,Tier 1,2024-07-15
CUST-16328,Kolkata,West Bengal,Tier 1,2025-02-22
CUST-16329,Mumbai,Maharashtra,Tier 1,2025-10-20
CUST-16330,Mumbai,Maharashtra,Tier 1,2024-09-29
CUST-16331,Ahmedabad,Gujarat,Tier 2,2025-05-16
CUST-16332,Kolkata,West Bengal,Tier 1,2024-02-04
CUST-16333,Kolkata,West Bengal,Tier 1,2025-09-16
CUST-16334,Bangalore,Karnataka,Tier 1,2025-04-05
CUST-16335,Chandigarh,Punjab,Tier 2,2025-10-31
CUST-16336,Delhi NCR,Delhi,Tier 1,2024-09-09
CUST-16337,Bangalore,Karnataka,Tier 1,2025-09-25
CUST-16338,Chennai,Tamil Nadu,Tier 1,2025-05-26
CUST-16339,Hyderabad,Telangana,Tier 1,2024-02-17
CUST-16340,Bangalore,Karnataka,Tier 1,2024-07-03
CUST-16341,Pune,Maharashtra,Tier 1,2025-05-05
CUST-16342,Jaipur,Rajasthan,Tier 2,2024-09-29
CUST-16343,Indore,Madhya Pradesh,Tier 2,2025-09-04
CUST-16344,Chennai,Tamil Nadu,Tier 1,2025-06-10
CUST-16345,Mumbai,Maharashtra,Tier 1,2024-05-07
CUST-16346,Bangalore,Karnataka,Tier 1,2024-07-28
CUST-16347,Visakhapatnam,Andhra Pradesh,Tier 2,2025-09-15
CUST-16348,Pune,Maharashtra,Tier 1,2024-05-21
CUST-16349,Ahmedabad,Gujarat,Tier 2,2024-06-21
CUST-16350,Mumbai,Maharashtra,Tier 1,2025-11-08
CUST-16351,Kolkata,West Bengal,Tier 1,2025-03-22
CUST-16352,Mumbai,Maharashtra,Tier 1,2024-04-28
CUST-16353,Pune,Maharashtra,Tier 1,2024-01-11
CUST-16354,Nagpur,Maharashtra,Tier 2,2024-10-30
CUST-16355,Bhubaneswar,Odisha,Tier 2,2024-06-02
CUST-16356,Kolkata,West Bengal,Tier 1,2024-11-18
CUST-16357,Chennai,Tamil Nadu,Tier 1,2025-06-20
CUST-16358,Bhubaneswar,Odisha,Tier 2,2025-03-20
CUST-16359,Jaipur,Rajasthan,Tier 2,2024-12-07
CUST-16360,Mumbai,Maharashtra,Tier 1,2024-08-08
CUST-16361,Kolkata,West Bengal,Tier 1,2024-04-19
CUST-16362,Bangalore,Karnataka,Tier 1,2025-02-13
CUST-16363,Kolkata,West Bengal,Tier 1,2025-02-21
CUST-16364,Chennai,Tamil Nadu,Tier 1,2025-08-24
CUST-16365,Pune,Maharashtra,Tier 1,2025-05-19
CUST-16366,Hyderabad,Telangana,Tier 1,2024-02-09
CUST-16367,Delhi NCR,Delhi,Tier 1,2025-05-23
CUST-16368,Kolkata,West Bengal,Tier 1,2025-04-03
CUST-16369,Patna,Bihar,Tier 2,2024-09-19
CUST-16370,Jaipur,Rajasthan,Tier 2,2025-10-31
CUST-16371,Hyderabad,Telangana,Tier 1,2024-04-27
CUST-16372,Nagpur,Maharashtra,Tier 2,2025-03-25
CUST-16373,Coimbatore,Tamil Nadu,Tier 2,2025-02-17
CUST-16374,Bangalore,Karnataka,Tier 1,2025-06-09
CUST-16375,Mumbai,Maharashtra,Tier 1,2025-04-05
CUST-16376,Chandigarh,Punjab,Tier 2,2024-04-27
CUST-16377,Patna,Bihar,Tier 2,2024-08-04
CUST-16378,Bhubaneswar,Odisha,Tier 2,2024-03-17
CUST-16379,Coimbatore,Tamil Nadu,Tier 2,2025-02-24
CUST-16380,Pune,Maharashtra,Tier 1,2024-06-20
CUST-16381,Kolkata,West Bengal,Tier 1,2025-01-24
CUST-16382,Mumbai,Maharashtra,Tier 1,2024-01-26
CUST-16383,Bangalore,Karnataka,Tier 1,2024-05-07
CUST-16384,Chennai,Tamil Nadu,Tier 1,2025-01-08
CUST-16385,Pune,Maharashtra,Tier 1,2025-10-15
CUST-16386,Pune,Maharashtra,Tier 1,2024-01-24
CUST-16387,Chandigarh,Punjab,Tier 2,2025-04-14
CUST-16388,Hyderabad,Telangana,Tier 1,2025-02-26
CUST-16389,Pune,Maharashtra,Tier 1,2024-06-25
CUST-16390,Mumbai,Maharashtra,Tier 1,2025-06-21
CUST-16391,Chennai,Tamil Nadu,Tier 1,2024-09-22
CUST-16392,Chandigarh,Punjab,Tier 2,2025-09-20
CUST-16393,Lucknow,Uttar Pradesh,Tier 2,2025-07-23
CUST-16394,Visakhapatnam,Andhra Pradesh,Tier 2,2024-09-26
CUST-16395,Bangalore,Karnataka,Tier 1,2024-11-24
CUST-16396,Kolkata,West Bengal,Tier 1,2025-03-30
CUST-16397,Hyderabad,Telangana,Tier 1,2024-10-21
CUST-16398,Chennai,Tamil Nadu,Tier 1,2024-05-01
CUST-16399,Bhopal,Madhya Pradesh,Tier 2,2024-06-07
CUST-16400,Lucknow,Uttar Pradesh,Tier 2,2024-06-26
CUST-16401,Bhopal,Madhya Pradesh,Tier 2,2025-10-17
CUST-16402,Bangalore,Karnataka,Tier 1,2024-11-23
CUST-16403,Bhopal,Madhya Pradesh,Tier 2,2024-11-02
CUST-16404,Mumbai,Maharashtra,Tier 1,2024-03-29
CUST-16405,Coimbatore,Tamil Nadu,Tier 2,2024-02-07
CUST-16406,Hyderabad,Telangana,Tier 1,2025-08-13
CUST-16407,Hyderabad,Telangana,Tier 1,2024-12-11
CUST-16408,Kolkata,West Bengal,Tier 1,2024-09-08
CUST-16409,Nagpur,Maharashtra,Tier 2,2024-05-28
CUST-16410,Mumbai,Maharashtra,Tier 1,2024-01-16
CUST-16411,Hyderabad,Telangana,Tier 1,2025-01-01
CUST-16412,Bhopal,Madhya Pradesh,Tier 2,2024-04-27
CUST-16413,Chennai,Tamil Nadu,Tier 1,2024-11-12
CUST-16414,Bangalore,Karnataka,Tier 1,2024-10-14
CUST-16415,Chennai,Tamil Nadu,Tier 1,2024-12-16
CUST-16416,Chennai,Tamil Nadu,Tier 1,2024-10-23
CUST-16417,Nagpur,Maharashtra,Tier 2,2024-07-12
CUST-16418,Chandigarh,Punjab,Tier 2,2025-01-26
CUST-16419,Kolkata,West Bengal,Tier 1,2025-03-18
CUST-16420,Visakhapatnam,Andhra Pradesh,Tier 2,2024-10-07
CUST-16421,Kolkata,West Bengal,Tier 1,2024-10-27
CUST-16422,Mumbai,Maharashtra,Tier 1,2025-03-01
CUST-16423,Bangalore,Karnataka,Tier 1,2024-09-06
CUST-16424,Chennai,Tamil Nadu,Tier 1,2025-05-29
CUST-16425,Delhi NCR,Delhi,Tier 1,2025-11-16
CUST-16426,Bhubaneswar,Odisha,Tier 2,2025-02-09
CUST-16427,Kochi,Kerala,Tier 2,2025-09-07
CUST-16428,Bangalore,Karnataka,Tier 1,2024-08-31
CUST-16429,Pune,Maharashtra,Tier 1,2025-01-01
CUST-16430,Ahmedabad,Gujarat,Tier 2,2024-04-29
CUST-16431,Nagpur,Maharashtra,Tier 2,2025-03-15
CUST-16432,Bhopal,Madhya Pradesh,Tier 2,2025-05-18
CUST-16433,Kolkata,West Bengal,Tier 1,2025-08-04
CUST-16434,Kochi,Kerala,Tier 2,2025-03-08
CUST-16435,Pune,Maharashtra,Tier 1,2024-07-01
CUST-16436,Kolkata,West Bengal,Tier 1,2025-04-05
CUST-16437,Delhi NCR,Delhi,Tier 1,2024-04-27
CUST-16438,Delhi NCR,Delhi,Tier 1,2024-01-31
CUST-16439,Kolkata,West Bengal,Tier 1,2024-05-28
CUST-16440,Bangalore,Karnataka,Tier 1,2025-06-11
CUST-16441,Mumbai,Maharashtra,Tier 1,2024-09-29
CUST-16442,Ahmedabad,Gujarat,Tier 2,2025-01-19
CUST-16443,Mumbai,Maharashtra,Tier 1,2024-04-11
CUST-16444,Pune,Maharashtra,Tier 1,2024-03-12
CUST-16445,Kolkata,West Bengal,Tier 1,2025-09-14
CUST-16446,Bhubaneswar,Odisha,Tier 2,2025-02-11
CUST-16447,Kolkata,West Bengal,Tier 1,2024-12-12
CUST-16448,Mumbai,Maharashtra,Tier 1,2025-01-01
CUST-16449,Kolkata,West Bengal,Tier 1,2025-09-09
CUST-16450,Patna,Bihar,Tier 2,2025-07-02
CUST-16451,Visakhapatnam,Andhra Pradesh,Tier 2,2024-10-17
CUST-16452,Chennai,Tamil Nadu,Tier 1,2025-02-25
CUST-16453,Hyderabad,Telangana,Tier 1,2024-06-29
CUST-16454,Coimbatore,Tamil Nadu,Tier 2,2025-10-16
CUST-16455,Bangalore,Karnataka,Tier 1,2024-04-23
CUST-16456,Pune,Maharashtra,Tier 1,2024-08-25
CUST-16457,Chennai,Tamil Nadu,Tier 1,2024-04-03
CUST-16458,Mumbai,Maharashtra,Tier 1,2024-09-16
CUST-16459,Hyderabad,Telangana,Tier 1,2024-04-16
CUST-16460,Bangalore,Karnataka,Tier 1,2024-08-31
CUST-16461,Lucknow,Uttar Pradesh,Tier 2,2025-02-26
CUST-16462,Bhubaneswar,Odisha,Tier 2,2024-11-30
CUST-16463,Bangalore,Karnataka,Tier 1,2024-01-23
CUST-16464,Indore,Madhya Pradesh,Tier 2,2024-09-27
CUST-16465,Mumbai,Maharashtra,Tier 1,2024-05-19
CUST-16466,Kolkata,West Bengal,Tier 1,2025-04-10
CUST-16467,Mumbai,Maharashtra,Tier 1,2025-03-29
CUST-16468,Nagpur,Maharashtra,Tier 2,2025-01-18
CUST-16469,Chandigarh,Punjab,Tier 2,2025-08-16
CUST-16470,Jaipur,Rajasthan,Tier 2,2025-01-11
CUST-16471,Indore,Madhya Pradesh,Tier 2,2025-03-13
CUST-16472,Pune,Maharashtra,Tier 1,2025-02-25
CUST-16473,Bhubaneswar,Odisha,Tier 2,2024-06-04
CUST-16474,Ahmedabad,Gujarat,Tier 2,2024-11-30
CUST-16475,Nagpur,Maharashtra,Tier 2,2025-06-14
CUST-16476,Kolkata,West Bengal,Tier 1,2025-08-03
CUST-16477,Delhi NCR,Delhi,Tier 1,2024-05-11
CUST-16478,Kolkata,West Bengal,Tier 1,2025-05-15
CUST-16479,Delhi NCR,Delhi,Tier 1,2025-06-05
CUST-16480,Pune,Maharashtra,Tier 1,2024-05-19
CUST-16481,Kolkata,West Bengal,Tier 1,2024-05-14
CUST-16482,Pune,Maharashtra,Tier 1,2025-02-10
CUST-16483,Mumbai,Maharashtra,Tier 1,2024-04-03
CUST-16484,Bangalore,Karnataka,Tier 1,2024-08-28
CUST-16485,Kolkata,West Bengal,Tier 1,2024-06-13
CUST-16486,Bhubaneswar,Odisha,Tier 2,2024-11-20
CUST-16487,Chennai,Tamil Nadu,Tier 1,2025-10-21
CUST-16488,Chennai,Tamil Nadu,Tier 1,2024-08-05
CUST-16489,Ahmedabad,Gujarat,Tier 2,2025-09-11
CUST-16490,Pune,Maharashtra,Tier 1,2024-08-18
CUST-16491,Hyderabad,Telangana,Tier 1,2025-08-04
CUST-16492,Chennai,Tamil Nadu,Tier 1,2025-08-08
CUST-16493,Bangalore,Karnataka,Tier 1,2024-06-27
CUST-16494,Bhubaneswar,Odisha,Tier 2,2024-03-20
CUST-16495,Delhi NCR,Delhi,Tier 1,2024-12-19
CUST-16496,Chennai,Tamil Nadu,Tier 1,2025-11-01
CUST-16497,Mumbai,Maharashtra,Tier 1,2025-11-11
CUST-16498,Bangalore,Karnataka,Tier 1,2024-06-09
CUST-16499,Kochi,Kerala,Tier 2,2025-03-02
CUST-16500,Bangalore,Karnataka,Tier 1,2025-02-06
CUST-16501,Mumbai,Maharashtra,Tier 1,2024-02-01
CUST-16502,Kolkata,West Bengal,Tier 1,2024-04-30
CUST-16503,Mumbai,Maharashtra,Tier 1,2025-05-29
CUST-16504,Mumbai,Maharashtra,Tier 1,2025-01-19
CUST-16505,Indore,Madhya Pradesh,Tier 2,2025-02-28
CUST-16506,Kochi,Kerala,Tier 2,2025-04-20
CUST-16507,Nagpur,Maharashtra,Tier 2,2025-07-13
CUST-16508,Bhopal,Madhya Pradesh,Tier 2,2024-06-15
CUST-16509,Lucknow,Uttar Pradesh,Tier 2,2025-01-23
CUST-16510,Mumbai,Maharashtra,Tier 1,2024-11-28
CUST-16511,Kochi,Kerala,Tier 2,2025-06-06
CUST-16512,Patna,Bihar,Tier 2,2025-04-15
CUST-16513,Indore,Madhya Pradesh,Tier 2,2025-06-07
CUST-16514,Kolkata,West Bengal,Tier 1,2024-02-22
CUST-16515,Bangalore,Karnataka,Tier 1,2025-07-20
CUST-16516,Patna,Bihar,Tier 2,2024-01-21
CUST-16517,Ahmedabad,Gujarat,Tier 2,2024-01-19
CUST-16518,Visakhapatnam,Andhra Pradesh,Tier 2,2025-03-31
CUST-16519,Delhi NCR,Delhi,Tier 1,2024-11-17
CUST-16520,Bangalore,Karnataka,Tier 1,2025-03-08
CUST-16521,Bangalore,Karnataka,Tier 1,2024-02-28
CUST-16522,Kochi,Kerala,Tier 2,2024-05-30
CUST-16523,Bangalore,Karnataka,Tier 1,2025-03-15
CUST-16524,Mumbai,Maharashtra,Tier 1,2024-02-27
CUST-16525,Visakhapatnam,Andhra Pradesh,Tier 2,2025-07-27
CUST-16526,Mumbai,Maharashtra,Tier 1,2025-10-19
CUST-16527,Patna,Bihar,Tier 2,2024-10-19
CUST-16528,Hyderabad,Telangana,Tier 1,2024-06-30
CUST-16529,Patna,Bihar,Tier 2,2025-08-29
CUST-16530,Kolkata,West Bengal,Tier 1,2024-03-18
CUST-16531,Coimbatore,Tamil Nadu,Tier 2,2025-10-15
CUST-16532,Nagpur,Maharashtra,Tier 2,2024-04-14
CUST-16533,Mumbai,Maharashtra,Tier 1,2024-09-17
CUST-16534,Mumbai,Maharashtra,Tier 1,2025-08-29
CUST-16535,Bangalore,Karnataka,Tier 1,2024-08-10
CUST-16536,Jaipur,Rajasthan,Tier 2,2025-04-28
CUST-16537,Coimbatore,Tamil Nadu,Tier 2,2024-05-08
CUST-16538,Chennai,Tamil Nadu,Tier 1,2024-11-14
CUST-16539,Pune,Maharashtra,Tier 1,2025-05-23
CUST-16540,Bangalore,Karnataka,Tier 1,2024-01-20
CUST-16541,Indore,Madhya Pradesh,Tier 2,2024-08-22
CUST-16542,Bhubaneswar,Odisha,Tier 2,2025-08-19
CUST-16543,Bangalore,Karnataka,Tier 1,2025-08-28
CUST-16544,Kolkata,West Bengal,Tier 1,2025-07-07
CUST-16545,Mumbai,Maharashtra,Tier 1,2024-12-15
CUST-16546,Pune,Maharashtra,Tier 1,2025-03-28
CUST-16547,Kolkata,West Bengal,Tier 1,2025-08-08
CUST-16548,Delhi NCR,Delhi,Tier 1,2025-05-23
CUST-16549,Chennai,Tamil Nadu,Tier 1,2025-09-18
CUST-16550,Hyderabad,Telangana,Tier 1,2025-02-26
CUST-16551,Kolkata,West Bengal,Tier 1,2024-07-08
CUST-16552,Pune,Maharashtra,Tier 1,2024-05-04
CUST-16553,Mumbai,Maharashtra,Tier 1,2024-01-06
CUST-16554,Chandigarh,Punjab,Tier 2,2025-04-02
CUST-16555,Ahmedabad,Gujarat,Tier 2,2025-07-07
CUST-16556,Hyderabad,Telangana,Tier 1,2025-07-23
CUST-16557,Mumbai,Maharashtra,Tier 1,2025-06-05
CUST-16558,Chandigarh,Punjab,Tier 2,2024-03-29
CUST-16559,Bhubaneswar,Odisha,Tier 2,2024-04-20
CUST-16560,Bangalore,Karnataka,Tier 1,2025-07-04
CUST-16561,Hyderabad,Telangana,Tier 1,2025-01-31
CUST-16562,Delhi NCR,Delhi,Tier 1,2025-11-09
CUST-16563,Pune,Maharashtra,Tier 1,2024-01-11
CUST-16564,Delhi NCR,Delhi,Tier 1,2025-09-13
CUST-16565,Hyderabad,Telangana,Tier 1,2025-05-11
CUST-16566,Lucknow,Uttar Pradesh,Tier 2,2024-01-16
CUST-16567,Pune,Maharashtra,Tier 1,2024-02-02
CUST-16568,Chennai,Tamil Nadu,Tier 1,2025-05-03
CUST-16569,Chennai,Tamil Nadu,Tier 1,2024-07-06
CUST-16570,Pune,Maharashtra,Tier 1,2025-07-24
CUST-16571,Mumbai,Maharashtra,Tier 1,2025-04-02
CUST-16572,Mumbai,Maharashtra,Tier 1,2024-02-20
CUST-16573,Bhopal,Madhya Pradesh,Tier 2,2024-09-27
CUST-16574,Mumbai,Maharashtra,Tier 1,2025-04-08
CUST-16575,Lucknow,Uttar Pradesh,Tier 2,2024-02-12
CUST-16576,Nagpur,Maharashtra,Tier 2,2025-06-22
CUST-16577,Bangalore,Karnataka,Tier 1,2025-07-21
CUST-16578,Hyderabad,Telangana,Tier 1,2024-04-30
CUST-16579,Pune,Maharashtra,Tier 1,2025-09-16
CUST-16580,Bhopal,Madhya Pradesh,Tier 2,2024-11-11
CUST-16581,Bhubaneswar,Odisha,Tier 2,2024-04-24
CUST-16582,Chandigarh,Punjab,Tier 2,2025-09-12
CUST-16583,Mumbai,Maharashtra,Tier 1,2025-03-29
CUST-16584,Jaipur,Rajasthan,Tier 2,2025-11-17
CUST-16585,Chennai,Tamil Nadu,Tier 1,2025-09-15
CUST-16586,Kolkata,West Bengal,Tier 1,2025-09-03
CUST-16587,Mumbai,Maharashtra,Tier 1,2025-06-03
CUST-16588,Bangalore,Karnataka,Tier 1,2025-10-08
CUST-16589,Kochi,Kerala,Tier 2,2024-12-02
CUST-16590,Chennai,Tamil Nadu,Tier 1,2024-08-27
CUST-16591,Hyderabad,Telangana,Tier 1,2025-01-20
CUST-16592,Chennai,Tamil Nadu,Tier 1,2024-05-24
CUST-16593,Bhopal,Madhya Pradesh,Tier 2,2025-01-11
CUST-16594,Chandigarh,Punjab,Tier 2,2024-01-04
CUST-16595,Bangalore,Karnataka,Tier 1,2024-11-23
CUST-16596,Delhi NCR,Delhi,Tier 1,2024-07-15
CUST-16597,Bangalore,Karnataka,Tier 1,2025-01-23
CUST-16598,Nagpur,Maharashtra,Tier 2,2025-10-01
CUST-16599,Pune,Maharashtra,Tier 1,2024-09-17
CUST-16600,Kolkata,West Bengal,Tier 1,2025-08-25
CUST-16601,Pune,Maharashtra,Tier 1,2024-04-03
CUST-16602,Hyderabad,Telangana,Tier 1,2024-09-13
CUST-16603,Indore,Madhya Pradesh,Tier 2,2024-05-15
CUST-16604,Kolkata,West Bengal,Tier 1,2025-06-08
CUST-16605,Delhi NCR,Delhi,Tier 1,2025-05-12
CUST-16606,Delhi NCR,Delhi,Tier 1,2024-06-26
CUST-16607,Kolkata,West Bengal,Tier 1,2024-04-21
CUST-16608,Nagpur,Maharashtra,Tier 2,2024-09-20
CUST-16609,Hyderabad,Telangana,Tier 1,2025-02-17
CUST-16610,Bhopal,Madhya Pradesh,Tier 2,2025-01-03
CUST-16611,Chandigarh,Punjab,Tier 2,2025-08-13
CUST-16612,Bangalore,Karnataka,Tier 1,2025-01-12
CUST-16613,Mumbai,Maharashtra,Tier 1,2025-08-08
CUST-16614,Delhi NCR,Delhi,Tier 1,2025-01-17
CUST-16615,Ahmedabad,Gujarat,Tier 2,2025-11-03
CUST-16616,Bangalore,Karnataka,Tier 1,2025-05-25
CUST-16617,Hyderabad,Telangana,Tier 1,2025-01-11
CUST-16618,Kolkata,West Bengal,Tier 1,2025-06-28
CUST-16619,Ahmedabad,Gujarat,Tier 2,2024-03-13
CUST-16620,Delhi NCR,Delhi,Tier 1,2025-05-18
CUST-16621,Chennai,Tamil Nadu,Tier 1,2024-12-17
CUST-16622,Kolkata,West Bengal,Tier 1,2024-11-20
CUST-16623,Kolkata,West Bengal,Tier 1,2025-01-22
CUST-16624,Indore,Madhya Pradesh,Tier 2,2024-08-27
CUST-16625,Delhi NCR,Delhi,Tier 1,2024-03-14
CUST-16626,Indore,Madhya Pradesh,Tier 2,2024-01-31
CUST-16627,Lucknow,Uttar Pradesh,Tier 2,2025-04-23
CUST-16628,Kolkata,West Bengal,Tier 1,2024-01-14
CUST-16629,Lucknow,Uttar Pradesh,Tier 2,2024-11-11
CUST-16630,Chennai,Tamil Nadu,Tier 1,2024-03-08
CUST-16631,Delhi NCR,Delhi,Tier 1,2025-10-01
CUST-16632,Jaipur,Rajasthan,Tier 2,2025-06-21
CUST-16633,Kolkata,West Bengal,Tier 1,2025-11-26
CUST-16634,Pune,Maharashtra,Tier 1,2025-10-10
CUST-16635,Hyderabad,Telangana,Tier 1,2024-10-17
CUST-16636,Coimbatore,Tamil Nadu,Tier 2,2025-09-09
CUST-16637,Pune,Maharashtra,Tier 1,2024-01-24
CUST-16638,Mumbai,Maharashtra,Tier 1,2025-02-18
CUST-16639,Chennai,Tamil Nadu,Tier 1,2025-11-11
CUST-16640,Chandigarh,Punjab,Tier 2,2024-02-05
CUST-16641,Kochi,Kerala,Tier 2,2024-04-10
CUST-16642,Kolkata,West Bengal,Tier 1,2025-06-29
CUST-16643,Coimbatore,Tamil Nadu,Tier 2,2024-02-08
CUST-16644,Bangalore,Karnataka,Tier 1,2024-07-29
CUST-16645,Chennai,Tamil Nadu,Tier 1,2025-08-14
CUST-16646,Coimbatore,Tamil Nadu,Tier 2,2024-06-20
CUST-16647,Coimbatore,Tamil Nadu,Tier 2,2025-03-17
CUST-16648,Lucknow,Uttar Pradesh,Tier 2,2024-02-28
CUST-16649,Bhopal,Madhya Pradesh,Tier 2,2025-02-13
CUST-16650,Mumbai,Maharashtra,Tier 1,2025-06-17
CUST-16651,Bhopal,Madhya Pradesh,Tier 2,2024-12-30
CUST-16652,Hyderabad,Telangana,Tier 1,2025-01-01
CUST-16653,Delhi NCR,Delhi,Tier 1,2024-12-09
CUST-16654,Bangalore,Karnataka,Tier 1,2024-10-22
CUST-16655,Chennai,Tamil Nadu,Tier 1,2024-12-06
CUST-16656,Bangalore,Karnataka,Tier 1,2025-08-28
CUST-16657,Hyderabad,Telangana,Tier 1,2025-06-06
CUST-16658,Delhi NCR,Delhi,Tier 1,2025-09-20
CUST-16659,Hyderabad,Telangana,Tier 1,2024-09-21
CUST-16660,Pune,Maharashtra,Tier 1,2025-06-07
CUST-16661,Chennai,Tamil Nadu,Tier 1,2025-10-27
CUST-16662,Hyderabad,Telangana,Tier 1,2024-02-07
CUST-16663,Chandigarh,Punjab,Tier 2,2024-05-10
CUST-16664,Coimbatore,Tamil Nadu,Tier 2,2025-01-16
CUST-16665,Chandigarh,Punjab,Tier 2,2024-08-12
CUST-16666,Hyderabad,Telangana,Tier 1,2024-05-22
CUST-16667,Chandigarh,Punjab,Tier 2,2025-03-06
CUST-16668,Delhi NCR,Delhi,Tier 1,2025-01-23
CUST-16669,Delhi NCR,Delhi,Tier 1,2024-02-23
CUST-16670,Hyderabad,Telangana,Tier 1,2024-01-24
CUST-16671,Indore,Madhya Pradesh,Tier 2,2025-01-29
CUST-16672,Bangalore,Karnataka,Tier 1,2025-09-24
CUST-16673,Mumbai,Maharashtra,Tier 1,2024-04-28
CUST-16674,Delhi NCR,Delhi,Tier 1,2025-11-03
CUST-16675,Bhopal,Madhya Pradesh,Tier 2,2025-08-08
CUST-16676,Pune,Maharashtra,Tier 1,2024-07-03
CUST-16677,Bangalore,Karnataka,Tier 1,2024-07-10
CUST-16678,Kolkata,West Bengal,Tier 1,2025-05-01
CUST-16679,Kolkata,West Bengal,Tier 1,2025-09-24
CUST-16680,Jaipur,Rajasthan,Tier 2,2025-01-18
CUST-16681,Bangalore,Karnataka,Tier 1,2024-12-11
CUST-16682,Bhopal,Madhya Pradesh,Tier 2,2025-04-17
CUST-16683,Hyderabad,Telangana,Tier 1,2025-11-06
CUST-16684,Lucknow,Uttar Pradesh,Tier 2,2024-01-03
CUST-16685,Mumbai,Maharashtra,Tier 1,2024-02-19
CUST-16686,Chennai,Tamil Nadu,Tier 1,2025-05-18
CUST-16687,Hyderabad,Telangana,Tier 1,2024-07-29
CUST-16688,Kolkata,West Bengal,Tier 1,2025-06-11
CUST-16689,Mumbai,Maharashtra,Tier 1,2025-11-10
CUST-16690,Kochi,Kerala,Tier 2,2024-10-09
CUST-16691,Bangalore,Karnataka,Tier 1,2025-01-13
CUST-16692,Jaipur,Rajasthan,Tier 2,2024-11-21
CUST-16693,Indore,Madhya Pradesh,Tier 2,2024-10-24
CUST-16694,Pune,Maharashtra,Tier 1,2025-11-27
CUST-16695,Chandigarh,Punjab,Tier 2,2024-05-17
CUST-16696,Jaipur,Rajasthan,Tier 2,2024-05-04
CUST-16697,Hyderabad,Telangana,Tier 1,2025-01-26
CUST-16698,Indore,Madhya Pradesh,Tier 2,2025-02-05
CUST-16699,Hyderabad,Telangana,Tier 1,2025-04-24
CUST-16700,Pune,Maharashtra,Tier 1,2025-02-04
CUST-16701,Chandigarh,Punjab,Tier 2,2025-07-23
CUST-16702,Chennai,Tamil Nadu,Tier 1,2024-12-27
CUST-16703,Hyderabad,Telangana,Tier 1,2024-03-06
CUST-16704,Chennai,Tamil Nadu,Tier 1,2025-03-03
CUST-16705,Indore,Madhya Pradesh,Tier 2,2025-06-04
CUST-16706,Nagpur,Maharashtra,Tier 2,2025-03-07
CUST-16707,Kolkata,West Bengal,Tier 1,2024-04-14
CUST-16708,Jaipur,Rajasthan,Tier 2,2024-03-29
CUST-16709,Coimbatore,Tamil Nadu,Tier 2,2025-08-23
CUST-16710,Delhi NCR,Delhi,Tier 1,2024-01-06
CUST-16711,Bangalore,Karnataka,Tier 1,2024-06-06
CUST-16712,Ahmedabad,Gujarat,Tier 2,2025-01-13
CUST-16713,Indore,Madhya Pradesh,Tier 2,2024-11-25
CUST-16714,Bhopal,Madhya Pradesh,Tier 2,2024-04-12
CUST-16715,Chennai,Tamil Nadu,Tier 1,2024-08-10
CUST-16716,Mumbai,Maharashtra,Tier 1,2025-02-05
CUST-16717,Chennai,Tamil Nadu,Tier 1,2025-11-13
CUST-16718,Bangalore,Karnataka,Tier 1,2025-06-28
CUST-16719,Hyderabad,Telangana,Tier 1,2025-05-23
CUST-16720,Kochi,Kerala,Tier 2,2025-11-23
CUST-16721,Mumbai,Maharashtra,Tier 1,2024-07-02
CUST-16722,Patna,Bihar,Tier 2,2024-03-27
CUST-16723,Chennai,Tamil Nadu,Tier 1,2025-08-03
CUST-16724,Pune,Maharashtra,Tier 1,2025-01-14
CUST-16725,Mumbai,Maharashtra,Tier 1,2025-06-21
CUST-16726,Hyderabad,Telangana,Tier 1,2025-02-16
CUST-16727,Mumbai,Maharashtra,Tier 1,2025-06-01
CUST-16728,Bhubaneswar,Odisha,Tier 2,2025-11-24
CUST-16729,Indore,Madhya Pradesh,Tier 2,2024-10-21
CUST-16730,Chennai,Tamil Nadu,Tier 1,2024-09-16
CUST-16731,Bangalore,Karnataka,Tier 1,2025-01-18
CUST-16732,Nagpur,Maharashtra,Tier 2,2024-10-30
CUST-16733,Hyderabad,Telangana,Tier 1,2024-11-11
CUST-16734,Delhi NCR,Delhi,Tier 1,2024-03-17
CUST-16735,Pune,Maharashtra,Tier 1,2025-11-10
CUST-16736,Bhubaneswar,Odisha,Tier 2,2025-01-13
CUST-16737,Mumbai,Maharashtra,Tier 1,2025-04-05
CUST-16738,Bangalore,Karnataka,Tier 1,2024-02-25
CUST-16739,Nagpur,Maharashtra,Tier 2,2024-03-21
CUST-16740,Delhi NCR,Delhi,Tier 1,2025-11-09
CUST-16741,Delhi NCR,Delhi,Tier 1,2024-06-24
CUST-16742,Pune,Maharashtra,Tier 1,2025-01-17
CUST-16743,Bhopal,Madhya Pradesh,Tier 2,2024-05-28
CUST-16744,Kolkata,West Bengal,Tier 1,2024-10-07
CUST-16745,Visakhapatnam,Andhra Pradesh,Tier 2,2024-12-10
CUST-16746,Lucknow,Uttar Pradesh,Tier 2,2025-02-12
CUST-16747,Mumbai,Maharashtra,Tier 1,2024-01-30
CUST-16748,Visakhapatnam,Andhra Pradesh,Tier 2,2025-02-25
CUST-16749,Chennai,Tamil Nadu,Tier 1,2024-08-18
CUST-16750,Hyderabad,Telangana,Tier 1,2024-12-24
CUST-16751,Pune,Maharashtra,Tier 1,2024-06-10
CUST-16752,Hyderabad,Telangana,Tier 1,2024-08-15
CUST-16753,Mumbai,Maharashtra,Tier 1,2024-08-08
CUST-16754,Mumbai,Maharashtra,Tier 1,2024-03-13
CUST-16755,Chennai,Tamil Nadu,Tier 1,2025-02-02
CUST-16756,Patna,Bihar,Tier 2,2024-04-04
CUST-16757,Pune,Maharashtra,Tier 1,2025-04-19
CUST-16758,Visakhapatnam,Andhra Pradesh,Tier 2,2024-04-04
CUST-16759,Hyderabad,Telangana,Tier 1,2024-05-03
CUST-16760,Hyderabad,Telangana,Tier 1,2025-05-14
CUST-16761,Delhi NCR,Delhi,Tier 1,2025-09-12
CUST-16762,Delhi NCR,Delhi,Tier 1,2024-02-17
CUST-16763,Hyderabad,Telangana,Tier 1,2024-04-04
CUST-16764,Kochi,Kerala,Tier 2,2025-04-21
CUST-16765,Coimbatore,Tamil Nadu,Tier 2,2024-02-02
CUST-16766,Visakhapatnam,Andhra Pradesh,Tier 2,2024-04-27
CUST-16767,Bangalore,Karnataka,Tier 1,2025-10-05
CUST-16768,Bhopal,Madhya Pradesh,Tier 2,2024-09-07
CUST-16769,Hyderabad,Telangana,Tier 1,2024-10-29
CUST-16770,Delhi NCR,Delhi,Tier 1,2024-05-01
CUST-16771,Bhopal,Madhya Pradesh,Tier 2,2024-08-05
CUST-16772,Pune,Maharashtra,Tier 1,2024-02-22
CUST-16773,Delhi NCR,Delhi,Tier 1,2024-05-05
CUST-16774,Chennai,Tamil Nadu,Tier 1,2024-06-07
CUST-16775,Hyderabad,Telangana,Tier 1,2025-11-01
CUST-16776,Ahmedabad,Gujarat,Tier 2,2025-08-23
CUST-16777,Chennai,Tamil Nadu,Tier 1,2024-06-24
CUST-16778,Visakhapatnam,Andhra Pradesh,Tier 2,2024-10-18
CUST-16779,Mumbai,Maharashtra,Tier 1,2024-06-07
CUST-16780,Hyderabad,Telangana,Tier 1,2025-05-05
CUST-16781,Kolkata,West Bengal,Tier 1,2024-12-22
CUST-16782,Kolkata,West Bengal,Tier 1,2025-09-25
CUST-16783,Hyderabad,Telangana,Tier 1,2024-08-24
CUST-16784,Ahmedabad,Gujarat,Tier 2,2025-03-03
CUST-16785,Bhopal,Madhya Pradesh,Tier 2,2024-05-04
CUST-16786,Nagpur,Maharashtra,Tier 2,2024-11-10
CUST-16787,Indore,Madhya Pradesh,Tier 2,2024-10-05
CUST-16788,Patna,Bihar,Tier 2,2025-08-26
CUST-16789,Kolkata,West Bengal,Tier 1,2024-04-14
CUST-16790,Patna,Bihar,Tier 2,2024-02-11
CUST-16791,Hyderabad,Telangana,Tier 1,2025-01-31
CUST-16792,Chennai,Tamil Nadu,Tier 1,2025-10-02
CUST-16793,Hyderabad,Telangana,Tier 1,2025-04-04
CUST-16794,Kolkata,West Bengal,Tier 1,2025-05-05
CUST-16795,Hyderabad,Telangana,Tier 1,2025-07-18
CUST-16796,Bhubaneswar,Odisha,Tier 2,2024-06-16
CUST-16797,Hyderabad,Telangana,Tier 1,2025-08-24
CUST-16798,Delhi NCR,Delhi,Tier 1,2024-06-22
CUST-16799,Kolkata,West Bengal,Tier 1,2025-01-06
CUST-16800,Mumbai,Maharashtra,Tier 1,2025-08-21
CUST-16801,Delhi NCR,Delhi,Tier 1,2024-05-29
CUST-16802,Bangalore,Karnataka,Tier 1,2024-09-05
CUST-16803,Kolkata,West Bengal,Tier 1,2025-09-18
CUST-16804,Chennai,Tamil Nadu,Tier 1,2024-06-28
CUST-16805,Indore,Madhya Pradesh,Tier 2,2024-04-29
CUST-16806,Chandigarh,Punjab,Tier 2,2024-01-28
CUST-16807,Chennai,Tamil Nadu,Tier 1,2024-04-26
CUST-16808,Hyderabad,Telangana,Tier 1,2025-10-18
CUST-16809,Hyderabad,Telangana,Tier 1,2024-09-18
CUST-16810,Kochi,Kerala,Tier 2,2025-10-15
CUST-16811,Mumbai,Maharashtra,Tier 1,2025-09-17
CUST-16812,Mumbai,Maharashtra,Tier 1,2024-02-07
CUST-16813,Kochi,Kerala,Tier 2,2024-07-15
CUST-16814,Kolkata,West Bengal,Tier 1,2025-06-08
CUST-16815,Delhi NCR,Delhi,Tier 1,2025-09-15
CUST-16816,Bangalore,Karnataka,Tier 1,2025-03-12
CUST-16817,Nagpur,Maharashtra,Tier 2,2025-10-10
CUST-16818,Bhopal,Madhya Pradesh,Tier 2,2025-11-14
CUST-16819,Ahmedabad,Gujarat,Tier 2,2025-09-30
CUST-16820,Kolkata,West Bengal,Tier 1,2025-02-13
CUST-16821,Kolkata,West Bengal,Tier 1,2024-11-28
CUST-16822,Visakhapatnam,Andhra Pradesh,Tier 2,2025-06-14
CUST-16823,Bhubaneswar,Odisha,Tier 2,2025-04-09
CUST-16824,Bangalore,Karnataka,Tier 1,2024-06-06
CUST-16825,Indore,Madhya Pradesh,Tier 2,2024-06-08
CUST-16826,Bangalore,Karnataka,Tier 1,2024-11-29
CUST-16827,Bangalore,Karnataka,Tier 1,2025-01-10
CUST-16828,Jaipur,Rajasthan,Tier 2,2024-03-19
CUST-16829,Chennai,Tamil Nadu,Tier 1,2024-07-15
CUST-16830,Nagpur,Maharashtra,Tier 2,2024-04-29
CUST-16831,Mumbai,Maharashtra,Tier 1,2025-10-12
CUST-16832,Kolkata,West Bengal,Tier 1,2024-08-13
CUST-16833,Nagpur,Maharashtra,Tier 2,2025-08-17
CUST-16834,Coimbatore,Tamil Nadu,Tier 2,2025-02-13
CUST-16835,Delhi NCR,Delhi,Tier 1,2025-06-21
CUST-16836,Hyderabad,Telangana,Tier 1,2025-10-01
CUST-16837,Pune,Maharashtra,Tier 1,2024-12-04
CUST-16838,Delhi NCR,Delhi,Tier 1,2025-07-09
CUST-16839,Bhubaneswar,Odisha,Tier 2,2025-08-18
CUST-16840,Nagpur,Maharashtra,Tier 2,2025-06-20
CUST-16841,Delhi NCR,Delhi,Tier 1,2024-08-07
CUST-16842,Delhi NCR,Delhi,Tier 1,2024-10-19
CUST-16843,Mumbai,Maharashtra,Tier 1,2024-07-22
CUST-16844,Coimbatore,Tamil Nadu,Tier 2,2025-05-28
CUST-16845,Bangalore,Karnataka,Tier 1,2024-07-20
CUST-16846,Chennai,Tamil Nadu,Tier 1,2024-02-01
CUST-16847,Chennai,Tamil Nadu,Tier 1,2024-03-29
CUST-16848,Pune,Maharashtra,Tier 1,2024-07-20
CUST-16849,Mumbai,Maharashtra,Tier 1,2025-11-20
CUST-16850,Bangalore,Karnataka,Tier 1,2025-11-02
CUST-16851,Nagpur,Maharashtra,Tier 2,2024-10-19
CUST-16852,Coimbatore,Tamil Nadu,Tier 2,2024-04-24
CUST-16853,Kochi,Kerala,Tier 2,2024-08-09
CUST-16854,Mumbai,Maharashtra,Tier 1,2024-06-30
CUST-16855,Hyderabad,Telangana,Tier 1,2025-04-13
CUST-16856,Pune,Maharashtra,Tier 1,2025-03-01
CUST-16857,Bangalore,Karnataka,Tier 1,2025-07-05
CUST-16858,Coimbatore,Tamil Nadu,Tier 2,2024-02-29
CUST-16859,Pune,Maharashtra,Tier 1,2025-04-29
CUST-16860,Mumbai,Maharashtra,Tier 1,2024-01-11
CUST-16861,Coimbatore,Tamil Nadu,Tier 2,2025-09-23
CUST-16862,Bhubaneswar,Odisha,Tier 2,2025-01-19
CUST-16863,Mumbai,Maharashtra,Tier 1,2025-02-13
CUST-16864,Kolkata,West Bengal,Tier 1,2024-02-11
CUST-16865,Hyderabad,Telangana,Tier 1,2024-05-02
CUST-16866,Chennai,Tamil Nadu,Tier 1,2024-09-08
CUST-16867,Delhi NCR,Delhi,Tier 1,2025-08-26
CUST-16868,Pune,Maharashtra,Tier 1,2025-04-28
CUST-16869,Bhubaneswar,Odisha,Tier 2,2024-07-31
CUST-16870,Kolkata,West Bengal,Tier 1,2024-09-24
CUST-16871,Mumbai,Maharashtra,Tier 1,2025-10-28
CUST-16872,Pune,Maharashtra,Tier 1,2025-06-23
CUST-16873,Hyderabad,Telangana,Tier 1,2025-09-10
CUST-16874,Bhopal,Madhya Pradesh,Tier 2,2025-10-22
CUST-16875,Chennai,Tamil Nadu,Tier 1,2024-05-14
CUST-16876,Bangalore,Karnataka,Tier 1,2025-05-12
CUST-16877,Bangalore,Karnataka,Tier 1,2025-08-29
CUST-16878,Kochi,Kerala,Tier 2,2024-05-05
CUST-16879,Bangalore,Karnataka,Tier 1,2024-12-24
CUST-16880,Kochi,Kerala,Tier 2,2025-05-17
CUST-16881,Bangalore,Karnataka,Tier 1,2024-11-13
CUST-16882,Hyderabad,Telangana,Tier 1,2024-01-12
CUST-16883,Kolkata,West Bengal,Tier 1,2025-04-21
CUST-16884,Bhubaneswar,Odisha,Tier 2,2024-10-20
CUST-16885,Nagpur,Maharashtra,Tier 2,2025-03-15
CUST-16886,Bangalore,Karnataka,Tier 1,2025-05-30
CUST-16887,Hyderabad,Telangana,Tier 1,2025-01-25
CUST-16888,Delhi NCR,Delhi,Tier 1,2024-11-11
CUST-16889,Kolkata,West Bengal,Tier 1,2025-11-10
CUST-16890,Chennai,Tamil Nadu,Tier 1,2024-01-08
CUST-16891,Coimbatore,Tamil Nadu,Tier 2,2025-05-22
CUST-16892,Nagpur,Maharashtra,Tier 2,2024-05-03
CUST-16893,Chennai,Tamil Nadu,Tier 1,2025-01-06
CUST-16894,Kolkata,West Bengal,Tier 1,2024-11-09
CUST-16895,Coimbatore,Tamil Nadu,Tier 2,2024-07-03
CUST-16896,Indore,Madhya Pradesh,Tier 2,2025-06-30
CUST-16897,Mumbai,Maharashtra,Tier 1,2025-08-07
CUST-16898,Hyderabad,Telangana,Tier 1,2025-06-08
CUST-16899,Chennai,Tamil Nadu,Tier 1,2024-02-08
CUST-16900,Bangalore,Karnataka,Tier 1,2024-03-24
CUST-16901,Bangalore,Karnataka,Tier 1,2024-01-21
CUST-16902,Mumbai,Maharashtra,Tier 1,2024-09-09
CUST-16903,Pune,Maharashtra,Tier 1,2024-10-29
CUST-16904,Bangalore,Karnataka,Tier 1,2024-09-14
CUST-16905,Mumbai,Maharashtra,Tier 1,2025-06-25
CUST-16906,Bangalore,Karnataka,Tier 1,2025-10-01
CUST-16907,Indore,Madhya Pradesh,Tier 2,2025-07-05
CUST-16908,Patna,Bihar,Tier 2,2025-04-05
CUST-16909,Kolkata,West Bengal,Tier 1,2025-08-31
CUST-16910,Chennai,Tamil Nadu,Tier 1,2024-08-11
CUST-16911,Visakhapatnam,Andhra Pradesh,Tier 2,2024-04-01
CUST-16912,Bangalore,Karnataka,Tier 1,2024-10-06
CUST-16913,Bangalore,Karnataka,Tier 1,2024-06-18
CUST-16914,Hyderabad,Telangana,Tier 1,2025-09-20
CUST-16915,Delhi NCR,Delhi,Tier 1,2024-09-04
CUST-16916,Chennai,Tamil Nadu,Tier 1,2024-12-26
CUST-16917,Coimbatore,Tamil Nadu,Tier 2,2024-12-14
CUST-16918,Pune,Maharashtra,Tier 1,2025-03-10
CUST-16919,Chennai,Tamil Nadu,Tier 1,2025-02-09
CUST-16920,Nagpur,Maharashtra,Tier 2,2025-08-23
CUST-16921,Mumbai,Maharashtra,Tier 1,2024-03-18
CUST-16922,Bangalore,Karnataka,Tier 1,2025-04-02
CUST-16923,Pune,Maharashtra,Tier 1,2025-08-08
CUST-16924,Pune,Maharashtra,Tier 1,2025-01-26
CUST-16925,Mumbai,Maharashtra,Tier 1,2024-01-14
CUST-16926,Chennai,Tamil Nadu,Tier 1,2024-02-14
CUST-16927,Pune,Maharashtra,Tier 1,2024-02-07
CUST-16928,Lucknow,Uttar Pradesh,Tier 2,2025-02-19
CUST-16929,Pune,Maharashtra,Tier 1,2024-09-01
CUST-16930,Hyderabad,Telangana,Tier 1,2024-03-02
CUST-16931,Delhi NCR,Delhi,Tier 1,2025-05-07
CUST-16932,Chennai,Tamil Nadu,Tier 1,2025-08-30
CUST-16933,Delhi NCR,Delhi,Tier 1,2024-11-18
CUST-16934,Bhubaneswar,Odisha,Tier 2,2024-09-08
CUST-16935,Kolkata,West Bengal,Tier 1,2025-04-12
CUST-16936,Hyderabad,Telangana,Tier 1,2024-03-01
CUST-16937,Chandigarh,Punjab,Tier 2,2024-04-28
CUST-16938,Kolkata,West Bengal,Tier 1,2024-03-27
CUST-16939,Hyderabad,Telangana,Tier 1,2025-08-17
CUST-16940,Indore,Madhya Pradesh,Tier 2,2024-03-20
CUST-16941,Bhopal,Madhya Pradesh,Tier 2,2024-08-15
CUST-16942,Jaipur,Rajasthan,Tier 2,2025-04-27
CUST-16943,Mumbai,Maharashtra,Tier 1,2025-09-14
CUST-16944,Pune,Maharashtra,Tier 1,2024-11-05
CUST-16945,Chandigarh,Punjab,Tier 2,2025-08-05
CUST-16946,Delhi NCR,Delhi,Tier 1,2025-04-29
CUST-16947,Bangalore,Karnataka,Tier 1,2024-01-25
CUST-16948,Bhopal,Madhya Pradesh,Tier 2,2024-07-20
CUST-16949,Mumbai,Maharashtra,Tier 1,2024-08-12
CUST-16950,Chandigarh,Punjab,Tier 2,2025-05-24
CUST-16951,Kolkata,West Bengal,Tier 1,2025-09-20
CUST-16952,Chennai,Tamil Nadu,Tier 1,2025-08-01
CUST-16953,Mumbai,Maharashtra,Tier 1,2025-07-12
CUST-16954,Indore,Madhya Pradesh,Tier 2,2025-11-20
CUST-16955,Hyderabad,Telangana,Tier 1,2025-06-03
CUST-16956,Kolkata,West Bengal,Tier 1,2024-07-01
CUST-16957,Jaipur,Rajasthan,Tier 2,2024-03-17
CUST-16958,Lucknow,Uttar Pradesh,Tier 2,2025-03-01
CUST-16959,Bhubaneswar,Odisha,Tier 2,2024-03-07
CUST-16960,Kolkata,West Bengal,Tier 1,2025-10-21
CUST-16961,Chennai,Tamil Nadu,Tier 1,2025-05-08
CUST-16962,Bhubaneswar,Odisha,Tier 2,2025-11-15
CUST-16963,Pune,Maharashtra,Tier 1,2025-06-30
CUST-16964,Hyderabad,Telangana,Tier 1,2024-03-17
CUST-16965,Delhi NCR,Delhi,Tier 1,2025-11-27
CUST-16966,Patna,Bihar,Tier 2,2024-02-24
CUST-16967,Hyderabad,Telangana,Tier 1,2025-08-28
CUST-16968,Jaipur,Rajasthan,Tier 2,2025-04-17
CUST-16969,Kolkata,West Bengal,Tier 1,2025-10-17
CUST-16970,Bangalore,Karnataka,Tier 1,2024-09-03
CUST-16971,Pune,Maharashtra,Tier 1,2025-03-14
CUST-16972,Mumbai,Maharashtra,Tier 1,2024-11-09
CUST-16973,Chennai,Tamil Nadu,Tier 1,2024-11-15
CUST-16974,Kolkata,West Bengal,Tier 1,2024-08-07
CUST-16975,Chennai,Tamil Nadu,Tier 1,2025-01-05
CUST-16976,Chandigarh,Punjab,Tier 2,2024-08-03
CUST-16977,Patna,Bihar,Tier 2,2024-02-18
CUST-16978,Kochi,Kerala,Tier 2,2025-04-07
CUST-16979,Mumbai,Maharashtra,Tier 1,2024-04-27
CUST-16980,Bangalore,Karnataka,Tier 1,2024-03-22
CUST-16981,Kolkata,West Bengal,Tier 1,2024-09-19
CUST-16982,Nagpur,Maharashtra,Tier 2,2025-08-11
CUST-16983,Patna,Bihar,Tier 2,2025-05-10
CUST-16984,Patna,Bihar,Tier 2,2025-09-25
CUST-16985,Hyderabad,Telangana,Tier 1,2025-08-24
CUST-16986,Chennai,Tamil Nadu,Tier 1,2025-11-03
CUST-16987,Kolkata,West Bengal,Tier 1,2024-06-24
CUST-16988,Delhi NCR,Delhi,Tier 1,2024-03-29
CUST-16989,Mumbai,Maharashtra,Tier 1,2025-09-30
CUST-16990,Bhubaneswar,Odisha,Tier 2,2024-12-24
CUST-16991,Bangalore,Karnataka,Tier 1,2024-10-12
CUST-16992,Bangalore,Karnataka,Tier 1,2024-10-23
CUST-16993,Mumbai,Maharashtra,Tier 1,2024-09-16
CUST-16994,Nagpur,Maharashtra,Tier 2,2025-04-19
CUST-16995,Pune,Maharashtra,Tier 1,2025-09-14
CUST-16996,Jaipur,Rajasthan,Tier 2,2025-06-19
CUST-16997,Coimbatore,Tamil Nadu,Tier 2,2025-07-15
CUST-16998,Hyderabad,Telangana,Tier 1,2024-02-06
CUST-16999,Pune,Maharashtra,Tier 1,2024-06-29
CUST-17000,Mumbai,Maharashtra,Tier 1,2024-01-25
CUST-17001,Bangalore,Karnataka,Tier 1,2024-12-14
CUST-17002,Patna,Bihar,Tier 2,2025-09-28
CUST-17003,Kochi,Kerala,Tier 2,2025-06-26
CUST-17004,Hyderabad,Telangana,Tier 1,2024-08-14
CUST-17005,Chennai,Tamil Nadu,Tier 1,2024-12-13
CUST-17006,Kolkata,West Bengal,Tier 1,2024-02-07
CUST-17007,Mumbai,Maharashtra,Tier 1,2025-01-17
CUST-17008,Bangalore,Karnataka,Tier 1,2025-07-23
CUST-17009,Bangalore,Karnataka,Tier 1,2024-08-23
CUST-17010,Bangalore,Karnataka,Tier 1,2024-06-29
CUST-17011,Indore,Madhya Pradesh,Tier 2,2024-04-23
CUST-17012,Hyderabad,Telangana,Tier 1,2024-11-01
CUST-17013,Bangalore,Karnataka,Tier 1,2024-05-11
CUST-17014,Kolkata,West Bengal,Tier 1,2024-12-13
CUST-17015,Bhopal,Madhya Pradesh,Tier 2,2024-06-28
CUST-17016,Bangalore,Karnataka,Tier 1,2025-02-18
CUST-17017,Mumbai,Maharashtra,Tier 1,2025-08-12
CUST-17018,Hyderabad,Telangana,Tier 1,2025-10-15
CUST-17019,Chandigarh,Punjab,Tier 2,2025-01-19
CUST-17020,Kolkata,West Bengal,Tier 1,2025-05-26
CUST-17021,Indore,Madhya Pradesh,Tier 2,2024-02-12
CUST-17022,Bhubaneswar,Odisha,Tier 2,2025-04-24
CUST-17023,Kochi,Kerala,Tier 2,2024-04-27
CUST-17024,Pune,Maharashtra,Tier 1,2025-07-24
CUST-17025,Kolkata,West Bengal,Tier 1,2024-03-01
CUST-17026,Mumbai,Maharashtra,Tier 1,2025-07-06
CUST-17027,Visakhapatnam,Andhra Pradesh,Tier 2,2024-07-06
CUST-17028,Chennai,Tamil Nadu,Tier 1,2025-03-28
CUST-17029,Delhi NCR,Delhi,Tier 1,2024-07-05
CUST-17030,Jaipur,Rajasthan,Tier 2,2025-04-08
CUST-17031,Hyderabad,Telangana,Tier 1,2024-06-12
CUST-17032,Pune,Maharashtra,Tier 1,2025-02-27
CUST-17033,Pune,Maharashtra,Tier 1,2024-04-11
CUST-17034,Chennai,Tamil Nadu,Tier 1,2024-09-23
CUST-17035,Patna,Bihar,Tier 2,2025-09-27
CUST-17036,Bangalore,Karnataka,Tier 1,2024-06-01
CUST-17037,Chennai,Tamil Nadu,Tier 1,2025-03-04
CUST-17038,Kolkata,West Bengal,Tier 1,2025-11-21
CUST-17039,Jaipur,Rajasthan,Tier 2,2025-03-02
CUST-17040,Kochi,Kerala,Tier 2,2025-07-31
CUST-17041,Chennai,Tamil Nadu,Tier 1,2025-09-02
CUST-17042,Pune,Maharashtra,Tier 1,2025-06-19
CUST-17043,Delhi NCR,Delhi,Tier 1,2024-11-28
CUST-17044,Nagpur,Maharashtra,Tier 2,2025-11-07
CUST-17045,Chennai,Tamil Nadu,Tier 1,2025-03-15
CUST-17046,Ahmedabad,Gujarat,Tier 2,2025-08-28
CUST-17047,Mumbai,Maharashtra,Tier 1,2024-05-03
CUST-17048,Bangalore,Karnataka,Tier 1,2024-10-28
CUST-17049,Kolkata,West Bengal,Tier 1,2025-10-29
CUST-17050,Bhopal,Madhya Pradesh,Tier 2,2024-12-14
CUST-17051,Kolkata,West Bengal,Tier 1,2024-09-05
CUST-17052,Nagpur,Maharashtra,Tier 2,2024-09-27
CUST-17053,Kolkata,West Bengal,Tier 1,2025-03-04
CUST-17054,Kolkata,West Bengal,Tier 1,2025-07-23
CUST-17055,Delhi NCR,Delhi,Tier 1,2025-08-06
CUST-17056,Indore,Madhya Pradesh,Tier 2,2024-09-03
CUST-17057,Bangalore,Karnataka,Tier 1,2025-04-25
CUST-17058,Coimbatore,Tamil Nadu,Tier 2,2024-04-07
CUST-17059,Coimbatore,Tamil Nadu,Tier 2,2024-11-24
CUST-17060,Bhubaneswar,Odisha,Tier 2,2025-08-15
CUST-17061,Kolkata,West Bengal,Tier 1,2025-02-28
CUST-17062,Jaipur,Rajasthan,Tier 2,2025-07-30
CUST-17063,Kochi,Kerala,Tier 2,2025-02-27
CUST-17064,Delhi NCR,Delhi,Tier 1,2024-01-05
CUST-17065,Pune,Maharashtra,Tier 1,2025-04-03
CUST-17066,Mumbai,Maharashtra,Tier 1,2025-08-15
CUST-17067,Kolkata,West Bengal,Tier 1,2025-05-12
CUST-17068,Delhi NCR,Delhi,Tier 1,2024-03-27
CUST-17069,Delhi NCR,Delhi,Tier 1,2025-02-05
CUST-17070,Hyderabad,Telangana,Tier 1,2024-10-19
CUST-17071,Chennai,Tamil Nadu,Tier 1,2024-10-07
CUST-17072,Pune,Maharashtra,Tier 1,2024-07-15
CUST-17073,Mumbai,Maharashtra,Tier 1,2024-03-23
CUST-17074,Kolkata,West Bengal,Tier 1,2024-01-27
CUST-17075,Delhi NCR,Delhi,Tier 1,2025-11-24
CUST-17076,Pune,Maharashtra,Tier 1,2024-05-14
CUST-17077,Pune,Maharashtra,Tier 1,2024-03-30
CUST-17078,Kolkata,West Bengal,Tier 1,2024-07-24
CUST-17079,Chandigarh,Punjab,Tier 2,2024-01-27
CUST-17080,Hyderabad,Telangana,Tier 1,2025-01-12
CUST-17081,Chandigarh,Punjab,Tier 2,2025-07-24
CUST-17082,Chennai,Tamil Nadu,Tier 1,2025-08-06
CUST-17083,Kolkata,West Bengal,Tier 1,2025-02-18
CUST-17084,Pune,Maharashtra,Tier 1,2024-08-14
CUST-17085,Mumbai,Maharashtra,Tier 1,2025-08-25
CUST-17086,Jaipur,Rajasthan,Tier 2,2024-03-08
CUST-17087,Pune,Maharashtra,Tier 1,2024-12-27
CUST-17088,Hyderabad,Telangana,Tier 1,2024-09-16
CUST-17089,Mumbai,Maharashtra,Tier 1,2025-10-19
CUST-17090,Mumbai,Maharashtra,Tier 1,2024-03-03
CUST-17091,Nagpur,Maharashtra,Tier 2,2025-11-22
CUST-17092,Lucknow,Uttar Pradesh,Tier 2,2025-09-14
CUST-17093,Delhi NCR,Delhi,Tier 1,2025-01-26
CUST-17094,Hyderabad,Telangana,Tier 1,2024-09-02
CUST-17095,Pune,Maharashtra,Tier 1,2024-10-04
CUST-17096,Patna,Bihar,Tier 2,2024-12-12
CUST-17097,Mumbai,Maharashtra,Tier 1,2025-01-06
CUST-17098,Bangalore,Karnataka,Tier 1,2024-05-02
CUST-17099,Coimbatore,Tamil Nadu,Tier 2,2024-02-26
CUST-17100,Mumbai,Maharashtra,Tier 1,2024-06-08
CUST-17101,Bangalore,Karnataka,Tier 1,2024-05-06
CUST-17102,Bhubaneswar,Odisha,Tier 2,2025-08-29
CUST-17103,Pune,Maharashtra,Tier 1,2024-11-06
CUST-17104,Bangalore,Karnataka,Tier 1,2025-06-01
CUST-17105,Mumbai,Maharashtra,Tier 1,2024-09-21
CUST-17106,Mumbai,Maharashtra,Tier 1,2024-10-14
CUST-17107,Bangalore,Karnataka,Tier 1,2025-02-23
CUST-17108,Bhopal,Madhya Pradesh,Tier 2,2025-06-11
CUST-17109,Chennai,Tamil Nadu,Tier 1,2024-05-19
CUST-17110,Ahmedabad,Gujarat,Tier 2,2025-11-28
CUST-17111,Nagpur,Maharashtra,Tier 2,2025-04-19
CUST-17112,Chennai,Tamil Nadu,Tier 1,2025-09-28
CUST-17113,Bangalore,Karnataka,Tier 1,2025-06-12
CUST-17114,Kolkata,West Bengal,Tier 1,2025-01-23
CUST-17115,Coimbatore,Tamil Nadu,Tier 2,2025-05-25
CUST-17116,Indore,Madhya Pradesh,Tier 2,2025-06-21
CUST-17117,Mumbai,Maharashtra,Tier 1,2024-07-31
CUST-17118,Lucknow,Uttar Pradesh,Tier 2,2025-05-27
CUST-17119,Pune,Maharashtra,Tier 1,2024-09-21
CUST-17120,Coimbatore,Tamil Nadu,Tier 2,2024-12-08
CUST-17121,Delhi NCR,Delhi,Tier 1,2024-02-07
CUST-17122,Kolkata,West Bengal,Tier 1,2024-08-20
CUST-17123,Bhopal,Madhya Pradesh,Tier 2,2024-09-16
CUST-17124,Chennai,Tamil Nadu,Tier 1,2024-11-03
CUST-17125,Kolkata,West Bengal,Tier 1,2025-02-06
CUST-17126,Mumbai,Maharashtra,Tier 1,2024-09-17
CUST-17127,Bangalore,Karnataka,Tier 1,2025-04-20
CUST-17128,Hyderabad,Telangana,Tier 1,2024-04-15
CUST-17129,Bhubaneswar,Odisha,Tier 2,2024-09-03
CUST-17130,Hyderabad,Telangana,Tier 1,2024-10-30
CUST-17131,Chennai,Tamil Nadu,Tier 1,2024-12-08
CUST-17132,Jaipur,Rajasthan,Tier 2,2025-03-22
CUST-17133,Delhi NCR,Delhi,Tier 1,2024-02-07
CUST-17134,Kolkata,West Bengal,Tier 1,2024-02-15
CUST-17135,Chandigarh,Punjab,Tier 2,2025-08-27
CUST-17136,Bhopal,Madhya Pradesh,Tier 2,2024-08-07
CUST-17137,Pune,Maharashtra,Tier 1,2024-09-12
CUST-17138,Jaipur,Rajasthan,Tier 2,2024-05-16
CUST-17139,Delhi NCR,Delhi,Tier 1,2024-08-18
CUST-17140,Bhubaneswar,Odisha,Tier 2,2025-07-31
CUST-17141,Delhi NCR,Delhi,Tier 1,2024-02-07
CUST-17142,Kochi,Kerala,Tier 2,2024-06-03
CUST-17143,Bangalore,Karnataka,Tier 1,2025-05-17
CUST-17144,Nagpur,Maharashtra,Tier 2,2024-04-14
CUST-17145,Ahmedabad,Gujarat,Tier 2,2024-09-11
CUST-17146,Chandigarh,Punjab,Tier 2,2025-02-07
CUST-17147,Bangalore,Karnataka,Tier 1,2025-05-02
CUST-17148,Chennai,Tamil Nadu,Tier 1,2025-04-02
CUST-17149,Pune,Maharashtra,Tier 1,2025-06-11
CUST-17150,Kochi,Kerala,Tier 2,2025-08-13
CUST-17151,Delhi NCR,Delhi,Tier 1,2025-06-08
CUST-17152,Bhubaneswar,Odisha,Tier 2,2025-01-04
CUST-17153,Coimbatore,Tamil Nadu,Tier 2,2024-04-11
CUST-17154,Bangalore,Karnataka,Tier 1,2025-10-25
CUST-17155,Indore,Madhya Pradesh,Tier 2,2025-11-20
CUST-17156,Kolkata,West Bengal,Tier 1,2025-08-21
CUST-17157,Chennai,Tamil Nadu,Tier 1,2025-08-22
CUST-17158,Hyderabad,Telangana,Tier 1,2025-06-24
CUST-17159,Pune,Maharashtra,Tier 1,2025-05-26
CUST-17160,Ahmedabad,Gujarat,Tier 2,2025-01-23
CUST-17161,Chennai,Tamil Nadu,Tier 1,2024-12-28
CUST-17162,Pune,Maharashtra,Tier 1,2025-09-03
CUST-17163,Lucknow,Uttar Pradesh,Tier 2,2024-04-24
CUST-17164,Ahmedabad,Gujarat,Tier 2,2024-12-08
CUST-17165,Mumbai,Maharashtra,Tier 1,2024-03-14
CUST-17166,Bhopal,Madhya Pradesh,Tier 2,2024-05-14
CUST-17167,Chennai,Tamil Nadu,Tier 1,2025-08-12
CUST-17168,Bangalore,Karnataka,Tier 1,2025-01-14
CUST-17169,Bangalore,Karnataka,Tier 1,2025-05-04
CUST-17170,Kolkata,West Bengal,Tier 1,2024-05-04
CUST-17171,Coimbatore,Tamil Nadu,Tier 2,2024-02-07
CUST-17172,Chennai,Tamil Nadu,Tier 1,2024-11-05
CUST-17173,Chandigarh,Punjab,Tier 2,2024-04-15
CUST-17174,Delhi NCR,Delhi,Tier 1,2025-07-09
CUST-17175,Kolkata,West Bengal,Tier 1,2024-08-12
CUST-17176,Visakhapatnam,Andhra Pradesh,Tier 2,2024-08-29
CUST-17177,Kochi,Kerala,Tier 2,2025-01-31
CUST-17178,Bangalore,Karnataka,Tier 1,2024-06-01
CUST-17179,Kolkata,West Bengal,Tier 1,2025-06-19
CUST-17180,Bangalore,Karnataka,Tier 1,2025-09-27
CUST-17181,Chennai,Tamil Nadu,Tier 1,2025-02-05
CUST-17182,Kochi,Kerala,Tier 2,2024-05-25
CUST-17183,Kochi,Kerala,Tier 2,2024-07-09
CUST-17184,Bangalore,Karnataka,Tier 1,2025-11-07
CUST-17185,Nagpur,Maharashtra,Tier 2,2025-08-05
CUST-17186,Pune,Maharashtra,Tier 1,2024-07-19
CUST-17187,Chennai,Tamil Nadu,Tier 1,2024-01-12
CUST-17188,Kolkata,West Bengal,Tier 1,2024-02-21
CUST-17189,Pune,Maharashtra,Tier 1,2024-10-28
CUST-17190,Pune,Maharashtra,Tier 1,2024-10-26
CUST-17191,Kolkata,West Bengal,Tier 1,2025-06-04
CUST-17192,Kolkata,West Bengal,Tier 1,2024-05-19
CUST-17193,Delhi NCR,Delhi,Tier 1,2024-04-09
CUST-17194,Indore,Madhya Pradesh,Tier 2,2025-04-29
CUST-17195,Kolkata,West Bengal,Tier 1,2024-05-16
CUST-17196,Delhi NCR,Delhi,Tier 1,2024-12-31
CUST-17197,Chandigarh,Punjab,Tier 2,2025-06-17
CUST-17198,Nagpur,Maharashtra,Tier 2,2025-05-21
CUST-17199,Bhubaneswar,Odisha,Tier 2,2025-10-18
CUST-17200,Hyderabad,Telangana,Tier 1,2024-06-09
CUST-17201,Delhi NCR,Delhi,Tier 1,2024-06-23
CUST-17202,Kolkata,West Bengal,Tier 1,2024-03-28
CUST-17203,Delhi NCR,Delhi,Tier 1,2025-02-02
CUST-17204,Nagpur,Maharashtra,Tier 2,2025-04-24
CUST-17205,Delhi NCR,Delhi,Tier 1,2025-06-28
CUST-17206,Bangalore,Karnataka,Tier 1,2025-04-21
CUST-17207,Chennai,Tamil Nadu,Tier 1,2024-10-09
CUST-17208,Chennai,Tamil Nadu,Tier 1,2025-03-27
CUST-17209,Kochi,Kerala,Tier 2,2025-09-15
CUST-17210,Chennai,Tamil Nadu,Tier 1,2024-03-22
CUST-17211,Delhi NCR,Delhi,Tier 1,2024-07-31
CUST-17212,Bangalore,Karnataka,Tier 1,2025-06-03
CUST-17213,Kolkata,West Bengal,Tier 1,2024-05-13
CUST-17214,Delhi NCR,Delhi,Tier 1,2025-03-22
CUST-17215,Pune,Maharashtra,Tier 1,2024-04-27
CUST-17216,Pune,Maharashtra,Tier 1,2025-08-18
CUST-17217,Ahmedabad,Gujarat,Tier 2,2024-08-30
CUST-17218,Nagpur,Maharashtra,Tier 2,2024-05-29
CUST-17219,Coimbatore,Tamil Nadu,Tier 2,2025-06-16
CUST-17220,Bhubaneswar,Odisha,Tier 2,2025-10-07
CUST-17221,Bangalore,Karnataka,Tier 1,2025-01-13
CUST-17222,Delhi NCR,Delhi,Tier 1,2025-08-30
CUST-17223,Hyderabad,Telangana,Tier 1,2025-06-08
CUST-17224,Coimbatore,Tamil Nadu,Tier 2,2025-05-27
CUST-17225,Visakhapatnam,Andhra Pradesh,Tier 2,2025-10-23
CUST-17226,Bhopal,Madhya Pradesh,Tier 2,2024-04-26
CUST-17227,Delhi NCR,Delhi,Tier 1,2025-10-25
CUST-17228,Bhubaneswar,Odisha,Tier 2,2025-07-29
CUST-17229,Chennai,Tamil Nadu,Tier 1,2025-10-23
CUST-17230,Mumbai,Maharashtra,Tier 1,2024-11-12
CUST-17231,Chennai,Tamil Nadu,Tier 1,2024-01-12
CUST-17232,Mumbai,Maharashtra,Tier 1,2024-03-30
CUST-17233,Kolkata,West Bengal,Tier 1,2025-01-22
CUST-17234,Hyderabad,Telangana,Tier 1,2024-03-23
CUST-17235,Kolkata,West Bengal,Tier 1,2025-01-30
CUST-17236,Pune,Maharashtra,Tier 1,2025-06-28
CUST-17237,Bhopal,Madhya Pradesh,Tier 2,2025-10-22
CUST-17238,Jaipur,Rajasthan,Tier 2,2025-10-01
CUST-17239,Chennai,Tamil Nadu,Tier 1,2024-04-09
CUST-17240,Indore,Madhya Pradesh,Tier 2,2025-04-01
CUST-17241,Coimbatore,Tamil Nadu,Tier 2,2024-11-23
CUST-17242,Delhi NCR,Delhi,Tier 1,2024-03-14
CUST-17243,Kolkata,West Bengal,Tier 1,2024-04-05
CUST-17244,Hyderabad,Telangana,Tier 1,2024-04-01
CUST-17245,Mumbai,Maharashtra,Tier 1,2024-11-25
CUST-17246,Jaipur,Rajasthan,Tier 2,2024-06-23
CUST-17247,Bhopal,Madhya Pradesh,Tier 2,2024-11-10
CUST-17248,Delhi NCR,Delhi,Tier 1,2025-11-17
CUST-17249,Indore,Madhya Pradesh,Tier 2,2025-07-21
CUST-17250,Patna,Bihar,Tier 2,2025-05-11
CUST-17251,Nagpur,Maharashtra,Tier 2,2024-09-25
CUST-17252,Bangalore,Karnataka,Tier 1,2025-03-03
CUST-17253,Coimbatore,Tamil Nadu,Tier 2,2024-02-04
CUST-17254,Hyderabad,Telangana,Tier 1,2024-04-28
CUST-17255,Kolkata,West Bengal,Tier 1,2025-01-05
CUST-17256,Mumbai,Maharashtra,Tier 1,2025-07-21
CUST-17257,Mumbai,Maharashtra,Tier 1,2025-03-26
CUST-17258,Ahmedabad,Gujarat,Tier 2,2024-11-04
CUST-17259,Chennai,Tamil Nadu,Tier 1,2024-12-22
CUST-17260,Bangalore,Karnataka,Tier 1,2025-01-10
CUST-17261,Bangalore,Karnataka,Tier 1,2024-04-14
CUST-17262,Jaipur,Rajasthan,Tier 2,2025-01-24
CUST-17263,Mumbai,Maharashtra,Tier 1,2024-06-24
CUST-17264,Indore,Madhya Pradesh,Tier 2,2024-04-15
CUST-17265,Mumbai,Maharashtra,Tier 1,2025-08-14
CUST-17266,Bangalore,Karnataka,Tier 1,2024-06-11
CUST-17267,Chennai,Tamil Nadu,Tier 1,2024-09-23
CUST-17268,Kolkata,West Bengal,Tier 1,2025-07-16
CUST-17269,Hyderabad,Telangana,Tier 1,2024-10-05
CUST-17270,Hyderabad,Telangana,Tier 1,2024-10-29
CUST-17271,Bhubaneswar,Odisha,Tier 2,2025-08-09
CUST-17272,Pune,Maharashtra,Tier 1,2024-05-06
CUST-17273,Mumbai,Maharashtra,Tier 1,2024-09-02
CUST-17274,Chennai,Tamil Nadu,Tier 1,2024-08-21
CUST-17275,Bhopal,Madhya Pradesh,Tier 2,2025-10-28
CUST-17276,Hyderabad,Telangana,Tier 1,2025-08-07
CUST-17277,Delhi NCR,Delhi,Tier 1,2025-03-14
CUST-17278,Chandigarh,Punjab,Tier 2,2024-05-16
CUST-17279,Pune,Maharashtra,Tier 1,2025-07-09
CUST-17280,Pune,Maharashtra,Tier 1,2024-05-28
CUST-17281,Mumbai,Maharashtra,Tier 1,2024-02-25
CUST-17282,Delhi NCR,Delhi,Tier 1,2025-11-18
CUST-17283,Pune,Maharashtra,Tier 1,2024-12-21
CUST-17284,Bangalore,Karnataka,Tier 1,2024-09-13
CUST-17285,Kolkata,West Bengal,Tier 1,2024-03-03
CUST-17286,Kolkata,West Bengal,Tier 1,2024-03-03
CUST-17287,Hyderabad,Telangana,Tier 1,2024-01-29
CUST-17288,Bhubaneswar,Odisha,Tier 2,2025-07-05
CUST-17289,Patna,Bihar,Tier 2,2025-10-20
CUST-17290,Ahmedabad,Gujarat,Tier 2,2025-08-22
CUST-17291,Mumbai,Maharashtra,Tier 1,2025-07-21
CUST-17292,Delhi NCR,Delhi,Tier 1,2024-10-26
CUST-17293,Kolkata,West Bengal,Tier 1,2025-09-03
CUST-17294,Delhi NCR,Delhi,Tier 1,2024-08-02
CUST-17295,Visakhapatnam,Andhra Pradesh,Tier 2,2024-05-20
CUST-17296,Delhi NCR,Delhi,Tier 1,2025-05-21
CUST-17297,Kolkata,West Bengal,Tier 1,2025-07-14
CUST-17298,Hyderabad,Telangana,Tier 1,2025-05-13
CUST-17299,Pune,Maharashtra,Tier 1,2025-09-18
CUST-17300,Delhi NCR,Delhi,Tier 1,2025-05-16
CUST-17301,Chennai,Tamil Nadu,Tier 1,2025-08-09
CUST-17302,Bangalore,Karnataka,Tier 1,2024-07-09
CUST-17303,Coimbatore,Tamil Nadu,Tier 2,2025-11-05
CUST-17304,Mumbai,Maharashtra,Tier 1,2025-10-12
CUST-17305,Nagpur,Maharashtra,Tier 2,2024-02-18
CUST-17306,Patna,Bihar,Tier 2,2024-12-28
CUST-17307,Hyderabad,Telangana,Tier 1,2025-09-18
CUST-17308,Kochi,Kerala,Tier 2,2025-11-10
CUST-17309,Mumbai,Maharashtra,Tier 1,2025-05-10
CUST-17310,Bhubaneswar,Odisha,Tier 2,2024-10-03
CUST-17311,Kolkata,West Bengal,Tier 1,2024-02-16
CUST-17312,Hyderabad,Telangana,Tier 1,2024-08-03
CUST-17313,Hyderabad,Telangana,Tier 1,2024-08-17
CUST-17314,Mumbai,Maharashtra,Tier 1,2025-09-30
CUST-17315,Visakhapatnam,Andhra Pradesh,Tier 2,2024-11-18
CUST-17316,Mumbai,Maharashtra,Tier 1,2025-02-24
CUST-17317,Jaipur,Rajasthan,Tier 2,2024-08-12
CUST-17318,Chennai,Tamil Nadu,Tier 1,2025-10-23
CUST-17319,Bhubaneswar,Odisha,Tier 2,2024-10-13
CUST-17320,Bangalore,Karnataka,Tier 1,2024-02-15
CUST-17321,Kolkata,West Bengal,Tier 1,2024-01-14
CUST-17322,Kolkata,West Bengal,Tier 1,2025-09-24
CUST-17323,Lucknow,Uttar Pradesh,Tier 2,2025-01-09
CUST-17324,Mumbai,Maharashtra,Tier 1,2024-11-28
CUST-17325,Bangalore,Karnataka,Tier 1,2024-06-14
CUST-17326,Bangalore,Karnataka,Tier 1,2025-05-21
CUST-17327,Chandigarh,Punjab,Tier 2,2024-04-26
CUST-17328,Bangalore,Karnataka,Tier 1,2025-09-27
CUST-17329,Pune,Maharashtra,Tier 1,2025-07-19
CUST-17330,Bangalore,Karnataka,Tier 1,2025-03-14
CUST-17331,Bhopal,Madhya Pradesh,Tier 2,2024-10-30
CUST-17332,Bhubaneswar,Odisha,Tier 2,2025-04-01
CUST-17333,Kolkata,West Bengal,Tier 1,2024-09-27
CUST-17334,Hyderabad,Telangana,Tier 1,2024-08-03
CUST-17335,Bangalore,Karnataka,Tier 1,2024-04-22
CUST-17336,Mumbai,Maharashtra,Tier 1,2024-01-16
CUST-17337,Bangalore,Karnataka,Tier 1,2024-08-03
CUST-17338,Jaipur,Rajasthan,Tier 2,2025-03-02
CUST-17339,Kolkata,West Bengal,Tier 1,2024-05-14
CUST-17340,Bhubaneswar,Odisha,Tier 2,2024-02-12
CUST-17341,Chennai,Tamil Nadu,Tier 1,2024-10-10
CUST-17342,Lucknow,Uttar Pradesh,Tier 2,2024-04-07
CUST-17343,Kolkata,West Bengal,Tier 1,2024-02-29
CUST-17344,Kolkata,West Bengal,Tier 1,2024-08-17
CUST-17345,Bangalore,Karnataka,Tier 1,2025-10-04
CUST-17346,Chennai,Tamil Nadu,Tier 1,2025-01-19
CUST-17347,Kolkata,West Bengal,Tier 1,2024-06-07
CUST-17348,Lucknow,Uttar Pradesh,Tier 2,2025-04-15
CUST-17349,Nagpur,Maharashtra,Tier 2,2025-08-18
CUST-17350,Hyderabad,Telangana,Tier 1,2024-07-26
CUST-17351,Mumbai,Maharashtra,Tier 1,2024-06-22
CUST-17352,Kolkata,West Bengal,Tier 1,2024-03-21
CUST-17353,Kolkata,West Bengal,Tier 1,2024-01-18
CUST-17354,Delhi NCR,Delhi,Tier 1,2024-10-17
CUST-17355,Chandigarh,Punjab,Tier 2,2024-12-25
CUST-17356,Visakhapatnam,Andhra Pradesh,Tier 2,2024-10-05
CUST-17357,Bhubaneswar,Odisha,Tier 2,2025-01-31
CUST-17358,Bangalore,Karnataka,Tier 1,2024-05-21
CUST-17359,Bhopal,Madhya Pradesh,Tier 2,2025-11-07
CUST-17360,Lucknow,Uttar Pradesh,Tier 2,2025-05-31
CUST-17361,Chennai,Tamil Nadu,Tier 1,2024-09-07
CUST-17362,Kolkata,West Bengal,Tier 1,2025-10-23
CUST-17363,Patna,Bihar,Tier 2,2025-06-23
CUST-17364,Kolkata,West Bengal,Tier 1,2024-08-24
CUST-17365,Chennai,Tamil Nadu,Tier 1,2024-05-11
CUST-17366,Kolkata,West Bengal,Tier 1,2024-11-01
CUST-17367,Pune,Maharashtra,Tier 1,2024-12-23
CUST-17368,Bangalore,Karnataka,Tier 1,2024-10-11
CUST-17369,Coimbatore,Tamil Nadu,Tier 2,2024-10-19
CUST-17370,Jaipur,Rajasthan,Tier 2,2024-06-11
CUST-17371,Pune,Maharashtra,Tier 1,2025-02-22
CUST-17372,Delhi NCR,Delhi,Tier 1,2025-04-12
CUST-17373,Pune,Maharashtra,Tier 1,2025-10-03
CUST-17374,Delhi NCR,Delhi,Tier 1,2025-07-23
CUST-17375,Mumbai,Maharashtra,Tier 1,2025-05-21
CUST-17376,Kolkata,West Bengal,Tier 1,2025-10-19
CUST-17377,Chennai,Tamil Nadu,Tier 1,2025-04-22
CUST-17378,Pune,Maharashtra,Tier 1,2024-12-27
CUST-17379,Mumbai,Maharashtra,Tier 1,2024-11-07
CUST-17380,Chennai,Tamil Nadu,Tier 1,2025-09-25
CUST-17381,Delhi NCR,Delhi,Tier 1,2024-09-01
CUST-17382,Visakhapatnam,Andhra Pradesh,Tier 2,2025-04-21
CUST-17383,Pune,Maharashtra,Tier 1,2025-09-06
CUST-17384,Lucknow,Uttar Pradesh,Tier 2,2025-03-11
CUST-17385,Hyderabad,Telangana,Tier 1,2024-09-06
CUST-17386,Delhi NCR,Delhi,Tier 1,2024-01-22
CUST-17387,Visakhapatnam,Andhra Pradesh,Tier 2,2025-04-21
CUST-17388,Hyderabad,Telangana,Tier 1,2025-07-25
CUST-17389,Chennai,Tamil Nadu,Tier 1,2025-05-25
CUST-17390,Pune,Maharashtra,Tier 1,2024-12-01
CUST-17391,Mumbai,Maharashtra,Tier 1,2025-10-07
CUST-17392,Indore,Madhya Pradesh,Tier 2,2024-12-07
CUST-17393,Kolkata,West Bengal,Tier 1,2024-12-03
CUST-17394,Bangalore,Karnataka,Tier 1,2025-04-24
CUST-17395,Mumbai,Maharashtra,Tier 1,2024-02-11
CUST-17396,Delhi NCR,Delhi,Tier 1,2024-03-14
CUST-17397,Coimbatore,Tamil Nadu,Tier 2,2024-01-22
CUST-17398,Lucknow,Uttar Pradesh,Tier 2,2024-08-07
CUST-17399,Bangalore,Karnataka,Tier 1,2024-03-19
CUST-17400,Mumbai,Maharashtra,Tier 1,2024-08-22
CUST-17401,Lucknow,Uttar Pradesh,Tier 2,2024-06-05
CUST-17402,Pune,Maharashtra,Tier 1,2024-11-22
CUST-17403,Chennai,Tamil Nadu,Tier 1,2024-04-23
CUST-17404,Hyderabad,Telangana,Tier 1,2025-08-30
CUST-17405,Bangalore,Karnataka,Tier 1,2025-10-03
CUST-17406,Jaipur,Rajasthan,Tier 2,2025-09-12
CUST-17407,Bhubaneswar,Odisha,Tier 2,2025-08-09
CUST-17408,Delhi NCR,Delhi,Tier 1,2024-10-01
CUST-17409,Pune,Maharashtra,Tier 1,2025-01-15
CUST-17410,Chennai,Tamil Nadu,Tier 1,2024-01-20
CUST-17411,Chennai,Tamil Nadu,Tier 1,2025-11-03
CUST-17412,Bangalore,Karnataka,Tier 1,2024-07-27
CUST-17413,Patna,Bihar,Tier 2,2025-08-28
CUST-17414,Kolkata,West Bengal,Tier 1,2025-08-16
CUST-17415,Kolkata,West Bengal,Tier 1,2025-09-07
CUST-17416,Hyderabad,Telangana,Tier 1,2024-06-08
CUST-17417,Delhi NCR,Delhi,Tier 1,2025-07-26
CUST-17418,Mumbai,Maharashtra,Tier 1,2024-02-07
CUST-17419,Ahmedabad,Gujarat,Tier 2,2024-04-27
CUST-17420,Bangalore,Karnataka,Tier 1,2025-01-24
CUST-17421,Lucknow,Uttar Pradesh,Tier 2,2025-11-10
CUST-17422,Chennai,Tamil Nadu,Tier 1,2025-01-11
CUST-17423,Chennai,Tamil Nadu,Tier 1,2025-01-10
CUST-17424,Kolkata,West Bengal,Tier 1,2025-08-03
CUST-17425,Hyderabad,Telangana,Tier 1,2025-08-17
CUST-17426,Delhi NCR,Delhi,Tier 1,2024-02-11
CUST-17427,Hyderabad,Telangana,Tier 1,2025-09-02
CUST-17428,Jaipur,Rajasthan,Tier 2,2025-04-14
CUST-17429,Jaipur,Rajasthan,Tier 2,2025-04-02
CUST-17430,Hyderabad,Telangana,Tier 1,2024-05-09
CUST-17431,Chennai,Tamil Nadu,Tier 1,2024-01-28
CUST-17432,Bangalore,Karnataka,Tier 1,2025-09-20
CUST-17433,Bangalore,Karnataka,Tier 1,2024-11-21
CUST-17434,Mumbai,Maharashtra,Tier 1,2025-05-23
CUST-17435,Coimbatore,Tamil Nadu,Tier 2,2025-09-10
CUST-17436,Bangalore,Karnataka,Tier 1,2024-11-20
CUST-17437,Bangalore,Karnataka,Tier 1,2024-06-08
CUST-17438,Hyderabad,Telangana,Tier 1,2025-05-30
CUST-17439,Delhi NCR,Delhi,Tier 1,2025-10-22
CUST-17440,Pune,Maharashtra,Tier 1,2024-09-10
CUST-17441,Mumbai,Maharashtra,Tier 1,2024-09-04
CUST-17442,Delhi NCR,Delhi,Tier 1,2024-12-18
CUST-17443,Pune,Maharashtra,Tier 1,2025-02-01
CUST-17444,Hyderabad,Telangana,Tier 1,2025-08-04
CUST-17445,Lucknow,Uttar Pradesh,Tier 2,2024-07-21
CUST-17446,Pune,Maharashtra,Tier 1,2024-10-28
CUST-17447,Bangalore,Karnataka,Tier 1,2024-05-27
CUST-17448,Jaipur,Rajasthan,Tier 2,2024-08-08
CUST-17449,Delhi NCR,Delhi,Tier 1,2025-11-28
CUST-17450,Kolkata,West Bengal,Tier 1,2025-07-13
CUST-17451,Chennai,Tamil Nadu,Tier 1,2024-09-19
CUST-17452,Bangalore,Karnataka,Tier 1,2024-10-22
CUST-17453,Pune,Maharashtra,Tier 1,2024-11-10
CUST-17454,Bhopal,Madhya Pradesh,Tier 2,2024-10-18
CUST-17455,Visakhapatnam,Andhra Pradesh,Tier 2,2025-11-14
CUST-17456,Pune,Maharashtra,Tier 1,2024-01-31
CUST-17457,Chennai,Tamil Nadu,Tier 1,2025-11-12
CUST-17458,Bangalore,Karnataka,Tier 1,2024-02-13
CUST-17459,Bangalore,Karnataka,Tier 1,2025-07-08
CUST-17460,Kolkata,West Bengal,Tier 1,2024-05-13
CUST-17461,Hyderabad,Telangana,Tier 1,2024-12-14
CUST-17462,Nagpur,Maharashtra,Tier 2,2024-08-06
CUST-17463,Hyderabad,Telangana,Tier 1,2025-03-25
CUST-17464,Chennai,Tamil Nadu,Tier 1,2025-05-18
CUST-17465,Chennai,Tamil Nadu,Tier 1,2024-03-26
CUST-17466,Patna,Bihar,Tier 2,2024-09-07
CUST-17467,Jaipur,Rajasthan,Tier 2,2024-09-21
CUST-17468,Pune,Maharashtra,Tier 1,2025-06-06
CUST-17469,Hyderabad,Telangana,Tier 1,2024-03-20
CUST-17470,Indore,Madhya Pradesh,Tier 2,2025-09-12
CUST-17471,Mumbai,Maharashtra,Tier 1,2025-04-05
CUST-17472,Bhopal,Madhya Pradesh,Tier 2,2025-09-21
CUST-17473,Kolkata,West Bengal,Tier 1,2024-09-08
CUST-17474,Chennai,Tamil Nadu,Tier 1,2024-01-18
CUST-17475,Kolkata,West Bengal,Tier 1,2024-09-12
CUST-17476,Jaipur,Rajasthan,Tier 2,2024-09-01
CUST-17477,Mumbai,Maharashtra,Tier 1,2024-06-01
CUST-17478,Bhopal,Madhya Pradesh,Tier 2,2025-08-31
CUST-17479,Chennai,Tamil Nadu,Tier 1,2025-05-14
CUST-17480,Hyderabad,Telangana,Tier 1,2025-04-02
CUST-17481,Delhi NCR,Delhi,Tier 1,2025-11-28
CUST-17482,Chennai,Tamil Nadu,Tier 1,2025-06-25
CUST-17483,Kolkata,West Bengal,Tier 1,2024-04-24
CUST-17484,Chennai,Tamil Nadu,Tier 1,2025-03-22
CUST-17485,Jaipur,Rajasthan,Tier 2,2024-12-18
CUST-17486,Chennai,Tamil Nadu,Tier 1,2025-09-16
CUST-17487,Bhubaneswar,Odisha,Tier 2,2025-06-24
CUST-17488,Pune,Maharashtra,Tier 1,2024-11-17
CUST-17489,Indore,Madhya Pradesh,Tier 2,2025-04-03
CUST-17490,Delhi NCR,Delhi,Tier 1,2024-08-13
CUST-17491,Chennai,Tamil Nadu,Tier 1,2024-12-26
CUST-17492,Hyderabad,Telangana,Tier 1,2025-06-14
CUST-17493,Pune,Maharashtra,Tier 1,2024-04-21
CUST-17494,Bhopal,Madhya Pradesh,Tier 2,2024-07-30
CUST-17495,Mumbai,Maharashtra,Tier 1,2024-08-20
CUST-17496,Mumbai,Maharashtra,Tier 1,2024-06-07
CUST-17497,Patna,Bihar,Tier 2,2025-07-25
CUST-17498,Bangalore,Karnataka,Tier 1,2024-11-19
CUST-17499,Jaipur,Rajasthan,Tier 2,2024-04-02
CUST-17500,Kolkata,West Bengal,Tier 1,2024-09-04
CUST-17501,Patna,Bihar,Tier 2,2025-10-31
CUST-17502,Delhi NCR,Delhi,Tier 1,2024-05-20
CUST-17503,Delhi NCR,Delhi,Tier 1,2025-02-07
CUST-17504,Kolkata,West Bengal,Tier 1,2025-02-07
CUST-17505,Bhubaneswar,Odisha,Tier 2,2025-08-23
CUST-17506,Chennai,Tamil Nadu,Tier 1,2025-10-28
CUST-17507,Hyderabad,Telangana,Tier 1,2025-02-17
CUST-17508,Pune,Maharashtra,Tier 1,2025-03-15
CUST-17509,Nagpur,Maharashtra,Tier 2,2024-08-20
CUST-17510,Patna,Bihar,Tier 2,2024-07-11
CUST-17511,Visakhapatnam,Andhra Pradesh,Tier 2,2024-04-08
CUST-17512,Mumbai,Maharashtra,Tier 1,2024-04-22
CUST-17513,Delhi NCR,Delhi,Tier 1,2025-09-10
CUST-17514,Pune,Maharashtra,Tier 1,2025-06-19
CUST-17515,Indore,Madhya Pradesh,Tier 2,2024-10-07
CUST-17516,Hyderabad,Telangana,Tier 1,2025-06-06
CUST-17517,Bangalore,Karnataka,Tier 1,2024-12-15
CUST-17518,Kochi,Kerala,Tier 2,2024-11-11
CUST-17519,Mumbai,Maharashtra,Tier 1,2025-05-14
CUST-17520,Hyderabad,Telangana,Tier 1,2025-06-20
CUST-17521,Kolkata,West Bengal,Tier 1,2025-10-13
CUST-17522,Pune,Maharashtra,Tier 1,2025-09-26
CUST-17523,Ahmedabad,Gujarat,Tier 2,2025-03-11
CUST-17524,Hyderabad,Telangana,Tier 1,2025-06-06
CUST-17525,Pune,Maharashtra,Tier 1,2025-08-15
CUST-17526,Pune,Maharashtra,Tier 1,2025-03-19
CUST-17527,Kolkata,West Bengal,Tier 1,2025-09-12
CUST-17528,Pune,Maharashtra,Tier 1,2024-07-26
CUST-17529,Bangalore,Karnataka,Tier 1,2024-10-02
CUST-17530,Mumbai,Maharashtra,Tier 1,2025-05-11
CUST-17531,Delhi NCR,Delhi,Tier 1,2024-10-23
CUST-17532,Bangalore,Karnataka,Tier 1,2025-01-08
CUST-17533,Kolkata,West Bengal,Tier 1,2025-07-28
CUST-17534,Patna,Bihar,Tier 2,2024-07-02
CUST-17535,Lucknow,Uttar Pradesh,Tier 2,2024-02-01
CUST-17536,Kochi,Kerala,Tier 2,2024-10-09
CUST-17537,Hyderabad,Telangana,Tier 1,2025-03-07
CUST-17538,Chennai,Tamil Nadu,Tier 1,2025-06-02
CUST-17539,Chennai,Tamil Nadu,Tier 1,2025-11-16
CUST-17540,Bangalore,Karnataka,Tier 1,2025-04-06
CUST-17541,Mumbai,Maharashtra,Tier 1,2025-01-02
CUST-17542,Pune,Maharashtra,Tier 1,2025-10-19
CUST-17543,Visakhapatnam,Andhra Pradesh,Tier 2,2024-09-08
CUST-17544,Delhi NCR,Delhi,Tier 1,2024-06-14
CUST-17545,Mumbai,Maharashtra,Tier 1,2025-09-06
CUST-17546,Kochi,Kerala,Tier 2,2025-06-12
CUST-17547,Bangalore,Karnataka,Tier 1,2025-08-24
CUST-17548,Patna,Bihar,Tier 2,2025-01-05
CUST-17549,Lucknow,Uttar Pradesh,Tier 2,2025-08-20
CUST-17550,Bhubaneswar,Odisha,Tier 2,2024-04-12
CUST-17551,Chennai,Tamil Nadu,Tier 1,2025-08-16
CUST-17552,Jaipur,Rajasthan,Tier 2,2024-05-05
CUST-17553,Kolkata,West Bengal,Tier 1,2024-02-07
CUST-17554,Pune,Maharashtra,Tier 1,2024-12-13
CUST-17555,Chennai,Tamil Nadu,Tier 1,2024-07-31
CUST-17556,Bangalore,Karnataka,Tier 1,2024-11-14
CUST-17557,Kolkata,West Bengal,Tier 1,2025-03-01
CUST-17558,Kolkata,West Bengal,Tier 1,2024-09-03
CUST-17559,Indore,Madhya Pradesh,Tier 2,2025-10-09
CUST-17560,Ahmedabad,Gujarat,Tier 2,2024-10-12
CUST-17561,Jaipur,Rajasthan,Tier 2,2024-08-18
CUST-17562,Delhi NCR,Delhi,Tier 1,2024-11-15
CUST-17563,Ahmedabad,Gujarat,Tier 2,2025-05-26
CUST-17564,Kolkata,West Bengal,Tier 1,2025-06-04
CUST-17565,Coimbatore,Tamil Nadu,Tier 2,2024-08-12
CUST-17566,Nagpur,Maharashtra,Tier 2,2025-05-20
CUST-17567,Mumbai,Maharashtra,Tier 1,2024-04-16
CUST-17568,Indore,Madhya Pradesh,Tier 2,2025-11-29
CUST-17569,Mumbai,Maharashtra,Tier 1,2025-08-29
CUST-17570,Hyderabad,Telangana,Tier 1,2024-11-26
CUST-17571,Kolkata,West Bengal,Tier 1,2024-01-05
CUST-17572,Delhi NCR,Delhi,Tier 1,2025-04-12
CUST-17573,Chandigarh,Punjab,Tier 2,2025-05-30
CUST-17574,Mumbai,Maharashtra,Tier 1,2024-06-11
CUST-17575,Delhi NCR,Delhi,Tier 1,2025-10-14
CUST-17576,Pune,Maharashtra,Tier 1,2025-06-14
CUST-17577,Ahmedabad,Gujarat,Tier 2,2024-03-22
CUST-17578,Nagpur,Maharashtra,Tier 2,2025-04-25
CUST-17579,Lucknow,Uttar Pradesh,Tier 2,2025-05-30
CUST-17580,Jaipur,Rajasthan,Tier 2,2025-10-01
CUST-17581,Chennai,Tamil Nadu,Tier 1,2024-07-05
CUST-17582,Mumbai,Maharashtra,Tier 1,2024-05-25
CUST-17583,Delhi NCR,Delhi,Tier 1,2024-05-31
CUST-17584,Kolkata,West Bengal,Tier 1,2024-12-28
CUST-17585,Jaipur,Rajasthan,Tier 2,2024-04-02
CUST-17586,Chennai,Tamil Nadu,Tier 1,2024-01-31
CUST-17587,Ahmedabad,Gujarat,Tier 2,2025-06-23
CUST-17588,Kolkata,West Bengal,Tier 1,2025-10-10
CUST-17589,Mumbai,Maharashtra,Tier 1,2025-08-24
CUST-17590,Bangalore,Karnataka,Tier 1,2024-02-18
CUST-17591,Patna,Bihar,Tier 2,2024-09-14
CUST-17592,Ahmedabad,Gujarat,Tier 2,2025-06-01
CUST-17593,Coimbatore,Tamil Nadu,Tier 2,2025-06-24
CUST-17594,Delhi NCR,Delhi,Tier 1,2025-02-13
CUST-17595,Visakhapatnam,Andhra Pradesh,Tier 2,2024-06-04
CUST-17596,Bangalore,Karnataka,Tier 1,2025-06-29
CUST-17597,Mumbai,Maharashtra,Tier 1,2025-03-15
CUST-17598,Visakhapatnam,Andhra Pradesh,Tier 2,2024-08-24
CUST-17599,Hyderabad,Telangana,Tier 1,2025-10-11
CUST-17600,Jaipur,Rajasthan,Tier 2,2025-01-02
CUST-17601,Delhi NCR,Delhi,Tier 1,2024-02-26
CUST-17602,Pune,Maharashtra,Tier 1,2024-06-23
CUST-17603,Coimbatore,Tamil Nadu,Tier 2,2024-08-01
CUST-17604,Hyderabad,Telangana,Tier 1,2024-01-27
CUST-17605,Jaipur,Rajasthan,Tier 2,2024-04-28
CUST-17606,Bangalore,Karnataka,Tier 1,2024-05-26
CUST-17607,Pune,Maharashtra,Tier 1,2024-09-21
CUST-17608,Hyderabad,Telangana,Tier 1,2025-02-06
CUST-17609,Bangalore,Karnataka,Tier 1,2024-09-14
CUST-17610,Hyderabad,Telangana,Tier 1,2024-07-07
CUST-17611,Delhi NCR,Delhi,Tier 1,2025-05-13
CUST-17612,Coimbatore,Tamil Nadu,Tier 2,2024-08-26
CUST-17613,Chennai,Tamil Nadu,Tier 1,2024-11-22
CUST-17614,Bangalore,Karnataka,Tier 1,2024-03-10
CUST-17615,Chennai,Tamil Nadu,Tier 1,2024-01-25
CUST-17616,Hyderabad,Telangana,Tier 1,2025-08-04
CUST-17617,Chandigarh,Punjab,Tier 2,2024-06-04
CUST-17618,Visakhapatnam,Andhra Pradesh,Tier 2,2025-10-19
CUST-17619,Chennai,Tamil Nadu,Tier 1,2024-08-06
CUST-17620,Bhopal,Madhya Pradesh,Tier 2,2025-07-14
CUST-17621,Pune,Maharashtra,Tier 1,2025-01-13
CUST-17622,Delhi NCR,Delhi,Tier 1,2024-07-12
CUST-17623,Lucknow,Uttar Pradesh,Tier 2,2024-02-09
CUST-17624,Kolkata,West Bengal,Tier 1,2025-08-19
CUST-17625,Jaipur,Rajasthan,Tier 2,2024-12-08
CUST-17626,Coimbatore,Tamil Nadu,Tier 2,2025-05-17
CUST-17627,Chennai,Tamil Nadu,Tier 1,2025-03-25
CUST-17628,Coimbatore,Tamil Nadu,Tier 2,2024-12-01
CUST-17629,Chandigarh,Punjab,Tier 2,2024-01-04
CUST-17630,Kolkata,West Bengal,Tier 1,2025-05-31
CUST-17631,Pune,Maharashtra,Tier 1,2025-05-11
CUST-17632,Hyderabad,Telangana,Tier 1,2024-08-13
CUST-17633,Visakhapatnam,Andhra Pradesh,Tier 2,2024-05-29
CUST-17634,Jaipur,Rajasthan,Tier 2,2024-08-25
CUST-17635,Mumbai,Maharashtra,Tier 1,2025-10-21
CUST-17636,Hyderabad,Telangana,Tier 1,2024-04-12
CUST-17637,Pune,Maharashtra,Tier 1,2024-06-23
CUST-17638,Mumbai,Maharashtra,Tier 1,2025-04-05
CUST-17639,Mumbai,Maharashtra,Tier 1,2024-02-03
CUST-17640,Chennai,Tamil Nadu,Tier 1,2025-11-14
CUST-17641,Hyderabad,Telangana,Tier 1,2025-06-01
CUST-17642,Chennai,Tamil Nadu,Tier 1,2025-03-15
CUST-17643,Bangalore,Karnataka,Tier 1,2024-10-11
CUST-17644,Delhi NCR,Delhi,Tier 1,2024-08-12
CUST-17645,Lucknow,Uttar Pradesh,Tier 2,2025-07-18
CUST-17646,Kolkata,West Bengal,Tier 1,2024-09-13
CUST-17647,Bangalore,Karnataka,Tier 1,2024-02-28
CUST-17648,Hyderabad,Telangana,Tier 1,2024-09-02
CUST-17649,Pune,Maharashtra,Tier 1,2025-06-02
CUST-17650,Mumbai,Maharashtra,Tier 1,2024-08-01
CUST-17651,Delhi NCR,Delhi,Tier 1,2025-08-12
CUST-17652,Mumbai,Maharashtra,Tier 1,2024-08-03
CUST-17653,Indore,Madhya Pradesh,Tier 2,2025-02-06
CUST-17654,Chandigarh,Punjab,Tier 2,2024-10-09
CUST-17655,Chandigarh,Punjab,Tier 2,2025-07-26
CUST-17656,Ahmedabad,Gujarat,Tier 2,2025-07-26
CUST-17657,Jaipur,Rajasthan,Tier 2,2024-08-02
CUST-17658,Kolkata,West Bengal,Tier 1,2025-01-16
CUST-17659,Pune,Maharashtra,Tier 1,2024-02-14
CUST-17660,Mumbai,Maharashtra,Tier 1,2024-06-20
CUST-17661,Pune,Maharashtra,Tier 1,2024-08-08
CUST-17662,Kochi,Kerala,Tier 2,2025-01-19
CUST-17663,Kolkata,West Bengal,Tier 1,2024-04-04
CUST-17664,Hyderabad,Telangana,Tier 1,2024-02-13
CUST-17665,Bangalore,Karnataka,Tier 1,2024-08-15
CUST-17666,Pune,Maharashtra,Tier 1,2025-07-27
CUST-17667,Lucknow,Uttar Pradesh,Tier 2,2024-11-12
CUST-17668,Bhopal,Madhya Pradesh,Tier 2,2024-11-30
CUST-17669,Hyderabad,Telangana,Tier 1,2025-08-23
CUST-17670,Kochi,Kerala,Tier 2,2025-09-15
CUST-17671,Pune,Maharashtra,Tier 1,2025-04-11
CUST-17672,Bhopal,Madhya Pradesh,Tier 2,2024-10-23
CUST-17673,Kolkata,West Bengal,Tier 1,2025-06-28
CUST-17674,Kolkata,West Bengal,Tier 1,2025-05-03
CUST-17675,Pune,Maharashtra,Tier 1,2024-08-02
CUST-17676,Chandigarh,Punjab,Tier 2,2025-06-07
CUST-17677,Bhubaneswar,Odisha,Tier 2,2024-01-02
CUST-17678,Mumbai,Maharashtra,Tier 1,2025-10-22
CUST-17679,Mumbai,Maharashtra,Tier 1,2025-10-15
CUST-17680,Nagpur,Maharashtra,Tier 2,2024-07-25
CUST-17681,Kolkata,West Bengal,Tier 1,2024-12-06
CUST-17682,Pune,Maharashtra,Tier 1,2025-02-10
CUST-17683,Kolkata,West Bengal,Tier 1,2024-11-01
CUST-17684,Delhi NCR,Delhi,Tier 1,2025-05-21
CUST-17685,Kochi,Kerala,Tier 2,2025-04-13
CUST-17686,Chandigarh,Punjab,Tier 2,2025-07-11
CUST-17687,Hyderabad,Telangana,Tier 1,2025-05-09
CUST-17688,Hyderabad,Telangana,Tier 1,2024-09-17
CUST-17689,Patna,Bihar,Tier 2,2025-07-31
CUST-17690,Mumbai,Maharashtra,Tier 1,2025-10-23
CUST-17691,Bhopal,Madhya Pradesh,Tier 2,2025-08-04
CUST-17692,Bangalore,Karnataka,Tier 1,2024-12-29
CUST-17693,Pune,Maharashtra,Tier 1,2025-05-28
CUST-17694,Nagpur,Maharashtra,Tier 2,2025-06-24
CUST-17695,Jaipur,Rajasthan,Tier 2,2025-07-26
CUST-17696,Chennai,Tamil Nadu,Tier 1,2025-09-03
CUST-17697,Lucknow,Uttar Pradesh,Tier 2,2025-03-30
CUST-17698,Hyderabad,Telangana,Tier 1,2024-05-23
CUST-17699,Bangalore,Karnataka,Tier 1,2024-07-10
CUST-17700,Visakhapatnam,Andhra Pradesh,Tier 2,2024-12-18
CUST-17701,Chandigarh,Punjab,Tier 2,2024-10-25
CUST-17702,Pune,Maharashtra,Tier 1,2025-04-04
CUST-17703,Hyderabad,Telangana,Tier 1,2025-03-02
CUST-17704,Mumbai,Maharashtra,Tier 1,2024-01-31
CUST-17705,Mumbai,Maharashtra,Tier 1,2024-11-27
CUST-17706,Kolkata,West Bengal,Tier 1,2025-02-14
CUST-17707,Chandigarh,Punjab,Tier 2,2024-02-21
CUST-17708,Kolkata,West Bengal,Tier 1,2025-01-18
CUST-17709,Patna,Bihar,Tier 2,2024-08-30
CUST-17710,Mumbai,Maharashtra,Tier 1,2025-11-16
CUST-17711,Hyderabad,Telangana,Tier 1,2025-09-03
CUST-17712,Bangalore,Karnataka,Tier 1,2025-02-20
CUST-17713,Chennai,Tamil Nadu,Tier 1,2025-04-19
CUST-17714,Mumbai,Maharashtra,Tier 1,2025-01-26
CUST-17715,Bhubaneswar,Odisha,Tier 2,2025-01-23
CUST-17716,Bangalore,Karnataka,Tier 1,2025-07-26
CUST-17717,Nagpur,Maharashtra,Tier 2,2025-11-30
CUST-17718,Chennai,Tamil Nadu,Tier 1,2025-04-13
CUST-17719,Visakhapatnam,Andhra Pradesh,Tier 2,2025-02-11
CUST-17720,Kolkata,West Bengal,Tier 1,2025-06-02
CUST-17721,Nagpur,Maharashtra,Tier 2,2024-07-07
CUST-17722,Mumbai,Maharashtra,Tier 1,2025-08-17
CUST-17723,Chandigarh,Punjab,Tier 2,2024-12-16
CUST-17724,Coimbatore,Tamil Nadu,Tier 2,2024-10-09
CUST-17725,Delhi NCR,Delhi,Tier 1,2025-09-27
CUST-17726,Delhi NCR,Delhi,Tier 1,2024-06-05
CUST-17727,Chennai,Tamil Nadu,Tier 1,2025-08-21
CUST-17728,Nagpur,Maharashtra,Tier 2,2024-05-27
CUST-17729,Kolkata,West Bengal,Tier 1,2024-03-10
CUST-17730,Kolkata,West Bengal,Tier 1,2025-01-04
CUST-17731,Delhi NCR,Delhi,Tier 1,2025-08-10
CUST-17732,Mumbai,Maharashtra,Tier 1,2025-09-17
CUST-17733,Indore,Madhya Pradesh,Tier 2,2025-05-29
CUST-17734,Mumbai,Maharashtra,Tier 1,2024-08-21
CUST-17735,Pune,Maharashtra,Tier 1,2025-11-09
CUST-17736,Nagpur,Maharashtra,Tier 2,2025-09-02
CUST-17737,Bangalore,Karnataka,Tier 1,2025-09-27
CUST-17738,Jaipur,Rajasthan,Tier 2,2025-04-11
CUST-17739,Mumbai,Maharashtra,Tier 1,2025-07-10
CUST-17740,Pune,Maharashtra,Tier 1,2024-10-13
CUST-17741,Delhi NCR,Delhi,Tier 1,2025-09-09
CUST-17742,Ahmedabad,Gujarat,Tier 2,2024-10-20
CUST-17743,Hyderabad,Telangana,Tier 1,2025-04-25
CUST-17744,Chennai,Tamil Nadu,Tier 1,2024-05-13
CUST-17745,Pune,Maharashtra,Tier 1,2024-01-08
CUST-17746,Delhi NCR,Delhi,Tier 1,2024-01-28
CUST-17747,Chandigarh,Punjab,Tier 2,2025-06-03
CUST-17748,Hyderabad,Telangana,Tier 1,2024-11-05
CUST-17749,Jaipur,Rajasthan,Tier 2,2025-10-07
CUST-17750,Delhi NCR,Delhi,Tier 1,2025-06-24
CUST-17751,Lucknow,Uttar Pradesh,Tier 2,2025-09-18
CUST-17752,Delhi NCR,Delhi,Tier 1,2025-05-08
CUST-17753,Chennai,Tamil Nadu,Tier 1,2024-02-03
CUST-17754,Bangalore,Karnataka,Tier 1,2024-01-07
CUST-17755,Chandigarh,Punjab,Tier 2,2024-02-09
CUST-17756,Bangalore,Karnataka,Tier 1,2024-11-25
CUST-17757,Bhopal,Madhya Pradesh,Tier 2,2024-03-02
CUST-17758,Coimbatore,Tamil Nadu,Tier 2,2024-03-26
CUST-17759,Bangalore,Karnataka,Tier 1,2024-04-25
CUST-17760,Pune,Maharashtra,Tier 1,2025-07-30
CUST-17761,Mumbai,Maharashtra,Tier 1,2024-10-23
CUST-17762,Chennai,Tamil Nadu,Tier 1,2025-01-13
CUST-17763,Ahmedabad,Gujarat,Tier 2,2025-11-12
CUST-17764,Jaipur,Rajasthan,Tier 2,2025-09-19
CUST-17765,Pune,Maharashtra,Tier 1,2024-11-17
CUST-17766,Hyderabad,Telangana,Tier 1,2025-09-19
CUST-17767,Chennai,Tamil Nadu,Tier 1,2025-01-29
CUST-17768,Delhi NCR,Delhi,Tier 1,2024-12-22
CUST-17769,Ahmedabad,Gujarat,Tier 2,2025-07-15
CUST-17770,Kolkata,West Bengal,Tier 1,2025-02-22
CUST-17771,Ahmedabad,Gujarat,Tier 2,2025-04-22
CUST-17772,Bangalore,Karnataka,Tier 1,2024-12-01
CUST-17773,Hyderabad,Telangana,Tier 1,2025-08-13
CUST-17774,Hyderabad,Telangana,Tier 1,2024-01-20
CUST-17775,Mumbai,Maharashtra,Tier 1,2025-02-15
CUST-17776,Hyderabad,Telangana,Tier 1,2025-07-02
CUST-17777,Indore,Madhya Pradesh,Tier 2,2024-09-15
CUST-17778,Coimbatore,Tamil Nadu,Tier 2,2025-08-27
CUST-17779,Kolkata,West Bengal,Tier 1,2025-11-29
CUST-17780,Chennai,Tamil Nadu,Tier 1,2024-12-22
CUST-17781,Mumbai,Maharashtra,Tier 1,2024-07-19
CUST-17782,Bhopal,Madhya Pradesh,Tier 2,2025-02-14
CUST-17783,Mumbai,Maharashtra,Tier 1,2024-10-14
CUST-17784,Bhubaneswar,Odisha,Tier 2,2024-02-17
CUST-17785,Kolkata,West Bengal,Tier 1,2025-07-11
CUST-17786,Hyderabad,Telangana,Tier 1,2025-01-04
CUST-17787,Nagpur,Maharashtra,Tier 2,2024-08-18
CUST-17788,Mumbai,Maharashtra,Tier 1,2024-04-04
CUST-17789,Pune,Maharashtra,Tier 1,2024-10-29
CUST-17790,Kolkata,West Bengal,Tier 1,2024-08-05
CUST-17791,Bangalore,Karnataka,Tier 1,2025-07-05
CUST-17792,Chennai,Tamil Nadu,Tier 1,2025-01-21
CUST-17793,Jaipur,Rajasthan,Tier 2,2025-09-19
CUST-17794,Ahmedabad,Gujarat,Tier 2,2024-03-31
CUST-17795,Mumbai,Maharashtra,Tier 1,2024-02-27
CUST-17796,Nagpur,Maharashtra,Tier 2,2025-03-09
CUST-17797,Delhi NCR,Delhi,Tier 1,2025-06-05
CUST-17798,Bangalore,Karnataka,Tier 1,2025-04-27
CUST-17799,Bangalore,Karnataka,Tier 1,2025-01-01
CUST-17800,Mumbai,Maharashtra,Tier 1,2025-02-10
CUST-17801,Delhi NCR,Delhi,Tier 1,2025-06-01
CUST-17802,Visakhapatnam,Andhra Pradesh,Tier 2,2024-11-26
CUST-17803,Hyderabad,Telangana,Tier 1,2025-11-30
CUST-17804,Delhi NCR,Delhi,Tier 1,2024-08-22
CUST-17805,Delhi NCR,Delhi,Tier 1,2025-02-14
CUST-17806,Ahmedabad,Gujarat,Tier 2,2024-07-01
CUST-17807,Bhopal,Madhya Pradesh,Tier 2,2024-10-13
CUST-17808,Bangalore,Karnataka,Tier 1,2024-05-02
CUST-17809,Mumbai,Maharashtra,Tier 1,2024-06-06
CUST-17810,Bangalore,Karnataka,Tier 1,2024-11-18
CUST-17811,Mumbai,Maharashtra,Tier 1,2024-01-13
CUST-17812,Delhi NCR,Delhi,Tier 1,2025-07-19
CUST-17813,Chennai,Tamil Nadu,Tier 1,2025-07-08
CUST-17814,Bangalore,Karnataka,Tier 1,2025-09-12
CUST-17815,Kolkata,West Bengal,Tier 1,2025-11-08
CUST-17816,Bangalore,Karnataka,Tier 1,2025-09-09
CUST-17817,Nagpur,Maharashtra,Tier 2,2025-07-16
CUST-17818,Coimbatore,Tamil Nadu,Tier 2,2024-07-22
CUST-17819,Pune,Maharashtra,Tier 1,2024-10-28
CUST-17820,Hyderabad,Telangana,Tier 1,2024-02-12
CUST-17821,Chennai,Tamil Nadu,Tier 1,2025-08-19
CUST-17822,Chennai,Tamil Nadu,Tier 1,2025-10-31
CUST-17823,Ahmedabad,Gujarat,Tier 2,2025-05-20
CUST-17824,Chennai,Tamil Nadu,Tier 1,2025-09-30
CUST-17825,Bhopal,Madhya Pradesh,Tier 2,2024-07-09
CUST-17826,Bhubaneswar,Odisha,Tier 2,2024-02-29
CUST-17827,Hyderabad,Telangana,Tier 1,2025-04-10
CUST-17828,Pune,Maharashtra,Tier 1,2025-01-13
CUST-17829,Delhi NCR,Delhi,Tier 1,2025-03-04
CUST-17830,Bangalore,Karnataka,Tier 1,2024-03-02
CUST-17831,Chennai,Tamil Nadu,Tier 1,2024-10-28
CUST-17832,Bangalore,Karnataka,Tier 1,2025-09-29
CUST-17833,Bhopal,Madhya Pradesh,Tier 2,2024-06-20
CUST-17834,Delhi NCR,Delhi,Tier 1,2025-05-19
CUST-17835,Chennai,Tamil Nadu,Tier 1,2024-03-03
CUST-17836,Pune,Maharashtra,Tier 1,2024-01-16
CUST-17837,Lucknow,Uttar Pradesh,Tier 2,2025-11-21
CUST-17838,Chennai,Tamil Nadu,Tier 1,2024-04-10
CUST-17839,Bhopal,Madhya Pradesh,Tier 2,2024-06-24
CUST-17840,Pune,Maharashtra,Tier 1,2024-07-11
CUST-17841,Chennai,Tamil Nadu,Tier 1,2024-09-29
CUST-17842,Mumbai,Maharashtra,Tier 1,2025-04-11
CUST-17843,Kolkata,West Bengal,Tier 1,2024-06-23
CUST-17844,Indore,Madhya Pradesh,Tier 2,2024-08-21
CUST-17845,Pune,Maharashtra,Tier 1,2024-08-03
CUST-17846,Patna,Bihar,Tier 2,2025-05-05
CUST-17847,Kolkata,West Bengal,Tier 1,2025-02-20
CUST-17848,Delhi NCR,Delhi,Tier 1,2025-06-16
CUST-17849,Mumbai,Maharashtra,Tier 1,2025-03-26
CUST-17850,Hyderabad,Telangana,Tier 1,2024-10-06
CUST-17851,Lucknow,Uttar Pradesh,Tier 2,2024-08-31
CUST-17852,Kochi,Kerala,Tier 2,2025-11-05
CUST-17853,Hyderabad,Telangana,Tier 1,2024-05-25
CUST-17854,Kolkata,West Bengal,Tier 1,2024-03-07
CUST-17855,Chennai,Tamil Nadu,Tier 1,2024-04-12
CUST-17856,Chennai,Tamil Nadu,Tier 1,2024-11-05
CUST-17857,Bangalore,Karnataka,Tier 1,2025-09-28
CUST-17858,Delhi NCR,Delhi,Tier 1,2024-04-26
CUST-17859,Bangalore,Karnataka,Tier 1,2025-04-16
CUST-17860,Mumbai,Maharashtra,Tier 1,2024-11-16
CUST-17861,Bangalore,Karnataka,Tier 1,2025-03-10
CUST-17862,Mumbai,Maharashtra,Tier 1,2025-01-04
CUST-17863,Pune,Maharashtra,Tier 1,2025-11-30
CUST-17864,Hyderabad,Telangana,Tier 1,2024-07-05
CUST-17865,Visakhapatnam,Andhra Pradesh,Tier 2,2025-08-10
CUST-17866,Bangalore,Karnataka,Tier 1,2025-04-13
CUST-17867,Hyderabad,Telangana,Tier 1,2025-10-22
CUST-17868,Hyderabad,Telangana,Tier 1,2025-04-17
CUST-17869,Mumbai,Maharashtra,Tier 1,2025-07-09
CUST-17870,Patna,Bihar,Tier 2,2025-03-29
CUST-17871,Mumbai,Maharashtra,Tier 1,2025-03-21
CUST-17872,Nagpur,Maharashtra,Tier 2,2025-11-12
CUST-17873,Coimbatore,Tamil Nadu,Tier 2,2024-04-03
CUST-17874,Kolkata,West Bengal,Tier 1,2024-02-07
CUST-17875,Kolkata,West Bengal,Tier 1,2025-04-26
CUST-17876,Jaipur,Rajasthan,Tier 2,2024-04-20
CUST-17877,Chennai,Tamil Nadu,Tier 1,2025-02-13
CUST-17878,Pune,Maharashtra,Tier 1,2024-06-16
CUST-17879,Mumbai,Maharashtra,Tier 1,2025-07-19
CUST-17880,Mumbai,Maharashtra,Tier 1,2025-01-31
CUST-17881,Chennai,Tamil Nadu,Tier 1,2024-05-06
CUST-17882,Kolkata,West Bengal,Tier 1,2024-02-11
CUST-17883,Coimbatore,Tamil Nadu,Tier 2,2024-02-10
CUST-17884,Delhi NCR,Delhi,Tier 1,2025-07-15
CUST-17885,Indore,Madhya Pradesh,Tier 2,2025-05-01
CUST-17886,Bangalore,Karnataka,Tier 1,2025-11-01
CUST-17887,Chennai,Tamil Nadu,Tier 1,2025-02-02
CUST-17888,Hyderabad,Telangana,Tier 1,2024-06-30
CUST-17889,Chennai,Tamil Nadu,Tier 1,2024-06-29
CUST-17890,Delhi NCR,Delhi,Tier 1,2025-11-08
CUST-17891,Kolkata,West Bengal,Tier 1,2025-04-08
CUST-17892,Indore,Madhya Pradesh,Tier 2,2024-02-19
CUST-17893,Chennai,Tamil Nadu,Tier 1,2025-02-11
CUST-17894,Kolkata,West Bengal,Tier 1,2025-02-04
CUST-17895,Patna,Bihar,Tier 2,2024-05-25
CUST-17896,Lucknow,Uttar Pradesh,Tier 2,2024-10-24
CUST-17897,Kolkata,West Bengal,Tier 1,2024-05-24
CUST-17898,Bangalore,Karnataka,Tier 1,2024-01-16
CUST-17899,Coimbatore,Tamil Nadu,Tier 2,2024-03-25
CUST-17900,Pune,Maharashtra,Tier 1,2024-08-03
CUST-17901,Bangalore,Karnataka,Tier 1,2025-04-26
CUST-17902,Bangalore,Karnataka,Tier 1,2024-02-21
CUST-17903,Indore,Madhya Pradesh,Tier 2,2025-07-01
CUST-17904,Mumbai,Maharashtra,Tier 1,2024-04-16
CUST-17905,Visakhapatnam,Andhra Pradesh,Tier 2,2024-08-06
CUST-17906,Delhi NCR,Delhi,Tier 1,2024-12-02
CUST-17907,Indore,Madhya Pradesh,Tier 2,2025-01-05
CUST-17908,Chennai,Tamil Nadu,Tier 1,2024-09-10
CUST-17909,Kolkata,West Bengal,Tier 1,2025-02-08
CUST-17910,Bhopal,Madhya Pradesh,Tier 2,2025-08-02
CUST-17911,Chennai,Tamil Nadu,Tier 1,2025-11-29
CUST-17912,Kolkata,West Bengal,Tier 1,2025-09-27
CUST-17913,Mumbai,Maharashtra,Tier 1,2024-01-30
CUST-17914,Mumbai,Maharashtra,Tier 1,2024-07-03
CUST-17915,Bangalore,Karnataka,Tier 1,2024-10-15
CUST-17916,Lucknow,Uttar Pradesh,Tier 2,2024-12-24
CUST-17917,Delhi NCR,Delhi,Tier 1,2025-04-18
CUST-17918,Delhi NCR,Delhi,Tier 1,2025-07-18
CUST-17919,Chennai,Tamil Nadu,Tier 1,2025-02-03
CUST-17920,Pune,Maharashtra,Tier 1,2025-11-19
CUST-17921,Ahmedabad,Gujarat,Tier 2,2024-05-12
CUST-17922,Delhi NCR,Delhi,Tier 1,2025-05-16
CUST-17923,Mumbai,Maharashtra,Tier 1,2025-05-17
CUST-17924,Nagpur,Maharashtra,Tier 2,2024-03-17
CUST-17925,Bangalore,Karnataka,Tier 1,2024-12-15
CUST-17926,Patna,Bihar,Tier 2,2024-02-29
CUST-17927,Bhopal,Madhya Pradesh,Tier 2,2025-03-30
CUST-17928,Kochi,Kerala,Tier 2,2025-04-09
CUST-17929,Delhi NCR,Delhi,Tier 1,2024-11-06
CUST-17930,Indore,Madhya Pradesh,Tier 2,2024-03-31
CUST-17931,Kochi,Kerala,Tier 2,2024-10-24
CUST-17932,Pune,Maharashtra,Tier 1,2024-11-20
CUST-17933,Hyderabad,Telangana,Tier 1,2024-10-06
CUST-17934,Bangalore,Karnataka,Tier 1,2024-04-27
CUST-17935,Delhi NCR,Delhi,Tier 1,2025-11-25
CUST-17936,Kolkata,West Bengal,Tier 1,2025-07-20
CUST-17937,Pune,Maharashtra,Tier 1,2024-09-27
CUST-17938,Hyderabad,Telangana,Tier 1,2025-05-31
CUST-17939,Kolkata,West Bengal,Tier 1,2024-04-10
CUST-17940,Hyderabad,Telangana,Tier 1,2025-01-22
CUST-17941,Pune,Maharashtra,Tier 1,2024-10-12
CUST-17942,Coimbatore,Tamil Nadu,Tier 2,2024-02-22
CUST-17943,Delhi NCR,Delhi,Tier 1,2024-08-27
CUST-17944,Chennai,Tamil Nadu,Tier 1,2024-08-01
CUST-17945,Delhi NCR,Delhi,Tier 1,2025-09-07
CUST-17946,Pune,Maharashtra,Tier 1,2024-12-26
CUST-17947,Ahmedabad,Gujarat,Tier 2,2024-12-29
CUST-17948,Nagpur,Maharashtra,Tier 2,2024-11-22
CUST-17949,Hyderabad,Telangana,Tier 1,2025-04-20
CUST-17950,Bhubaneswar,Odisha,Tier 2,2025-09-02
CUST-17951,Mumbai,Maharashtra,Tier 1,2024-04-06
CUST-17952,Pune,Maharashtra,Tier 1,2024-11-22
CUST-17953,Mumbai,Maharashtra,Tier 1,2024-03-13
CUST-17954,Coimbatore,Tamil Nadu,Tier 2,2024-09-12
CUST-17955,Kolkata,West Bengal,Tier 1,2024-06-18
CUST-17956,Jaipur,Rajasthan,Tier 2,2024-11-28
CUST-17957,Patna,Bihar,Tier 2,2024-06-05
CUST-17958,Delhi NCR,Delhi,Tier 1,2025-02-22
CUST-17959,Mumbai,Maharashtra,Tier 1,2025-04-02
CUST-17960,Bhopal,Madhya Pradesh,Tier 2,2024-04-08
CUST-17961,Hyderabad,Telangana,Tier 1,2024-08-31
CUST-17962,Delhi NCR,Delhi,Tier 1,2025-04-21
CUST-17963,Kolkata,West Bengal,Tier 1,2025-03-16
CUST-17964,Pune,Maharashtra,Tier 1,2024-07-12
CUST-17965,Mumbai,Maharashtra,Tier 1,2025-01-09
CUST-17966,Bangalore,Karnataka,Tier 1,2025-10-23
CUST-17967,Mumbai,Maharashtra,Tier 1,2025-01-01
CUST-17968,Chennai,Tamil Nadu,Tier 1,2024-06-03
CUST-17969,Coimbatore,Tamil Nadu,Tier 2,2025-05-13
CUST-17970,Visakhapatnam,Andhra Pradesh,Tier 2,2025-06-17
CUST-17971,Pune,Maharashtra,Tier 1,2025-04-02
CUST-17972,Delhi NCR,Delhi,Tier 1,2025-09-19
CUST-17973,Coimbatore,Tamil Nadu,Tier 2,2024-04-22
CUST-17974,Kolkata,West Bengal,Tier 1,2024-01-24
CUST-17975,Delhi NCR,Delhi,Tier 1,2024-10-09
CUST-17976,Nagpur,Maharashtra,Tier 2,2024-10-18
CUST-17977,Chandigarh,Punjab,Tier 2,2024-12-28
CUST-17978,Ahmedabad,Gujarat,Tier 2,2025-02-04
CUST-17979,Ahmedabad,Gujarat,Tier 2,2025-07-21
CUST-17980,Bangalore,Karnataka,Tier 1,2024-09-22
CUST-17981,Bangalore,Karnataka,Tier 1,2024-02-23
CUST-17982,Lucknow,Uttar Pradesh,Tier 2,2025-09-11
CUST-17983,Bangalore,Karnataka,Tier 1,2025-02-25
CUST-17984,Chennai,Tamil Nadu,Tier 1,2025-04-18
CUST-17985,Kochi,Kerala,Tier 2,2024-08-30
CUST-17986,Kochi,Kerala,Tier 2,2024-12-19
CUST-17987,Chennai,Tamil Nadu,Tier 1,2025-01-22
CUST-17988,Kochi,Kerala,Tier 2,2024-06-26
CUST-17989,Patna,Bihar,Tier 2,2025-04-19
CUST-17990,Jaipur,Rajasthan,Tier 2,2025-07-26
CUST-17991,Bangalore,Karnataka,Tier 1,2025-02-08
CUST-17992,Bangalore,Karnataka,Tier 1,2024-02-05
CUST-17993,Hyderabad,Telangana,Tier 1,2024-12-23
CUST-17994,Delhi NCR,Delhi,Tier 1,2025-07-11
CUST-17995,Bangalore,Karnataka,Tier 1,2025-08-29
CUST-17996,Bangalore,Karnataka,Tier 1,2024-11-22
CUST-17997,Chennai,Tamil Nadu,Tier 1,2024-02-13
CUST-17998,Coimbatore,Tamil Nadu,Tier 2,2024-11-15
CUST-17999,Delhi NCR,Delhi,Tier 1,2025-10-19
CUST-18000,Ahmedabad,Gujarat,Tier 2,2025-04-16
CUST-18001,Lucknow,Uttar Pradesh,Tier 2,2024-09-25
CUST-18002,Delhi NCR,Delhi,Tier 1,2025-06-08
CUST-18003,Nagpur,Maharashtra,Tier 2,2024-01-25
CUST-18004,Pune,Maharashtra,Tier 1,2025-10-01
CUST-18005,Hyderabad,Telangana,Tier 1,2025-07-04
CUST-18006,Chandigarh,Punjab,Tier 2,2024-06-05
CUST-18007,Bangalore,Karnataka,Tier 1,2024-07-03
CUST-18008,Lucknow,Uttar Pradesh,Tier 2,2024-06-22
CUST-18009,Mumbai,Maharashtra,Tier 1,2025-01-28
CUST-18010,Patna,Bihar,Tier 2,2024-07-04
CUST-18011,Chennai,Tamil Nadu,Tier 1,2024-10-07
CUST-18012,Pune,Maharashtra,Tier 1,2025-08-08
CUST-18013,Bangalore,Karnataka,Tier 1,2024-10-21
CUST-18014,Jaipur,Rajasthan,Tier 2,2025-06-11
CUST-18015,Kochi,Kerala,Tier 2,2024-07-06
CUST-18016,Kolkata,West Bengal,Tier 1,2025-02-15
CUST-18017,Pune,Maharashtra,Tier 1,2025-11-14
CUST-18018,Chennai,Tamil Nadu,Tier 1,2024-07-04
CUST-18019,Coimbatore,Tamil Nadu,Tier 2,2025-06-27
CUST-18020,Kolkata,West Bengal,Tier 1,2025-07-28
CUST-18021,Patna,Bihar,Tier 2,2024-10-27
CUST-18022,Indore,Madhya Pradesh,Tier 2,2024-11-04
CUST-18023,Chennai,Tamil Nadu,Tier 1,2024-07-07
CUST-18024,Bangalore,Karnataka,Tier 1,2025-02-14
CUST-18025,Chennai,Tamil Nadu,Tier 1,2025-06-21
CUST-18026,Patna,Bihar,Tier 2,2025-01-21
CUST-18027,Bangalore,Karnataka,Tier 1,2025-07-04
CUST-18028,Kolkata,West Bengal,Tier 1,2024-07-11
CUST-18029,Indore,Madhya Pradesh,Tier 2,2024-06-11
CUST-18030,Hyderabad,Telangana,Tier 1,2024-02-22
CUST-18031,Pune,Maharashtra,Tier 1,2025-04-19
CUST-18032,Bangalore,Karnataka,Tier 1,2024-06-22
CUST-18033,Delhi NCR,Delhi,Tier 1,2024-07-14
CUST-18034,Kochi,Kerala,Tier 2,2024-07-29
CUST-18035,Delhi NCR,Delhi,Tier 1,2025-11-30
CUST-18036,Bangalore,Karnataka,Tier 1,2025-01-24
CUST-18037,Bhopal,Madhya Pradesh,Tier 2,2024-11-03
CUST-18038,Hyderabad,Telangana,Tier 1,2025-04-01
CUST-18039,Visakhapatnam,Andhra Pradesh,Tier 2,2024-11-26
CUST-18040,Visakhapatnam,Andhra Pradesh,Tier 2,2025-05-09
CUST-18041,Bangalore,Karnataka,Tier 1,2024-11-24
CUST-18042,Mumbai,Maharashtra,Tier 1,2024-01-29
CUST-18043,Lucknow,Uttar Pradesh,Tier 2,2025-11-13
CUST-18044,Chennai,Tamil Nadu,Tier 1,2024-05-01
CUST-18045,Delhi NCR,Delhi,Tier 1,2025-04-02
CUST-18046,Lucknow,Uttar Pradesh,Tier 2,2025-02-21
CUST-18047,Mumbai,Maharashtra,Tier 1,2024-06-07
CUST-18048,Bhopal,Madhya Pradesh,Tier 2,2025-08-20
CUST-18049,Delhi NCR,Delhi,Tier 1,2025-05-30
CUST-18050,Delhi NCR,Delhi,Tier 1,2024-01-02
CUST-18051,Delhi NCR,Delhi,Tier 1,2025-10-06
CUST-18052,Bhubaneswar,Odisha,Tier 2,2024-10-28
CUST-18053,Lucknow,Uttar Pradesh,Tier 2,2024-03-19
CUST-18054,Indore,Madhya Pradesh,Tier 2,2025-10-20
CUST-18055,Chennai,Tamil Nadu,Tier 1,2025-11-08
CUST-18056,Hyderabad,Telangana,Tier 1,2024-11-10
CUST-18057,Bangalore,Karnataka,Tier 1,2024-11-23
CUST-18058,Kolkata,West Bengal,Tier 1,2024-10-02
CUST-18059,Kolkata,West Bengal,Tier 1,2025-03-27
CUST-18060,Pune,Maharashtra,Tier 1,2025-07-18
CUST-18061,Bangalore,Karnataka,Tier 1,2025-04-30
CUST-18062,Bhubaneswar,Odisha,Tier 2,2024-04-16
CUST-18063,Delhi NCR,Delhi,Tier 1,2025-07-20
CUST-18064,Bhubaneswar,Odisha,Tier 2,2024-09-02
CUST-18065,Mumbai,Maharashtra,Tier 1,2024-06-12
CUST-18066,Kolkata,West Bengal,Tier 1,2025-06-10
CUST-18067,Hyderabad,Telangana,Tier 1,2024-01-01
CUST-18068,Chennai,Tamil Nadu,Tier 1,2024-05-16
CUST-18069,Pune,Maharashtra,Tier 1,2024-05-30
CUST-18070,Chennai,Tamil Nadu,Tier 1,2024-06-28
CUST-18071,Chennai,Tamil Nadu,Tier 1,2025-05-01
CUST-18072,Ahmedabad,Gujarat,Tier 2,2025-11-30
CUST-18073,Lucknow,Uttar Pradesh,Tier 2,2024-01-18
CUST-18074,Patna,Bihar,Tier 2,2024-08-12
CUST-18075,Bangalore,Karnataka,Tier 1,2024-04-14
CUST-18076,Pune,Maharashtra,Tier 1,2025-11-28
CUST-18077,Pune,Maharashtra,Tier 1,2024-03-05
CUST-18078,Hyderabad,Telangana,Tier 1,2024-11-28
CUST-18079,Kolkata,West Bengal,Tier 1,2025-01-06
CUST-18080,Hyderabad,Telangana,Tier 1,2024-07-25
CUST-18081,Delhi NCR,Delhi,Tier 1,2024-08-16
CUST-18082,Bangalore,Karnataka,Tier 1,2025-08-03
CUST-18083,Delhi NCR,Delhi,Tier 1,2024-05-21
CUST-18084,Lucknow,Uttar Pradesh,Tier 2,2025-11-16
CUST-18085,Jaipur,Rajasthan,Tier 2,2024-11-26
CUST-18086,Bhubaneswar,Odisha,Tier 2,2024-09-27
CUST-18087,Ahmedabad,Gujarat,Tier 2,2024-11-20
CUST-18088,Mumbai,Maharashtra,Tier 1,2025-06-10
CUST-18089,Coimbatore,Tamil Nadu,Tier 2,2025-06-30
CUST-18090,Bhopal,Madhya Pradesh,Tier 2,2024-03-09
CUST-18091,Chennai,Tamil Nadu,Tier 1,2024-07-30
CUST-18092,Pune,Maharashtra,Tier 1,2025-07-11
CUST-18093,Visakhapatnam,Andhra Pradesh,Tier 2,2025-01-16
CUST-18094,Kolkata,West Bengal,Tier 1,2025-02-23
CUST-18095,Coimbatore,Tamil Nadu,Tier 2,2025-08-19
CUST-18096,Mumbai,Maharashtra,Tier 1,2024-02-17
CUST-18097,Bangalore,Karnataka,Tier 1,2024-08-18
CUST-18098,Chennai,Tamil Nadu,Tier 1,2025-08-01
CUST-18099,Pune,Maharashtra,Tier 1,2025-04-21
CUST-18100,Indore,Madhya Pradesh,Tier 2,2024-03-29
CUST-18101,Visakhapatnam,Andhra Pradesh,Tier 2,2024-02-21
CUST-18102,Chennai,Tamil Nadu,Tier 1,2025-06-17
CUST-18103,Mumbai,Maharashtra,Tier 1,2025-02-25
CUST-18104,Indore,Madhya Pradesh,Tier 2,2025-09-02
CUST-18105,Pune,Maharashtra,Tier 1,2025-03-21
CUST-18106,Bangalore,Karnataka,Tier 1,2024-05-10
CUST-18107,Kolkata,West Bengal,Tier 1,2025-08-22
CUST-18108,Chandigarh,Punjab,Tier 2,2025-10-09
CUST-18109,Kochi,Kerala,Tier 2,2025-01-08
CUST-18110,Kolkata,West Bengal,Tier 1,2025-07-04
CUST-18111,Hyderabad,Telangana,Tier 1,2025-06-13
CUST-18112,Visakhapatnam,Andhra Pradesh,Tier 2,2024-04-14
CUST-18113,Jaipur,Rajasthan,Tier 2,2025-01-21
CUST-18114,Chennai,Tamil Nadu,Tier 1,2025-10-19
CUST-18115,Hyderabad,Telangana,Tier 1,2024-12-01
CUST-18116,Ahmedabad,Gujarat,Tier 2,2024-04-26
CUST-18117,Bangalore,Karnataka,Tier 1,2024-01-01
CUST-18118,Delhi NCR,Delhi,Tier 1,2025-09-20
CUST-18119,Kolkata,West Bengal,Tier 1,2025-06-21
CUST-18120,Hyderabad,Telangana,Tier 1,2025-03-11
CUST-18121,Pune,Maharashtra,Tier 1,2025-05-10
CUST-18122,Delhi NCR,Delhi,Tier 1,2024-01-12
CUST-18123,Jaipur,Rajasthan,Tier 2,2024-10-20
CUST-18124,Hyderabad,Telangana,Tier 1,2025-05-22
CUST-18125,Mumbai,Maharashtra,Tier 1,2025-11-11
CUST-18126,Delhi NCR,Delhi,Tier 1,2025-07-18
CUST-18127,Nagpur,Maharashtra,Tier 2,2024-05-07
CUST-18128,Bhopal,Madhya Pradesh,Tier 2,2024-03-16
CUST-18129,Bangalore,Karnataka,Tier 1,2024-09-25
CUST-18130,Kochi,Kerala,Tier 2,2024-05-25
CUST-18131,Pune,Maharashtra,Tier 1,2025-02-06
CUST-18132,Visakhapatnam,Andhra Pradesh,Tier 2,2025-05-13
CUST-18133,Chennai,Tamil Nadu,Tier 1,2025-07-13
CUST-18134,Lucknow,Uttar Pradesh,Tier 2,2024-07-17
CUST-18135,Mumbai,Maharashtra,Tier 1,2025-08-05
CUST-18136,Chennai,Tamil Nadu,Tier 1,2025-05-17
CUST-18137,Bhubaneswar,Odisha,Tier 2,2025-08-26
CUST-18138,Kolkata,West Bengal,Tier 1,2025-02-06
CUST-18139,Hyderabad,Telangana,Tier 1,2024-07-27
CUST-18140,Delhi NCR,Delhi,Tier 1,2024-12-07
CUST-18141,Lucknow,Uttar Pradesh,Tier 2,2024-02-17
CUST-18142,Pune,Maharashtra,Tier 1,2025-06-24
CUST-18143,Chennai,Tamil Nadu,Tier 1,2024-06-24
CUST-18144,Bhubaneswar,Odisha,Tier 2,2025-05-25
CUST-18145,Mumbai,Maharashtra,Tier 1,2024-01-19
CUST-18146,Hyderabad,Telangana,Tier 1,2025-05-09
CUST-18147,Nagpur,Maharashtra,Tier 2,2024-12-20
CUST-18148,Hyderabad,Telangana,Tier 1,2025-07-12
CUST-18149,Bangalore,Karnataka,Tier 1,2024-12-10
CUST-18150,Kolkata,West Bengal,Tier 1,2024-02-29
CUST-18151,Indore,Madhya Pradesh,Tier 2,2025-11-18
CUST-18152,Delhi NCR,Delhi,Tier 1,2024-08-16
CUST-18153,Bhubaneswar,Odisha,Tier 2,2024-05-26
CUST-18154,Kochi,Kerala,Tier 2,2024-10-24
CUST-18155,Delhi NCR,Delhi,Tier 1,2024-11-28
CUST-18156,Ahmedabad,Gujarat,Tier 2,2024-11-27
CUST-18157,Chennai,Tamil Nadu,Tier 1,2025-03-08
CUST-18158,Chennai,Tamil Nadu,Tier 1,2025-02-02
CUST-18159,Kochi,Kerala,Tier 2,2025-11-30
CUST-18160,Bhubaneswar,Odisha,Tier 2,2024-11-30
CUST-18161,Delhi NCR,Delhi,Tier 1,2024-07-27
CUST-18162,Chennai,Tamil Nadu,Tier 1,2025-02-14
CUST-18163,Kolkata,West Bengal,Tier 1,2025-08-09
CUST-18164,Chennai,Tamil Nadu,Tier 1,2025-11-25
CUST-18165,Hyderabad,Telangana,Tier 1,2025-08-21
CUST-18166,Mumbai,Maharashtra,Tier 1,2024-09-27
CUST-18167,Lucknow,Uttar Pradesh,Tier 2,2024-06-28
CUST-18168,Chennai,Tamil Nadu,Tier 1,2025-02-18
CUST-18169,Bangalore,Karnataka,Tier 1,2024-12-11
CUST-18170,Indore,Madhya Pradesh,Tier 2,2025-06-02
CUST-18171,Indore,Madhya Pradesh,Tier 2,2025-03-13
CUST-18172,Kolkata,West Bengal,Tier 1,2024-01-13
CUST-18173,Hyderabad,Telangana,Tier 1,2025-02-07
CUST-18174,Pune,Maharashtra,Tier 1,2025-01-14
CUST-18175,Hyderabad,Telangana,Tier 1,2025-11-22
CUST-18176,Bangalore,Karnataka,Tier 1,2025-02-24
CUST-18177,Ahmedabad,Gujarat,Tier 2,2024-06-28
CUST-18178,Mumbai,Maharashtra,Tier 1,2025-09-29
CUST-18179,Delhi NCR,Delhi,Tier 1,2024-10-09
CUST-18180,Mumbai,Maharashtra,Tier 1,2025-02-21
CUST-18181,Delhi NCR,Delhi,Tier 1,2024-12-21
CUST-18182,Mumbai,Maharashtra,Tier 1,2024-01-16
CUST-18183,Visakhapatnam,Andhra Pradesh,Tier 2,2024-11-10
CUST-18184,Hyderabad,Telangana,Tier 1,2025-06-16
CUST-18185,Delhi NCR,Delhi,Tier 1,2024-01-16
CUST-18186,Bangalore,Karnataka,Tier 1,2025-04-09
CUST-18187,Nagpur,Maharashtra,Tier 2,2025-04-07
CUST-18188,Kolkata,West Bengal,Tier 1,2025-06-28
CUST-18189,Hyderabad,Telangana,Tier 1,2025-11-24
CUST-18190,Bhopal,Madhya Pradesh,Tier 2,2024-03-09
CUST-18191,Chennai,Tamil Nadu,Tier 1,2025-02-14
CUST-18192,Hyderabad,Telangana,Tier 1,2024-02-21
CUST-18193,Bangalore,Karnataka,Tier 1,2024-03-05
CUST-18194,Chennai,Tamil Nadu,Tier 1,2025-04-11
CUST-18195,Hyderabad,Telangana,Tier 1,2024-09-28
CUST-18196,Jaipur,Rajasthan,Tier 2,2025-03-14
CUST-18197,Hyderabad,Telangana,Tier 1,2025-06-13
CUST-18198,Pune,Maharashtra,Tier 1,2024-09-29
CUST-18199,Mumbai,Maharashtra,Tier 1,2025-04-03
CUST-18200,Bangalore,Karnataka,Tier 1,2024-06-21
CUST-18201,Chennai,Tamil Nadu,Tier 1,2025-07-21
CUST-18202,Nagpur,Maharashtra,Tier 2,2025-06-04
CUST-18203,Chennai,Tamil Nadu,Tier 1,2025-05-11
CUST-18204,Jaipur,Rajasthan,Tier 2,2025-06-17
CUST-18205,Bangalore,Karnataka,Tier 1,2024-03-12
CUST-18206,Delhi NCR,Delhi,Tier 1,2024-06-20
CUST-18207,Mumbai,Maharashtra,Tier 1,2025-09-26
CUST-18208,Hyderabad,Telangana,Tier 1,2025-08-25
CUST-18209,Delhi NCR,Delhi,Tier 1,2024-10-18
CUST-18210,Delhi NCR,Delhi,Tier 1,2024-09-08
CUST-18211,Chandigarh,Punjab,Tier 2,2025-02-12
CUST-18212,Mumbai,Maharashtra,Tier 1,2025-01-01
CUST-18213,Pune,Maharashtra,Tier 1,2024-09-12
CUST-18214,Chennai,Tamil Nadu,Tier 1,2025-06-08
CUST-18215,Kolkata,West Bengal,Tier 1,2025-03-15
CUST-18216,Pune,Maharashtra,Tier 1,2024-11-30
CUST-18217,Hyderabad,Telangana,Tier 1,2025-09-21
CUST-18218,Hyderabad,Telangana,Tier 1,2025-03-10
CUST-18219,Ahmedabad,Gujarat,Tier 2,2025-11-20
CUST-18220,Bhopal,Madhya Pradesh,Tier 2,2025-04-05
CUST-18221,Bangalore,Karnataka,Tier 1,2024-11-03
CUST-18222,Delhi NCR,Delhi,Tier 1,2025-11-03
CUST-18223,Coimbatore,Tamil Nadu,Tier 2,2024-04-04
CUST-18224,Hyderabad,Telangana,Tier 1,2025-02-12
CUST-18225,Kolkata,West Bengal,Tier 1,2024-06-16
CUST-18226,Hyderabad,Telangana,Tier 1,2024-03-27
CUST-18227,Delhi NCR,Delhi,Tier 1,2024-01-03
CUST-18228,Pune,Maharashtra,Tier 1,2025-01-06
CUST-18229,Kolkata,West Bengal,Tier 1,2025-06-11
CUST-18230,Bangalore,Karnataka,Tier 1,2025-10-03
CUST-18231,Chennai,Tamil Nadu,Tier 1,2024-01-23
CUST-18232,Indore,Madhya Pradesh,Tier 2,2024-04-07
CUST-18233,Pune,Maharashtra,Tier 1,2025-10-31
CUST-18234,Delhi NCR,Delhi,Tier 1,2025-06-05
CUST-18235,Kolkata,West Bengal,Tier 1,2024-11-16
CUST-18236,Lucknow,Uttar Pradesh,Tier 2,2025-06-17
CUST-18237,Kochi,Kerala,Tier 2,2025-01-01
CUST-18238,Pune,Maharashtra,Tier 1,2024-07-02
CUST-18239,Delhi NCR,Delhi,Tier 1,2025-02-20
CUST-18240,Ahmedabad,Gujarat,Tier 2,2024-08-01
CUST-18241,Jaipur,Rajasthan,Tier 2,2025-10-31
CUST-18242,Mumbai,Maharashtra,Tier 1,2024-07-28
CUST-18243,Chennai,Tamil Nadu,Tier 1,2024-05-12
CUST-18244,Hyderabad,Telangana,Tier 1,2024-02-22
CUST-18245,Jaipur,Rajasthan,Tier 2,2025-11-25
CUST-18246,Bangalore,Karnataka,Tier 1,2024-01-23
CUST-18247,Pune,Maharashtra,Tier 1,2024-04-15
CUST-18248,Nagpur,Maharashtra,Tier 2,2025-08-25
CUST-18249,Indore,Madhya Pradesh,Tier 2,2025-09-22
CUST-18250,Nagpur,Maharashtra,Tier 2,2025-04-04
CUST-18251,Visakhapatnam,Andhra Pradesh,Tier 2,2025-10-11
CUST-18252,Mumbai,Maharashtra,Tier 1,2025-04-26
CUST-18253,Pune,Maharashtra,Tier 1,2024-04-29
CUST-18254,Chennai,Tamil Nadu,Tier 1,2025-11-03
CUST-18255,Bhopal,Madhya Pradesh,Tier 2,2024-07-26
CUST-18256,Bangalore,Karnataka,Tier 1,2024-11-13
CUST-18257,Visakhapatnam,Andhra Pradesh,Tier 2,2024-12-03
CUST-18258,Pune,Maharashtra,Tier 1,2024-06-03
CUST-18259,Kochi,Kerala,Tier 2,2024-06-03
CUST-18260,Mumbai,Maharashtra,Tier 1,2025-01-28
CUST-18261,Delhi NCR,Delhi,Tier 1,2025-05-19
CUST-18262,Chandigarh,Punjab,Tier 2,2024-11-08
CUST-18263,Mumbai,Maharashtra,Tier 1,2024-09-15
CUST-18264,Indore,Madhya Pradesh,Tier 2,2024-06-05
CUST-18265,Mumbai,Maharashtra,Tier 1,2024-01-14
CUST-18266,Jaipur,Rajasthan,Tier 2,2024-03-17
CUST-18267,Hyderabad,Telangana,Tier 1,2024-12-04
CUST-18268,Pune,Maharashtra,Tier 1,2025-02-12
CUST-18269,Lucknow,Uttar Pradesh,Tier 2,2025-01-28
CUST-18270,Hyderabad,Telangana,Tier 1,2024-08-07
CUST-18271,Delhi NCR,Delhi,Tier 1,2025-03-08
CUST-18272,Mumbai,Maharashtra,Tier 1,2025-03-30
CUST-18273,Pune,Maharashtra,Tier 1,2025-10-15
CUST-18274,Kolkata,West Bengal,Tier 1,2024-05-19
CUST-18275,Chandigarh,Punjab,Tier 2,2025-05-12
CUST-18276,Kolkata,West Bengal,Tier 1,2025-10-15
CUST-18277,Chennai,Tamil Nadu,Tier 1,2025-10-02
CUST-18278,Chennai,Tamil Nadu,Tier 1,2025-06-13
CUST-18279,Mumbai,Maharashtra,Tier 1,2025-11-06
CUST-18280,Hyderabad,Telangana,Tier 1,2024-04-05
CUST-18281,Visakhapatnam,Andhra Pradesh,Tier 2,2024-01-28
CUST-18282,Bhopal,Madhya Pradesh,Tier 2,2024-08-17
CUST-18283,Hyderabad,Telangana,Tier 1,2025-02-19
CUST-18284,Pune,Maharashtra,Tier 1,2025-03-31
CUST-18285,Patna,Bihar,Tier 2,2024-01-25
CUST-18286,Chennai,Tamil Nadu,Tier 1,2025-11-17
CUST-18287,Mumbai,Maharashtra,Tier 1,2025-02-07
CUST-18288,Mumbai,Maharashtra,Tier 1,2025-11-03
CUST-18289,Kolkata,West Bengal,Tier 1,2025-06-25
CUST-18290,Bhubaneswar,Odisha,Tier 2,2024-06-13
CUST-18291,Lucknow,Uttar Pradesh,Tier 2,2024-07-26
CUST-18292,Mumbai,Maharashtra,Tier 1,2025-09-05
CUST-18293,Bangalore,Karnataka,Tier 1,2025-01-07
CUST-18294,Kochi,Kerala,Tier 2,2025-09-09
CUST-18295,Patna,Bihar,Tier 2,2024-03-09
CUST-18296,Pune,Maharashtra,Tier 1,2025-06-03
CUST-18297,Pune,Maharashtra,Tier 1,2025-09-26
CUST-18298,Mumbai,Maharashtra,Tier 1,2024-12-18
CUST-18299,Patna,Bihar,Tier 2,2024-04-10
CUST-18300,Kochi,Kerala,Tier 2,2024-01-01
CUST-18301,Bangalore,Karnataka,Tier 1,2024-12-16
CUST-18302,Ahmedabad,Gujarat,Tier 2,2024-01-07
CUST-18303,Bangalore,Karnataka,Tier 1,2024-11-13
CUST-18304,Mumbai,Maharashtra,Tier 1,2025-09-14
CUST-18305,Bangalore,Karnataka,Tier 1,2025-05-23
CUST-18306,Delhi NCR,Delhi,Tier 1,2024-07-04
CUST-18307,Hyderabad,Telangana,Tier 1,2025-04-06
CUST-18308,Chennai,Tamil Nadu,Tier 1,2024-12-08
CUST-18309,Kolkata,West Bengal,Tier 1,2025-09-26
CUST-18310,Kolkata,West Bengal,Tier 1,2024-01-08
CUST-18311,Bangalore,Karnataka,Tier 1,2025-07-29
CUST-18312,Mumbai,Maharashtra,Tier 1,2024-05-15
CUST-18313,Pune,Maharashtra,Tier 1,2025-01-17
CUST-18314,Chennai,Tamil Nadu,Tier 1,2024-07-04
CUST-18315,Hyderabad,Telangana,Tier 1,2025-09-30
CUST-18316,Bhopal,Madhya Pradesh,Tier 2,2025-01-06
CUST-18317,Chandigarh,Punjab,Tier 2,2025-07-14
CUST-18318,Bhopal,Madhya Pradesh,Tier 2,2024-06-14
CUST-18319,Kolkata,West Bengal,Tier 1,2025-09-30
CUST-18320,Delhi NCR,Delhi,Tier 1,2024-11-16
CUST-18321,Lucknow,Uttar Pradesh,Tier 2,2025-11-19
CUST-18322,Bangalore,Karnataka,Tier 1,2024-06-05
CUST-18323,Chennai,Tamil Nadu,Tier 1,2024-10-11
CUST-18324,Mumbai,Maharashtra,Tier 1,2024-01-28
CUST-18325,Patna,Bihar,Tier 2,2024-12-16
CUST-18326,Delhi NCR,Delhi,Tier 1,2024-03-23
CUST-18327,Coimbatore,Tamil Nadu,Tier 2,2025-09-15
CUST-18328,Bhopal,Madhya Pradesh,Tier 2,2025-10-27
CUST-18329,Kolkata,West Bengal,Tier 1,2025-01-04
CUST-18330,Chandigarh,Punjab,Tier 2,2025-06-24
CUST-18331,Pune,Maharashtra,Tier 1,2025-01-29
CUST-18332,Indore,Madhya Pradesh,Tier 2,2025-04-24
CUST-18333,Chennai,Tamil Nadu,Tier 1,2024-07-31
CUST-18334,Kochi,Kerala,Tier 2,2025-09-05
CUST-18335,Chennai,Tamil Nadu,Tier 1,2024-12-25
CUST-18336,Nagpur,Maharashtra,Tier 2,2024-08-01
CUST-18337,Kolkata,West Bengal,Tier 1,2024-10-30
CUST-18338,Chennai,Tamil Nadu,Tier 1,2024-06-03
CUST-18339,Kochi,Kerala,Tier 2,2025-01-14
CUST-18340,Indore,Madhya Pradesh,Tier 2,2024-07-18
CUST-18341,Kolkata,West Bengal,Tier 1,2025-11-10
CUST-18342,Delhi NCR,Delhi,Tier 1,2024-08-25
CUST-18343,Kolkata,West Bengal,Tier 1,2025-11-01
CUST-18344,Bhubaneswar,Odisha,Tier 2,2024-06-15
CUST-18345,Chandigarh,Punjab,Tier 2,2024-08-13
CUST-18346,Indore,Madhya Pradesh,Tier 2,2024-09-07
CUST-18347,Mumbai,Maharashtra,Tier 1,2024-10-06
CUST-18348,Kolkata,West Bengal,Tier 1,2025-04-20
CUST-18349,Pune,Maharashtra,Tier 1,2025-05-12
CUST-18350,Patna,Bihar,Tier 2,2025-06-18
CUST-18351,Mumbai,Maharashtra,Tier 1,2025-02-14
CUST-18352,Patna,Bihar,Tier 2,2025-03-04
CUST-18353,Kolkata,West Bengal,Tier 1,2025-06-22
CUST-18354,Bangalore,Karnataka,Tier 1,2025-03-18
CUST-18355,Hyderabad,Telangana,Tier 1,2024-07-28
CUST-18356,Hyderabad,Telangana,Tier 1,2025-06-30
CUST-18357,Kolkata,West Bengal,Tier 1,2025-05-05
CUST-18358,Mumbai,Maharashtra,Tier 1,2025-04-15
CUST-18359,Delhi NCR,Delhi,Tier 1,2025-11-16
CUST-18360,Indore,Madhya Pradesh,Tier 2,2025-07-21
CUST-18361,Delhi NCR,Delhi,Tier 1,2025-10-25
CUST-18362,Bangalore,Karnataka,Tier 1,2025-04-07
CUST-18363,Chennai,Tamil Nadu,Tier 1,2025-07-03
CUST-18364,Kolkata,West Bengal,Tier 1,2025-04-21
CUST-18365,Chandigarh,Punjab,Tier 2,2024-07-16
CUST-18366,Chennai,Tamil Nadu,Tier 1,2025-06-04
CUST-18367,Kochi,Kerala,Tier 2,2025-05-13
CUST-18368,Pune,Maharashtra,Tier 1,2025-05-25
CUST-18369,Delhi NCR,Delhi,Tier 1,2025-11-20
CUST-18370,Delhi NCR,Delhi,Tier 1,2024-11-20
CUST-18371,Chennai,Tamil Nadu,Tier 1,2025-11-18
CUST-18372,Chennai,Tamil Nadu,Tier 1,2025-04-11
CUST-18373,Chandigarh,Punjab,Tier 2,2025-08-18
CUST-18374,Pune,Maharashtra,Tier 1,2024-05-18
CUST-18375,Chennai,Tamil Nadu,Tier 1,2024-08-29
CUST-18376,Delhi NCR,Delhi,Tier 1,2024-11-11
CUST-18377,Bangalore,Karnataka,Tier 1,2025-10-28
CUST-18378,Pune,Maharashtra,Tier 1,2024-05-14
CUST-18379,Chennai,Tamil Nadu,Tier 1,2024-07-06
CUST-18380,Kolkata,West Bengal,Tier 1,2025-11-20
CUST-18381,Delhi NCR,Delhi,Tier 1,2025-08-01
CUST-18382,Jaipur,Rajasthan,Tier 2,2024-03-09
CUST-18383,Patna,Bihar,Tier 2,2025-03-14
CUST-18384,Bangalore,Karnataka,Tier 1,2024-03-17
CUST-18385,Kolkata,West Bengal,Tier 1,2025-02-03
CUST-18386,Visakhapatnam,Andhra Pradesh,Tier 2,2025-01-08
CUST-18387,Hyderabad,Telangana,Tier 1,2024-01-12
CUST-18388,Pune,Maharashtra,Tier 1,2025-05-01
CUST-18389,Mumbai,Maharashtra,Tier 1,2025-02-20
CUST-18390,Pune,Maharashtra,Tier 1,2024-07-25
CUST-18391,Mumbai,Maharashtra,Tier 1,2024-12-06
CUST-18392,Bhubaneswar,Odisha,Tier 2,2025-09-11
CUST-18393,Ahmedabad,Gujarat,Tier 2,2024-11-06
CUST-18394,Kochi,Kerala,Tier 2,2024-11-03
CUST-18395,Lucknow,Uttar Pradesh,Tier 2,2024-10-19
CUST-18396,Pune,Maharashtra,Tier 1,2025-09-16
CUST-18397,Chennai,Tamil Nadu,Tier 1,2025-01-10
CUST-18398,Bhopal,Madhya Pradesh,Tier 2,2025-06-10
CUST-18399,Bhubaneswar,Odisha,Tier 2,2024-12-05
CUST-18400,Kolkata,West Bengal,Tier 1,2024-03-23
CUST-18401,Nagpur,Maharashtra,Tier 2,2025-07-30
CUST-18402,Pune,Maharashtra,Tier 1,2025-03-27
CUST-18403,Kolkata,West Bengal,Tier 1,2024-01-03
CUST-18404,Chennai,Tamil Nadu,Tier 1,2025-03-31
CUST-18405,Bangalore,Karnataka,Tier 1,2024-08-23
CUST-18406,Mumbai,Maharashtra,Tier 1,2025-01-23
CUST-18407,Bangalore,Karnataka,Tier 1,2025-01-27
CUST-18408,Kolkata,West Bengal,Tier 1,2025-10-02
CUST-18409,Chennai,Tamil Nadu,Tier 1,2024-01-30
CUST-18410,Chennai,Tamil Nadu,Tier 1,2025-08-05
CUST-18411,Visakhapatnam,Andhra Pradesh,Tier 2,2024-05-27
CUST-18412,Hyderabad,Telangana,Tier 1,2025-08-27
CUST-18413,Chennai,Tamil Nadu,Tier 1,2024-10-09
CUST-18414,Delhi NCR,Delhi,Tier 1,2024-08-25
CUST-18415,Mumbai,Maharashtra,Tier 1,2024-11-14
CUST-18416,Kochi,Kerala,Tier 2,2024-12-02
CUST-18417,Pune,Maharashtra,Tier 1,2024-01-31
CUST-18418,Chandigarh,Punjab,Tier 2,2025-09-17
CUST-18419,Delhi NCR,Delhi,Tier 1,2025-09-05
CUST-18420,Pune,Maharashtra,Tier 1,2025-08-27
CUST-18421,Bangalore,Karnataka,Tier 1,2024-07-25
CUST-18422,Bangalore,Karnataka,Tier 1,2024-08-16
CUST-18423,Mumbai,Maharashtra,Tier 1,2025-08-05
CUST-18424,Delhi NCR,Delhi,Tier 1,2024-12-07
CUST-18425,Hyderabad,Telangana,Tier 1,2025-04-04
CUST-18426,Delhi NCR,Delhi,Tier 1,2024-05-15
CUST-18427,Visakhapatnam,Andhra Pradesh,Tier 2,2024-10-10
CUST-18428,Hyderabad,Telangana,Tier 1,2024-12-16
CUST-18429,Delhi NCR,Delhi,Tier 1,2024-01-17
CUST-18430,Bangalore,Karnataka,Tier 1,2024-08-02
CUST-18431,Pune,Maharashtra,Tier 1,2025-01-29
CUST-18432,Mumbai,Maharashtra,Tier 1,2025-02-02
CUST-18433,Bhopal,Madhya Pradesh,Tier 2,2025-02-17
CUST-18434,Bhubaneswar,Odisha,Tier 2,2024-08-31
CUST-18435,Bangalore,Karnataka,Tier 1,2024-04-04
CUST-18436,Chennai,Tamil Nadu,Tier 1,2025-09-24
CUST-18437,Mumbai,Maharashtra,Tier 1,2024-01-06
CUST-18438,Pune,Maharashtra,Tier 1,2024-03-27
CUST-18439,Chennai,Tamil Nadu,Tier 1,2024-07-07
CUST-18440,Bangalore,Karnataka,Tier 1,2025-09-06
CUST-18441,Bangalore,Karnataka,Tier 1,2025-09-07
CUST-18442,Jaipur,Rajasthan,Tier 2,2025-02-23
CUST-18443,Chennai,Tamil Nadu,Tier 1,2024-03-07
CUST-18444,Delhi NCR,Delhi,Tier 1,2025-09-09
CUST-18445,Lucknow,Uttar Pradesh,Tier 2,2024-09-04
CUST-18446,Pune,Maharashtra,Tier 1,2024-07-25
CUST-18447,Bhopal,Madhya Pradesh,Tier 2,2024-07-23
CUST-18448,Delhi NCR,Delhi,Tier 1,2024-11-14
CUST-18449,Kochi,Kerala,Tier 2,2024-03-23
CUST-18450,Jaipur,Rajasthan,Tier 2,2025-02-27
CUST-18451,Delhi NCR,Delhi,Tier 1,2024-03-22
CUST-18452,Lucknow,Uttar Pradesh,Tier 2,2025-07-02
CUST-18453,Chennai,Tamil Nadu,Tier 1,2025-05-01
CUST-18454,Bhubaneswar,Odisha,Tier 2,2024-05-12
CUST-18455,Delhi NCR,Delhi,Tier 1,2024-04-24
CUST-18456,Pune,Maharashtra,Tier 1,2025-01-11
CUST-18457,Chennai,Tamil Nadu,Tier 1,2024-07-29
CUST-18458,Bhubaneswar,Odisha,Tier 2,2024-05-11
CUST-18459,Hyderabad,Telangana,Tier 1,2025-01-08
CUST-18460,Bhubaneswar,Odisha,Tier 2,2024-06-02
CUST-18461,Coimbatore,Tamil Nadu,Tier 2,2025-02-26
CUST-18462,Bangalore,Karnataka,Tier 1,2024-12-31
CUST-18463,Indore,Madhya Pradesh,Tier 2,2025-11-24
CUST-18464,Visakhapatnam,Andhra Pradesh,Tier 2,2024-05-26
CUST-18465,Bangalore,Karnataka,Tier 1,2024-05-06
CUST-18466,Chennai,Tamil Nadu,Tier 1,2024-11-03
CUST-18467,Kolkata,West Bengal,Tier 1,2024-04-27
CUST-18468,Hyderabad,Telangana,Tier 1,2025-07-26
CUST-18469,Mumbai,Maharashtra,Tier 1,2024-08-18
CUST-18470,Bangalore,Karnataka,Tier 1,2025-03-26
CUST-18471,Hyderabad,Telangana,Tier 1,2025-05-14
CUST-18472,Chennai,Tamil Nadu,Tier 1,2025-10-23
CUST-18473,Delhi NCR,Delhi,Tier 1,2024-05-24
CUST-18474,Bhopal,Madhya Pradesh,Tier 2,2025-09-14
CUST-18475,Lucknow,Uttar Pradesh,Tier 2,2025-11-09
CUST-18476,Mumbai,Maharashtra,Tier 1,2024-02-18
CUST-18477,Jaipur,Rajasthan,Tier 2,2024-04-16
CUST-18478,Jaipur,Rajasthan,Tier 2,2024-04-02
CUST-18479,Bhubaneswar,Odisha,Tier 2,2025-09-27
CUST-18480,Mumbai,Maharashtra,Tier 1,2024-05-19
CUST-18481,Bangalore,Karnataka,Tier 1,2024-11-09
CUST-18482,Nagpur,Maharashtra,Tier 2,2024-01-11
CUST-18483,Nagpur,Maharashtra,Tier 2,2025-03-23
CUST-18484,Ahmedabad,Gujarat,Tier 2,2025-01-29
CUST-18485,Chandigarh,Punjab,Tier 2,2025-05-19
CUST-18486,Mumbai,Maharashtra,Tier 1,2025-01-12
CUST-18487,Kolkata,West Bengal,Tier 1,2024-12-26
CUST-18488,Bangalore,Karnataka,Tier 1,2025-11-13
CUST-18489,Delhi NCR,Delhi,Tier 1,2025-07-01
CUST-18490,Indore,Madhya Pradesh,Tier 2,2025-10-03
CUST-18491,Delhi NCR,Delhi,Tier 1,2025-07-26
CUST-18492,Kolkata,West Bengal,Tier 1,2025-07-14
CUST-18493,Nagpur,Maharashtra,Tier 2,2025-01-30
CUST-18494,Bangalore,Karnataka,Tier 1,2024-07-04
CUST-18495,Visakhapatnam,Andhra Pradesh,Tier 2,2024-08-08
CUST-18496,Visakhapatnam,Andhra Pradesh,Tier 2,2025-06-01
CUST-18497,Kolkata,West Bengal,Tier 1,2024-10-26
CUST-18498,Delhi NCR,Delhi,Tier 1,2024-06-23
CUST-18499,Hyderabad,Telangana,Tier 1,2025-01-05
CUST-18500,Chennai,Tamil Nadu,Tier 1,2025-05-23
CUST-18501,Hyderabad,Telangana,Tier 1,2024-07-22
CUST-18502,Hyderabad,Telangana,Tier 1,2025-08-30
CUST-18503,Visakhapatnam,Andhra Pradesh,Tier 2,2024-10-08
CUST-18504,Delhi NCR,Delhi,Tier 1,2025-10-08
CUST-18505,Ahmedabad,Gujarat,Tier 2,2025-02-19
CUST-18506,Mumbai,Maharashtra,Tier 1,2024-02-02
CUST-18507,Pune,Maharashtra,Tier 1,2024-03-22
CUST-18508,Nagpur,Maharashtra,Tier 2,2025-04-27
CUST-18509,Hyderabad,Telangana,Tier 1,2024-05-27
CUST-18510,Delhi NCR,Delhi,Tier 1,2025-08-29
CUST-18511,Jaipur,Rajasthan,Tier 2,2025-05-09
CUST-18512,Ahmedabad,Gujarat,Tier 2,2024-06-18
CUST-18513,Lucknow,Uttar Pradesh,Tier 2,2024-01-07
CUST-18514,Hyderabad,Telangana,Tier 1,2025-01-14
CUST-18515,Bangalore,Karnataka,Tier 1,2025-03-09
CUST-18516,Bhubaneswar,Odisha,Tier 2,2024-02-03
CUST-18517,Nagpur,Maharashtra,Tier 2,2025-07-16
CUST-18518,Chennai,Tamil Nadu,Tier 1,2025-09-23
CUST-18519,Patna,Bihar,Tier 2,2024-05-17
CUST-18520,Chennai,Tamil Nadu,Tier 1,2025-01-01
CUST-18521,Chennai,Tamil Nadu,Tier 1,2024-04-15
CUST-18522,Delhi NCR,Delhi,Tier 1,2024-02-01
CUST-18523,Chennai,Tamil Nadu,Tier 1,2025-09-27
CUST-18524,Kolkata,West Bengal,Tier 1,2025-11-12
CUST-18525,Mumbai,Maharashtra,Tier 1,2025-06-07
CUST-18526,Chennai,Tamil Nadu,Tier 1,2024-06-16
CUST-18527,Kochi,Kerala,Tier 2,2024-03-18
CUST-18528,Lucknow,Uttar Pradesh,Tier 2,2025-06-29
CUST-18529,Pune,Maharashtra,Tier 1,2024-07-27
CUST-18530,Coimbatore,Tamil Nadu,Tier 2,2025-02-14
CUST-18531,Mumbai,Maharashtra,Tier 1,2024-01-08
CUST-18532,Kolkata,West Bengal,Tier 1,2024-08-14
CUST-18533,Kochi,Kerala,Tier 2,2024-06-23
CUST-18534,Kolkata,West Bengal,Tier 1,2024-03-21
CUST-18535,Hyderabad,Telangana,Tier 1,2024-02-26
CUST-18536,Delhi NCR,Delhi,Tier 1,2024-05-14
CUST-18537,Coimbatore,Tamil Nadu,Tier 2,2024-08-25
CUST-18538,Kolkata,West Bengal,Tier 1,2025-04-16
CUST-18539,Bhopal,Madhya Pradesh,Tier 2,2024-08-04
CUST-18540,Pune,Maharashtra,Tier 1,2024-01-26
CUST-18541,Jaipur,Rajasthan,Tier 2,2024-07-05
CUST-18542,Indore,Madhya Pradesh,Tier 2,2025-09-21
CUST-18543,Jaipur,Rajasthan,Tier 2,2024-04-25
CUST-18544,Chennai,Tamil Nadu,Tier 1,2025-09-05
CUST-18545,Kolkata,West Bengal,Tier 1,2024-06-11
CUST-18546,Indore,Madhya Pradesh,Tier 2,2025-02-17
CUST-18547,Chennai,Tamil Nadu,Tier 1,2024-06-26
CUST-18548,Chennai,Tamil Nadu,Tier 1,2024-10-06
CUST-18549,Delhi NCR,Delhi,Tier 1,2024-07-30
CUST-18550,Nagpur,Maharashtra,Tier 2,2024-02-23
CUST-18551,Mumbai,Maharashtra,Tier 1,2024-03-07
CUST-18552,Pune,Maharashtra,Tier 1,2025-06-27
CUST-18553,Chennai,Tamil Nadu,Tier 1,2025-06-03
CUST-18554,Chennai,Tamil Nadu,Tier 1,2025-05-13
CUST-18555,Lucknow,Uttar Pradesh,Tier 2,2025-03-06
CUST-18556,Mumbai,Maharashtra,Tier 1,2024-02-15
CUST-18557,Pune,Maharashtra,Tier 1,2025-08-14
CUST-18558,Kochi,Kerala,Tier 2,2024-02-04
CUST-18559,Patna,Bihar,Tier 2,2024-07-07
CUST-18560,Delhi NCR,Delhi,Tier 1,2024-03-29
CUST-18561,Coimbatore,Tamil Nadu,Tier 2,2024-11-30
CUST-18562,Jaipur,Rajasthan,Tier 2,2024-05-15
CUST-18563,Bhopal,Madhya Pradesh,Tier 2,2025-06-29
CUST-18564,Kolkata,West Bengal,Tier 1,2024-04-22
CUST-18565,Kolkata,West Bengal,Tier 1,2024-06-20
CUST-18566,Nagpur,Maharashtra,Tier 2,2024-12-04
CUST-18567,Coimbatore,Tamil Nadu,Tier 2,2025-07-08
CUST-18568,Chennai,Tamil Nadu,Tier 1,2025-06-08
CUST-18569,Bangalore,Karnataka,Tier 1,2024-06-22
CUST-18570,Chennai,Tamil Nadu,Tier 1,2025-09-28
CUST-18571,Chennai,Tamil Nadu,Tier 1,2024-11-27
CUST-18572,Hyderabad,Telangana,Tier 1,2024-07-25
CUST-18573,Bangalore,Karnataka,Tier 1,2024-12-08
CUST-18574,Bhopal,Madhya Pradesh,Tier 2,2024-04-13
CUST-18575,Mumbai,Maharashtra,Tier 1,2025-10-03
CUST-18576,Jaipur,Rajasthan,Tier 2,2024-02-09
CUST-18577,Delhi NCR,Delhi,Tier 1,2024-01-23
CUST-18578,Hyderabad,Telangana,Tier 1,2024-09-08
CUST-18579,Mumbai,Maharashtra,Tier 1,2024-10-16
CUST-18580,Bangalore,Karnataka,Tier 1,2024-07-20
CUST-18581,Kochi,Kerala,Tier 2,2024-06-03
CUST-18582,Coimbatore,Tamil Nadu,Tier 2,2025-07-20
CUST-18583,Bangalore,Karnataka,Tier 1,2024-04-15
CUST-18584,Chennai,Tamil Nadu,Tier 1,2024-09-16
CUST-18585,Kolkata,West Bengal,Tier 1,2024-07-18
CUST-18586,Bhopal,Madhya Pradesh,Tier 2,2024-08-04
CUST-18587,Chandigarh,Punjab,Tier 2,2025-02-14
CUST-18588,Kolkata,West Bengal,Tier 1,2025-07-12
CUST-18589,Jaipur,Rajasthan,Tier 2,2024-04-26
CUST-18590,Patna,Bihar,Tier 2,2025-02-27
CUST-18591,Mumbai,Maharashtra,Tier 1,2024-07-30
CUST-18592,Chennai,Tamil Nadu,Tier 1,2024-06-03
CUST-18593,Coimbatore,Tamil Nadu,Tier 2,2024-09-19
CUST-18594,Chandigarh,Punjab,Tier 2,2025-05-21
CUST-18595,Kolkata,West Bengal,Tier 1,2024-05-30
CUST-18596,Kolkata,West Bengal,Tier 1,2024-07-30
CUST-18597,Hyderabad,Telangana,Tier 1,2024-07-10
CUST-18598,Kolkata,West Bengal,Tier 1,2024-04-07
CUST-18599,Jaipur,Rajasthan,Tier 2,2025-06-24
CUST-18600,Chennai,Tamil Nadu,Tier 1,2024-06-20
CUST-18601,Ahmedabad,Gujarat,Tier 2,2025-01-05
CUST-18602,Bhopal,Madhya Pradesh,Tier 2,2024-06-03
CUST-18603,Delhi NCR,Delhi,Tier 1,2024-05-19
CUST-18604,Chennai,Tamil Nadu,Tier 1,2024-09-12
CUST-18605,Chennai,Tamil Nadu,Tier 1,2025-11-06
CUST-18606,Lucknow,Uttar Pradesh,Tier 2,2025-10-07
CUST-18607,Bangalore,Karnataka,Tier 1,2025-02-19
CUST-18608,Pune,Maharashtra,Tier 1,2024-11-24
CUST-18609,Bhopal,Madhya Pradesh,Tier 2,2025-01-12
CUST-18610,Chennai,Tamil Nadu,Tier 1,2024-09-22
CUST-18611,Coimbatore,Tamil Nadu,Tier 2,2025-06-24
CUST-18612,Visakhapatnam,Andhra Pradesh,Tier 2,2024-05-18
CUST-18613,Delhi NCR,Delhi,Tier 1,2025-08-19
CUST-18614,Bangalore,Karnataka,Tier 1,2025-05-26
CUST-18615,Bhubaneswar,Odisha,Tier 2,2024-09-05
CUST-18616,Bhubaneswar,Odisha,Tier 2,2024-11-03
CUST-18617,Delhi NCR,Delhi,Tier 1,2025-07-26
CUST-18618,Mumbai,Maharashtra,Tier 1,2024-08-06
CUST-18619,Delhi NCR,Delhi,Tier 1,2025-08-06
CUST-18620,Visakhapatnam,Andhra Pradesh,Tier 2,2024-10-19
CUST-18621,Delhi NCR,Delhi,Tier 1,2025-02-13
CUST-18622,Kolkata,West Bengal,Tier 1,2024-07-16
CUST-18623,Patna,Bihar,Tier 2,2024-03-20
CUST-18624,Mumbai,Maharashtra,Tier 1,2025-01-19
CUST-18625,Pune,Maharashtra,Tier 1,2024-05-16
CUST-18626,Bangalore,Karnataka,Tier 1,2024-07-31
CUST-18627,Bhopal,Madhya Pradesh,Tier 2,2025-09-10
CUST-18628,Hyderabad,Telangana,Tier 1,2024-07-25
CUST-18629,Lucknow,Uttar Pradesh,Tier 2,2025-10-25
CUST-18630,Jaipur,Rajasthan,Tier 2,2024-05-12
CUST-18631,Bangalore,Karnataka,Tier 1,2024-06-14
CUST-18632,Mumbai,Maharashtra,Tier 1,2025-05-17
CUST-18633,Chennai,Tamil Nadu,Tier 1,2025-03-05
CUST-18634,Hyderabad,Telangana,Tier 1,2024-06-28
CUST-18635,Indore,Madhya Pradesh,Tier 2,2024-04-30
CUST-18636,Indore,Madhya Pradesh,Tier 2,2024-06-22
CUST-18637,Chennai,Tamil Nadu,Tier 1,2024-11-26
CUST-18638,Pune,Maharashtra,Tier 1,2024-03-08
CUST-18639,Pune,Maharashtra,Tier 1,2025-11-29
CUST-18640,Patna,Bihar,Tier 2,2024-05-17
CUST-18641,Chennai,Tamil Nadu,Tier 1,2024-11-03
CUST-18642,Bangalore,Karnataka,Tier 1,2024-11-25
CUST-18643,Bangalore,Karnataka,Tier 1,2024-08-25
CUST-18644,Kolkata,West Bengal,Tier 1,2025-06-13
CUST-18645,Chennai,Tamil Nadu,Tier 1,2024-03-16
CUST-18646,Chennai,Tamil Nadu,Tier 1,2024-05-30
CUST-18647,Mumbai,Maharashtra,Tier 1,2025-09-11
CUST-18648,Ahmedabad,Gujarat,Tier 2,2025-10-26
CUST-18649,Bangalore,Karnataka,Tier 1,2024-11-11
CUST-18650,Bangalore,Karnataka,Tier 1,2024-02-06
CUST-18651,Chennai,Tamil Nadu,Tier 1,2025-10-19
CUST-18652,Bangalore,Karnataka,Tier 1,2024-05-05
CUST-18653,Pune,Maharashtra,Tier 1,2025-09-11
CUST-18654,Chennai,Tamil Nadu,Tier 1,2024-10-12
CUST-18655,Chennai,Tamil Nadu,Tier 1,2024-08-27
CUST-18656,Kolkata,West Bengal,Tier 1,2025-09-05
CUST-18657,Bangalore,Karnataka,Tier 1,2024-08-07
CUST-18658,Delhi NCR,Delhi,Tier 1,2024-01-07
CUST-18659,Bhopal,Madhya Pradesh,Tier 2,2024-08-03
CUST-18660,Chennai,Tamil Nadu,Tier 1,2025-11-11
CUST-18661,Chennai,Tamil Nadu,Tier 1,2025-08-08
CUST-18662,Mumbai,Maharashtra,Tier 1,2024-10-19
CUST-18663,Kolkata,West Bengal,Tier 1,2025-06-22
CUST-18664,Kolkata,West Bengal,Tier 1,2025-04-28
CUST-18665,Pune,Maharashtra,Tier 1,2024-02-12
CUST-18666,Lucknow,Uttar Pradesh,Tier 2,2024-11-02
CUST-18667,Delhi NCR,Delhi,Tier 1,2024-04-02
CUST-18668,Bangalore,Karnataka,Tier 1,2025-08-05
CUST-18669,Indore,Madhya Pradesh,Tier 2,2024-09-25
CUST-18670,Bhubaneswar,Odisha,Tier 2,2025-09-12
CUST-18671,Delhi NCR,Delhi,Tier 1,2025-11-23
CUST-18672,Kolkata,West Bengal,Tier 1,2024-08-02
CUST-18673,Bangalore,Karnataka,Tier 1,2024-04-23
CUST-18674,Mumbai,Maharashtra,Tier 1,2024-07-03
CUST-18675,Hyderabad,Telangana,Tier 1,2024-05-04
CUST-18676,Delhi NCR,Delhi,Tier 1,2024-04-14
CUST-18677,Ahmedabad,Gujarat,Tier 2,2024-08-24
CUST-18678,Kolkata,West Bengal,Tier 1,2025-10-14
CUST-18679,Delhi NCR,Delhi,Tier 1,2024-06-06
CUST-18680,Mumbai,Maharashtra,Tier 1,2025-04-18
CUST-18681,Indore,Madhya Pradesh,Tier 2,2025-05-19
CUST-18682,Delhi NCR,Delhi,Tier 1,2024-09-30
CUST-18683,Pune,Maharashtra,Tier 1,2024-04-26
CUST-18684,Hyderabad,Telangana,Tier 1,2025-07-27
CUST-18685,Pune,Maharashtra,Tier 1,2025-06-19
CUST-18686,Hyderabad,Telangana,Tier 1,2024-02-29
CUST-18687,Mumbai,Maharashtra,Tier 1,2025-02-04
CUST-18688,Bangalore,Karnataka,Tier 1,2024-06-28
CUST-18689,Bangalore,Karnataka,Tier 1,2024-08-19
CUST-18690,Chennai,Tamil Nadu,Tier 1,2025-04-20
CUST-18691,Jaipur,Rajasthan,Tier 2,2025-10-16
CUST-18692,Bangalore,Karnataka,Tier 1,2024-09-01
CUST-18693,Mumbai,Maharashtra,Tier 1,2025-08-15
CUST-18694,Kolkata,West Bengal,Tier 1,2025-09-29
CUST-18695,Pune,Maharashtra,Tier 1,2025-10-10
CUST-18696,Bhubaneswar,Odisha,Tier 2,2025-07-21
CUST-18697,Pune,Maharashtra,Tier 1,2024-07-31
CUST-18698,Kolkata,West Bengal,Tier 1,2025-08-28
CUST-18699,Pune,Maharashtra,Tier 1,2025-04-03
CUST-18700,Nagpur,Maharashtra,Tier 2,2024-05-07
CUST-18701,Patna,Bihar,Tier 2,2024-08-04
CUST-18702,Hyderabad,Telangana,Tier 1,2024-01-20
CUST-18703,Bangalore,Karnataka,Tier 1,2025-07-20
CUST-18704,Bangalore,Karnataka,Tier 1,2024-02-29
CUST-18705,Kolkata,West Bengal,Tier 1,2025-11-05
CUST-18706,Chandigarh,Punjab,Tier 2,2024-05-08
CUST-18707,Kolkata,West Bengal,Tier 1,2025-07-10
CUST-18708,Mumbai,Maharashtra,Tier 1,2024-07-15
CUST-18709,Ahmedabad,Gujarat,Tier 2,2025-05-06
CUST-18710,Indore,Madhya Pradesh,Tier 2,2025-11-08
CUST-18711,Hyderabad,Telangana,Tier 1,2025-05-18
CUST-18712,Jaipur,Rajasthan,Tier 2,2024-09-03
CUST-18713,Chennai,Tamil Nadu,Tier 1,2024-09-16
CUST-18714,Coimbatore,Tamil Nadu,Tier 2,2024-12-12
CUST-18715,Patna,Bihar,Tier 2,2024-07-15
CUST-18716,Kolkata,West Bengal,Tier 1,2024-04-16
CUST-18717,Lucknow,Uttar Pradesh,Tier 2,2025-09-04
CUST-18718,Coimbatore,Tamil Nadu,Tier 2,2024-06-08
CUST-18719,Kolkata,West Bengal,Tier 1,2025-02-25
CUST-18720,Hyderabad,Telangana,Tier 1,2025-08-29
CUST-18721,Chandigarh,Punjab,Tier 2,2024-07-25
CUST-18722,Bangalore,Karnataka,Tier 1,2024-11-08
CUST-18723,Chennai,Tamil Nadu,Tier 1,2025-03-07
CUST-18724,Bhopal,Madhya Pradesh,Tier 2,2024-08-22
CUST-18725,Ahmedabad,Gujarat,Tier 2,2024-11-22
CUST-18726,Chennai,Tamil Nadu,Tier 1,2025-04-23
CUST-18727,Bangalore,Karnataka,Tier 1,2025-03-03
CUST-18728,Hyderabad,Telangana,Tier 1,2025-10-27
CUST-18729,Hyderabad,Telangana,Tier 1,2024-04-09
CUST-18730,Delhi NCR,Delhi,Tier 1,2024-08-25
CUST-18731,Chandigarh,Punjab,Tier 2,2024-04-16
CUST-18732,Bangalore,Karnataka,Tier 1,2024-12-29
CUST-18733,Chennai,Tamil Nadu,Tier 1,2025-10-03
CUST-18734,Chennai,Tamil Nadu,Tier 1,2025-05-07
CUST-18735,Visakhapatnam,Andhra Pradesh,Tier 2,2024-02-12
CUST-18736,Chennai,Tamil Nadu,Tier 1,2025-07-28
CUST-18737,Mumbai,Maharashtra,Tier 1,2024-03-13
CUST-18738,Mumbai,Maharashtra,Tier 1,2025-11-28
CUST-18739,Pune,Maharashtra,Tier 1,2025-09-20
CUST-18740,Pune,Maharashtra,Tier 1,2024-10-30
CUST-18741,Chennai,Tamil Nadu,Tier 1,2024-01-05
CUST-18742,Chennai,Tamil Nadu,Tier 1,2025-08-10
CUST-18743,Mumbai,Maharashtra,Tier 1,2024-12-14
CUST-18744,Kolkata,West Bengal,Tier 1,2025-02-03
CUST-18745,Kolkata,West Bengal,Tier 1,2025-08-17
CUST-18746,Delhi NCR,Delhi,Tier 1,2025-03-08
CUST-18747,Delhi NCR,Delhi,Tier 1,2025-07-25
CUST-18748,Delhi NCR,Delhi,Tier 1,2024-04-16
CUST-18749,Delhi NCR,Delhi,Tier 1,2024-04-26
CUST-18750,Pune,Maharashtra,Tier 1,2025-01-17
CUST-18751,Bangalore,Karnataka,Tier 1,2024-03-22
CUST-18752,Bangalore,Karnataka,Tier 1,2025-10-14
CUST-18753,Delhi NCR,Delhi,Tier 1,2025-02-13
CUST-18754,Bhubaneswar,Odisha,Tier 2,2024-03-10
CUST-18755,Bhopal,Madhya Pradesh,Tier 2,2025-01-21
CUST-18756,Bangalore,Karnataka,Tier 1,2025-06-07
CUST-18757,Hyderabad,Telangana,Tier 1,2024-10-23
CUST-18758,Bangalore,Karnataka,Tier 1,2025-09-08
CUST-18759,Kolkata,West Bengal,Tier 1,2024-03-05
CUST-18760,Mumbai,Maharashtra,Tier 1,2025-07-28
CUST-18761,Jaipur,Rajasthan,Tier 2,2024-06-26
CUST-18762,Kolkata,West Bengal,Tier 1,2024-01-08
CUST-18763,Coimbatore,Tamil Nadu,Tier 2,2024-06-07
CUST-18764,Delhi NCR,Delhi,Tier 1,2024-01-11
CUST-18765,Indore,Madhya Pradesh,Tier 2,2025-02-14
CUST-18766,Kochi,Kerala,Tier 2,2025-08-29
CUST-18767,Delhi NCR,Delhi,Tier 1,2024-06-03
CUST-18768,Chennai,Tamil Nadu,Tier 1,2024-07-24
CUST-18769,Delhi NCR,Delhi,Tier 1,2024-04-24
CUST-18770,Bangalore,Karnataka,Tier 1,2025-01-13
CUST-18771,Bangalore,Karnataka,Tier 1,2025-08-21
CUST-18772,Kolkata,West Bengal,Tier 1,2024-12-15
CUST-18773,Chennai,Tamil Nadu,Tier 1,2024-04-07
CUST-18774,Bhubaneswar,Odisha,Tier 2,2024-01-19
CUST-18775,Delhi NCR,Delhi,Tier 1,2024-11-08
CUST-18776,Visakhapatnam,Andhra Pradesh,Tier 2,2025-06-11
CUST-18777,Bangalore,Karnataka,Tier 1,2025-07-10
CUST-18778,Kochi,Kerala,Tier 2,2025-10-28
CUST-18779,Hyderabad,Telangana,Tier 1,2025-03-20
CUST-18780,Delhi NCR,Delhi,Tier 1,2024-08-18
CUST-18781,Bhopal,Madhya Pradesh,Tier 2,2025-10-30
CUST-18782,Hyderabad,Telangana,Tier 1,2025-09-16
CUST-18783,Jaipur,Rajasthan,Tier 2,2024-12-24
CUST-18784,Pune,Maharashtra,Tier 1,2025-01-17
CUST-18785,Kolkata,West Bengal,Tier 1,2025-05-26
CUST-18786,Kolkata,West Bengal,Tier 1,2024-02-13
CUST-18787,Ahmedabad,Gujarat,Tier 2,2024-12-30
CUST-18788,Mumbai,Maharashtra,Tier 1,2025-09-13
CUST-18789,Jaipur,Rajasthan,Tier 2,2024-04-20
CUST-18790,Coimbatore,Tamil Nadu,Tier 2,2024-08-10
CUST-18791,Mumbai,Maharashtra,Tier 1,2025-01-20
CUST-18792,Delhi NCR,Delhi,Tier 1,2024-09-21
CUST-18793,Ahmedabad,Gujarat,Tier 2,2024-09-27
CUST-18794,Chennai,Tamil Nadu,Tier 1,2024-07-30
CUST-18795,Chennai,Tamil Nadu,Tier 1,2025-05-10
CUST-18796,Delhi NCR,Delhi,Tier 1,2024-11-09
CUST-18797,Kolkata,West Bengal,Tier 1,2025-01-21
CUST-18798,Delhi NCR,Delhi,Tier 1,2024-09-03
CUST-18799,Kolkata,West Bengal,Tier 1,2025-07-20
CUST-18800,Chandigarh,Punjab,Tier 2,2024-12-15
CUST-18801,Bangalore,Karnataka,Tier 1,2024-03-12
CUST-18802,Kolkata,West Bengal,Tier 1,2024-10-22
CUST-18803,Visakhapatnam,Andhra Pradesh,Tier 2,2024-07-31
CUST-18804,Lucknow,Uttar Pradesh,Tier 2,2024-10-21
CUST-18805,Patna,Bihar,Tier 2,2024-06-19
CUST-18806,Chennai,Tamil Nadu,Tier 1,2024-09-02
CUST-18807,Kochi,Kerala,Tier 2,2024-05-20
CUST-18808,Mumbai,Maharashtra,Tier 1,2025-09-07
CUST-18809,Delhi NCR,Delhi,Tier 1,2025-09-08
CUST-18810,Bangalore,Karnataka,Tier 1,2024-08-27
CUST-18811,Chennai,Tamil Nadu,Tier 1,2024-11-06
CUST-18812,Patna,Bihar,Tier 2,2025-02-19
CUST-18813,Hyderabad,Telangana,Tier 1,2025-02-01
CUST-18814,Jaipur,Rajasthan,Tier 2,2024-01-22
CUST-18815,Ahmedabad,Gujarat,Tier 2,2024-03-18
CUST-18816,Pune,Maharashtra,Tier 1,2025-04-19
CUST-18817,Hyderabad,Telangana,Tier 1,2024-12-18
CUST-18818,Pune,Maharashtra,Tier 1,2025-01-05
CUST-18819,Hyderabad,Telangana,Tier 1,2024-01-21
CUST-18820,Mumbai,Maharashtra,Tier 1,2025-05-21
CUST-18821,Visakhapatnam,Andhra Pradesh,Tier 2,2024-06-08
CUST-18822,Delhi NCR,Delhi,Tier 1,2024-12-26
CUST-18823,Mumbai,Maharashtra,Tier 1,2025-07-09
CUST-18824,Bhopal,Madhya Pradesh,Tier 2,2024-10-23
CUST-18825,Hyderabad,Telangana,Tier 1,2024-12-17
CUST-18826,Jaipur,Rajasthan,Tier 2,2024-06-28
CUST-18827,Hyderabad,Telangana,Tier 1,2025-04-16
CUST-18828,Chennai,Tamil Nadu,Tier 1,2025-01-29
CUST-18829,Bangalore,Karnataka,Tier 1,2025-09-04
CUST-18830,Hyderabad,Telangana,Tier 1,2025-09-18
CUST-18831,Chennai,Tamil Nadu,Tier 1,2024-07-31
CUST-18832,Ahmedabad,Gujarat,Tier 2,2025-06-13
CUST-18833,Kolkata,West Bengal,Tier 1,2025-01-29
CUST-18834,Bhubaneswar,Odisha,Tier 2,2024-01-27
CUST-18835,Mumbai,Maharashtra,Tier 1,2025-03-24
CUST-18836,Kolkata,West Bengal,Tier 1,2025-03-13
CUST-18837,Pune,Maharashtra,Tier 1,2024-10-11
CUST-18838,Nagpur,Maharashtra,Tier 2,2025-10-22
CUST-18839,Mumbai,Maharashtra,Tier 1,2025-10-10
CUST-18840,Pune,Maharashtra,Tier 1,2024-07-07
CUST-18841,Patna,Bihar,Tier 2,2024-07-17
CUST-18842,Bangalore,Karnataka,Tier 1,2024-04-11
CUST-18843,Bhopal,Madhya Pradesh,Tier 2,2025-04-23
CUST-18844,Mumbai,Maharashtra,Tier 1,2025-08-25
CUST-18845,Ahmedabad,Gujarat,Tier 2,2024-08-11
CUST-18846,Nagpur,Maharashtra,Tier 2,2025-05-31
CUST-18847,Jaipur,Rajasthan,Tier 2,2025-06-10
CUST-18848,Chennai,Tamil Nadu,Tier 1,2025-03-16
CUST-18849,Mumbai,Maharashtra,Tier 1,2025-05-31
CUST-18850,Nagpur,Maharashtra,Tier 2,2024-08-17
CUST-18851,Kolkata,West Bengal,Tier 1,2024-04-23
CUST-18852,Mumbai,Maharashtra,Tier 1,2025-05-30
CUST-18853,Lucknow,Uttar Pradesh,Tier 2,2024-07-02
CUST-18854,Kolkata,West Bengal,Tier 1,2024-02-03
CUST-18855,Delhi NCR,Delhi,Tier 1,2024-10-22
CUST-18856,Bangalore,Karnataka,Tier 1,2025-03-28
CUST-18857,Mumbai,Maharashtra,Tier 1,2025-05-19
CUST-18858,Pune,Maharashtra,Tier 1,2025-02-09
CUST-18859,Pune,Maharashtra,Tier 1,2024-05-06
CUST-18860,Kolkata,West Bengal,Tier 1,2024-05-21
CUST-18861,Indore,Madhya Pradesh,Tier 2,2025-10-09
CUST-18862,Bhopal,Madhya Pradesh,Tier 2,2024-05-07
CUST-18863,Pune,Maharashtra,Tier 1,2025-11-16
CUST-18864,Mumbai,Maharashtra,Tier 1,2025-09-17
CUST-18865,Lucknow,Uttar Pradesh,Tier 2,2024-12-15
CUST-18866,Chennai,Tamil Nadu,Tier 1,2025-06-07
CUST-18867,Pune,Maharashtra,Tier 1,2025-04-07
CUST-18868,Pune,Maharashtra,Tier 1,2024-08-31
CUST-18869,Hyderabad,Telangana,Tier 1,2025-07-17
CUST-18870,Nagpur,Maharashtra,Tier 2,2024-07-04
CUST-18871,Delhi NCR,Delhi,Tier 1,2024-08-20
CUST-18872,Jaipur,Rajasthan,Tier 2,2025-05-28
CUST-18873,Mumbai,Maharashtra,Tier 1,2024-01-01
CUST-18874,Nagpur,Maharashtra,Tier 2,2024-08-26
CUST-18875,Delhi NCR,Delhi,Tier 1,2024-02-24
CUST-18876,Delhi NCR,Delhi,Tier 1,2025-05-09
CUST-18877,Hyderabad,Telangana,Tier 1,2025-09-07
CUST-18878,Chennai,Tamil Nadu,Tier 1,2025-02-21
CUST-18879,Bangalore,Karnataka,Tier 1,2025-03-23
CUST-18880,Pune,Maharashtra,Tier 1,2024-12-03
CUST-18881,Chennai,Tamil Nadu,Tier 1,2024-10-03
CUST-18882,Mumbai,Maharashtra,Tier 1,2024-01-10
CUST-18883,Hyderabad,Telangana,Tier 1,2024-12-06
CUST-18884,Indore,Madhya Pradesh,Tier 2,2024-04-13
CUST-18885,Lucknow,Uttar Pradesh,Tier 2,2024-12-10
CUST-18886,Ahmedabad,Gujarat,Tier 2,2025-01-04
CUST-18887,Lucknow,Uttar Pradesh,Tier 2,2024-07-16
CUST-18888,Hyderabad,Telangana,Tier 1,2024-01-14
CUST-18889,Delhi NCR,Delhi,Tier 1,2025-11-10
CUST-18890,Bangalore,Karnataka,Tier 1,2024-12-03
CUST-18891,Patna,Bihar,Tier 2,2025-06-25
CUST-18892,Visakhapatnam,Andhra Pradesh,Tier 2,2025-04-01
CUST-18893,Kolkata,West Bengal,Tier 1,2025-06-09
CUST-18894,Mumbai,Maharashtra,Tier 1,2025-03-11
CUST-18895,Delhi NCR,Delhi,Tier 1,2024-12-31
CUST-18896,Hyderabad,Telangana,Tier 1,2025-02-04
CUST-18897,Pune,Maharashtra,Tier 1,2025-07-27
CUST-18898,Mumbai,Maharashtra,Tier 1,2025-04-26
CUST-18899,Bhubaneswar,Odisha,Tier 2,2024-04-19
CUST-18900,Hyderabad,Telangana,Tier 1,2025-02-09
CUST-18901,Nagpur,Maharashtra,Tier 2,2024-11-04
CUST-18902,Kochi,Kerala,Tier 2,2024-06-08
CUST-18903,Chandigarh,Punjab,Tier 2,2024-02-24
CUST-18904,Pune,Maharashtra,Tier 1,2024-09-12
CUST-18905,Pune,Maharashtra,Tier 1,2025-06-17
CUST-18906,Pune,Maharashtra,Tier 1,2025-02-25
CUST-18907,Pune,Maharashtra,Tier 1,2025-09-06
CUST-18908,Kolkata,West Bengal,Tier 1,2024-09-20
CUST-18909,Visakhapatnam,Andhra Pradesh,Tier 2,2024-08-20
CUST-18910,Ahmedabad,Gujarat,Tier 2,2025-11-10
CUST-18911,Kochi,Kerala,Tier 2,2024-08-20
CUST-18912,Bhopal,Madhya Pradesh,Tier 2,2025-05-31
CUST-18913,Bangalore,Karnataka,Tier 1,2024-02-14
CUST-18914,Mumbai,Maharashtra,Tier 1,2025-07-11
CUST-18915,Kolkata,West Bengal,Tier 1,2025-11-06
CUST-18916,Kolkata,West Bengal,Tier 1,2025-11-11
CUST-18917,Patna,Bihar,Tier 2,2025-03-11
CUST-18918,Chennai,Tamil Nadu,Tier 1,2024-11-30
CUST-18919,Pune,Maharashtra,Tier 1,2025-02-07
CUST-18920,Kolkata,West Bengal,Tier 1,2024-06-12
CUST-18921,Mumbai,Maharashtra,Tier 1,2024-09-12
CUST-18922,Pune,Maharashtra,Tier 1,2024-03-06
CUST-18923,Patna,Bihar,Tier 2,2024-03-28
CUST-18924,Delhi NCR,Delhi,Tier 1,2024-08-27
CUST-18925,Pune,Maharashtra,Tier 1,2024-11-06
CUST-18926,Pune,Maharashtra,Tier 1,2025-07-24
CUST-18927,Delhi NCR,Delhi,Tier 1,2025-11-12
CUST-18928,Delhi NCR,Delhi,Tier 1,2024-09-14
CUST-18929,Visakhapatnam,Andhra Pradesh,Tier 2,2025-07-11
CUST-18930,Chennai,Tamil Nadu,Tier 1,2025-05-28
CUST-18931,Bangalore,Karnataka,Tier 1,2025-03-09
CUST-18932,Delhi NCR,Delhi,Tier 1,2024-05-08
CUST-18933,Jaipur,Rajasthan,Tier 2,2024-11-21
CUST-18934,Pune,Maharashtra,Tier 1,2024-01-17
CUST-18935,Pune,Maharashtra,Tier 1,2025-11-29
CUST-18936,Mumbai,Maharashtra,Tier 1,2024-12-07
CUST-18937,Coimbatore,Tamil Nadu,Tier 2,2025-09-19
CUST-18938,Chennai,Tamil Nadu,Tier 1,2024-09-05
CUST-18939,Hyderabad,Telangana,Tier 1,2024-06-25
CUST-18940,Chennai,Tamil Nadu,Tier 1,2024-12-22
CUST-18941,Chennai,Tamil Nadu,Tier 1,2025-05-09
CUST-18942,Bhopal,Madhya Pradesh,Tier 2,2024-02-04
CUST-18943,Nagpur,Maharashtra,Tier 2,2025-02-10
CUST-18944,Hyderabad,Telangana,Tier 1,2025-10-08
CUST-18945,Bhopal,Madhya Pradesh,Tier 2,2024-01-10
CUST-18946,Kochi,Kerala,Tier 2,2025-11-25
CUST-18947,Nagpur,Maharashtra,Tier 2,2025-06-14
CUST-18948,Bangalore,Karnataka,Tier 1,2025-06-18
CUST-18949,Pune,Maharashtra,Tier 1,2024-04-04
CUST-18950,Bangalore,Karnataka,Tier 1,2025-07-29
CUST-18951,Indore,Madhya Pradesh,Tier 2,2025-03-25
CUST-18952,Mumbai,Maharashtra,Tier 1,2024-08-07
CUST-18953,Pune,Maharashtra,Tier 1,2024-04-05
CUST-18954,Hyderabad,Telangana,Tier 1,2025-01-15
CUST-18955,Hyderabad,Telangana,Tier 1,2025-10-30
CUST-18956,Pune,Maharashtra,Tier 1,2024-07-25
CUST-18957,Patna,Bihar,Tier 2,2024-09-02
CUST-18958,Pune,Maharashtra,Tier 1,2025-05-24
CUST-18959,Patna,Bihar,Tier 2,2024-03-23
CUST-18960,Bangalore,Karnataka,Tier 1,2024-11-12
CUST-18961,Kolkata,West Bengal,Tier 1,2025-10-06
CUST-18962,Chennai,Tamil Nadu,Tier 1,2024-04-14
CUST-18963,Mumbai,Maharashtra,Tier 1,2025-01-04
CUST-18964,Kolkata,West Bengal,Tier 1,2025-08-03
CUST-18965,Jaipur,Rajasthan,Tier 2,2025-11-26
CUST-18966,Pune,Maharashtra,Tier 1,2025-09-21
CUST-18967,Ahmedabad,Gujarat,Tier 2,2024-06-28
CUST-18968,Pune,Maharashtra,Tier 1,2025-08-24
CUST-18969,Mumbai,Maharashtra,Tier 1,2025-08-22
CUST-18970,Delhi NCR,Delhi,Tier 1,2024-03-23
CUST-18971,Pune,Maharashtra,Tier 1,2025-06-15
CUST-18972,Bangalore,Karnataka,Tier 1,2025-09-10
CUST-18973,Mumbai,Maharashtra,Tier 1,2025-05-15
CUST-18974,Chennai,Tamil Nadu,Tier 1,2024-12-13
CUST-18975,Kolkata,West Bengal,Tier 1,2024-09-28
CUST-18976,Hyderabad,Telangana,Tier 1,2024-11-26
CUST-18977,Ahmedabad,Gujarat,Tier 2,2025-09-01
CUST-18978,Pune,Maharashtra,Tier 1,2025-07-22
CUST-18979,Hyderabad,Telangana,Tier 1,2025-10-22
CUST-18980,Chandigarh,Punjab,Tier 2,2025-01-23
CUST-18981,Pune,Maharashtra,Tier 1,2024-05-16
CUST-18982,Pune,Maharashtra,Tier 1,2024-12-26
CUST-18983,Kolkata,West Bengal,Tier 1,2024-10-08
CUST-18984,Mumbai,Maharashtra,Tier 1,2024-07-20
CUST-18985,Lucknow,Uttar Pradesh,Tier 2,2025-06-14
CUST-18986,Chennai,Tamil Nadu,Tier 1,2024-01-16
CUST-18987,Bhubaneswar,Odisha,Tier 2,2025-07-21
CUST-18988,Indore,Madhya Pradesh,Tier 2,2024-04-23
CUST-18989,Pune,Maharashtra,Tier 1,2024-03-08
CUST-18990,Bangalore,Karnataka,Tier 1,2025-08-12
CUST-18991,Bangalore,Karnataka,Tier 1,2024-01-30
CUST-18992,Hyderabad,Telangana,Tier 1,2025-06-02
CUST-18993,Kolkata,West Bengal,Tier 1,2025-10-25
CUST-18994,Hyderabad,Telangana,Tier 1,2024-01-22
CUST-18995,Kolkata,West Bengal,Tier 1,2025-03-06
CUST-18996,Delhi NCR,Delhi,Tier 1,2024-01-30
CUST-18997,Visakhapatnam,Andhra Pradesh,Tier 2,2025-11-09
CUST-18998,Delhi NCR,Delhi,Tier 1,2025-10-21
CUST-18999,Nagpur,Maharashtra,Tier 2,2025-02-13
CUST-19000,Nagpur,Maharashtra,Tier 2,2024-02-18
CUST-19001,Kolkata,West Bengal,Tier 1,2024-11-20
CUST-19002,Ahmedabad,Gujarat,Tier 2,2025-05-02
CUST-19003,Chennai,Tamil Nadu,Tier 1,2024-10-24
CUST-19004,Pune,Maharashtra,Tier 1,2024-06-29
CUST-19005,Hyderabad,Telangana,Tier 1,2024-05-01
CUST-19006,Hyderabad,Telangana,Tier 1,2024-05-03
CUST-19007,Pune,Maharashtra,Tier 1,2025-03-28
CUST-19008,Kolkata,West Bengal,Tier 1,2024-09-22
CUST-19009,Pune,Maharashtra,Tier 1,2024-01-28
CUST-19010,Hyderabad,Telangana,Tier 1,2024-09-15
CUST-19011,Hyderabad,Telangana,Tier 1,2024-03-17
CUST-19012,Mumbai,Maharashtra,Tier 1,2025-03-07
CUST-19013,Mumbai,Maharashtra,Tier 1,2024-02-04
CUST-19014,Bangalore,Karnataka,Tier 1,2025-03-11
CUST-19015,Mumbai,Maharashtra,Tier 1,2024-04-23
CUST-19016,Delhi NCR,Delhi,Tier 1,2024-03-02
CUST-19017,Indore,Madhya Pradesh,Tier 2,2024-02-21
CUST-19018,Mumbai,Maharashtra,Tier 1,2024-04-25
CUST-19019,Jaipur,Rajasthan,Tier 2,2024-02-16
CUST-19020,Bangalore,Karnataka,Tier 1,2025-03-13
CUST-19021,Bhopal,Madhya Pradesh,Tier 2,2025-02-15
CUST-19022,Kolkata,West Bengal,Tier 1,2024-04-10
CUST-19023,Hyderabad,Telangana,Tier 1,2024-10-05
CUST-19024,Kolkata,West Bengal,Tier 1,2024-04-16
CUST-19025,Chennai,Tamil Nadu,Tier 1,2024-02-04
CUST-19026,Pune,Maharashtra,Tier 1,2024-12-24
CUST-19027,Delhi NCR,Delhi,Tier 1,2024-01-02
CUST-19028,Visakhapatnam,Andhra Pradesh,Tier 2,2025-05-06
CUST-19029,Chennai,Tamil Nadu,Tier 1,2024-09-28
CUST-19030,Hyderabad,Telangana,Tier 1,2024-05-23
CUST-19031,Ahmedabad,Gujarat,Tier 2,2025-03-10
CUST-19032,Hyderabad,Telangana,Tier 1,2025-03-26
CUST-19033,Patna,Bihar,Tier 2,2025-08-26
CUST-19034,Chennai,Tamil Nadu,Tier 1,2025-07-19
CUST-19035,Ahmedabad,Gujarat,Tier 2,2024-08-15
CUST-19036,Delhi NCR,Delhi,Tier 1,2025-06-28
CUST-19037,Patna,Bihar,Tier 2,2024-08-01
CUST-19038,Ahmedabad,Gujarat,Tier 2,2025-10-09
CUST-19039,Bangalore,Karnataka,Tier 1,2024-09-04
CUST-19040,Delhi NCR,Delhi,Tier 1,2025-02-11
CUST-19041,Hyderabad,Telangana,Tier 1,2024-02-22
CUST-19042,Visakhapatnam,Andhra Pradesh,Tier 2,2025-07-29
CUST-19043,Bangalore,Karnataka,Tier 1,2024-11-09
CUST-19044,Chennai,Tamil Nadu,Tier 1,2025-01-08
CUST-19045,Mumbai,Maharashtra,Tier 1,2024-02-06
CUST-19046,Chennai,Tamil Nadu,Tier 1,2025-06-07
CUST-19047,Pune,Maharashtra,Tier 1,2024-03-24
CUST-19048,Bhubaneswar,Odisha,Tier 2,2024-04-03
CUST-19049,Kolkata,West Bengal,Tier 1,2025-02-18
CUST-19050,Indore,Madhya Pradesh,Tier 2,2024-12-07
CUST-19051,Kolkata,West Bengal,Tier 1,2025-07-03
CUST-19052,Mumbai,Maharashtra,Tier 1,2025-02-24
CUST-19053,Hyderabad,Telangana,Tier 1,2024-12-13
CUST-19054,Pune,Maharashtra,Tier 1,2025-08-09
CUST-19055,Bhubaneswar,Odisha,Tier 2,2024-05-07
CUST-19056,Bhopal,Madhya Pradesh,Tier 2,2024-05-31
CUST-19057,Bangalore,Karnataka,Tier 1,2025-06-05
CUST-19058,Bangalore,Karnataka,Tier 1,2024-02-07
CUST-19059,Bangalore,Karnataka,Tier 1,2025-03-02
CUST-19060,Nagpur,Maharashtra,Tier 2,2024-04-14
CUST-19061,Patna,Bihar,Tier 2,2024-06-13
CUST-19062,Kochi,Kerala,Tier 2,2025-06-27
CUST-19063,Chennai,Tamil Nadu,Tier 1,2024-07-30
CUST-19064,Kolkata,West Bengal,Tier 1,2025-06-09
CUST-19065,Kolkata,West Bengal,Tier 1,2024-05-11
CUST-19066,Bangalore,Karnataka,Tier 1,2024-05-31
CUST-19067,Kolkata,West Bengal,Tier 1,2024-04-05
CUST-19068,Mumbai,Maharashtra,Tier 1,2025-05-17
CUST-19069,Delhi NCR,Delhi,Tier 1,2025-06-05
CUST-19070,Coimbatore,Tamil Nadu,Tier 2,2025-01-08
CUST-19071,Chandigarh,Punjab,Tier 2,2024-01-16
CUST-19072,Chennai,Tamil Nadu,Tier 1,2025-11-09
CUST-19073,Kolkata,West Bengal,Tier 1,2025-08-30
CUST-19074,Hyderabad,Telangana,Tier 1,2024-01-18
CUST-19075,Chandigarh,Punjab,Tier 2,2025-02-12
CUST-19076,Kochi,Kerala,Tier 2,2024-01-07
CUST-19077,Chandigarh,Punjab,Tier 2,2025-11-26
CUST-19078,Ahmedabad,Gujarat,Tier 2,2024-09-01
CUST-19079,Bangalore,Karnataka,Tier 1,2025-08-16
CUST-19080,Hyderabad,Telangana,Tier 1,2025-10-04
CUST-19081,Kolkata,West Bengal,Tier 1,2024-05-08
CUST-19082,Hyderabad,Telangana,Tier 1,2025-03-30
CUST-19083,Chandigarh,Punjab,Tier 2,2025-08-08
CUST-19084,Hyderabad,Telangana,Tier 1,2025-07-24
CUST-19085,Delhi NCR,Delhi,Tier 1,2024-03-12
CUST-19086,Chennai,Tamil Nadu,Tier 1,2024-06-08
CUST-19087,Visakhapatnam,Andhra Pradesh,Tier 2,2024-03-27
CUST-19088,Bangalore,Karnataka,Tier 1,2025-02-04
CUST-19089,Pune,Maharashtra,Tier 1,2025-04-06
CUST-19090,Chennai,Tamil Nadu,Tier 1,2025-06-12
CUST-19091,Mumbai,Maharashtra,Tier 1,2024-03-29
CUST-19092,Kolkata,West Bengal,Tier 1,2025-10-22
CUST-19093,Lucknow,Uttar Pradesh,Tier 2,2024-01-06
CUST-19094,Kolkata,West Bengal,Tier 1,2025-08-18
CUST-19095,Bhopal,Madhya Pradesh,Tier 2,2024-03-24
CUST-19096,Hyderabad,Telangana,Tier 1,2024-09-06
CUST-19097,Mumbai,Maharashtra,Tier 1,2025-10-27
CUST-19098,Nagpur,Maharashtra,Tier 2,2025-02-19
CUST-19099,Chennai,Tamil Nadu,Tier 1,2024-03-12
CUST-19100,Pune,Maharashtra,Tier 1,2025-09-12
CUST-19101,Kochi,Kerala,Tier 2,2024-04-21
CUST-19102,Hyderabad,Telangana,Tier 1,2024-06-20
CUST-19103,Ahmedabad,Gujarat,Tier 2,2025-11-29
CUST-19104,Delhi NCR,Delhi,Tier 1,2024-09-29
CUST-19105,Hyderabad,Telangana,Tier 1,2025-06-13
CUST-19106,Delhi NCR,Delhi,Tier 1,2025-11-10
CUST-19107,Indore,Madhya Pradesh,Tier 2,2024-11-14
CUST-19108,Bangalore,Karnataka,Tier 1,2024-03-22
CUST-19109,Ahmedabad,Gujarat,Tier 2,2024-03-15
CUST-19110,Bhubaneswar,Odisha,Tier 2,2025-03-04
CUST-19111,Kolkata,West Bengal,Tier 1,2025-04-04
CUST-19112,Kolkata,West Bengal,Tier 1,2024-12-11
CUST-19113,Chennai,Tamil Nadu,Tier 1,2024-09-05
CUST-19114,Hyderabad,Telangana,Tier 1,2025-10-04
CUST-19115,Kolkata,West Bengal,Tier 1,2025-01-21
CUST-19116,Pune,Maharashtra,Tier 1,2024-12-28
CUST-19117,Visakhapatnam,Andhra Pradesh,Tier 2,2024-10-22
CUST-19118,Nagpur,Maharashtra,Tier 2,2024-03-08
CUST-19119,Bhopal,Madhya Pradesh,Tier 2,2025-03-13
CUST-19120,Coimbatore,Tamil Nadu,Tier 2,2025-06-15
CUST-19121,Kolkata,West Bengal,Tier 1,2025-08-27
CUST-19122,Jaipur,Rajasthan,Tier 2,2024-05-12
CUST-19123,Coimbatore,Tamil Nadu,Tier 2,2024-10-21
CUST-19124,Chennai,Tamil Nadu,Tier 1,2024-10-22
CUST-19125,Bhubaneswar,Odisha,Tier 2,2025-10-08
CUST-19126,Chennai,Tamil Nadu,Tier 1,2024-02-02
CUST-19127,Pune,Maharashtra,Tier 1,2025-01-08
CUST-19128,Ahmedabad,Gujarat,Tier 2,2024-02-01
CUST-19129,Bhubaneswar,Odisha,Tier 2,2025-07-08
CUST-19130,Bangalore,Karnataka,Tier 1,2024-10-31
CUST-19131,Chandigarh,Punjab,Tier 2,2024-04-17
CUST-19132,Kolkata,West Bengal,Tier 1,2024-04-05
CUST-19133,Bangalore,Karnataka,Tier 1,2024-03-06
CUST-19134,Kochi,Kerala,Tier 2,2025-06-04
CUST-19135,Kolkata,West Bengal,Tier 1,2024-08-17
CUST-19136,Jaipur,Rajasthan,Tier 2,2024-12-23
CUST-19137,Hyderabad,Telangana,Tier 1,2025-02-05
CUST-19138,Kolkata,West Bengal,Tier 1,2024-04-08
CUST-19139,Pune,Maharashtra,Tier 1,2024-09-27
CUST-19140,Chennai,Tamil Nadu,Tier 1,2024-12-27
CUST-19141,Bangalore,Karnataka,Tier 1,2024-06-12
CUST-19142,Bhubaneswar,Odisha,Tier 2,2025-06-11
CUST-19143,Kolkata,West Bengal,Tier 1,2024-06-17
CUST-19144,Ahmedabad,Gujarat,Tier 2,2024-01-21
CUST-19145,Chennai,Tamil Nadu,Tier 1,2025-06-23
CUST-19146,Hyderabad,Telangana,Tier 1,2025-08-17
CUST-19147,Chennai,Tamil Nadu,Tier 1,2025-01-31
CUST-19148,Chennai,Tamil Nadu,Tier 1,2024-02-05
CUST-19149,Kolkata,West Bengal,Tier 1,2025-05-09
CUST-19150,Kolkata,West Bengal,Tier 1,2024-11-09
CUST-19151,Kolkata,West Bengal,Tier 1,2025-05-04
CUST-19152,Delhi NCR,Delhi,Tier 1,2024-10-02
CUST-19153,Kolkata,West Bengal,Tier 1,2024-08-20
CUST-19154,Delhi NCR,Delhi,Tier 1,2025-09-07
CUST-19155,Delhi NCR,Delhi,Tier 1,2025-03-11
CUST-19156,Nagpur,Maharashtra,Tier 2,2024-01-06
CUST-19157,Pune,Maharashtra,Tier 1,2025-06-18
CUST-19158,Jaipur,Rajasthan,Tier 2,2025-11-12
CUST-19159,Chennai,Tamil Nadu,Tier 1,2025-10-25
CUST-19160,Coimbatore,Tamil Nadu,Tier 2,2024-08-31
CUST-19161,Pune,Maharashtra,Tier 1,2024-08-28
CUST-19162,Kochi,Kerala,Tier 2,2025-07-11
CUST-19163,Hyderabad,Telangana,Tier 1,2024-09-29
CUST-19164,Bhubaneswar,Odisha,Tier 2,2024-03-15
CUST-19165,Indore,Madhya Pradesh,Tier 2,2024-10-09
CUST-19166,Patna,Bihar,Tier 2,2025-06-18
CUST-19167,Delhi NCR,Delhi,Tier 1,2024-03-27
CUST-19168,Bangalore,Karnataka,Tier 1,2025-09-24
CUST-19169,Hyderabad,Telangana,Tier 1,2024-05-28
CUST-19170,Bangalore,Karnataka,Tier 1,2024-05-29
CUST-19171,Bhopal,Madhya Pradesh,Tier 2,2025-07-30
CUST-19172,Mumbai,Maharashtra,Tier 1,2024-06-08
CUST-19173,Mumbai,Maharashtra,Tier 1,2025-03-21
CUST-19174,Bangalore,Karnataka,Tier 1,2024-03-22
CUST-19175,Bangalore,Karnataka,Tier 1,2024-01-07
CUST-19176,Bangalore,Karnataka,Tier 1,2024-06-30
CUST-19177,Indore,Madhya Pradesh,Tier 2,2025-06-09
CUST-19178,Pune,Maharashtra,Tier 1,2025-04-22
CUST-19179,Mumbai,Maharashtra,Tier 1,2024-07-01
CUST-19180,Chennai,Tamil Nadu,Tier 1,2024-11-09
CUST-19181,Chennai,Tamil Nadu,Tier 1,2025-07-09
CUST-19182,Delhi NCR,Delhi,Tier 1,2024-06-22
CUST-19183,Jaipur,Rajasthan,Tier 2,2024-01-14
CUST-19184,Lucknow,Uttar Pradesh,Tier 2,2024-10-26
CUST-19185,Ahmedabad,Gujarat,Tier 2,2024-03-13
CUST-19186,Ahmedabad,Gujarat,Tier 2,2025-05-28
CUST-19187,Mumbai,Maharashtra,Tier 1,2025-08-24
CUST-19188,Bhubaneswar,Odisha,Tier 2,2024-12-08
CUST-19189,Indore,Madhya Pradesh,Tier 2,2025-01-30
CUST-19190,Coimbatore,Tamil Nadu,Tier 2,2024-11-28
CUST-19191,Mumbai,Maharashtra,Tier 1,2024-12-20
CUST-19192,Nagpur,Maharashtra,Tier 2,2025-07-12
CUST-19193,Indore,Madhya Pradesh,Tier 2,2024-06-11
CUST-19194,Patna,Bihar,Tier 2,2024-04-25
CUST-19195,Delhi NCR,Delhi,Tier 1,2025-02-06
CUST-19196,Chandigarh,Punjab,Tier 2,2024-03-19
CUST-19197,Bhubaneswar,Odisha,Tier 2,2025-03-22
CUST-19198,Jaipur,Rajasthan,Tier 2,2024-01-08
CUST-19199,Pune,Maharashtra,Tier 1,2024-01-23
CUST-19200,Bhubaneswar,Odisha,Tier 2,2025-06-26
CUST-19201,Chennai,Tamil Nadu,Tier 1,2025-02-17
CUST-19202,Pune,Maharashtra,Tier 1,2025-11-12
CUST-19203,Kolkata,West Bengal,Tier 1,2025-10-03
CUST-19204,Nagpur,Maharashtra,Tier 2,2025-02-12
CUST-19205,Mumbai,Maharashtra,Tier 1,2025-10-30
CUST-19206,Kolkata,West Bengal,Tier 1,2024-01-22
CUST-19207,Lucknow,Uttar Pradesh,Tier 2,2025-09-29
CUST-19208,Kochi,Kerala,Tier 2,2025-02-06
CUST-19209,Pune,Maharashtra,Tier 1,2025-11-11
CUST-19210,Coimbatore,Tamil Nadu,Tier 2,2025-11-08
CUST-19211,Bhubaneswar,Odisha,Tier 2,2024-06-05
CUST-19212,Mumbai,Maharashtra,Tier 1,2024-11-25
CUST-19213,Chennai,Tamil Nadu,Tier 1,2024-01-22
CUST-19214,Mumbai,Maharashtra,Tier 1,2025-04-16
CUST-19215,Hyderabad,Telangana,Tier 1,2024-09-20
CUST-19216,Kolkata,West Bengal,Tier 1,2024-10-29
CUST-19217,Coimbatore,Tamil Nadu,Tier 2,2025-04-09
CUST-19218,Patna,Bihar,Tier 2,2024-06-12
CUST-19219,Delhi NCR,Delhi,Tier 1,2024-05-15
CUST-19220,Delhi NCR,Delhi,Tier 1,2024-09-08
CUST-19221,Pune,Maharashtra,Tier 1,2024-07-23
CUST-19222,Kolkata,West Bengal,Tier 1,2024-10-28
CUST-19223,Bangalore,Karnataka,Tier 1,2024-08-29
CUST-19224,Coimbatore,Tamil Nadu,Tier 2,2024-03-01
CUST-19225,Nagpur,Maharashtra,Tier 2,2025-04-09
CUST-19226,Chennai,Tamil Nadu,Tier 1,2024-10-28
CUST-19227,Coimbatore,Tamil Nadu,Tier 2,2025-04-16
CUST-19228,Chennai,Tamil Nadu,Tier 1,2025-01-28
CUST-19229,Ahmedabad,Gujarat,Tier 2,2025-08-29
CUST-19230,Kolkata,West Bengal,Tier 1,2025-10-21
CUST-19231,Delhi NCR,Delhi,Tier 1,2024-09-15
CUST-19232,Nagpur,Maharashtra,Tier 2,2025-06-25
CUST-19233,Chennai,Tamil Nadu,Tier 1,2025-06-13
CUST-19234,Ahmedabad,Gujarat,Tier 2,2024-07-05
CUST-19235,Hyderabad,Telangana,Tier 1,2024-07-30
CUST-19236,Mumbai,Maharashtra,Tier 1,2024-02-04
CUST-19237,Delhi NCR,Delhi,Tier 1,2024-05-26
CUST-19238,Kolkata,West Bengal,Tier 1,2024-10-08
CUST-19239,Lucknow,Uttar Pradesh,Tier 2,2025-06-30
CUST-19240,Hyderabad,Telangana,Tier 1,2025-08-10
CUST-19241,Lucknow,Uttar Pradesh,Tier 2,2025-08-06
CUST-19242,Lucknow,Uttar Pradesh,Tier 2,2024-09-05
CUST-19243,Lucknow,Uttar Pradesh,Tier 2,2024-02-26
CUST-19244,Kolkata,West Bengal,Tier 1,2024-10-31
CUST-19245,Nagpur,Maharashtra,Tier 2,2025-06-05
CUST-19246,Kolkata,West Bengal,Tier 1,2024-12-26
CUST-19247,Chennai,Tamil Nadu,Tier 1,2024-08-24
CUST-19248,Bangalore,Karnataka,Tier 1,2024-08-21
CUST-19249,Hyderabad,Telangana,Tier 1,2024-08-10
CUST-19250,Mumbai,Maharashtra,Tier 1,2025-09-07
CUST-19251,Pune,Maharashtra,Tier 1,2024-11-22
CUST-19252,Bangalore,Karnataka,Tier 1,2024-04-07
CUST-19253,Hyderabad,Telangana,Tier 1,2024-08-13
CUST-19254,Kochi,Kerala,Tier 2,2025-05-03
CUST-19255,Hyderabad,Telangana,Tier 1,2025-04-22
CUST-19256,Bangalore,Karnataka,Tier 1,2024-11-29
CUST-19257,Delhi NCR,Delhi,Tier 1,2025-07-08
CUST-19258,Kochi,Kerala,Tier 2,2025-05-26
CUST-19259,Delhi NCR,Delhi,Tier 1,2025-01-16
CUST-19260,Chennai,Tamil Nadu,Tier 1,2025-02-26
CUST-19261,Kolkata,West Bengal,Tier 1,2024-12-13
CUST-19262,Lucknow,Uttar Pradesh,Tier 2,2024-06-01
CUST-19263,Pune,Maharashtra,Tier 1,2025-03-27
CUST-19264,Indore,Madhya Pradesh,Tier 2,2024-10-16
CUST-19265,Mumbai,Maharashtra,Tier 1,2024-04-28
CUST-19266,Hyderabad,Telangana,Tier 1,2024-08-01
CUST-19267,Hyderabad,Telangana,Tier 1,2025-07-18
CUST-19268,Delhi NCR,Delhi,Tier 1,2025-03-14
CUST-19269,Hyderabad,Telangana,Tier 1,2025-07-18
CUST-19270,Hyderabad,Telangana,Tier 1,2025-09-20
CUST-19271,Kolkata,West Bengal,Tier 1,2025-03-22
CUST-19272,Jaipur,Rajasthan,Tier 2,2024-02-11
CUST-19273,Chennai,Tamil Nadu,Tier 1,2025-01-29
CUST-19274,Ahmedabad,Gujarat,Tier 2,2024-09-03
CUST-19275,Hyderabad,Telangana,Tier 1,2024-10-17
CUST-19276,Hyderabad,Telangana,Tier 1,2024-09-04
CUST-19277,Kolkata,West Bengal,Tier 1,2025-09-04
CUST-19278,Mumbai,Maharashtra,Tier 1,2025-08-21
CUST-19279,Mumbai,Maharashtra,Tier 1,2025-03-24
CUST-19280,Chennai,Tamil Nadu,Tier 1,2024-03-24
CUST-19281,Bhubaneswar,Odisha,Tier 2,2024-08-08
CUST-19282,Ahmedabad,Gujarat,Tier 2,2025-10-27
CUST-19283,Mumbai,Maharashtra,Tier 1,2024-02-20
CUST-19284,Patna,Bihar,Tier 2,2025-07-03
CUST-19285,Ahmedabad,Gujarat,Tier 2,2024-07-05
CUST-19286,Pune,Maharashtra,Tier 1,2025-06-08
CUST-19287,Indore,Madhya Pradesh,Tier 2,2024-08-10
CUST-19288,Chennai,Tamil Nadu,Tier 1,2025-04-09
CUST-19289,Bangalore,Karnataka,Tier 1,2025-02-22
CUST-19290,Kolkata,West Bengal,Tier 1,2024-03-27
CUST-19291,Kolkata,West Bengal,Tier 1,2024-09-15
CUST-19292,Kolkata,West Bengal,Tier 1,2024-06-29
CUST-19293,Pune,Maharashtra,Tier 1,2024-11-06
CUST-19294,Bhubaneswar,Odisha,Tier 2,2024-06-21
CUST-19295,Coimbatore,Tamil Nadu,Tier 2,2024-11-17
CUST-19296,Bhopal,Madhya Pradesh,Tier 2,2024-12-05
CUST-19297,Indore,Madhya Pradesh,Tier 2,2025-05-10
CUST-19298,Bhubaneswar,Odisha,Tier 2,2024-09-01
CUST-19299,Delhi NCR,Delhi,Tier 1,2025-05-19
CUST-19300,Bangalore,Karnataka,Tier 1,2024-11-24
CUST-19301,Kolkata,West Bengal,Tier 1,2024-07-14
CUST-19302,Patna,Bihar,Tier 2,2024-03-02
CUST-19303,Kolkata,West Bengal,Tier 1,2024-01-25
CUST-19304,Chandigarh,Punjab,Tier 2,2025-07-17
CUST-19305,Delhi NCR,Delhi,Tier 1,2025-07-15
CUST-19306,Bangalore,Karnataka,Tier 1,2025-01-12
CUST-19307,Ahmedabad,Gujarat,Tier 2,2024-10-21
CUST-19308,Delhi NCR,Delhi,Tier 1,2024-02-21
CUST-19309,Hyderabad,Telangana,Tier 1,2024-02-09
CUST-19310,Bangalore,Karnataka,Tier 1,2025-07-25
CUST-19311,Hyderabad,Telangana,Tier 1,2025-04-01
CUST-19312,Lucknow,Uttar Pradesh,Tier 2,2024-01-02
CUST-19313,Hyderabad,Telangana,Tier 1,2025-04-13
CUST-19314,Kolkata,West Bengal,Tier 1,2024-04-15
CUST-19315,Delhi NCR,Delhi,Tier 1,2024-08-03
CUST-19316,Indore,Madhya Pradesh,Tier 2,2025-11-09
CUST-19317,Hyderabad,Telangana,Tier 1,2025-02-17
CUST-19318,Pune,Maharashtra,Tier 1,2024-07-28
CUST-19319,Ahmedabad,Gujarat,Tier 2,2024-02-27
CUST-19320,Bangalore,Karnataka,Tier 1,2024-02-12
CUST-19321,Coimbatore,Tamil Nadu,Tier 2,2024-05-17
CUST-19322,Pune,Maharashtra,Tier 1,2025-09-12
CUST-19323,Chennai,Tamil Nadu,Tier 1,2025-05-03
CUST-19324,Delhi NCR,Delhi,Tier 1,2025-07-13
CUST-19325,Bhubaneswar,Odisha,Tier 2,2025-09-29
CUST-19326,Chandigarh,Punjab,Tier 2,2025-04-13
CUST-19327,Bangalore,Karnataka,Tier 1,2025-10-01
CUST-19328,Hyderabad,Telangana,Tier 1,2025-01-23
CUST-19329,Indore,Madhya Pradesh,Tier 2,2024-07-16
CUST-19330,Lucknow,Uttar Pradesh,Tier 2,2024-07-20
CUST-19331,Chandigarh,Punjab,Tier 2,2024-07-10
CUST-19332,Chennai,Tamil Nadu,Tier 1,2024-04-16
CUST-19333,Ahmedabad,Gujarat,Tier 2,2024-11-22
CUST-19334,Chennai,Tamil Nadu,Tier 1,2025-10-05
CUST-19335,Bangalore,Karnataka,Tier 1,2024-12-22
CUST-19336,Pune,Maharashtra,Tier 1,2025-08-17
CUST-19337,Visakhapatnam,Andhra Pradesh,Tier 2,2025-05-15
CUST-19338,Hyderabad,Telangana,Tier 1,2024-10-10
CUST-19339,Chennai,Tamil Nadu,Tier 1,2025-04-12
CUST-19340,Jaipur,Rajasthan,Tier 2,2025-05-22
CUST-19341,Kolkata,West Bengal,Tier 1,2024-04-15
CUST-19342,Patna,Bihar,Tier 2,2024-10-20
CUST-19343,Chandigarh,Punjab,Tier 2,2024-03-06
CUST-19344,Mumbai,Maharashtra,Tier 1,2024-07-13
CUST-19345,Visakhapatnam,Andhra Pradesh,Tier 2,2024-07-06
CUST-19346,Chandigarh,Punjab,Tier 2,2024-02-16
CUST-19347,Bhopal,Madhya Pradesh,Tier 2,2024-12-27
CUST-19348,Jaipur,Rajasthan,Tier 2,2025-06-20
CUST-19349,Bhopal,Madhya Pradesh,Tier 2,2025-07-31
CUST-19350,Delhi NCR,Delhi,Tier 1,2025-05-01
CUST-19351,Hyderabad,Telangana,Tier 1,2025-08-01
CUST-19352,Bhopal,Madhya Pradesh,Tier 2,2024-09-02
CUST-19353,Bangalore,Karnataka,Tier 1,2025-09-03
CUST-19354,Mumbai,Maharashtra,Tier 1,2024-06-26
CUST-19355,Kochi,Kerala,Tier 2,2024-04-24
CUST-19356,Patna,Bihar,Tier 2,2025-11-10
CUST-19357,Delhi NCR,Delhi,Tier 1,2025-09-22
CUST-19358,Bhopal,Madhya Pradesh,Tier 2,2024-06-13
CUST-19359,Lucknow,Uttar Pradesh,Tier 2,2024-08-06
CUST-19360,Kolkata,West Bengal,Tier 1,2024-07-15
CUST-19361,Patna,Bihar,Tier 2,2025-02-04
CUST-19362,Chennai,Tamil Nadu,Tier 1,2025-11-11
CUST-19363,Bangalore,Karnataka,Tier 1,2024-03-16
CUST-19364,Hyderabad,Telangana,Tier 1,2025-03-01
CUST-19365,Kolkata,West Bengal,Tier 1,2024-10-13
CUST-19366,Kolkata,West Bengal,Tier 1,2025-06-28
CUST-19367,Indore,Madhya Pradesh,Tier 2,2024-10-25
CUST-19368,Kochi,Kerala,Tier 2,2024-10-20
CUST-19369,Pune,Maharashtra,Tier 1,2025-03-22
CUST-19370,Kochi,Kerala,Tier 2,2025-02-17
CUST-19371,Bangalore,Karnataka,Tier 1,2025-03-06
CUST-19372,Mumbai,Maharashtra,Tier 1,2024-08-17
CUST-19373,Bhopal,Madhya Pradesh,Tier 2,2024-04-05
CUST-19374,Mumbai,Maharashtra,Tier 1,2025-03-14
CUST-19375,Bangalore,Karnataka,Tier 1,2024-06-19
CUST-19376,Lucknow,Uttar Pradesh,Tier 2,2024-11-12
CUST-19377,Chennai,Tamil Nadu,Tier 1,2025-06-27
CUST-19378,Bhopal,Madhya Pradesh,Tier 2,2025-05-05
CUST-19379,Hyderabad,Telangana,Tier 1,2025-01-22
CUST-19380,Mumbai,Maharashtra,Tier 1,2025-07-10
CUST-19381,Hyderabad,Telangana,Tier 1,2024-03-12
CUST-19382,Pune,Maharashtra,Tier 1,2025-06-15
CUST-19383,Chennai,Tamil Nadu,Tier 1,2024-08-26
CUST-19384,Kolkata,West Bengal,Tier 1,2025-07-30
CUST-19385,Bhopal,Madhya Pradesh,Tier 2,2025-11-30
CUST-19386,Coimbatore,Tamil Nadu,Tier 2,2024-03-29
CUST-19387,Bangalore,Karnataka,Tier 1,2025-06-18
CUST-19388,Chennai,Tamil Nadu,Tier 1,2025-10-03
CUST-19389,Kolkata,West Bengal,Tier 1,2024-06-02
CUST-19390,Bhubaneswar,Odisha,Tier 2,2025-08-12
CUST-19391,Visakhapatnam,Andhra Pradesh,Tier 2,2024-07-08
CUST-19392,Bangalore,Karnataka,Tier 1,2025-02-18
CUST-19393,Ahmedabad,Gujarat,Tier 2,2024-06-02
CUST-19394,Chennai,Tamil Nadu,Tier 1,2025-09-16
CUST-19395,Mumbai,Maharashtra,Tier 1,2024-12-04
CUST-19396,Mumbai,Maharashtra,Tier 1,2025-09-20
CUST-19397,Chennai,Tamil Nadu,Tier 1,2025-05-31
CUST-19398,Kolkata,West Bengal,Tier 1,2024-02-04
CUST-19399,Mumbai,Maharashtra,Tier 1,2025-11-01
CUST-19400,Lucknow,Uttar Pradesh,Tier 2,2025-06-09
CUST-19401,Hyderabad,Telangana,Tier 1,2025-06-20
CUST-19402,Pune,Maharashtra,Tier 1,2024-08-05
CUST-19403,Hyderabad,Telangana,Tier 1,2024-09-10
CUST-19404,Delhi NCR,Delhi,Tier 1,2024-07-21
CUST-19405,Chennai,Tamil Nadu,Tier 1,2024-04-10
CUST-19406,Bangalore,Karnataka,Tier 1,2024-12-26
CUST-19407,Kolkata,West Bengal,Tier 1,2024-06-26
CUST-19408,Bangalore,Karnataka,Tier 1,2024-10-02
CUST-19409,Kolkata,West Bengal,Tier 1,2024-11-07
CUST-19410,Delhi NCR,Delhi,Tier 1,2025-10-03
CUST-19411,Jaipur,Rajasthan,Tier 2,2025-02-13
CUST-19412,Chandigarh,Punjab,Tier 2,2024-10-14
CUST-19413,Delhi NCR,Delhi,Tier 1,2025-10-14
CUST-19414,Kolkata,West Bengal,Tier 1,2025-06-08
CUST-19415,Mumbai,Maharashtra,Tier 1,2025-02-04
CUST-19416,Pune,Maharashtra,Tier 1,2024-08-04
CUST-19417,Bangalore,Karnataka,Tier 1,2025-11-28
CUST-19418,Kolkata,West Bengal,Tier 1,2025-04-14
CUST-19419,Kolkata,West Bengal,Tier 1,2024-01-27
CUST-19420,Nagpur,Maharashtra,Tier 2,2025-02-25
CUST-19421,Kolkata,West Bengal,Tier 1,2024-01-14
CUST-19422,Pune,Maharashtra,Tier 1,2025-05-15
CUST-19423,Chennai,Tamil Nadu,Tier 1,2025-10-15
CUST-19424,Bhubaneswar,Odisha,Tier 2,2024-11-20
CUST-19425,Kochi,Kerala,Tier 2,2024-11-19
CUST-19426,Hyderabad,Telangana,Tier 1,2025-07-20
CUST-19427,Patna,Bihar,Tier 2,2024-10-11
CUST-19428,Chennai,Tamil Nadu,Tier 1,2024-03-29
CUST-19429,Patna,Bihar,Tier 2,2024-02-14
CUST-19430,Indore,Madhya Pradesh,Tier 2,2025-10-05
CUST-19431,Bangalore,Karnataka,Tier 1,2025-05-12
CUST-19432,Lucknow,Uttar Pradesh,Tier 2,2025-05-12
CUST-19433,Hyderabad,Telangana,Tier 1,2025-07-31
CUST-19434,Hyderabad,Telangana,Tier 1,2025-10-21
CUST-19435,Hyderabad,Telangana,Tier 1,2024-05-24
CUST-19436,Ahmedabad,Gujarat,Tier 2,2025-06-01
CUST-19437,Bangalore,Karnataka,Tier 1,2024-03-22
CUST-19438,Mumbai,Maharashtra,Tier 1,2025-09-26
CUST-19439,Ahmedabad,Gujarat,Tier 2,2024-06-15
CUST-19440,Delhi NCR,Delhi,Tier 1,2024-04-14
CUST-19441,Delhi NCR,Delhi,Tier 1,2025-05-02
CUST-19442,Bangalore,Karnataka,Tier 1,2024-11-05
CUST-19443,Chennai,Tamil Nadu,Tier 1,2024-03-22
CUST-19444,Kolkata,West Bengal,Tier 1,2024-04-03
CUST-19445,Mumbai,Maharashtra,Tier 1,2024-11-16
CUST-19446,Bhubaneswar,Odisha,Tier 2,2024-12-08
CUST-19447,Ahmedabad,Gujarat,Tier 2,2024-12-26
CUST-19448,Hyderabad,Telangana,Tier 1,2024-03-06
CUST-19449,Hyderabad,Telangana,Tier 1,2025-09-15
CUST-19450,Chennai,Tamil Nadu,Tier 1,2025-03-04
CUST-19451,Pune,Maharashtra,Tier 1,2025-02-04
CUST-19452,Delhi NCR,Delhi,Tier 1,2024-06-19
CUST-19453,Bangalore,Karnataka,Tier 1,2025-07-31
CUST-19454,Bhopal,Madhya Pradesh,Tier 2,2024-03-08
CUST-19455,Bangalore,Karnataka,Tier 1,2025-05-06
CUST-19456,Chennai,Tamil Nadu,Tier 1,2024-02-03
CUST-19457,Bhopal,Madhya Pradesh,Tier 2,2024-01-01
CUST-19458,Jaipur,Rajasthan,Tier 2,2024-05-30
CUST-19459,Hyderabad,Telangana,Tier 1,2024-09-14
CUST-19460,Lucknow,Uttar Pradesh,Tier 2,2025-09-19
CUST-19461,Mumbai,Maharashtra,Tier 1,2025-08-10
CUST-19462,Ahmedabad,Gujarat,Tier 2,2024-01-19
CUST-19463,Kolkata,West Bengal,Tier 1,2024-02-04
CUST-19464,Indore,Madhya Pradesh,Tier 2,2025-01-05
CUST-19465,Bhubaneswar,Odisha,Tier 2,2025-05-05
CUST-19466,Nagpur,Maharashtra,Tier 2,2024-08-28
CUST-19467,Coimbatore,Tamil Nadu,Tier 2,2024-01-07
CUST-19468,Kolkata,West Bengal,Tier 1,2025-07-02
CUST-19469,Hyderabad,Telangana,Tier 1,2025-01-05
CUST-19470,Kolkata,West Bengal,Tier 1,2025-10-26
CUST-19471,Lucknow,Uttar Pradesh,Tier 2,2024-09-06
CUST-19472,Coimbatore,Tamil Nadu,Tier 2,2024-04-24
CUST-19473,Bangalore,Karnataka,Tier 1,2025-07-06
CUST-19474,Nagpur,Maharashtra,Tier 2,2024-12-02
CUST-19475,Indore,Madhya Pradesh,Tier 2,2025-07-27
CUST-19476,Visakhapatnam,Andhra Pradesh,Tier 2,2025-11-11
CUST-19477,Bhopal,Madhya Pradesh,Tier 2,2024-05-21
CUST-19478,Hyderabad,Telangana,Tier 1,2025-04-29
CUST-19479,Delhi NCR,Delhi,Tier 1,2025-03-13
CUST-19480,Delhi NCR,Delhi,Tier 1,2024-03-28
CUST-19481,Hyderabad,Telangana,Tier 1,2025-04-07
CUST-19482,Pune,Maharashtra,Tier 1,2024-02-17
CUST-19483,Indore,Madhya Pradesh,Tier 2,2025-04-25
CUST-19484,Coimbatore,Tamil Nadu,Tier 2,2025-06-07
CUST-19485,Pune,Maharashtra,Tier 1,2024-07-29
CUST-19486,Mumbai,Maharashtra,Tier 1,2024-08-31
CUST-19487,Bangalore,Karnataka,Tier 1,2024-08-26
CUST-19488,Delhi NCR,Delhi,Tier 1,2024-07-15
CUST-19489,Hyderabad,Telangana,Tier 1,2024-08-22
CUST-19490,Kolkata,West Bengal,Tier 1,2024-07-05
CUST-19491,Mumbai,Maharashtra,Tier 1,2025-09-06
CUST-19492,Hyderabad,Telangana,Tier 1,2024-10-16
CUST-19493,Delhi NCR,Delhi,Tier 1,2024-08-08
CUST-19494,Pune,Maharashtra,Tier 1,2025-05-11
CUST-19495,Chennai,Tamil Nadu,Tier 1,2025-05-10
CUST-19496,Kolkata,West Bengal,Tier 1,2024-10-28
CUST-19497,Chennai,Tamil Nadu,Tier 1,2024-07-05
CUST-19498,Bhubaneswar,Odisha,Tier 2,2025-03-25
CUST-19499,Bangalore,Karnataka,Tier 1,2025-02-15
CUST-19500,Kolkata,West Bengal,Tier 1,2025-09-02
CUST-19501,Ahmedabad,Gujarat,Tier 2,2024-09-01
CUST-19502,Kolkata,West Bengal,Tier 1,2024-11-08
CUST-19503,Nagpur,Maharashtra,Tier 2,2025-05-10
CUST-19504,Chennai,Tamil Nadu,Tier 1,2024-01-22
CUST-19505,Chennai,Tamil Nadu,Tier 1,2024-03-08
CUST-19506,Mumbai,Maharashtra,Tier 1,2025-01-26
CUST-19507,Pune,Maharashtra,Tier 1,2024-11-11
CUST-19508,Hyderabad,Telangana,Tier 1,2024-03-05
CUST-19509,Delhi NCR,Delhi,Tier 1,2025-06-24
CUST-19510,Kolkata,West Bengal,Tier 1,2025-07-21
CUST-19511,Kolkata,West Bengal,Tier 1,2024-07-30
CUST-19512,Mumbai,Maharashtra,Tier 1,2024-07-18
CUST-19513,Lucknow,Uttar Pradesh,Tier 2,2024-06-26
CUST-19514,Pune,Maharashtra,Tier 1,2025-02-26
CUST-19515,Bangalore,Karnataka,Tier 1,2025-10-26
CUST-19516,Kolkata,West Bengal,Tier 1,2025-04-06
CUST-19517,Ahmedabad,Gujarat,Tier 2,2024-02-13
CUST-19518,Kolkata,West Bengal,Tier 1,2025-03-06
CUST-19519,Chennai,Tamil Nadu,Tier 1,2024-06-16
CUST-19520,Hyderabad,Telangana,Tier 1,2024-10-13
CUST-19521,Pune,Maharashtra,Tier 1,2024-12-02
CUST-19522,Nagpur,Maharashtra,Tier 2,2025-08-08
CUST-19523,Jaipur,Rajasthan,Tier 2,2024-06-19
CUST-19524,Mumbai,Maharashtra,Tier 1,2024-07-01
CUST-19525,Chennai,Tamil Nadu,Tier 1,2024-01-16
CUST-19526,Coimbatore,Tamil Nadu,Tier 2,2025-05-10
CUST-19527,Delhi NCR,Delhi,Tier 1,2025-08-02
CUST-19528,Visakhapatnam,Andhra Pradesh,Tier 2,2025-07-07
CUST-19529,Bhubaneswar,Odisha,Tier 2,2024-04-19
CUST-19530,Mumbai,Maharashtra,Tier 1,2025-07-06
CUST-19531,Nagpur,Maharashtra,Tier 2,2024-11-01
CUST-19532,Hyderabad,Telangana,Tier 1,2024-01-06
CUST-19533,Patna,Bihar,Tier 2,2025-11-23
CUST-19534,Chennai,Tamil Nadu,Tier 1,2024-09-29
CUST-19535,Chennai,Tamil Nadu,Tier 1,2024-12-26
CUST-19536,Pune,Maharashtra,Tier 1,2024-07-03
CUST-19537,Kochi,Kerala,Tier 2,2025-10-17
CUST-19538,Mumbai,Maharashtra,Tier 1,2024-04-09
CUST-19539,Pune,Maharashtra,Tier 1,2024-03-30
CUST-19540,Bangalore,Karnataka,Tier 1,2024-09-02
CUST-19541,Hyderabad,Telangana,Tier 1,2024-08-26
CUST-19542,Hyderabad,Telangana,Tier 1,2024-03-21
CUST-19543,Kolkata,West Bengal,Tier 1,2024-04-24
CUST-19544,Hyderabad,Telangana,Tier 1,2024-10-02
CUST-19545,Delhi NCR,Delhi,Tier 1,2024-03-20
CUST-19546,Delhi NCR,Delhi,Tier 1,2025-07-21
CUST-19547,Mumbai,Maharashtra,Tier 1,2024-06-27
CUST-19548,Kolkata,West Bengal,Tier 1,2024-11-04
CUST-19549,Bhubaneswar,Odisha,Tier 2,2025-07-14
CUST-19550,Delhi NCR,Delhi,Tier 1,2025-05-23
CUST-19551,Bhubaneswar,Odisha,Tier 2,2024-09-16
CUST-19552,Ahmedabad,Gujarat,Tier 2,2024-10-18
CUST-19553,Pune,Maharashtra,Tier 1,2024-10-17
CUST-19554,Pune,Maharashtra,Tier 1,2025-06-25
CUST-19555,Patna,Bihar,Tier 2,2024-03-03
CUST-19556,Delhi NCR,Delhi,Tier 1,2025-08-16
CUST-19557,Kolkata,West Bengal,Tier 1,2025-02-08
CUST-19558,Lucknow,Uttar Pradesh,Tier 2,2025-04-24
CUST-19559,Pune,Maharashtra,Tier 1,2024-11-20
CUST-19560,Patna,Bihar,Tier 2,2025-01-15
CUST-19561,Mumbai,Maharashtra,Tier 1,2025-11-11
CUST-19562,Lucknow,Uttar Pradesh,Tier 2,2024-11-05
CUST-19563,Kolkata,West Bengal,Tier 1,2024-12-08
CUST-19564,Chennai,Tamil Nadu,Tier 1,2025-10-31
CUST-19565,Hyderabad,Telangana,Tier 1,2025-04-19
CUST-19566,Pune,Maharashtra,Tier 1,2024-02-25
CUST-19567,Coimbatore,Tamil Nadu,Tier 2,2025-02-28
CUST-19568,Kolkata,West Bengal,Tier 1,2024-05-21
CUST-19569,Indore,Madhya Pradesh,Tier 2,2025-10-22
CUST-19570,Chennai,Tamil Nadu,Tier 1,2025-01-10
CUST-19571,Delhi NCR,Delhi,Tier 1,2024-08-13
CUST-19572,Mumbai,Maharashtra,Tier 1,2025-04-18
CUST-19573,Mumbai,Maharashtra,Tier 1,2024-01-25
CUST-19574,Chennai,Tamil Nadu,Tier 1,2025-11-20
CUST-19575,Hyderabad,Telangana,Tier 1,2024-12-30
CUST-19576,Ahmedabad,Gujarat,Tier 2,2024-04-04
CUST-19577,Chandigarh,Punjab,Tier 2,2025-05-22
CUST-19578,Mumbai,Maharashtra,Tier 1,2025-07-18
CUST-19579,Bangalore,Karnataka,Tier 1,2025-08-04
CUST-19580,Bangalore,Karnataka,Tier 1,2024-06-24
CUST-19581,Kolkata,West Bengal,Tier 1,2025-10-05
CUST-19582,Delhi NCR,Delhi,Tier 1,2025-02-11
CUST-19583,Delhi NCR,Delhi,Tier 1,2025-05-04
CUST-19584,Bhubaneswar,Odisha,Tier 2,2025-04-03
CUST-19585,Indore,Madhya Pradesh,Tier 2,2025-02-16
CUST-19586,Delhi NCR,Delhi,Tier 1,2024-12-03
CUST-19587,Chennai,Tamil Nadu,Tier 1,2024-11-26
CUST-19588,Hyderabad,Telangana,Tier 1,2024-07-31
CUST-19589,Kochi,Kerala,Tier 2,2024-12-10
CUST-19590,Kolkata,West Bengal,Tier 1,2025-07-29
CUST-19591,Delhi NCR,Delhi,Tier 1,2025-06-30
CUST-19592,Chandigarh,Punjab,Tier 2,2025-06-07
CUST-19593,Chennai,Tamil Nadu,Tier 1,2024-12-11
CUST-19594,Bangalore,Karnataka,Tier 1,2024-09-04
CUST-19595,Chennai,Tamil Nadu,Tier 1,2025-09-15
CUST-19596,Kolkata,West Bengal,Tier 1,2024-11-20
CUST-19597,Hyderabad,Telangana,Tier 1,2025-04-11
CUST-19598,Bangalore,Karnataka,Tier 1,2024-03-31
CUST-19599,Chennai,Tamil Nadu,Tier 1,2024-10-20
CUST-19600,Mumbai,Maharashtra,Tier 1,2025-06-24
CUST-19601,Kochi,Kerala,Tier 2,2025-06-07
CUST-19602,Delhi NCR,Delhi,Tier 1,2025-10-20
CUST-19603,Mumbai,Maharashtra,Tier 1,2025-10-10
CUST-19604,Jaipur,Rajasthan,Tier 2,2025-10-30
CUST-19605,Kochi,Kerala,Tier 2,2024-09-15
CUST-19606,Indore,Madhya Pradesh,Tier 2,2024-03-27
CUST-19607,Kolkata,West Bengal,Tier 1,2024-06-06
CUST-19608,Bangalore,Karnataka,Tier 1,2025-05-08
CUST-19609,Ahmedabad,Gujarat,Tier 2,2024-07-04
CUST-19610,Lucknow,Uttar Pradesh,Tier 2,2024-12-09
CUST-19611,Bangalore,Karnataka,Tier 1,2025-05-30
CUST-19612,Coimbatore,Tamil Nadu,Tier 2,2025-07-22
CUST-19613,Delhi NCR,Delhi,Tier 1,2025-05-23
CUST-19614,Visakhapatnam,Andhra Pradesh,Tier 2,2025-06-23
CUST-19615,Bhopal,Madhya Pradesh,Tier 2,2024-01-16
CUST-19616,Lucknow,Uttar Pradesh,Tier 2,2025-06-08
CUST-19617,Nagpur,Maharashtra,Tier 2,2024-07-18
CUST-19618,Ahmedabad,Gujarat,Tier 2,2024-07-02
CUST-19619,Bangalore,Karnataka,Tier 1,2024-11-04
CUST-19620,Chennai,Tamil Nadu,Tier 1,2025-05-22
CUST-19621,Mumbai,Maharashtra,Tier 1,2024-10-07
CUST-19622,Chennai,Tamil Nadu,Tier 1,2024-06-06
CUST-19623,Chandigarh,Punjab,Tier 2,2024-12-25
CUST-19624,Chennai,Tamil Nadu,Tier 1,2024-09-15
CUST-19625,Hyderabad,Telangana,Tier 1,2024-06-05
CUST-19626,Pune,Maharashtra,Tier 1,2025-02-28
CUST-19627,Bhopal,Madhya Pradesh,Tier 2,2025-08-28
CUST-19628,Mumbai,Maharashtra,Tier 1,2024-01-21
CUST-19629,Chennai,Tamil Nadu,Tier 1,2025-09-30
CUST-19630,Delhi NCR,Delhi,Tier 1,2024-12-12
CUST-19631,Lucknow,Uttar Pradesh,Tier 2,2024-12-15
CUST-19632,Delhi NCR,Delhi,Tier 1,2025-01-19
CUST-19633,Jaipur,Rajasthan,Tier 2,2025-03-13
CUST-19634,Hyderabad,Telangana,Tier 1,2025-03-31
CUST-19635,Bangalore,Karnataka,Tier 1,2025-09-15
CUST-19636,Nagpur,Maharashtra,Tier 2,2025-06-29
CUST-19637,Mumbai,Maharashtra,Tier 1,2024-03-20
CUST-19638,Chennai,Tamil Nadu,Tier 1,2025-03-27
CUST-19639,Mumbai,Maharashtra,Tier 1,2025-08-17
CUST-19640,Kolkata,West Bengal,Tier 1,2025-06-24
CUST-19641,Kolkata,West Bengal,Tier 1,2025-05-03
CUST-19642,Hyderabad,Telangana,Tier 1,2025-10-04
CUST-19643,Delhi NCR,Delhi,Tier 1,2025-06-06
CUST-19644,Chennai,Tamil Nadu,Tier 1,2025-01-26
CUST-19645,Jaipur,Rajasthan,Tier 2,2025-07-27
CUST-19646,Kochi,Kerala,Tier 2,2024-12-24
CUST-19647,Kolkata,West Bengal,Tier 1,2024-02-02
CUST-19648,Pune,Maharashtra,Tier 1,2024-05-15
CUST-19649,Bangalore,Karnataka,Tier 1,2025-08-22
CUST-19650,Hyderabad,Telangana,Tier 1,2025-02-13
CUST-19651,Delhi NCR,Delhi,Tier 1,2025-06-12
CUST-19652,Bangalore,Karnataka,Tier 1,2024-03-31
CUST-19653,Bangalore,Karnataka,Tier 1,2025-02-16
CUST-19654,Kolkata,West Bengal,Tier 1,2024-10-25
CUST-19655,Pune,Maharashtra,Tier 1,2025-05-01
CUST-19656,Bhubaneswar,Odisha,Tier 2,2024-03-13
CUST-19657,Bangalore,Karnataka,Tier 1,2024-09-17
CUST-19658,Pune,Maharashtra,Tier 1,2025-11-20
CUST-19659,Indore,Madhya Pradesh,Tier 2,2024-11-07
CUST-19660,Pune,Maharashtra,Tier 1,2025-11-15
CUST-19661,Bangalore,Karnataka,Tier 1,2024-06-13
CUST-19662,Bangalore,Karnataka,Tier 1,2024-11-30
CUST-19663,Mumbai,Maharashtra,Tier 1,2025-05-16
CUST-19664,Hyderabad,Telangana,Tier 1,2024-06-09
CUST-19665,Chandigarh,Punjab,Tier 2,2025-01-24
CUST-19666,Mumbai,Maharashtra,Tier 1,2024-03-11
CUST-19667,Bangalore,Karnataka,Tier 1,2024-04-01
CUST-19668,Lucknow,Uttar Pradesh,Tier 2,2024-12-26
CUST-19669,Kochi,Kerala,Tier 2,2024-11-16
CUST-19670,Chennai,Tamil Nadu,Tier 1,2024-09-01
CUST-19671,Lucknow,Uttar Pradesh,Tier 2,2024-01-24
CUST-19672,Chennai,Tamil Nadu,Tier 1,2025-07-10
CUST-19673,Delhi NCR,Delhi,Tier 1,2025-02-06
CUST-19674,Chennai,Tamil Nadu,Tier 1,2025-01-07
CUST-19675,Pune,Maharashtra,Tier 1,2024-10-12
CUST-19676,Bhubaneswar,Odisha,Tier 2,2025-03-16
CUST-19677,Mumbai,Maharashtra,Tier 1,2025-08-17
CUST-19678,Kolkata,West Bengal,Tier 1,2024-12-17
CUST-19679,Hyderabad,Telangana,Tier 1,2024-08-06
CUST-19680,Kolkata,West Bengal,Tier 1,2025-04-29
CUST-19681,Mumbai,Maharashtra,Tier 1,2025-03-18
CUST-19682,Hyderabad,Telangana,Tier 1,2024-08-05
CUST-19683,Indore,Madhya Pradesh,Tier 2,2024-03-07
CUST-19684,Kolkata,West Bengal,Tier 1,2024-01-31
CUST-19685,Chennai,Tamil Nadu,Tier 1,2024-11-17
CUST-19686,Hyderabad,Telangana,Tier 1,2024-09-06
CUST-19687,Hyderabad,Telangana,Tier 1,2025-07-19
CUST-19688,Chennai,Tamil Nadu,Tier 1,2024-01-10
CUST-19689,Patna,Bihar,Tier 2,2025-11-08
CUST-19690,Bhubaneswar,Odisha,Tier 2,2024-10-11
CUST-19691,Chennai,Tamil Nadu,Tier 1,2024-06-01
CUST-19692,Chennai,Tamil Nadu,Tier 1,2025-06-27
CUST-19693,Patna,Bihar,Tier 2,2025-06-12
CUST-19694,Chennai,Tamil Nadu,Tier 1,2025-01-05
CUST-19695,Kolkata,West Bengal,Tier 1,2024-10-27
CUST-19696,Bangalore,Karnataka,Tier 1,2024-05-25
CUST-19697,Chandigarh,Punjab,Tier 2,2025-08-09
CUST-19698,Kolkata,West Bengal,Tier 1,2025-09-27
CUST-19699,Indore,Madhya Pradesh,Tier 2,2024-02-21
CUST-19700,Kochi,Kerala,Tier 2,2025-02-07
CUST-19701,Bangalore,Karnataka,Tier 1,2024-05-20
CUST-19702,Ahmedabad,Gujarat,Tier 2,2024-03-28
CUST-19703,Indore,Madhya Pradesh,Tier 2,2025-03-02
CUST-19704,Hyderabad,Telangana,Tier 1,2024-03-24
CUST-19705,Delhi NCR,Delhi,Tier 1,2024-08-30
CUST-19706,Mumbai,Maharashtra,Tier 1,2024-04-15
CUST-19707,Chennai,Tamil Nadu,Tier 1,2025-08-26
CUST-19708,Hyderabad,Telangana,Tier 1,2024-12-20
CUST-19709,Kolkata,West Bengal,Tier 1,2024-01-21
CUST-19710,Bangalore,Karnataka,Tier 1,2024-01-06
CUST-19711,Bhopal,Madhya Pradesh,Tier 2,2024-08-08
CUST-19712,Bangalore,Karnataka,Tier 1,2024-03-27
CUST-19713,Bangalore,Karnataka,Tier 1,2025-11-22
CUST-19714,Kolkata,West Bengal,Tier 1,2025-03-28
CUST-19715,Kolkata,West Bengal,Tier 1,2024-12-07
CUST-19716,Bangalore,Karnataka,Tier 1,2025-01-27
CUST-19717,Bangalore,Karnataka,Tier 1,2024-12-17
CUST-19718,Delhi NCR,Delhi,Tier 1,2024-09-02
CUST-19719,Ahmedabad,Gujarat,Tier 2,2025-11-16
CUST-19720,Kochi,Kerala,Tier 2,2024-04-22
CUST-19721,Chennai,Tamil Nadu,Tier 1,2025-08-05
CUST-19722,Ahmedabad,Gujarat,Tier 2,2024-06-06
CUST-19723,Ahmedabad,Gujarat,Tier 2,2024-08-24
CUST-19724,Delhi NCR,Delhi,Tier 1,2025-11-29
CUST-19725,Bhubaneswar,Odisha,Tier 2,2024-08-30
CUST-19726,Indore,Madhya Pradesh,Tier 2,2024-06-14
CUST-19727,Bangalore,Karnataka,Tier 1,2024-02-03
CUST-19728,Bangalore,Karnataka,Tier 1,2024-09-11
CUST-19729,Delhi NCR,Delhi,Tier 1,2024-10-28
CUST-19730,Delhi NCR,Delhi,Tier 1,2024-08-07
CUST-19731,Chandigarh,Punjab,Tier 2,2024-02-01
CUST-19732,Kolkata,West Bengal,Tier 1,2025-05-23
CUST-19733,Kochi,Kerala,Tier 2,2025-04-26
CUST-19734,Chandigarh,Punjab,Tier 2,2024-08-20
CUST-19735,Pune,Maharashtra,Tier 1,2024-08-02
CUST-19736,Lucknow,Uttar Pradesh,Tier 2,2024-08-29
CUST-19737,Mumbai,Maharashtra,Tier 1,2024-09-01
CUST-19738,Hyderabad,Telangana,Tier 1,2024-01-20
CUST-19739,Pune,Maharashtra,Tier 1,2024-07-28
CUST-19740,Mumbai,Maharashtra,Tier 1,2025-03-01
CUST-19741,Mumbai,Maharashtra,Tier 1,2024-03-12
CUST-19742,Patna,Bihar,Tier 2,2025-11-04
CUST-19743,Lucknow,Uttar Pradesh,Tier 2,2024-06-26
CUST-19744,Bangalore,Karnataka,Tier 1,2025-06-06
CUST-19745,Lucknow,Uttar Pradesh,Tier 2,2024-10-25
CUST-19746,Kochi,Kerala,Tier 2,2024-09-22
CUST-19747,Hyderabad,Telangana,Tier 1,2025-06-03
CUST-19748,Mumbai,Maharashtra,Tier 1,2025-05-09
CUST-19749,Nagpur,Maharashtra,Tier 2,2024-10-01
CUST-19750,Hyderabad,Telangana,Tier 1,2024-02-22
CUST-19751,Delhi NCR,Delhi,Tier 1,2025-08-30
CUST-19752,Kolkata,West Bengal,Tier 1,2025-02-03
CUST-19753,Kochi,Kerala,Tier 2,2025-02-17
CUST-19754,Bangalore,Karnataka,Tier 1,2025-08-26
CUST-19755,Bangalore,Karnataka,Tier 1,2025-10-17
CUST-19756,Bangalore,Karnataka,Tier 1,2025-05-03
CUST-19757,Visakhapatnam,Andhra Pradesh,Tier 2,2025-05-16
CUST-19758,Bangalore,Karnataka,Tier 1,2024-11-02
CUST-19759,Pune,Maharashtra,Tier 1,2025-02-20
CUST-19760,Nagpur,Maharashtra,Tier 2,2025-05-23
CUST-19761,Delhi NCR,Delhi,Tier 1,2025-06-13
CUST-19762,Visakhapatnam,Andhra Pradesh,Tier 2,2025-09-29
CUST-19763,Bhubaneswar,Odisha,Tier 2,2025-10-27
CUST-19764,Coimbatore,Tamil Nadu,Tier 2,2024-01-06
CUST-19765,Bangalore,Karnataka,Tier 1,2025-02-25
CUST-19766,Pune,Maharashtra,Tier 1,2025-03-26
CUST-19767,Chandigarh,Punjab,Tier 2,2025-03-02
CUST-19768,Visakhapatnam,Andhra Pradesh,Tier 2,2025-01-24
CUST-19769,Delhi NCR,Delhi,Tier 1,2024-11-29
CUST-19770,Chandigarh,Punjab,Tier 2,2025-03-23
CUST-19771,Hyderabad,Telangana,Tier 1,2024-12-03
CUST-19772,Delhi NCR,Delhi,Tier 1,2024-03-28
CUST-19773,Chennai,Tamil Nadu,Tier 1,2024-09-25
CUST-19774,Kochi,Kerala,Tier 2,2024-03-05
CUST-19775,Kolkata,West Bengal,Tier 1,2025-11-08
CUST-19776,Kolkata,West Bengal,Tier 1,2024-03-04
CUST-19777,Visakhapatnam,Andhra Pradesh,Tier 2,2024-09-26
CUST-19778,Chennai,Tamil Nadu,Tier 1,2025-10-18
CUST-19779,Pune,Maharashtra,Tier 1,2025-01-11
CUST-19780,Hyderabad,Telangana,Tier 1,2024-11-24
CUST-19781,Chennai,Tamil Nadu,Tier 1,2025-06-01
CUST-19782,Lucknow,Uttar Pradesh,Tier 2,2025-09-24
CUST-19783,Nagpur,Maharashtra,Tier 2,2025-02-24
CUST-19784,Kolkata,West Bengal,Tier 1,2024-11-08
CUST-19785,Kochi,Kerala,Tier 2,2024-11-04
CUST-19786,Mumbai,Maharashtra,Tier 1,2025-10-05
CUST-19787,Bangalore,Karnataka,Tier 1,2024-07-07
CUST-19788,Kolkata,West Bengal,Tier 1,2024-02-11
CUST-19789,Mumbai,Maharashtra,Tier 1,2025-08-12
CUST-19790,Bangalore,Karnataka,Tier 1,2024-11-15
CUST-19791,Kolkata,West Bengal,Tier 1,2025-10-18
CUST-19792,Mumbai,Maharashtra,Tier 1,2025-03-20
CUST-19793,Bangalore,Karnataka,Tier 1,2025-01-08
CUST-19794,Kolkata,West Bengal,Tier 1,2024-10-12
CUST-19795,Pune,Maharashtra,Tier 1,2024-06-19
CUST-19796,Nagpur,Maharashtra,Tier 2,2025-08-27
CUST-19797,Pune,Maharashtra,Tier 1,2024-09-19
CUST-19798,Chennai,Tamil Nadu,Tier 1,2025-06-18
CUST-19799,Nagpur,Maharashtra,Tier 2,2024-05-21
CUST-19800,Kochi,Kerala,Tier 2,2024-05-27
CUST-19801,Bangalore,Karnataka,Tier 1,2025-03-15
CUST-19802,Delhi NCR,Delhi,Tier 1,2025-09-19
CUST-19803,Jaipur,Rajasthan,Tier 2,2025-08-15
CUST-19804,Pune,Maharashtra,Tier 1,2025-02-19
CUST-19805,Kochi,Kerala,Tier 2,2024-01-25
CUST-19806,Chandigarh,Punjab,Tier 2,2025-09-18
CUST-19807,Pune,Maharashtra,Tier 1,2024-04-03
CUST-19808,Visakhapatnam,Andhra Pradesh,Tier 2,2024-10-31
CUST-19809,Kolkata,West Bengal,Tier 1,2024-07-03
CUST-19810,Delhi NCR,Delhi,Tier 1,2024-10-09
CUST-19811,Patna,Bihar,Tier 2,2024-06-03
CUST-19812,Bangalore,Karnataka,Tier 1,2025-11-16
CUST-19813,Kochi,Kerala,Tier 2,2025-11-15
CUST-19814,Bhubaneswar,Odisha,Tier 2,2025-10-27
CUST-19815,Lucknow,Uttar Pradesh,Tier 2,2024-01-14
CUST-19816,Pune,Maharashtra,Tier 1,2025-10-01
CUST-19817,Chennai,Tamil Nadu,Tier 1,2024-12-06
CUST-19818,Hyderabad,Telangana,Tier 1,2025-08-26
CUST-19819,Hyderabad,Telangana,Tier 1,2025-04-17
CUST-19820,Pune,Maharashtra,Tier 1,2024-04-17
CUST-19821,Chandigarh,Punjab,Tier 2,2024-11-26
CUST-19822,Jaipur,Rajasthan,Tier 2,2025-06-23
CUST-19823,Bangalore,Karnataka,Tier 1,2025-03-14
CUST-19824,Kolkata,West Bengal,Tier 1,2025-10-27
CUST-19825,Kochi,Kerala,Tier 2,2025-01-18
CUST-19826,Kolkata,West Bengal,Tier 1,2025-08-04
CUST-19827,Kolkata,West Bengal,Tier 1,2024-06-08
CUST-19828,Kochi,Kerala,Tier 2,2025-03-07
CUST-19829,Jaipur,Rajasthan,Tier 2,2025-01-30
CUST-19830,Chennai,Tamil Nadu,Tier 1,2025-09-06
CUST-19831,Coimbatore,Tamil Nadu,Tier 2,2025-05-02
CUST-19832,Delhi NCR,Delhi,Tier 1,2024-07-07
CUST-19833,Visakhapatnam,Andhra Pradesh,Tier 2,2025-02-21
CUST-19834,Delhi NCR,Delhi,Tier 1,2024-12-08
CUST-19835,Mumbai,Maharashtra,Tier 1,2024-12-26
CUST-19836,Coimbatore,Tamil Nadu,Tier 2,2024-04-18
CUST-19837,Bangalore,Karnataka,Tier 1,2024-10-27
CUST-19838,Ahmedabad,Gujarat,Tier 2,2025-01-02
CUST-19839,Indore,Madhya Pradesh,Tier 2,2024-09-11
CUST-19840,Bhopal,Madhya Pradesh,Tier 2,2024-11-11
CUST-19841,Visakhapatnam,Andhra Pradesh,Tier 2,2024-03-11
CUST-19842,Hyderabad,Telangana,Tier 1,2024-09-25
CUST-19843,Ahmedabad,Gujarat,Tier 2,2025-05-15
CUST-19844,Delhi NCR,Delhi,Tier 1,2024-07-27
CUST-19845,Chennai,Tamil Nadu,Tier 1,2025-04-22
CUST-19846,Patna,Bihar,Tier 2,2024-06-24
CUST-19847,Hyderabad,Telangana,Tier 1,2024-08-26
CUST-19848,Pune,Maharashtra,Tier 1,2025-09-01
CUST-19849,Kolkata,West Bengal,Tier 1,2025-03-17
CUST-19850,Pune,Maharashtra,Tier 1,2025-08-23
CUST-19851,Visakhapatnam,Andhra Pradesh,Tier 2,2025-05-06
CUST-19852,Mumbai,Maharashtra,Tier 1,2024-04-08
CUST-19853,Pune,Maharashtra,Tier 1,2024-11-24
CUST-19854,Bhopal,Madhya Pradesh,Tier 2,2024-11-21
CUST-19855,Kolkata,West Bengal,Tier 1,2025-03-20
CUST-19856,Mumbai,Maharashtra,Tier 1,2025-10-27
CUST-19857,Pune,Maharashtra,Tier 1,2024-10-21
CUST-19858,Hyderabad,Telangana,Tier 1,2025-03-17
CUST-19859,Delhi NCR,Delhi,Tier 1,2024-01-31
CUST-19860,Patna,Bihar,Tier 2,2024-05-10
CUST-19861,Kolkata,West Bengal,Tier 1,2025-06-10
CUST-19862,Nagpur,Maharashtra,Tier 2,2025-03-13
CUST-19863,Indore,Madhya Pradesh,Tier 2,2024-11-21
CUST-19864,Lucknow,Uttar Pradesh,Tier 2,2024-09-23
CUST-19865,Mumbai,Maharashtra,Tier 1,2024-10-12
CUST-19866,Chennai,Tamil Nadu,Tier 1,2024-10-17
CUST-19867,Bangalore,Karnataka,Tier 1,2025-01-02
CUST-19868,Coimbatore,Tamil Nadu,Tier 2,2025-04-30
CUST-19869,Delhi NCR,Delhi,Tier 1,2025-07-08
CUST-19870,Hyderabad,Telangana,Tier 1,2024-06-16
CUST-19871,Kolkata,West Bengal,Tier 1,2025-04-15
CUST-19872,Bangalore,Karnataka,Tier 1,2024-06-18
CUST-19873,Bangalore,Karnataka,Tier 1,2024-12-11
CUST-19874,Pune,Maharashtra,Tier 1,2024-03-18
CUST-19875,Mumbai,Maharashtra,Tier 1,2024-03-25
CUST-19876,Mumbai,Maharashtra,Tier 1,2025-10-22
CUST-19877,Chennai,Tamil Nadu,Tier 1,2024-07-19
CUST-19878,Ahmedabad,Gujarat,Tier 2,2025-08-11
CUST-19879,Kolkata,West Bengal,Tier 1,2024-12-26
CUST-19880,Chennai,Tamil Nadu,Tier 1,2025-07-18
CUST-19881,Pune,Maharashtra,Tier 1,2024-10-28
CUST-19882,Hyderabad,Telangana,Tier 1,2024-10-19
CUST-19883,Nagpur,Maharashtra,Tier 2,2024-10-20
CUST-19884,Mumbai,Maharashtra,Tier 1,2024-04-18
CUST-19885,Jaipur,Rajasthan,Tier 2,2024-12-30
CUST-19886,Coimbatore,Tamil Nadu,Tier 2,2025-08-22
CUST-19887,Indore,Madhya Pradesh,Tier 2,2025-11-08
CUST-19888,Delhi NCR,Delhi,Tier 1,2025-05-08
CUST-19889,Hyderabad,Telangana,Tier 1,2024-09-23
CUST-19890,Ahmedabad,Gujarat,Tier 2,2024-04-02
CUST-19891,Mumbai,Maharashtra,Tier 1,2025-11-15
CUST-19892,Indore,Madhya Pradesh,Tier 2,2024-03-04
CUST-19893,Ahmedabad,Gujarat,Tier 2,2025-03-03
CUST-19894,Ahmedabad,Gujarat,Tier 2,2025-09-29
CUST-19895,Delhi NCR,Delhi,Tier 1,2025-01-02
CUST-19896,Ahmedabad,Gujarat,Tier 2,2024-04-14
CUST-19897,Lucknow,Uttar Pradesh,Tier 2,2024-07-27
CUST-19898,Patna,Bihar,Tier 2,2025-07-27
CUST-19899,Mumbai,Maharashtra,Tier 1,2025-04-18
CUST-19900,Mumbai,Maharashtra,Tier 1,2024-03-01
CUST-19901,Chennai,Tamil Nadu,Tier 1,2024-12-11
CUST-19902,Delhi NCR,Delhi,Tier 1,2024-01-12
CUST-19903,Pune,Maharashtra,Tier 1,2025-04-10
CUST-19904,Nagpur,Maharashtra,Tier 2,2025-10-10
CUST-19905,Chennai,Tamil Nadu,Tier 1,2024-07-13
CUST-19906,Patna,Bihar,Tier 2,2024-03-14
CUST-19907,Mumbai,Maharashtra,Tier 1,2025-01-20
CUST-19908,Delhi NCR,Delhi,Tier 1,2024-05-15
CUST-19909,Mumbai,Maharashtra,Tier 1,2025-07-08
CUST-19910,Hyderabad,Telangana,Tier 1,2025-03-11
CUST-19911,Coimbatore,Tamil Nadu,Tier 2,2024-02-08
CUST-19912,Delhi NCR,Delhi,Tier 1,2025-06-26
CUST-19913,Pune,Maharashtra,Tier 1,2025-10-15
CUST-19914,Chennai,Tamil Nadu,Tier 1,2024-11-15
CUST-19915,Nagpur,Maharashtra,Tier 2,2025-07-09
CUST-19916,Delhi NCR,Delhi,Tier 1,2025-11-30
CUST-19917,Bangalore,Karnataka,Tier 1,2024-12-18
CUST-19918,Mumbai,Maharashtra,Tier 1,2025-05-28
CUST-19919,Chennai,Tamil Nadu,Tier 1,2025-04-27
CUST-19920,Bangalore,Karnataka,Tier 1,2025-02-19
CUST-19921,Bhopal,Madhya Pradesh,Tier 2,2025-01-04
CUST-19922,Pune,Maharashtra,Tier 1,2024-12-08
CUST-19923,Pune,Maharashtra,Tier 1,2024-11-20
CUST-19924,Kolkata,West Bengal,Tier 1,2025-01-01
CUST-19925,Mumbai,Maharashtra,Tier 1,2024-12-01
CUST-19926,Chennai,Tamil Nadu,Tier 1,2024-10-22
CUST-19927,Visakhapatnam,Andhra Pradesh,Tier 2,2024-01-24
CUST-19928,Patna,Bihar,Tier 2,2025-03-17
CUST-19929,Coimbatore,Tamil Nadu,Tier 2,2024-04-13
CUST-19930,Indore,Madhya Pradesh,Tier 2,2025-02-15
CUST-19931,Delhi NCR,Delhi,Tier 1,2025-07-27
CUST-19932,Bangalore,Karnataka,Tier 1,2025-10-26
CUST-19933,Mumbai,Maharashtra,Tier 1,2024-10-20
CUST-19934,Hyderabad,Telangana,Tier 1,2024-08-30
CUST-19935,Delhi NCR,Delhi,Tier 1,2024-12-07
CUST-19936,Kolkata,West Bengal,Tier 1,2025-09-24
CUST-19937,Jaipur,Rajasthan,Tier 2,2024-06-21
CUST-19938,Bhopal,Madhya Pradesh,Tier 2,2025-02-19
CUST-19939,Chandigarh,Punjab,Tier 2,2024-04-12
CUST-19940,Nagpur,Maharashtra,Tier 2,2024-06-08
CUST-19941,Mumbai,Maharashtra,Tier 1,2024-09-13
CUST-19942,Mumbai,Maharashtra,Tier 1,2025-07-10
CUST-19943,Jaipur,Rajasthan,Tier 2,2025-07-29
CUST-19944,Hyderabad,Telangana,Tier 1,2024-07-14
CUST-19945,Bangalore,Karnataka,Tier 1,2025-01-25
CUST-19946,Hyderabad,Telangana,Tier 1,2024-03-10
CUST-19947,Bangalore,Karnataka,Tier 1,2025-11-23
CUST-19948,Kolkata,West Bengal,Tier 1,2024-09-03
CUST-19949,Chennai,Tamil Nadu,Tier 1,2024-11-24
CUST-19950,Kolkata,West Bengal,Tier 1,2024-06-06
CUST-19951,Jaipur,Rajasthan,Tier 2,2025-11-28
CUST-19952,Chennai,Tamil Nadu,Tier 1,2025-08-07
CUST-19953,Bangalore,Karnataka,Tier 1,2024-02-24
CUST-19954,Delhi NCR,Delhi,Tier 1,2025-04-30
CUST-19955,Hyderabad,Telangana,Tier 1,2024-08-30
CUST-19956,Chandigarh,Punjab,Tier 2,2024-12-18
CUST-19957,Chandigarh,Punjab,Tier 2,2025-02-13
CUST-19958,Jaipur,Rajasthan,Tier 2,2024-01-15
CUST-19959,Bangalore,Karnataka,Tier 1,2024-05-26
CUST-19960,Pune,Maharashtra,Tier 1,2025-05-04
CUST-19961,Pune,Maharashtra,Tier 1,2025-10-17
CUST-19962,Kolkata,West Bengal,Tier 1,2024-01-25
CUST-19963,Kolkata,West Bengal,Tier 1,2025-09-02
CUST-19964,Kolkata,West Bengal,Tier 1,2025-11-21
CUST-19965,Pune,Maharashtra,Tier 1,2024-11-28
CUST-19966,Ahmedabad,Gujarat,Tier 2,2024-06-22
CUST-19967,Delhi NCR,Delhi,Tier 1,2024-10-16
CUST-19968,Chandigarh,Punjab,Tier 2,2025-07-23
CUST-19969,Delhi NCR,Delhi,Tier 1,2024-05-24
CUST-19970,Mumbai,Maharashtra,Tier 1,2024-05-01
CUST-19971,Visakhapatnam,Andhra Pradesh,Tier 2,2024-01-27
CUST-19972,Bhubaneswar,Odisha,Tier 2,2024-03-06
CUST-19973,Mumbai,Maharashtra,Tier 1,2024-04-10
CUST-19974,Chennai,Tamil Nadu,Tier 1,2025-01-22
CUST-19975,Bangalore,Karnataka,Tier 1,2024-04-03
CUST-19976,Kolkata,West Bengal,Tier 1,2024-03-07
CUST-19977,Patna,Bihar,Tier 2,2024-09-06
CUST-19978,Bhubaneswar,Odisha,Tier 2,2024-05-21
CUST-19979,Pune,Maharashtra,Tier 1,2024-09-23
CUST-19980,Hyderabad,Telangana,Tier 1,2025-07-05
CUST-19981,Pune,Maharashtra,Tier 1,2024-08-02
CUST-19982,Hyderabad,Telangana,Tier 1,2025-05-03
CUST-19983,Coimbatore,Tamil Nadu,Tier 2,2025-05-10
CUST-19984,Bhopal,Madhya Pradesh,Tier 2,2025-04-24
CUST-19985,Pune,Maharashtra,Tier 1,2025-10-04
CUST-19986,Hyderabad,Telangana,Tier 1,2025-05-04
CUST-19987,Hyderabad,Telangana,Tier 1,2024-01-01
CUST-19988,Mumbai,Maharashtra,Tier 1,2024-01-09
CUST-19989,Indore,Madhya Pradesh,Tier 2,2025-01-14
CUST-19990,Chennai,Tamil Nadu,Tier 1,2024-05-23
CUST-19991,Hyderabad,Telangana,Tier 1,2024-10-28
CUST-19992,Kolkata,West Bengal,Tier 1,2025-10-11
CUST-19993,Indore,Madhya Pradesh,Tier 2,2025-02-20
CUST-19994,Delhi NCR,Delhi,Tier 1,2024-06-27
CUST-19995,Bhopal,Madhya Pradesh,Tier 2,2024-10-04
CUST-19996,Coimbatore,Tamil Nadu,Tier 2,2024-05-23
CUST-19997,Bhubaneswar,Odisha,Tier 2,2024-12-04
CUST-19998,Chennai,Tamil Nadu,Tier 1,2025-04-03
CUST-19999,Bangalore,Karnataka,Tier 1,2024-11-26
CUST-20000,Chennai,Tamil Nadu,Tier 1,2024-09-26
CUST-20001,Hyderabad,Telangana,Tier 1,2024-07-05
CUST-20002,Delhi NCR,Delhi,Tier 1,2025-10-27
CUST-20003,Pune,Maharashtra,Tier 1,2024-06-20
CUST-20004,Kolkata,West Bengal,Tier 1,2025-02-07
CUST-20005,Bhopal,Madhya Pradesh,Tier 2,2025-04-12
CUST-20006,Mumbai,Maharashtra,Tier 1,2024-09-03
CUST-20007,Pune,Maharashtra,Tier 1,2025-06-06
CUST-20008,Chandigarh,Punjab,Tier 2,2025-07-12
CUST-20009,Chandigarh,Punjab,Tier 2,2024-04-20
CUST-20010,Coimbatore,Tamil Nadu,Tier 2,2024-10-29
CUST-20011,Ahmedabad,Gujarat,Tier 2,2025-04-17
CUST-20012,Nagpur,Maharashtra,Tier 2,2024-10-18
CUST-20013,Hyderabad,Telangana,Tier 1,2024-09-08
CUST-20014,Kolkata,West Bengal,Tier 1,2025-08-10
CUST-20015,Mumbai,Maharashtra,Tier 1,2024-06-23
CUST-20016,Mumbai,Maharashtra,Tier 1,2024-04-18
CUST-20017,Bangalore,Karnataka,Tier 1,2024-12-05
CUST-20018,Delhi NCR,Delhi,Tier 1,2024-01-14
CUST-20019,Bangalore,Karnataka,Tier 1,2025-11-23
CUST-20020,Delhi NCR,Delhi,Tier 1,2024-11-17
CUST-20021,Mumbai,Maharashtra,Tier 1,2024-02-12
CUST-20022,Coimbatore,Tamil Nadu,Tier 2,2025-04-05
CUST-20023,Mumbai,Maharashtra,Tier 1,2024-04-11
CUST-20024,Ahmedabad,Gujarat,Tier 2,2025-09-16
CUST-20025,Delhi NCR,Delhi,Tier 1,2024-01-09
CUST-20026,Coimbatore,Tamil Nadu,Tier 2,2024-05-28
CUST-20027,Coimbatore,Tamil Nadu,Tier 2,2024-12-03
CUST-20028,Jaipur,Rajasthan,Tier 2,2024-08-11
CUST-20029,Jaipur,Rajasthan,Tier 2,2024-04-19
CUST-20030,Mumbai,Maharashtra,Tier 1,2024-12-19
CUST-20031,Visakhapatnam,Andhra Pradesh,Tier 2,2024-03-24
CUST-20032,Bhopal,Madhya Pradesh,Tier 2,2025-07-08
CUST-20033,Coimbatore,Tamil Nadu,Tier 2,2024-03-06
CUST-20034,Jaipur,Rajasthan,Tier 2,2025-01-22
CUST-20035,Hyderabad,Telangana,Tier 1,2025-09-12
CUST-20036,Coimbatore,Tamil Nadu,Tier 2,2025-09-05
CUST-20037,Hyderabad,Telangana,Tier 1,2024-05-14
CUST-20038,Pune,Maharashtra,Tier 1,2024-03-26
CUST-20039,Delhi NCR,Delhi,Tier 1,2024-03-24
CUST-20040,Nagpur,Maharashtra,Tier 2,2024-08-14
CUST-20041,Delhi NCR,Delhi,Tier 1,2024-09-16
CUST-20042,Bangalore,Karnataka,Tier 1,2024-01-20
CUST-20043,Pune,Maharashtra,Tier 1,2024-02-04
CUST-20044,Chandigarh,Punjab,Tier 2,2025-03-18
CUST-20045,Pune,Maharashtra,Tier 1,2024-09-26
CUST-20046,Bangalore,Karnataka,Tier 1,2025-02-09
CUST-20047,Mumbai,Maharashtra,Tier 1,2025-05-22
CUST-20048,Chandigarh,Punjab,Tier 2,2024-10-30
CUST-20049,Visakhapatnam,Andhra Pradesh,Tier 2,2025-10-31
CUST-20050,Indore,Madhya Pradesh,Tier 2,2024-10-11
CUST-20051,Chennai,Tamil Nadu,Tier 1,2025-07-01
CUST-20052,Coimbatore,Tamil Nadu,Tier 2,2024-01-29
CUST-20053,Chennai,Tamil Nadu,Tier 1,2025-01-25
CUST-20054,Kolkata,West Bengal,Tier 1,2025-02-19
CUST-20055,Kolkata,West Bengal,Tier 1,2024-05-21
CUST-20056,Chennai,Tamil Nadu,Tier 1,2025-10-07
CUST-20057,Kochi,Kerala,Tier 2,2025-10-17
CUST-20058,Kolkata,West Bengal,Tier 1,2024-12-06
CUST-20059,Hyderabad,Telangana,Tier 1,2024-09-01
CUST-20060,Bangalore,Karnataka,Tier 1,2024-01-05
CUST-20061,Mumbai,Maharashtra,Tier 1,2025-03-24
CUST-20062,Pune,Maharashtra,Tier 1,2024-09-22
CUST-20063,Bangalore,Karnataka,Tier 1,2025-05-05
CUST-20064,Delhi NCR,Delhi,Tier 1,2024-08-26
CUST-20065,Jaipur,Rajasthan,Tier 2,2024-09-06
CUST-20066,Lucknow,Uttar Pradesh,Tier 2,2024-10-17
CUST-20067,Chandigarh,Punjab,Tier 2,2025-06-26
CUST-20068,Kolkata,West Bengal,Tier 1,2025-09-23
CUST-20069,Coimbatore,Tamil Nadu,Tier 2,2024-03-19
CUST-20070,Nagpur,Maharashtra,Tier 2,2025-06-04
CUST-20071,Indore,Madhya Pradesh,Tier 2,2025-03-25
CUST-20072,Pune,Maharashtra,Tier 1,2025-07-09
CUST-20073,Hyderabad,Telangana,Tier 1,2024-05-23
CUST-20074,Visakhapatnam,Andhra Pradesh,Tier 2,2024-04-29
CUST-20075,Bangalore,Karnataka,Tier 1,2025-07-18
CUST-20076,Bangalore,Karnataka,Tier 1,2025-07-30
CUST-20077,Chennai,Tamil Nadu,Tier 1,2024-06-24
CUST-20078,Mumbai,Maharashtra,Tier 1,2024-03-10
CUST-20079,Visakhapatnam,Andhra Pradesh,Tier 2,2025-09-24
CUST-20080,Pune,Maharashtra,Tier 1,2024-07-21
CUST-20081,Kolkata,West Bengal,Tier 1,2024-06-28
CUST-20082,Jaipur,Rajasthan,Tier 2,2025-08-15
CUST-20083,Kolkata,West Bengal,Tier 1,2025-07-20
CUST-20084,Mumbai,Maharashtra,Tier 1,2025-11-21
CUST-20085,Pune,Maharashtra,Tier 1,2025-09-01
CUST-20086,Ahmedabad,Gujarat,Tier 2,2024-04-19
CUST-20087,Chennai,Tamil Nadu,Tier 1,2025-02-27
CUST-20088,Chandigarh,Punjab,Tier 2,2025-10-26
CUST-20089,Bangalore,Karnataka,Tier 1,2025-05-17
CUST-20090,Bangalore,Karnataka,Tier 1,2025-02-09
CUST-20091,Delhi NCR,Delhi,Tier 1,2025-09-28
CUST-20092,Chennai,Tamil Nadu,Tier 1,2024-03-31
CUST-20093,Patna,Bihar,Tier 2,2024-10-20
CUST-20094,Patna,Bihar,Tier 2,2025-01-27
CUST-20095,Chennai,Tamil Nadu,Tier 1,2024-02-06
CUST-20096,Pune,Maharashtra,Tier 1,2025-05-31
CUST-20097,Ahmedabad,Gujarat,Tier 2,2025-10-23
CUST-20098,Bangalore,Karnataka,Tier 1,2024-11-11
CUST-20099,Delhi NCR,Delhi,Tier 1,2024-06-20
CUST-20100,Visakhapatnam,Andhra Pradesh,Tier 2,2025-02-09
CUST-20101,Pune,Maharashtra,Tier 1,2024-09-18
CUST-20102,Visakhapatnam,Andhra Pradesh,Tier 2,2025-04-28
CUST-20103,Hyderabad,Telangana,Tier 1,2024-01-27
CUST-20104,Lucknow,Uttar Pradesh,Tier 2,2025-05-09
CUST-20105,Bangalore,Karnataka,Tier 1,2024-02-24
CUST-20106,Bangalore,Karnataka,Tier 1,2024-09-05
CUST-20107,Kolkata,West Bengal,Tier 1,2024-09-29
CUST-20108,Hyderabad,Telangana,Tier 1,2024-09-15
CUST-20109,Delhi NCR,Delhi,Tier 1,2024-07-09
CUST-20110,Bangalore,Karnataka,Tier 1,2025-07-28
CUST-20111,Mumbai,Maharashtra,Tier 1,2025-03-21
CUST-20112,Lucknow,Uttar Pradesh,Tier 2,2025-05-16
CUST-20113,Kolkata,West Bengal,Tier 1,2025-09-07
CUST-20114,Delhi NCR,Delhi,Tier 1,2025-01-27
CUST-20115,Delhi NCR,Delhi,Tier 1,2025-02-11
CUST-20116,Delhi NCR,Delhi,Tier 1,2025-11-03
CUST-20117,Pune,Maharashtra,Tier 1,2025-11-13
CUST-20118,Delhi NCR,Delhi,Tier 1,2024-04-18
CUST-20119,Chandigarh,Punjab,Tier 2,2025-10-13
CUST-20120,Mumbai,Maharashtra,Tier 1,2025-08-27
CUST-20121,Bangalore,Karnataka,Tier 1,2024-04-12
CUST-20122,Coimbatore,Tamil Nadu,Tier 2,2024-08-13
CUST-20123,Ahmedabad,Gujarat,Tier 2,2024-12-18
CUST-20124,Mumbai,Maharashtra,Tier 1,2024-06-08
CUST-20125,Indore,Madhya Pradesh,Tier 2,2025-02-07
CUST-20126,Kolkata,West Bengal,Tier 1,2024-11-19
CUST-20127,Patna,Bihar,Tier 2,2024-05-24
CUST-20128,Pune,Maharashtra,Tier 1,2025-04-09
CUST-20129,Lucknow,Uttar Pradesh,Tier 2,2024-05-11
CUST-20130,Visakhapatnam,Andhra Pradesh,Tier 2,2024-04-02
CUST-20131,Bangalore,Karnataka,Tier 1,2024-09-29
CUST-20132,Pune,Maharashtra,Tier 1,2025-06-17
CUST-20133,Chennai,Tamil Nadu,Tier 1,2024-07-12
CUST-20134,Mumbai,Maharashtra,Tier 1,2024-06-18
CUST-20135,Mumbai,Maharashtra,Tier 1,2025-04-04
CUST-20136,Delhi NCR,Delhi,Tier 1,2024-01-11
CUST-20137,Pune,Maharashtra,Tier 1,2024-06-29
CUST-20138,Pune,Maharashtra,Tier 1,2024-08-19
CUST-20139,Kolkata,West Bengal,Tier 1,2024-01-29
CUST-20140,Mumbai,Maharashtra,Tier 1,2025-06-15
CUST-20141,Kolkata,West Bengal,Tier 1,2024-01-05
CUST-20142,Nagpur,Maharashtra,Tier 2,2025-06-29
CUST-20143,Chennai,Tamil Nadu,Tier 1,2024-05-19
CUST-20144,Pune,Maharashtra,Tier 1,2024-01-28
CUST-20145,Kochi,Kerala,Tier 2,2024-04-07
CUST-20146,Kochi,Kerala,Tier 2,2024-09-18
CUST-20147,Kolkata,West Bengal,Tier 1,2024-01-19
CUST-20148,Bhopal,Madhya Pradesh,Tier 2,2024-01-12
CUST-20149,Chennai,Tamil Nadu,Tier 1,2025-06-20
CUST-20150,Coimbatore,Tamil Nadu,Tier 2,2025-06-08
CUST-20151,Bangalore,Karnataka,Tier 1,2025-04-09
CUST-20152,Hyderabad,Telangana,Tier 1,2025-08-10
CUST-20153,Mumbai,Maharashtra,Tier 1,2024-09-15
CUST-20154,Kochi,Kerala,Tier 2,2024-01-24
CUST-20155,Chennai,Tamil Nadu,Tier 1,2024-01-08
CUST-20156,Bangalore,Karnataka,Tier 1,2024-08-15
CUST-20157,Bangalore,Karnataka,Tier 1,2025-01-10
CUST-20158,Coimbatore,Tamil Nadu,Tier 2,2024-05-02
CUST-20159,Patna,Bihar,Tier 2,2024-03-30
CUST-20160,Kolkata,West Bengal,Tier 1,2025-03-31
CUST-20161,Pune,Maharashtra,Tier 1,2024-08-11
CUST-20162,Kolkata,West Bengal,Tier 1,2024-09-13
CUST-20163,Chennai,Tamil Nadu,Tier 1,2025-05-29
CUST-20164,Nagpur,Maharashtra,Tier 2,2024-05-27
CUST-20165,Delhi NCR,Delhi,Tier 1,2025-01-21
CUST-20166,Chennai,Tamil Nadu,Tier 1,2025-11-29
CUST-20167,Hyderabad,Telangana,Tier 1,2025-03-13
CUST-20168,Kolkata,West Bengal,Tier 1,2025-11-30
CUST-20169,Chennai,Tamil Nadu,Tier 1,2025-09-27
CUST-20170,Kolkata,West Bengal,Tier 1,2024-02-06
CUST-20171,Delhi NCR,Delhi,Tier 1,2025-10-22
CUST-20172,Kolkata,West Bengal,Tier 1,2024-04-15
CUST-20173,Bangalore,Karnataka,Tier 1,2025-09-06
CUST-20174,Delhi NCR,Delhi,Tier 1,2024-08-19
CUST-20175,Mumbai,Maharashtra,Tier 1,2024-05-25
CUST-20176,Chandigarh,Punjab,Tier 2,2024-01-17
CUST-20177,Chennai,Tamil Nadu,Tier 1,2024-06-07
CUST-20178,Pune,Maharashtra,Tier 1,2024-10-08
CUST-20179,Ahmedabad,Gujarat,Tier 2,2024-10-04
CUST-20180,Lucknow,Uttar Pradesh,Tier 2,2024-05-04
CUST-20181,Kolkata,West Bengal,Tier 1,2025-11-15
CUST-20182,Chennai,Tamil Nadu,Tier 1,2025-02-23
CUST-20183,Chennai,Tamil Nadu,Tier 1,2024-11-15
CUST-20184,Pune,Maharashtra,Tier 1,2025-11-05
CUST-20185,Kolkata,West Bengal,Tier 1,2025-04-26
CUST-20186,Patna,Bihar,Tier 2,2025-10-28
CUST-20187,Bhopal,Madhya Pradesh,Tier 2,2024-11-19
CUST-20188,Delhi NCR,Delhi,Tier 1,2025-01-29
CUST-20189,Delhi NCR,Delhi,Tier 1,2024-07-04
CUST-20190,Pune,Maharashtra,Tier 1,2025-04-10
CUST-20191,Hyderabad,Telangana,Tier 1,2024-02-26
CUST-20192,Mumbai,Maharashtra,Tier 1,2025-04-02
CUST-20193,Coimbatore,Tamil Nadu,Tier 2,2024-07-26
CUST-20194,Bangalore,Karnataka,Tier 1,2024-03-14
CUST-20195,Nagpur,Maharashtra,Tier 2,2025-04-28
CUST-20196,Ahmedabad,Gujarat,Tier 2,2024-03-25
CUST-20197,Chandigarh,Punjab,Tier 2,2025-09-23
CUST-20198,Bangalore,Karnataka,Tier 1,2024-01-14
CUST-20199,Bangalore,Karnataka,Tier 1,2025-10-02
CUST-20200,Kolkata,West Bengal,Tier 1,2024-02-18
CUST-20201,Delhi NCR,Delhi,Tier 1,2025-03-01
CUST-20202,Hyderabad,Telangana,Tier 1,2024-12-24
CUST-20203,Hyderabad,Telangana,Tier 1,2024-08-29
CUST-20204,Delhi NCR,Delhi,Tier 1,2024-02-22
CUST-20205,Bangalore,Karnataka,Tier 1,2024-03-09
CUST-20206,Kochi,Kerala,Tier 2,2025-07-05
CUST-20207,Delhi NCR,Delhi,Tier 1,2025-11-26
CUST-20208,Mumbai,Maharashtra,Tier 1,2025-10-06
CUST-20209,Pune,Maharashtra,Tier 1,2024-02-25
CUST-20210,Visakhapatnam,Andhra Pradesh,Tier 2,2025-03-31
CUST-20211,Hyderabad,Telangana,Tier 1,2024-09-11
CUST-20212,Delhi NCR,Delhi,Tier 1,2024-01-05
CUST-20213,Pune,Maharashtra,Tier 1,2025-08-03
CUST-20214,Coimbatore,Tamil Nadu,Tier 2,2024-02-21
CUST-20215,Kochi,Kerala,Tier 2,2024-11-24
CUST-20216,Pune,Maharashtra,Tier 1,2024-04-07
CUST-20217,Hyderabad,Telangana,Tier 1,2024-06-09
CUST-20218,Kolkata,West Bengal,Tier 1,2025-02-09
CUST-20219,Mumbai,Maharashtra,Tier 1,2025-07-30
CUST-20220,Jaipur,Rajasthan,Tier 2,2024-11-22
CUST-20221,Ahmedabad,Gujarat,Tier 2,2024-08-30
CUST-20222,Bhubaneswar,Odisha,Tier 2,2025-05-18
CUST-20223,Bangalore,Karnataka,Tier 1,2025-01-01
CUST-20224,Mumbai,Maharashtra,Tier 1,2025-03-17
CUST-20225,Kolkata,West Bengal,Tier 1,2024-06-02
CUST-20226,Lucknow,Uttar Pradesh,Tier 2,2024-08-21
CUST-20227,Kochi,Kerala,Tier 2,2025-10-13
CUST-20228,Bangalore,Karnataka,Tier 1,2024-11-28
CUST-20229,Bangalore,Karnataka,Tier 1,2025-05-09
CUST-20230,Kolkata,West Bengal,Tier 1,2024-04-24
CUST-20231,Hyderabad,Telangana,Tier 1,2025-01-03
CUST-20232,Bhopal,Madhya Pradesh,Tier 2,2024-11-28
CUST-20233,Kolkata,West Bengal,Tier 1,2024-05-09
CUST-20234,Indore,Madhya Pradesh,Tier 2,2024-06-26
CUST-20235,Pune,Maharashtra,Tier 1,2024-04-04
CUST-20236,Kochi,Kerala,Tier 2,2024-11-12
CUST-20237,Hyderabad,Telangana,Tier 1,2024-04-10
CUST-20238,Patna,Bihar,Tier 2,2024-07-14
CUST-20239,Bangalore,Karnataka,Tier 1,2024-07-26
CUST-20240,Kolkata,West Bengal,Tier 1,2025-08-29
CUST-20241,Bangalore,Karnataka,Tier 1,2025-04-17
CUST-20242,Kolkata,West Bengal,Tier 1,2025-09-06
CUST-20243,Hyderabad,Telangana,Tier 1,2024-01-08
CUST-20244,Bangalore,Karnataka,Tier 1,2024-05-15
CUST-20245,Bhubaneswar,Odisha,Tier 2,2025-09-01
CUST-20246,Delhi NCR,Delhi,Tier 1,2024-09-17
CUST-20247,Kochi,Kerala,Tier 2,2024-05-26
CUST-20248,Visakhapatnam,Andhra Pradesh,Tier 2,2025-04-02
CUST-20249,Mumbai,Maharashtra,Tier 1,2025-11-27
CUST-20250,Lucknow,Uttar Pradesh,Tier 2,2025-03-13
CUST-20251,Bangalore,Karnataka,Tier 1,2025-02-16
CUST-20252,Mumbai,Maharashtra,Tier 1,2025-05-14
CUST-20253,Chennai,Tamil Nadu,Tier 1,2024-08-19
CUST-20254,Nagpur,Maharashtra,Tier 2,2024-04-10
CUST-20255,Mumbai,Maharashtra,Tier 1,2024-05-26
CUST-20256,Pune,Maharashtra,Tier 1,2025-05-21
CUST-20257,Kolkata,West Bengal,Tier 1,2025-07-11
CUST-20258,Bhopal,Madhya Pradesh,Tier 2,2024-04-13
CUST-20259,Mumbai,Maharashtra,Tier 1,2024-12-01
CUST-20260,Lucknow,Uttar Pradesh,Tier 2,2025-03-21
CUST-20261,Lucknow,Uttar Pradesh,Tier 2,2025-03-19
CUST-20262,Jaipur,Rajasthan,Tier 2,2024-04-27
CUST-20263,Bhubaneswar,Odisha,Tier 2,2025-05-31
CUST-20264,Indore,Madhya Pradesh,Tier 2,2025-07-20
CUST-20265,Mumbai,Maharashtra,Tier 1,2025-06-14
CUST-20266,Kolkata,West Bengal,Tier 1,2024-03-28
CUST-20267,Chennai,Tamil Nadu,Tier 1,2025-09-20
CUST-20268,Hyderabad,Telangana,Tier 1,2025-04-20
CUST-20269,Chennai,Tamil Nadu,Tier 1,2025-11-12
CUST-20270,Chennai,Tamil Nadu,Tier 1,2025-04-29
CUST-20271,Chennai,Tamil Nadu,Tier 1,2025-10-23
CUST-20272,Visakhapatnam,Andhra Pradesh,Tier 2,2024-10-21
CUST-20273,Mumbai,Maharashtra,Tier 1,2025-01-15
CUST-20274,Nagpur,Maharashtra,Tier 2,2024-10-09
CUST-20275,Kolkata,West Bengal,Tier 1,2025-11-16
CUST-20276,Pune,Maharashtra,Tier 1,2025-09-30
CUST-20277,Patna,Bihar,Tier 2,2024-06-04
CUST-20278,Hyderabad,Telangana,Tier 1,2024-06-28
CUST-20279,Chennai,Tamil Nadu,Tier 1,2024-03-27
CUST-20280,Chennai,Tamil Nadu,Tier 1,2025-02-09
CUST-20281,Chennai,Tamil Nadu,Tier 1,2025-05-10
CUST-20282,Nagpur,Maharashtra,Tier 2,2024-09-23
CUST-20283,Patna,Bihar,Tier 2,2025-08-16
CUST-20284,Delhi NCR,Delhi,Tier 1,2024-03-04
CUST-20285,Delhi NCR,Delhi,Tier 1,2024-04-28
CUST-20286,Chennai,Tamil Nadu,Tier 1,2024-12-06
CUST-20287,Delhi NCR,Delhi,Tier 1,2024-11-08
CUST-20288,Pune,Maharashtra,Tier 1,2024-06-11
CUST-20289,Delhi NCR,Delhi,Tier 1,2025-05-19
CUST-20290,Kolkata,West Bengal,Tier 1,2024-10-19
CUST-20291,Mumbai,Maharashtra,Tier 1,2025-11-20
CUST-20292,Hyderabad,Telangana,Tier 1,2025-01-11
CUST-20293,Jaipur,Rajasthan,Tier 2,2025-06-25
CUST-20294,Kolkata,West Bengal,Tier 1,2025-02-04
CUST-20295,Visakhapatnam,Andhra Pradesh,Tier 2,2025-11-03
CUST-20296,Bhopal,Madhya Pradesh,Tier 2,2025-02-03
CUST-20297,Hyderabad,Telangana,Tier 1,2025-02-02
CUST-20298,Mumbai,Maharashtra,Tier 1,2025-05-01
CUST-20299,Patna,Bihar,Tier 2,2025-05-29
CUST-20300,Coimbatore,Tamil Nadu,Tier 2,2024-01-24
CUST-20301,Indore,Madhya Pradesh,Tier 2,2024-02-28
CUST-20302,Delhi NCR,Delhi,Tier 1,2024-08-27
CUST-20303,Visakhapatnam,Andhra Pradesh,Tier 2,2024-11-06
CUST-20304,Bangalore,Karnataka,Tier 1,2024-11-16
CUST-20305,Ahmedabad,Gujarat,Tier 2,2025-11-02
CUST-20306,Coimbatore,Tamil Nadu,Tier 2,2025-04-25
CUST-20307,Bangalore,Karnataka,Tier 1,2025-07-25
CUST-20308,Coimbatore,Tamil Nadu,Tier 2,2025-02-17
CUST-20309,Hyderabad,Telangana,Tier 1,2024-11-17
CUST-20310,Visakhapatnam,Andhra Pradesh,Tier 2,2025-02-05
CUST-20311,Hyderabad,Telangana,Tier 1,2024-02-28
CUST-20312,Bhubaneswar,Odisha,Tier 2,2024-02-22
CUST-20313,Mumbai,Maharashtra,Tier 1,2024-03-04
CUST-20314,Ahmedabad,Gujarat,Tier 2,2025-09-24
CUST-20315,Kolkata,West Bengal,Tier 1,2024-04-28
CUST-20316,Kolkata,West Bengal,Tier 1,2024-10-12
CUST-20317,Bangalore,Karnataka,Tier 1,2024-01-18
CUST-20318,Lucknow,Uttar Pradesh,Tier 2,2024-01-05
CUST-20319,Bangalore,Karnataka,Tier 1,2025-01-26
CUST-20320,Kolkata,West Bengal,Tier 1,2024-06-08
CUST-20321,Bangalore,Karnataka,Tier 1,2024-05-21
CUST-20322,Bhubaneswar,Odisha,Tier 2,2025-01-31
CUST-20323,Mumbai,Maharashtra,Tier 1,2024-01-18
CUST-20324,Bangalore,Karnataka,Tier 1,2025-08-02
CUST-20325,Bangalore,Karnataka,Tier 1,2024-04-23
CUST-20326,Chennai,Tamil Nadu,Tier 1,2025-06-17
CUST-20327,Bangalore,Karnataka,Tier 1,2025-06-15
CUST-20328,Kolkata,West Bengal,Tier 1,2025-04-05
CUST-20329,Bhopal,Madhya Pradesh,Tier 2,2025-09-01
CUST-20330,Ahmedabad,Gujarat,Tier 2,2025-09-08
CUST-20331,Pune,Maharashtra,Tier 1,2024-10-12
CUST-20332,Mumbai,Maharashtra,Tier 1,2024-01-05
CUST-20333,Lucknow,Uttar Pradesh,Tier 2,2024-05-08
CUST-20334,Delhi NCR,Delhi,Tier 1,2025-11-01
CUST-20335,Kochi,Kerala,Tier 2,2025-05-13
CUST-20336,Bangalore,Karnataka,Tier 1,2024-10-02
CUST-20337,Chennai,Tamil Nadu,Tier 1,2024-03-23
CUST-20338,Hyderabad,Telangana,Tier 1,2024-04-27
CUST-20339,Bhopal,Madhya Pradesh,Tier 2,2024-01-29
CUST-20340,Delhi NCR,Delhi,Tier 1,2024-12-23
CUST-20341,Pune,Maharashtra,Tier 1,2025-10-11
CUST-20342,Delhi NCR,Delhi,Tier 1,2024-06-05
CUST-20343,Lucknow,Uttar Pradesh,Tier 2,2024-01-31
CUST-20344,Coimbatore,Tamil Nadu,Tier 2,2024-10-12
CUST-20345,Chennai,Tamil Nadu,Tier 1,2025-10-26
CUST-20346,Kolkata,West Bengal,Tier 1,2024-12-01
CUST-20347,Nagpur,Maharashtra,Tier 2,2025-07-23
CUST-20348,Kolkata,West Bengal,Tier 1,2024-11-08
CUST-20349,Kolkata,West Bengal,Tier 1,2025-08-21
CUST-20350,Pune,Maharashtra,Tier 1,2024-05-02
CUST-20351,Lucknow,Uttar Pradesh,Tier 2,2025-01-05
CUST-20352,Delhi NCR,Delhi,Tier 1,2024-11-09
CUST-20353,Indore,Madhya Pradesh,Tier 2,2024-01-28
CUST-20354,Chennai,Tamil Nadu,Tier 1,2024-06-03
CUST-20355,Mumbai,Maharashtra,Tier 1,2024-08-17
CUST-20356,Kochi,Kerala,Tier 2,2025-07-02
CUST-20357,Chennai,Tamil Nadu,Tier 1,2024-01-06
CUST-20358,Delhi NCR,Delhi,Tier 1,2025-04-17
CUST-20359,Pune,Maharashtra,Tier 1,2024-11-13
CUST-20360,Bhopal,Madhya Pradesh,Tier 2,2024-08-12
CUST-20361,Coimbatore,Tamil Nadu,Tier 2,2024-02-02
CUST-20362,Bhubaneswar,Odisha,Tier 2,2024-03-29
CUST-20363,Bhopal,Madhya Pradesh,Tier 2,2024-11-29
CUST-20364,Mumbai,Maharashtra,Tier 1,2024-02-09
CUST-20365,Chennai,Tamil Nadu,Tier 1,2025-11-11
CUST-20366,Indore,Madhya Pradesh,Tier 2,2025-01-09
CUST-20367,Hyderabad,Telangana,Tier 1,2024-10-24
CUST-20368,Pune,Maharashtra,Tier 1,2025-01-27
CUST-20369,Pune,Maharashtra,Tier 1,2024-01-18
CUST-20370,Hyderabad,Telangana,Tier 1,2025-06-10
CUST-20371,Coimbatore,Tamil Nadu,Tier 2,2024-05-11
CUST-20372,Kolkata,West Bengal,Tier 1,2024-10-16
CUST-20373,Kolkata,West Bengal,Tier 1,2024-07-27
CUST-20374,Visakhapatnam,Andhra Pradesh,Tier 2,2024-11-22
CUST-20375,Kolkata,West Bengal,Tier 1,2025-05-17
CUST-20376,Delhi NCR,Delhi,Tier 1,2024-10-05
CUST-20377,Kolkata,West Bengal,Tier 1,2025-01-16
CUST-20378,Indore,Madhya Pradesh,Tier 2,2024-11-04
CUST-20379,Kochi,Kerala,Tier 2,2024-10-03
CUST-20380,Kochi,Kerala,Tier 2,2024-03-16
CUST-20381,Lucknow,Uttar Pradesh,Tier 2,2024-10-24
CUST-20382,Bangalore,Karnataka,Tier 1,2025-01-12
CUST-20383,Bhopal,Madhya Pradesh,Tier 2,2025-03-08
CUST-20384,Coimbatore,Tamil Nadu,Tier 2,2024-04-21
CUST-20385,Bangalore,Karnataka,Tier 1,2024-03-12
CUST-20386,Delhi NCR,Delhi,Tier 1,2024-11-12
CUST-20387,Visakhapatnam,Andhra Pradesh,Tier 2,2024-01-21
CUST-20388,Bhopal,Madhya Pradesh,Tier 2,2024-07-06
CUST-20389,Coimbatore,Tamil Nadu,Tier 2,2024-04-30
CUST-20390,Coimbatore,Tamil Nadu,Tier 2,2024-12-07
CUST-20391,Kolkata,West Bengal,Tier 1,2025-10-14
CUST-20392,Pune,Maharashtra,Tier 1,2024-10-30
CUST-20393,Kolkata,West Bengal,Tier 1,2025-03-22
CUST-20394,Mumbai,Maharashtra,Tier 1,2025-05-10
CUST-20395,Chandigarh,Punjab,Tier 2,2025-06-04
CUST-20396,Kolkata,West Bengal,Tier 1,2024-07-03
CUST-20397,Pune,Maharashtra,Tier 1,2024-11-27
CUST-20398,Kolkata,West Bengal,Tier 1,2025-07-29
CUST-20399,Kolkata,West Bengal,Tier 1,2024-12-15
CUST-20400,Delhi NCR,Delhi,Tier 1,2024-11-15
CUST-20401,Hyderabad,Telangana,Tier 1,2025-06-20
CUST-20402,Delhi NCR,Delhi,Tier 1,2025-02-15
CUST-20403,Bangalore,Karnataka,Tier 1,2024-06-04
CUST-20404,Visakhapatnam,Andhra Pradesh,Tier 2,2025-10-12
CUST-20405,Delhi NCR,Delhi,Tier 1,2025-06-16
CUST-20406,Bangalore,Karnataka,Tier 1,2025-05-16
CUST-20407,Pune,Maharashtra,Tier 1,2025-04-30
CUST-20408,Pune,Maharashtra,Tier 1,2024-06-02
CUST-20409,Delhi NCR,Delhi,Tier 1,2024-03-08
CUST-20410,Kochi,Kerala,Tier 2,2025-05-06
CUST-20411,Kochi,Kerala,Tier 2,2024-02-10
CUST-20412,Bangalore,Karnataka,Tier 1,2025-06-10
CUST-20413,Hyderabad,Telangana,Tier 1,2024-06-17
CUST-20414,Nagpur,Maharashtra,Tier 2,2025-10-07
CUST-20415,Patna,Bihar,Tier 2,2024-04-21
CUST-20416,Lucknow,Uttar Pradesh,Tier 2,2025-04-07
CUST-20417,Mumbai,Maharashtra,Tier 1,2024-02-21
CUST-20418,Chennai,Tamil Nadu,Tier 1,2025-10-10
CUST-20419,Pune,Maharashtra,Tier 1,2024-09-11
CUST-20420,Bangalore,Karnataka,Tier 1,2025-09-18
CUST-20421,Chennai,Tamil Nadu,Tier 1,2024-06-06
CUST-20422,Pune,Maharashtra,Tier 1,2024-10-26
CUST-20423,Hyderabad,Telangana,Tier 1,2025-03-02
CUST-20424,Kochi,Kerala,Tier 2,2024-11-02
CUST-20425,Patna,Bihar,Tier 2,2024-04-08
CUST-20426,Hyderabad,Telangana,Tier 1,2024-04-30
CUST-20427,Patna,Bihar,Tier 2,2025-08-24
CUST-20428,Delhi NCR,Delhi,Tier 1,2024-01-30
CUST-20429,Patna,Bihar,Tier 2,2024-08-17
CUST-20430,Delhi NCR,Delhi,Tier 1,2025-10-12
CUST-20431,Mumbai,Maharashtra,Tier 1,2024-09-10
CUST-20432,Pune,Maharashtra,Tier 1,2025-02-07
CUST-20433,Kolkata,West Bengal,Tier 1,2025-05-08
CUST-20434,Coimbatore,Tamil Nadu,Tier 2,2024-01-31
CUST-20435,Hyderabad,Telangana,Tier 1,2024-06-10
CUST-20436,Hyderabad,Telangana,Tier 1,2025-03-07
CUST-20437,Kolkata,West Bengal,Tier 1,2024-06-04
CUST-20438,Chennai,Tamil Nadu,Tier 1,2024-11-18
CUST-20439,Hyderabad,Telangana,Tier 1,2025-09-20
CUST-20440,Lucknow,Uttar Pradesh,Tier 2,2024-07-09
CUST-20441,Chandigarh,Punjab,Tier 2,2024-06-24
CUST-20442,Patna,Bihar,Tier 2,2025-05-31
CUST-20443,Visakhapatnam,Andhra Pradesh,Tier 2,2025-06-07
CUST-20444,Bangalore,Karnataka,Tier 1,2025-07-24
CUST-20445,Ahmedabad,Gujarat,Tier 2,2024-12-04
CUST-20446,Chennai,Tamil Nadu,Tier 1,2025-08-27
CUST-20447,Jaipur,Rajasthan,Tier 2,2024-11-14
CUST-20448,Kolkata,West Bengal,Tier 1,2024-04-20
CUST-20449,Visakhapatnam,Andhra Pradesh,Tier 2,2025-04-17
CUST-20450,Ahmedabad,Gujarat,Tier 2,2024-01-17
CUST-20451,Bhubaneswar,Odisha,Tier 2,2024-08-07
CUST-20452,Patna,Bihar,Tier 2,2025-05-01
CUST-20453,Coimbatore,Tamil Nadu,Tier 2,2024-10-31
CUST-20454,Indore,Madhya Pradesh,Tier 2,2025-05-31
CUST-20455,Chennai,Tamil Nadu,Tier 1,2024-05-08
CUST-20456,Bangalore,Karnataka,Tier 1,2025-09-15
CUST-20457,Hyderabad,Telangana,Tier 1,2024-01-24
CUST-20458,Mumbai,Maharashtra,Tier 1,2025-06-24
CUST-20459,Kolkata,West Bengal,Tier 1,2024-05-11
CUST-20460,Kolkata,West Bengal,Tier 1,2025-07-09
CUST-20461,Kolkata,West Bengal,Tier 1,2024-11-16
CUST-20462,Visakhapatnam,Andhra Pradesh,Tier 2,2025-05-11
CUST-20463,Coimbatore,Tamil Nadu,Tier 2,2025-01-16
CUST-20464,Delhi NCR,Delhi,Tier 1,2024-08-03
CUST-20465,Hyderabad,Telangana,Tier 1,2025-06-26
CUST-20466,Chennai,Tamil Nadu,Tier 1,2024-01-11
CUST-20467,Hyderabad,Telangana,Tier 1,2024-03-22
CUST-20468,Indore,Madhya Pradesh,Tier 2,2024-06-04
CUST-20469,Kolkata,West Bengal,Tier 1,2024-06-14
CUST-20470,Pune,Maharashtra,Tier 1,2024-07-26
CUST-20471,Patna,Bihar,Tier 2,2024-01-24
CUST-20472,Indore,Madhya Pradesh,Tier 2,2025-11-21
CUST-20473,Delhi NCR,Delhi,Tier 1,2024-11-27
CUST-20474,Ahmedabad,Gujarat,Tier 2,2025-07-15
CUST-20475,Chennai,Tamil Nadu,Tier 1,2025-06-02
CUST-20476,Hyderabad,Telangana,Tier 1,2025-05-25
CUST-20477,Mumbai,Maharashtra,Tier 1,2025-09-03
CUST-20478,Kolkata,West Bengal,Tier 1,2025-08-15
CUST-20479,Hyderabad,Telangana,Tier 1,2024-08-28
CUST-20480,Bangalore,Karnataka,Tier 1,2024-06-29
CUST-20481,Lucknow,Uttar Pradesh,Tier 2,2024-10-19
CUST-20482,Kochi,Kerala,Tier 2,2024-03-23
CUST-20483,Bangalore,Karnataka,Tier 1,2025-07-19
CUST-20484,Mumbai,Maharashtra,Tier 1,2024-03-30
CUST-20485,Patna,Bihar,Tier 2,2025-03-14
CUST-20486,Mumbai,Maharashtra,Tier 1,2025-06-26
CUST-20487,Nagpur,Maharashtra,Tier 2,2024-07-11
CUST-20488,Pune,Maharashtra,Tier 1,2025-05-02
CUST-20489,Hyderabad,Telangana,Tier 1,2025-09-03
CUST-20490,Bangalore,Karnataka,Tier 1,2024-12-14
CUST-20491,Mumbai,Maharashtra,Tier 1,2024-03-29
CUST-20492,Bangalore,Karnataka,Tier 1,2024-05-02
CUST-20493,Delhi NCR,Delhi,Tier 1,2025-01-08
CUST-20494,Pune,Maharashtra,Tier 1,2024-02-16
CUST-20495,Delhi NCR,Delhi,Tier 1,2025-03-08
CUST-20496,Kolkata,West Bengal,Tier 1,2024-05-25
CUST-20497,Pune,Maharashtra,Tier 1,2024-01-03
CUST-20498,Hyderabad,Telangana,Tier 1,2025-06-13
CUST-20499,Mumbai,Maharashtra,Tier 1,2024-11-09
CUST-20500,Mumbai,Maharashtra,Tier 1,2024-11-22
CUST-20501,Mumbai,Maharashtra,Tier 1,2024-03-21
CUST-20502,Chandigarh,Punjab,Tier 2,2024-06-01
CUST-20503,Hyderabad,Telangana,Tier 1,2025-02-05
CUST-20504,Indore,Madhya Pradesh,Tier 2,2025-05-02
CUST-20505,Chennai,Tamil Nadu,Tier 1,2024-03-07
CUST-20506,Chennai,Tamil Nadu,Tier 1,2024-03-29
CUST-20507,Kolkata,West Bengal,Tier 1,2024-05-14
CUST-20508,Ahmedabad,Gujarat,Tier 2,2024-07-20
CUST-20509,Bangalore,Karnataka,Tier 1,2025-03-03
CUST-20510,Delhi NCR,Delhi,Tier 1,2024-06-27
CUST-20511,Kolkata,West Bengal,Tier 1,2024-12-04
CUST-20512,Hyderabad,Telangana,Tier 1,2024-03-19
CUST-20513,Chennai,Tamil Nadu,Tier 1,2025-08-19
CUST-20514,Pune,Maharashtra,Tier 1,2025-06-16
CUST-20515,Kolkata,West Bengal,Tier 1,2025-01-12
CUST-20516,Pune,Maharashtra,Tier 1,2024-06-13
CUST-20517,Kolkata,West Bengal,Tier 1,2025-06-23
CUST-20518,Chandigarh,Punjab,Tier 2,2025-11-27
CUST-20519,Lucknow,Uttar Pradesh,Tier 2,2024-06-03
CUST-20520,Kolkata,West Bengal,Tier 1,2024-05-02
CUST-20521,Jaipur,Rajasthan,Tier 2,2025-08-21
CUST-20522,Bhopal,Madhya Pradesh,Tier 2,2024-07-20
CUST-20523,Chennai,Tamil Nadu,Tier 1,2024-02-09
CUST-20524,Chennai,Tamil Nadu,Tier 1,2024-06-17
CUST-20525,Chandigarh,Punjab,Tier 2,2024-03-10
CUST-20526,Pune,Maharashtra,Tier 1,2024-11-25
CUST-20527,Mumbai,Maharashtra,Tier 1,2025-03-15
CUST-20528,Coimbatore,Tamil Nadu,Tier 2,2025-02-02
CUST-20529,Mumbai,Maharashtra,Tier 1,2025-05-07
CUST-20530,Chandigarh,Punjab,Tier 2,2024-12-19
CUST-20531,Chandigarh,Punjab,Tier 2,2024-11-23
CUST-20532,Bhubaneswar,Odisha,Tier 2,2025-05-12
CUST-20533,Mumbai,Maharashtra,Tier 1,2025-02-22
CUST-20534,Pune,Maharashtra,Tier 1,2025-05-17
CUST-20535,Chennai,Tamil Nadu,Tier 1,2025-06-22
CUST-20536,Hyderabad,Telangana,Tier 1,2024-12-10
CUST-20537,Mumbai,Maharashtra,Tier 1,2025-10-04
CUST-20538,Pune,Maharashtra,Tier 1,2025-01-11
CUST-20539,Kolkata,West Bengal,Tier 1,2024-10-21
CUST-20540,Delhi NCR,Delhi,Tier 1,2024-10-14
CUST-20541,Pune,Maharashtra,Tier 1,2024-09-10
CUST-20542,Chandigarh,Punjab,Tier 2,2025-03-09
CUST-20543,Kochi,Kerala,Tier 2,2025-05-15
CUST-20544,Coimbatore,Tamil Nadu,Tier 2,2024-03-25
CUST-20545,Chennai,Tamil Nadu,Tier 1,2025-06-04
CUST-20546,Bhubaneswar,Odisha,Tier 2,2025-07-15
CUST-20547,Bhopal,Madhya Pradesh,Tier 2,2025-05-27
CUST-20548,Hyderabad,Telangana,Tier 1,2025-05-30
CUST-20549,Delhi NCR,Delhi,Tier 1,2025-05-30
CUST-20550,Chennai,Tamil Nadu,Tier 1,2025-05-11
CUST-20551,Chennai,Tamil Nadu,Tier 1,2025-08-24
CUST-20552,Pune,Maharashtra,Tier 1,2024-06-10
CUST-20553,Pune,Maharashtra,Tier 1,2025-10-28
CUST-20554,Chandigarh,Punjab,Tier 2,2025-06-10
CUST-20555,Kolkata,West Bengal,Tier 1,2024-12-30
CUST-20556,Delhi NCR,Delhi,Tier 1,2025-06-27
CUST-20557,Bhopal,Madhya Pradesh,Tier 2,2025-02-28
CUST-20558,Hyderabad,Telangana,Tier 1,2025-07-28
CUST-20559,Visakhapatnam,Andhra Pradesh,Tier 2,2024-12-29
CUST-20560,Delhi NCR,Delhi,Tier 1,2024-04-17
CUST-20561,Bhubaneswar,Odisha,Tier 2,2024-01-14
CUST-20562,Mumbai,Maharashtra,Tier 1,2024-01-23
CUST-20563,Bangalore,Karnataka,Tier 1,2025-09-14
CUST-20564,Mumbai,Maharashtra,Tier 1,2024-11-16
CUST-20565,Lucknow,Uttar Pradesh,Tier 2,2025-05-24
CUST-20566,Patna,Bihar,Tier 2,2025-11-02
CUST-20567,Chennai,Tamil Nadu,Tier 1,2024-02-10
CUST-20568,Nagpur,Maharashtra,Tier 2,2024-10-30
CUST-20569,Pune,Maharashtra,Tier 1,2025-10-17
CUST-20570,Pune,Maharashtra,Tier 1,2025-02-18
CUST-20571,Patna,Bihar,Tier 2,2025-03-25
CUST-20572,Hyderabad,Telangana,Tier 1,2025-01-28
CUST-20573,Hyderabad,Telangana,Tier 1,2025-10-26
CUST-20574,Coimbatore,Tamil Nadu,Tier 2,2025-08-16
CUST-20575,Coimbatore,Tamil Nadu,Tier 2,2024-12-30
CUST-20576,Visakhapatnam,Andhra Pradesh,Tier 2,2025-03-04
CUST-20577,Coimbatore,Tamil Nadu,Tier 2,2024-05-31
CUST-20578,Delhi NCR,Delhi,Tier 1,2024-09-15
CUST-20579,Indore,Madhya Pradesh,Tier 2,2025-08-13
CUST-20580,Chennai,Tamil Nadu,Tier 1,2024-08-10
CUST-20581,Visakhapatnam,Andhra Pradesh,Tier 2,2024-09-22
CUST-20582,Kolkata,West Bengal,Tier 1,2024-08-17
CUST-20583,Kolkata,West Bengal,Tier 1,2025-03-14
CUST-20584,Kolkata,West Bengal,Tier 1,2024-05-29
CUST-20585,Hyderabad,Telangana,Tier 1,2025-04-01
CUST-20586,Mumbai,Maharashtra,Tier 1,2024-05-15
CUST-20587,Coimbatore,Tamil Nadu,Tier 2,2025-09-26
CUST-20588,Indore,Madhya Pradesh,Tier 2,2025-02-02
CUST-20589,Delhi NCR,Delhi,Tier 1,2025-09-13
CUST-20590,Kochi,Kerala,Tier 2,2024-05-22
CUST-20591,Pune,Maharashtra,Tier 1,2024-03-10
CUST-20592,Chennai,Tamil Nadu,Tier 1,2024-02-23
CUST-20593,Bangalore,Karnataka,Tier 1,2025-02-06
CUST-20594,Bhopal,Madhya Pradesh,Tier 2,2025-07-05
CUST-20595,Lucknow,Uttar Pradesh,Tier 2,2024-01-27
CUST-20596,Kolkata,West Bengal,Tier 1,2024-10-25
CUST-20597,Pune,Maharashtra,Tier 1,2025-11-22
CUST-20598,Mumbai,Maharashtra,Tier 1,2025-07-11
CUST-20599,Kolkata,West Bengal,Tier 1,2025-10-15
CUST-20600,Bangalore,Karnataka,Tier 1,2024-11-15
CUST-20601,Bangalore,Karnataka,Tier 1,2025-03-20
CUST-20602,Jaipur,Rajasthan,Tier 2,2024-04-07
CUST-20603,Coimbatore,Tamil Nadu,Tier 2,2024-05-05
CUST-20604,Chennai,Tamil Nadu,Tier 1,2024-02-27
CUST-20605,Bangalore,Karnataka,Tier 1,2024-06-25
CUST-20606,Pune,Maharashtra,Tier 1,2024-10-11
CUST-20607,Bhopal,Madhya Pradesh,Tier 2,2025-10-27
CUST-20608,Chandigarh,Punjab,Tier 2,2024-01-27
CUST-20609,Bhopal,Madhya Pradesh,Tier 2,2025-03-26
CUST-20610,Kolkata,West Bengal,Tier 1,2024-11-18
CUST-20611,Chandigarh,Punjab,Tier 2,2025-11-05
CUST-20612,Delhi NCR,Delhi,Tier 1,2024-09-06
CUST-20613,Hyderabad,Telangana,Tier 1,2025-11-30
CUST-20614,Chennai,Tamil Nadu,Tier 1,2025-01-04
CUST-20615,Kolkata,West Bengal,Tier 1,2024-03-30
CUST-20616,Nagpur,Maharashtra,Tier 2,2024-05-10
CUST-20617,Bhopal,Madhya Pradesh,Tier 2,2025-06-08
CUST-20618,Delhi NCR,Delhi,Tier 1,2024-01-29
CUST-20619,Delhi NCR,Delhi,Tier 1,2025-06-27
CUST-20620,Hyderabad,Telangana,Tier 1,2025-10-23
CUST-20621,Hyderabad,Telangana,Tier 1,2024-03-26
CUST-20622,Pune,Maharashtra,Tier 1,2024-02-27
CUST-20623,Coimbatore,Tamil Nadu,Tier 2,2024-02-26
CUST-20624,Bhubaneswar,Odisha,Tier 2,2025-01-28
CUST-20625,Jaipur,Rajasthan,Tier 2,2024-01-25
CUST-20626,Patna,Bihar,Tier 2,2024-07-08
CUST-20627,Kolkata,West Bengal,Tier 1,2024-03-16
CUST-20628,Bangalore,Karnataka,Tier 1,2025-01-05
CUST-20629,Kolkata,West Bengal,Tier 1,2025-05-20
CUST-20630,Kolkata,West Bengal,Tier 1,2024-07-01
CUST-20631,Chandigarh,Punjab,Tier 2,2024-06-02
CUST-20632,Bangalore,Karnataka,Tier 1,2024-09-25
CUST-20633,Hyderabad,Telangana,Tier 1,2024-10-04
CUST-20634,Hyderabad,Telangana,Tier 1,2024-12-05
CUST-20635,Bhubaneswar,Odisha,Tier 2,2024-01-23
CUST-20636,Chennai,Tamil Nadu,Tier 1,2025-03-07
CUST-20637,Chandigarh,Punjab,Tier 2,2025-06-09
CUST-20638,Chandigarh,Punjab,Tier 2,2025-08-28
CUST-20639,Bangalore,Karnataka,Tier 1,2024-12-08
CUST-20640,Pune,Maharashtra,Tier 1,2024-02-21
CUST-20641,Coimbatore,Tamil Nadu,Tier 2,2024-12-04
CUST-20642,Kolkata,West Bengal,Tier 1,2024-02-10
CUST-20643,Bhubaneswar,Odisha,Tier 2,2025-11-06
CUST-20644,Bangalore,Karnataka,Tier 1,2025-06-01
CUST-20645,Mumbai,Maharashtra,Tier 1,2025-02-10
CUST-20646,Coimbatore,Tamil Nadu,Tier 2,2024-05-17
CUST-20647,Patna,Bihar,Tier 2,2024-04-08
CUST-20648,Visakhapatnam,Andhra Pradesh,Tier 2,2024-12-06
CUST-20649,Lucknow,Uttar Pradesh,Tier 2,2024-11-11
CUST-20650,Nagpur,Maharashtra,Tier 2,2025-06-25
CUST-20651,Patna,Bihar,Tier 2,2024-08-12
CUST-20652,Patna,Bihar,Tier 2,2024-09-17
CUST-20653,Pune,Maharashtra,Tier 1,2024-09-03
CUST-20654,Chennai,Tamil Nadu,Tier 1,2024-03-19
CUST-20655,Nagpur,Maharashtra,Tier 2,2025-11-27
CUST-20656,Chennai,Tamil Nadu,Tier 1,2025-11-22
CUST-20657,Kolkata,West Bengal,Tier 1,2025-04-17
CUST-20658,Chennai,Tamil Nadu,Tier 1,2024-03-17
CUST-20659,Pune,Maharashtra,Tier 1,2024-09-18
CUST-20660,Kolkata,West Bengal,Tier 1,2024-01-02
CUST-20661,Mumbai,Maharashtra,Tier 1,2024-01-17
CUST-20662,Bhopal,Madhya Pradesh,Tier 2,2024-12-09
CUST-20663,Chennai,Tamil Nadu,Tier 1,2024-01-12
CUST-20664,Pune,Maharashtra,Tier 1,2025-11-24
CUST-20665,Delhi NCR,Delhi,Tier 1,2024-01-07
CUST-20666,Mumbai,Maharashtra,Tier 1,2024-09-02
CUST-20667,Bangalore,Karnataka,Tier 1,2024-06-05
CUST-20668,Lucknow,Uttar Pradesh,Tier 2,2024-06-22
CUST-20669,Delhi NCR,Delhi,Tier 1,2025-05-01
CUST-20670,Coimbatore,Tamil Nadu,Tier 2,2025-11-23
CUST-20671,Bangalore,Karnataka,Tier 1,2024-10-07
CUST-20672,Bangalore,Karnataka,Tier 1,2024-11-04
CUST-20673,Delhi NCR,Delhi,Tier 1,2024-08-24
CUST-20674,Mumbai,Maharashtra,Tier 1,2024-06-05
CUST-20675,Kochi,Kerala,Tier 2,2024-09-07
CUST-20676,Bhopal,Madhya Pradesh,Tier 2,2024-08-08
CUST-20677,Pune,Maharashtra,Tier 1,2024-12-03
CUST-20678,Bangalore,Karnataka,Tier 1,2024-08-10
CUST-20679,Hyderabad,Telangana,Tier 1,2024-07-29
CUST-20680,Kolkata,West Bengal,Tier 1,2024-12-02
CUST-20681,Bhubaneswar,Odisha,Tier 2,2024-05-13
CUST-20682,Bangalore,Karnataka,Tier 1,2025-05-09
CUST-20683,Ahmedabad,Gujarat,Tier 2,2025-06-30
CUST-20684,Chennai,Tamil Nadu,Tier 1,2024-07-01
CUST-20685,Hyderabad,Telangana,Tier 1,2024-06-09
CUST-20686,Chennai,Tamil Nadu,Tier 1,2025-08-27
CUST-20687,Mumbai,Maharashtra,Tier 1,2025-01-21
CUST-20688,Indore,Madhya Pradesh,Tier 2,2024-07-15
CUST-20689,Bangalore,Karnataka,Tier 1,2025-04-28
CUST-20690,Ahmedabad,Gujarat,Tier 2,2025-05-16
CUST-20691,Mumbai,Maharashtra,Tier 1,2025-05-03
CUST-20692,Bhubaneswar,Odisha,Tier 2,2024-12-17
CUST-20693,Bangalore,Karnataka,Tier 1,2025-06-13
CUST-20694,Bhopal,Madhya Pradesh,Tier 2,2024-08-21
CUST-20695,Indore,Madhya Pradesh,Tier 2,2025-07-31
CUST-20696,Bhubaneswar,Odisha,Tier 2,2025-02-12
CUST-20697,Kolkata,West Bengal,Tier 1,2024-10-02
CUST-20698,Ahmedabad,Gujarat,Tier 2,2025-04-03
CUST-20699,Hyderabad,Telangana,Tier 1,2025-03-28
CUST-20700,Delhi NCR,Delhi,Tier 1,2025-02-16
CUST-20701,Chennai,Tamil Nadu,Tier 1,2024-01-18
CUST-20702,Delhi NCR,Delhi,Tier 1,2024-03-12
CUST-20703,Visakhapatnam,Andhra Pradesh,Tier 2,2025-10-28
CUST-20704,Delhi NCR,Delhi,Tier 1,2025-01-12
CUST-20705,Pune,Maharashtra,Tier 1,2025-11-12
CUST-20706,Pune,Maharashtra,Tier 1,2024-12-20
CUST-20707,Kolkata,West Bengal,Tier 1,2024-05-30
CUST-20708,Jaipur,Rajasthan,Tier 2,2024-09-17
CUST-20709,Delhi NCR,Delhi,Tier 1,2024-03-20
CUST-20710,Kolkata,West Bengal,Tier 1,2024-04-15
CUST-20711,Hyderabad,Telangana,Tier 1,2025-06-06
CUST-20712,Nagpur,Maharashtra,Tier 2,2025-02-06
CUST-20713,Chandigarh,Punjab,Tier 2,2024-05-09
CUST-20714,Visakhapatnam,Andhra Pradesh,Tier 2,2024-06-19
CUST-20715,Mumbai,Maharashtra,Tier 1,2025-02-09
CUST-20716,Hyderabad,Telangana,Tier 1,2024-02-02
CUST-20717,Bangalore,Karnataka,Tier 1,2025-06-19
CUST-20718,Mumbai,Maharashtra,Tier 1,2024-07-15
CUST-20719,Bangalore,Karnataka,Tier 1,2024-02-15
CUST-20720,Jaipur,Rajasthan,Tier 2,2024-09-30
CUST-20721,Bangalore,Karnataka,Tier 1,2024-05-12
CUST-20722,Kolkata,West Bengal,Tier 1,2024-09-20
CUST-20723,Coimbatore,Tamil Nadu,Tier 2,2025-08-19
CUST-20724,Lucknow,Uttar Pradesh,Tier 2,2025-01-01
CUST-20725,Chennai,Tamil Nadu,Tier 1,2024-01-05
CUST-20726,Chennai,Tamil Nadu,Tier 1,2024-09-25
CUST-20727,Chennai,Tamil Nadu,Tier 1,2025-02-24
CUST-20728,Delhi NCR,Delhi,Tier 1,2024-12-11
CUST-20729,Pune,Maharashtra,Tier 1,2024-03-09
CUST-20730,Hyderabad,Telangana,Tier 1,2024-12-23
CUST-20731,Patna,Bihar,Tier 2,2025-11-18
CUST-20732,Chandigarh,Punjab,Tier 2,2025-01-20
CUST-20733,Pune,Maharashtra,Tier 1,2024-11-20
CUST-20734,Hyderabad,Telangana,Tier 1,2025-04-25
CUST-20735,Bangalore,Karnataka,Tier 1,2024-06-27
CUST-20736,Kochi,Kerala,Tier 2,2024-09-12
CUST-20737,Kolkata,West Bengal,Tier 1,2025-02-22
CUST-20738,Bangalore,Karnataka,Tier 1,2024-07-29
CUST-20739,Bangalore,Karnataka,Tier 1,2025-08-06
CUST-20740,Delhi NCR,Delhi,Tier 1,2025-01-01
CUST-20741,Kochi,Kerala,Tier 2,2025-07-30
CUST-20742,Bangalore,Karnataka,Tier 1,2024-06-14
CUST-20743,Kolkata,West Bengal,Tier 1,2024-08-01
CUST-20744,Chennai,Tamil Nadu,Tier 1,2025-06-12
CUST-20745,Pune,Maharashtra,Tier 1,2024-06-21
CUST-20746,Bhopal,Madhya Pradesh,Tier 2,2024-05-08
CUST-20747,Bhopal,Madhya Pradesh,Tier 2,2024-01-03
CUST-20748,Chennai,Tamil Nadu,Tier 1,2024-03-10
CUST-20749,Mumbai,Maharashtra,Tier 1,2024-02-21
CUST-20750,Chennai,Tamil Nadu,Tier 1,2025-03-12
CUST-20751,Pune,Maharashtra,Tier 1,2025-01-12
CUST-20752,Pune,Maharashtra,Tier 1,2024-04-03
CUST-20753,Jaipur,Rajasthan,Tier 2,2025-07-12
CUST-20754,Delhi NCR,Delhi,Tier 1,2025-08-09
CUST-20755,Pune,Maharashtra,Tier 1,2025-08-25
CUST-20756,Delhi NCR,Delhi,Tier 1,2024-03-26
CUST-20757,Chandigarh,Punjab,Tier 2,2025-06-01
CUST-20758,Hyderabad,Telangana,Tier 1,2025-03-05
CUST-20759,Ahmedabad,Gujarat,Tier 2,2024-02-12
CUST-20760,Mumbai,Maharashtra,Tier 1,2025-01-04
CUST-20761,Chennai,Tamil Nadu,Tier 1,2025-02-07
CUST-20762,Lucknow,Uttar Pradesh,Tier 2,2024-10-29
CUST-20763,Bangalore,Karnataka,Tier 1,2024-06-30
CUST-20764,Kochi,Kerala,Tier 2,2024-06-17
CUST-20765,Pune,Maharashtra,Tier 1,2024-07-21
CUST-20766,Pune,Maharashtra,Tier 1,2025-06-26
CUST-20767,Hyderabad,Telangana,Tier 1,2024-04-11
CUST-20768,Kolkata,West Bengal,Tier 1,2025-07-29
CUST-20769,Pune,Maharashtra,Tier 1,2024-12-11
CUST-20770,Kolkata,West Bengal,Tier 1,2025-08-25
CUST-20771,Lucknow,Uttar Pradesh,Tier 2,2025-03-17
CUST-20772,Chennai,Tamil Nadu,Tier 1,2024-09-06
CUST-20773,Bangalore,Karnataka,Tier 1,2024-07-01
CUST-20774,Bangalore,Karnataka,Tier 1,2024-10-28
CUST-20775,Mumbai,Maharashtra,Tier 1,2024-10-06
CUST-20776,Hyderabad,Telangana,Tier 1,2024-03-29
CUST-20777,Chandigarh,Punjab,Tier 2,2025-02-28
CUST-20778,Kochi,Kerala,Tier 2,2024-10-11
CUST-20779,Bangalore,Karnataka,Tier 1,2025-11-01
CUST-20780,Bhubaneswar,Odisha,Tier 2,2024-05-09
CUST-20781,Kolkata,West Bengal,Tier 1,2024-09-04
CUST-20782,Nagpur,Maharashtra,Tier 2,2025-10-13
CUST-20783,Lucknow,Uttar Pradesh,Tier 2,2024-07-07
CUST-20784,Ahmedabad,Gujarat,Tier 2,2024-03-31
CUST-20785,Mumbai,Maharashtra,Tier 1,2025-07-21
CUST-20786,Bangalore,Karnataka,Tier 1,2024-06-13
CUST-20787,Mumbai,Maharashtra,Tier 1,2025-07-01
CUST-20788,Ahmedabad,Gujarat,Tier 2,2024-11-25
CUST-20789,Hyderabad,Telangana,Tier 1,2025-06-24
CUST-20790,Kochi,Kerala,Tier 2,2024-03-20
CUST-20791,Hyderabad,Telangana,Tier 1,2024-06-17
CUST-20792,Indore,Madhya Pradesh,Tier 2,2025-06-28
CUST-20793,Delhi NCR,Delhi,Tier 1,2024-04-02
CUST-20794,Delhi NCR,Delhi,Tier 1,2025-09-15
CUST-20795,Hyderabad,Telangana,Tier 1,2025-01-13
CUST-20796,Chennai,Tamil Nadu,Tier 1,2024-07-27
CUST-20797,Hyderabad,Telangana,Tier 1,2024-07-12
CUST-20798,Chandigarh,Punjab,Tier 2,2024-09-20
CUST-20799,Delhi NCR,Delhi,Tier 1,2024-09-03
CUST-20800,Hyderabad,Telangana,Tier 1,2025-09-21
CUST-20801,Patna,Bihar,Tier 2,2025-03-23
CUST-20802,Mumbai,Maharashtra,Tier 1,2025-06-04
CUST-20803,Bhubaneswar,Odisha,Tier 2,2025-04-23
CUST-20804,Visakhapatnam,Andhra Pradesh,Tier 2,2024-10-03
CUST-20805,Mumbai,Maharashtra,Tier 1,2024-05-08
CUST-20806,Hyderabad,Telangana,Tier 1,2024-10-28
CUST-20807,Chennai,Tamil Nadu,Tier 1,2025-07-27
CUST-20808,Kochi,Kerala,Tier 2,2025-05-28
CUST-20809,Pune,Maharashtra,Tier 1,2024-12-25
CUST-20810,Pune,Maharashtra,Tier 1,2024-12-22
CUST-20811,Chandigarh,Punjab,Tier 2,2025-04-10
CUST-20812,Delhi NCR,Delhi,Tier 1,2024-06-20
CUST-20813,Patna,Bihar,Tier 2,2024-03-28
CUST-20814,Lucknow,Uttar Pradesh,Tier 2,2025-05-14
CUST-20815,Pune,Maharashtra,Tier 1,2024-03-23
CUST-20816,Coimbatore,Tamil Nadu,Tier 2,2025-05-31
CUST-20817,Lucknow,Uttar Pradesh,Tier 2,2025-07-04
CUST-20818,Bangalore,Karnataka,Tier 1,2024-11-17
CUST-20819,Chennai,Tamil Nadu,Tier 1,2025-04-09
CUST-20820,Kolkata,West Bengal,Tier 1,2025-08-09
CUST-20821,Mumbai,Maharashtra,Tier 1,2025-09-04
CUST-20822,Bhubaneswar,Odisha,Tier 2,2024-05-20
CUST-20823,Delhi NCR,Delhi,Tier 1,2025-08-27
CUST-20824,Lucknow,Uttar Pradesh,Tier 2,2025-09-22
CUST-20825,Kolkata,West Bengal,Tier 1,2025-09-12
CUST-20826,Mumbai,Maharashtra,Tier 1,2025-07-08
CUST-20827,Nagpur,Maharashtra,Tier 2,2024-05-15
CUST-20828,Patna,Bihar,Tier 2,2024-11-25
CUST-20829,Kolkata,West Bengal,Tier 1,2025-01-29
CUST-20830,Bangalore,Karnataka,Tier 1,2024-06-04
CUST-20831,Delhi NCR,Delhi,Tier 1,2024-02-08
CUST-20832,Hyderabad,Telangana,Tier 1,2024-10-08
CUST-20833,Bangalore,Karnataka,Tier 1,2025-06-21
CUST-20834,Kolkata,West Bengal,Tier 1,2025-06-27
CUST-20835,Bhubaneswar,Odisha,Tier 2,2024-02-15
CUST-20836,Pune,Maharashtra,Tier 1,2025-10-29
CUST-20837,Coimbatore,Tamil Nadu,Tier 2,2024-08-31
CUST-20838,Jaipur,Rajasthan,Tier 2,2025-06-30
CUST-20839,Kolkata,West Bengal,Tier 1,2025-03-25
CUST-20840,Bhopal,Madhya Pradesh,Tier 2,2024-10-04
CUST-20841,Kolkata,West Bengal,Tier 1,2025-02-09
CUST-20842,Bhopal,Madhya Pradesh,Tier 2,2024-02-15
CUST-20843,Hyderabad,Telangana,Tier 1,2025-06-03
CUST-20844,Delhi NCR,Delhi,Tier 1,2024-09-27
CUST-20845,Bhopal,Madhya Pradesh,Tier 2,2025-07-09
CUST-20846,Pune,Maharashtra,Tier 1,2024-08-25
CUST-20847,Coimbatore,Tamil Nadu,Tier 2,2024-06-15
CUST-20848,Nagpur,Maharashtra,Tier 2,2025-01-10
CUST-20849,Mumbai,Maharashtra,Tier 1,2025-08-10
CUST-20850,Kolkata,West Bengal,Tier 1,2025-10-30
CUST-20851,Chennai,Tamil Nadu,Tier 1,2024-07-19
CUST-20852,Pune,Maharashtra,Tier 1,2024-08-19
CUST-20853,Kochi,Kerala,Tier 2,2025-03-21
CUST-20854,Hyderabad,Telangana,Tier 1,2025-02-21
CUST-20855,Kolkata,West Bengal,Tier 1,2024-06-02
CUST-20856,Ahmedabad,Gujarat,Tier 2,2025-01-02
CUST-20857,Delhi NCR,Delhi,Tier 1,2024-03-27
CUST-20858,Indore,Madhya Pradesh,Tier 2,2025-06-13
CUST-20859,Pune,Maharashtra,Tier 1,2024-02-23
CUST-20860,Bhubaneswar,Odisha,Tier 2,2024-02-11
CUST-20861,Hyderabad,Telangana,Tier 1,2024-12-14
CUST-20862,Delhi NCR,Delhi,Tier 1,2024-08-17
CUST-20863,Kolkata,West Bengal,Tier 1,2025-11-24
CUST-20864,Mumbai,Maharashtra,Tier 1,2025-03-11
CUST-20865,Bhubaneswar,Odisha,Tier 2,2024-05-20
CUST-20866,Mumbai,Maharashtra,Tier 1,2024-10-14
CUST-20867,Chandigarh,Punjab,Tier 2,2024-11-17
CUST-20868,Kolkata,West Bengal,Tier 1,2025-08-16
CUST-20869,Hyderabad,Telangana,Tier 1,2025-03-17
CUST-20870,Mumbai,Maharashtra,Tier 1,2024-06-15
CUST-20871,Pune,Maharashtra,Tier 1,2025-07-19
CUST-20872,Pune,Maharashtra,Tier 1,2025-04-07
CUST-20873,Hyderabad,Telangana,Tier 1,2025-03-31
CUST-20874,Coimbatore,Tamil Nadu,Tier 2,2024-03-13
CUST-20875,Hyderabad,Telangana,Tier 1,2025-11-13
CUST-20876,Chennai,Tamil Nadu,Tier 1,2024-09-26
CUST-20877,Kolkata,West Bengal,Tier 1,2024-08-06
CUST-20878,Delhi NCR,Delhi,Tier 1,2025-10-09
CUST-20879,Nagpur,Maharashtra,Tier 2,2025-06-30
CUST-20880,Chennai,Tamil Nadu,Tier 1,2025-10-19
CUST-20881,Mumbai,Maharashtra,Tier 1,2024-07-01
CUST-20882,Chennai,Tamil Nadu,Tier 1,2024-03-18
CUST-20883,Pune,Maharashtra,Tier 1,2024-11-03
CUST-20884,Kolkata,West Bengal,Tier 1,2024-11-23
CUST-20885,Lucknow,Uttar Pradesh,Tier 2,2025-02-24
CUST-20886,Mumbai,Maharashtra,Tier 1,2024-08-23
CUST-20887,Hyderabad,Telangana,Tier 1,2025-08-11
CUST-20888,Indore,Madhya Pradesh,Tier 2,2025-04-06
CUST-20889,Mumbai,Maharashtra,Tier 1,2025-08-07
CUST-20890,Bhopal,Madhya Pradesh,Tier 2,2025-06-22
CUST-20891,Mumbai,Maharashtra,Tier 1,2024-02-07
CUST-20892,Patna,Bihar,Tier 2,2025-03-01
CUST-20893,Hyderabad,Telangana,Tier 1,2025-08-20
CUST-20894,Pune,Maharashtra,Tier 1,2025-03-09
CUST-20895,Delhi NCR,Delhi,Tier 1,2024-12-24
CUST-20896,Mumbai,Maharashtra,Tier 1,2024-01-31
CUST-20897,Bangalore,Karnataka,Tier 1,2024-07-23
CUST-20898,Delhi NCR,Delhi,Tier 1,2024-06-29
CUST-20899,Hyderabad,Telangana,Tier 1,2024-02-09
CUST-20900,Kolkata,West Bengal,Tier 1,2025-02-26
CUST-20901,Pune,Maharashtra,Tier 1,2024-06-05
CUST-20902,Kochi,Kerala,Tier 2,2024-06-16
CUST-20903,Jaipur,Rajasthan,Tier 2,2025-10-31
CUST-20904,Pune,Maharashtra,Tier 1,2025-10-03
CUST-20905,Chennai,Tamil Nadu,Tier 1,2024-03-22
CUST-20906,Kolkata,West Bengal,Tier 1,2025-10-29
CUST-20907,Chennai,Tamil Nadu,Tier 1,2025-11-17
CUST-20908,Patna,Bihar,Tier 2,2025-08-22
CUST-20909,Bangalore,Karnataka,Tier 1,2024-04-11
CUST-20910,Mumbai,Maharashtra,Tier 1,2024-03-29
CUST-20911,Jaipur,Rajasthan,Tier 2,2024-12-10
CUST-20912,Bangalore,Karnataka,Tier 1,2024-11-05
CUST-20913,Coimbatore,Tamil Nadu,Tier 2,2025-08-30
CUST-20914,Bhopal,Madhya Pradesh,Tier 2,2025-03-15
CUST-20915,Mumbai,Maharashtra,Tier 1,2024-06-07
CUST-20916,Delhi NCR,Delhi,Tier 1,2024-04-23
CUST-20917,Kolkata,West Bengal,Tier 1,2025-06-19
CUST-20918,Pune,Maharashtra,Tier 1,2024-06-11
CUST-20919,Bangalore,Karnataka,Tier 1,2024-10-12
CUST-20920,Ahmedabad,Gujarat,Tier 2,2024-02-24
CUST-20921,Pune,Maharashtra,Tier 1,2025-07-29
CUST-20922,Hyderabad,Telangana,Tier 1,2024-02-02
CUST-20923,Mumbai,Maharashtra,Tier 1,2025-07-11
CUST-20924,Chandigarh,Punjab,Tier 2,2024-07-14
CUST-20925,Bangalore,Karnataka,Tier 1,2025-03-23
CUST-20926,Patna,Bihar,Tier 2,2025-08-13
CUST-20927,Chennai,Tamil Nadu,Tier 1,2024-04-01
CUST-20928,Pune,Maharashtra,Tier 1,2025-08-30
CUST-20929,Bhopal,Madhya Pradesh,Tier 2,2024-08-15
CUST-20930,Bhopal,Madhya Pradesh,Tier 2,2024-10-12
CUST-20931,Chennai,Tamil Nadu,Tier 1,2024-08-22
CUST-20932,Bangalore,Karnataka,Tier 1,2024-04-11
CUST-20933,Kochi,Kerala,Tier 2,2024-05-19
CUST-20934,Chennai,Tamil Nadu,Tier 1,2025-10-16
CUST-20935,Bangalore,Karnataka,Tier 1,2024-09-22
CUST-20936,Coimbatore,Tamil Nadu,Tier 2,2024-12-07
CUST-20937,Bangalore,Karnataka,Tier 1,2025-07-26
CUST-20938,Mumbai,Maharashtra,Tier 1,2025-06-18
CUST-20939,Mumbai,Maharashtra,Tier 1,2025-06-06
CUST-20940,Pune,Maharashtra,Tier 1,2024-01-16
CUST-20941,Jaipur,Rajasthan,Tier 2,2025-07-14
CUST-20942,Hyderabad,Telangana,Tier 1,2024-12-01
CUST-20943,Hyderabad,Telangana,Tier 1,2025-01-24
CUST-20944,Hyderabad,Telangana,Tier 1,2024-06-18
CUST-20945,Lucknow,Uttar Pradesh,Tier 2,2024-04-28
CUST-20946,Mumbai,Maharashtra,Tier 1,2024-02-11
CUST-20947,Nagpur,Maharashtra,Tier 2,2024-01-10
CUST-20948,Bangalore,Karnataka,Tier 1,2025-03-05
CUST-20949,Visakhapatnam,Andhra Pradesh,Tier 2,2025-04-12
CUST-20950,Delhi NCR,Delhi,Tier 1,2024-02-18
CUST-20951,Kochi,Kerala,Tier 2,2024-07-25
CUST-20952,Bangalore,Karnataka,Tier 1,2025-11-09
CUST-20953,Mumbai,Maharashtra,Tier 1,2025-05-28
CUST-20954,Bhopal,Madhya Pradesh,Tier 2,2025-08-02
CUST-20955,Bhopal,Madhya Pradesh,Tier 2,2024-07-28
CUST-20956,Chennai,Tamil Nadu,Tier 1,2024-05-18
CUST-20957,Lucknow,Uttar Pradesh,Tier 2,2024-02-06
CUST-20958,Kolkata,West Bengal,Tier 1,2024-08-05
CUST-20959,Patna,Bihar,Tier 2,2025-03-31
CUST-20960,Hyderabad,Telangana,Tier 1,2025-05-26
CUST-20961,Kolkata,West Bengal,Tier 1,2024-10-04
CUST-20962,Kolkata,West Bengal,Tier 1,2024-06-28
CUST-20963,Hyderabad,Telangana,Tier 1,2025-05-31
CUST-20964,Coimbatore,Tamil Nadu,Tier 2,2024-05-09
CUST-20965,Delhi NCR,Delhi,Tier 1,2025-10-06
CUST-20966,Delhi NCR,Delhi,Tier 1,2025-09-02
CUST-20967,Pune,Maharashtra,Tier 1,2025-11-02
CUST-20968,Jaipur,Rajasthan,Tier 2,2025-10-20
CUST-20969,Bangalore,Karnataka,Tier 1,2024-12-24
CUST-20970,Chennai,Tamil Nadu,Tier 1,2025-09-18
CUST-20971,Bhubaneswar,Odisha,Tier 2,2024-01-04
CUST-20972,Bangalore,Karnataka,Tier 1,2025-08-21
CUST-20973,Jaipur,Rajasthan,Tier 2,2025-07-11
CUST-20974,Chandigarh,Punjab,Tier 2,2024-03-23
CUST-20975,Chennai,Tamil Nadu,Tier 1,2024-06-02
CUST-20976,Nagpur,Maharashtra,Tier 2,2025-05-20
CUST-20977,Ahmedabad,Gujarat,Tier 2,2025-05-23
CUST-20978,Chennai,Tamil Nadu,Tier 1,2025-09-14
CUST-20979,Pune,Maharashtra,Tier 1,2025-09-20
CUST-20980,Lucknow,Uttar Pradesh,Tier 2,2024-04-06
CUST-20981,Pune,Maharashtra,Tier 1,2024-10-08
CUST-20982,Bhopal,Madhya Pradesh,Tier 2,2025-08-22
CUST-20983,Hyderabad,Telangana,Tier 1,2025-08-21
CUST-20984,Hyderabad,Telangana,Tier 1,2025-06-21
CUST-20985,Bangalore,Karnataka,Tier 1,2025-03-04
CUST-20986,Mumbai,Maharashtra,Tier 1,2025-06-26
CUST-20987,Mumbai,Maharashtra,Tier 1,2024-05-05
CUST-20988,Bhopal,Madhya Pradesh,Tier 2,2024-10-27
CUST-20989,Jaipur,Rajasthan,Tier 2,2025-06-26
CUST-20990,Jaipur,Rajasthan,Tier 2,2025-01-01
CUST-20991,Pune,Maharashtra,Tier 1,2024-02-14
CUST-20992,Patna,Bihar,Tier 2,2025-05-07
CUST-20993,Kolkata,West Bengal,Tier 1,2024-11-11
CUST-20994,Bhopal,Madhya Pradesh,Tier 2,2024-07-07
CUST-20995,Hyderabad,Telangana,Tier 1,2024-02-21
CUST-20996,Nagpur,Maharashtra,Tier 2,2025-07-17
CUST-20997,Lucknow,Uttar Pradesh,Tier 2,2024-11-27
CUST-20998,Bangalore,Karnataka,Tier 1,2025-05-13
CUST-20999,Pune,Maharashtra,Tier 1,2024-11-13
CUST-21000,Kolkata,West Bengal,Tier 1,2025-02-13
CUST-21001,Delhi NCR,Delhi,Tier 1,2024-11-18
CUST-21002,Pune,Maharashtra,Tier 1,2025-08-13
CUST-21003,Hyderabad,Telangana,Tier 1,2025-07-14
CUST-21004,Mumbai,Maharashtra,Tier 1,2024-08-17
CUST-21005,Bhubaneswar,Odisha,Tier 2,2024-12-09
CUST-21006,Pune,Maharashtra,Tier 1,2025-01-05
CUST-21007,Bhopal,Madhya Pradesh,Tier 2,2025-07-09
CUST-21008,Jaipur,Rajasthan,Tier 2,2024-10-18
CUST-21009,Hyderabad,Telangana,Tier 1,2025-03-12
CUST-21010,Kolkata,West Bengal,Tier 1,2024-09-03
CUST-21011,Jaipur,Rajasthan,Tier 2,2024-08-06
CUST-21012,Bhubaneswar,Odisha,Tier 2,2025-06-17
CUST-21013,Bangalore,Karnataka,Tier 1,2025-10-03
CUST-21014,Bhopal,Madhya Pradesh,Tier 2,2025-06-02
CUST-21015,Nagpur,Maharashtra,Tier 2,2025-04-16
CUST-21016,Jaipur,Rajasthan,Tier 2,2024-12-15
CUST-21017,Nagpur,Maharashtra,Tier 2,2024-02-13
CUST-21018,Chennai,Tamil Nadu,Tier 1,2024-03-05
CUST-21019,Bhubaneswar,Odisha,Tier 2,2024-09-02
CUST-21020,Lucknow,Uttar Pradesh,Tier 2,2025-08-07
CUST-21021,Mumbai,Maharashtra,Tier 1,2024-03-11
CUST-21022,Coimbatore,Tamil Nadu,Tier 2,2024-06-06
CUST-21023,Kolkata,West Bengal,Tier 1,2025-04-19
CUST-21024,Chennai,Tamil Nadu,Tier 1,2024-01-25
CUST-21025,Pune,Maharashtra,Tier 1,2025-08-05
CUST-21026,Delhi NCR,Delhi,Tier 1,2024-08-10
CUST-21027,Kolkata,West Bengal,Tier 1,2024-06-08
CUST-21028,Patna,Bihar,Tier 2,2024-03-15
CUST-21029,Mumbai,Maharashtra,Tier 1,2024-05-17
CUST-21030,Bangalore,Karnataka,Tier 1,2025-04-23
CUST-21031,Mumbai,Maharashtra,Tier 1,2025-07-06
CUST-21032,Chennai,Tamil Nadu,Tier 1,2024-10-29
CUST-21033,Ahmedabad,Gujarat,Tier 2,2025-01-21
CUST-21034,Indore,Madhya Pradesh,Tier 2,2025-04-16
CUST-21035,Bhubaneswar,Odisha,Tier 2,2024-11-29
CUST-21036,Pune,Maharashtra,Tier 1,2024-11-04
CUST-21037,Bangalore,Karnataka,Tier 1,2025-06-11
CUST-21038,Nagpur,Maharashtra,Tier 2,2025-06-23
CUST-21039,Kochi,Kerala,Tier 2,2024-06-11
CUST-21040,Pune,Maharashtra,Tier 1,2024-02-24
CUST-21041,Lucknow,Uttar Pradesh,Tier 2,2025-03-30
CUST-21042,Nagpur,Maharashtra,Tier 2,2024-10-31
CUST-21043,Ahmedabad,Gujarat,Tier 2,2024-04-11
CUST-21044,Hyderabad,Telangana,Tier 1,2025-07-07
CUST-21045,Ahmedabad,Gujarat,Tier 2,2025-01-22
CUST-21046,Mumbai,Maharashtra,Tier 1,2025-11-13
CUST-21047,Chennai,Tamil Nadu,Tier 1,2024-07-26
CUST-21048,Chennai,Tamil Nadu,Tier 1,2024-11-10
CUST-21049,Delhi NCR,Delhi,Tier 1,2024-02-18
CUST-21050,Mumbai,Maharashtra,Tier 1,2025-07-25
CUST-21051,Delhi NCR,Delhi,Tier 1,2025-06-01
CUST-21052,Jaipur,Rajasthan,Tier 2,2024-05-27
CUST-21053,Indore,Madhya Pradesh,Tier 2,2024-07-29
CUST-21054,Visakhapatnam,Andhra Pradesh,Tier 2,2025-01-06
CUST-21055,Hyderabad,Telangana,Tier 1,2025-10-23
CUST-21056,Pune,Maharashtra,Tier 1,2025-08-19
CUST-21057,Nagpur,Maharashtra,Tier 2,2025-11-02
CUST-21058,Delhi NCR,Delhi,Tier 1,2024-02-16
CUST-21059,Ahmedabad,Gujarat,Tier 2,2025-11-04
CUST-21060,Chandigarh,Punjab,Tier 2,2025-05-13
CUST-21061,Mumbai,Maharashtra,Tier 1,2024-06-03
CUST-21062,Bhopal,Madhya Pradesh,Tier 2,2024-08-17
CUST-21063,Indore,Madhya Pradesh,Tier 2,2024-10-26
CUST-21064,Mumbai,Maharashtra,Tier 1,2024-06-06
CUST-21065,Mumbai,Maharashtra,Tier 1,2025-11-03
CUST-21066,Mumbai,Maharashtra,Tier 1,2024-09-03
CUST-21067,Hyderabad,Telangana,Tier 1,2025-07-21
CUST-21068,Kolkata,West Bengal,Tier 1,2024-05-30
CUST-21069,Kolkata,West Bengal,Tier 1,2024-10-25
CUST-21070,Bangalore,Karnataka,Tier 1,2024-02-23
CUST-21071,Coimbatore,Tamil Nadu,Tier 2,2024-08-10
CUST-21072,Hyderabad,Telangana,Tier 1,2025-08-02
CUST-21073,Mumbai,Maharashtra,Tier 1,2025-07-18
CUST-21074,Hyderabad,Telangana,Tier 1,2025-04-11
CUST-21075,Kolkata,West Bengal,Tier 1,2025-04-30
CUST-21076,Chennai,Tamil Nadu,Tier 1,2025-07-05
CUST-21077,Bangalore,Karnataka,Tier 1,2025-03-19
CUST-21078,Delhi NCR,Delhi,Tier 1,2024-05-17
CUST-21079,Indore,Madhya Pradesh,Tier 2,2025-10-11
CUST-21080,Visakhapatnam,Andhra Pradesh,Tier 2,2024-10-18
CUST-21081,Hyderabad,Telangana,Tier 1,2024-07-28
CUST-21082,Chennai,Tamil Nadu,Tier 1,2025-11-14
CUST-21083,Pune,Maharashtra,Tier 1,2025-11-27
CUST-21084,Ahmedabad,Gujarat,Tier 2,2024-07-29
CUST-21085,Chennai,Tamil Nadu,Tier 1,2025-10-24
CUST-21086,Coimbatore,Tamil Nadu,Tier 2,2025-01-22
CUST-21087,Pune,Maharashtra,Tier 1,2025-01-30
CUST-21088,Chennai,Tamil Nadu,Tier 1,2024-05-03
CUST-21089,Pune,Maharashtra,Tier 1,2025-07-14
CUST-21090,Bhubaneswar,Odisha,Tier 2,2024-05-03
CUST-21091,Kochi,Kerala,Tier 2,2024-03-08
CUST-21092,Mumbai,Maharashtra,Tier 1,2025-04-19
CUST-21093,Hyderabad,Telangana,Tier 1,2024-12-23
CUST-21094,Kolkata,West Bengal,Tier 1,2025-03-31
CUST-21095,Hyderabad,Telangana,Tier 1,2024-12-11
CUST-21096,Lucknow,Uttar Pradesh,Tier 2,2025-06-04
CUST-21097,Patna,Bihar,Tier 2,2025-09-28
CUST-21098,Ahmedabad,Gujarat,Tier 2,2025-09-15
CUST-21099,Visakhapatnam,Andhra Pradesh,Tier 2,2025-05-12
CUST-21100,Bangalore,Karnataka,Tier 1,2024-11-23
CUST-21101,Bhopal,Madhya Pradesh,Tier 2,2024-11-25
CUST-21102,Chandigarh,Punjab,Tier 2,2025-07-19
CUST-21103,Hyderabad,Telangana,Tier 1,2025-03-02
CUST-21104,Ahmedabad,Gujarat,Tier 2,2025-03-18
CUST-21105,Delhi NCR,Delhi,Tier 1,2025-08-23
CUST-21106,Kochi,Kerala,Tier 2,2024-04-04
CUST-21107,Kolkata,West Bengal,Tier 1,2025-03-26
CUST-21108,Hyderabad,Telangana,Tier 1,2024-11-12
CUST-21109,Jaipur,Rajasthan,Tier 2,2025-05-01
CUST-21110,Pune,Maharashtra,Tier 1,2025-11-08
CUST-21111,Bangalore,Karnataka,Tier 1,2025-10-09
CUST-21112,Mumbai,Maharashtra,Tier 1,2025-07-30
CUST-21113,Chennai,Tamil Nadu,Tier 1,2024-01-05
CUST-21114,Pune,Maharashtra,Tier 1,2025-09-23
CUST-21115,Bhopal,Madhya Pradesh,Tier 2,2025-01-05
CUST-21116,Nagpur,Maharashtra,Tier 2,2025-07-08
CUST-21117,Kolkata,West Bengal,Tier 1,2024-07-06
CUST-21118,Chandigarh,Punjab,Tier 2,2024-01-26
CUST-21119,Chennai,Tamil Nadu,Tier 1,2024-06-10
CUST-21120,Chandigarh,Punjab,Tier 2,2024-05-09
CUST-21121,Bangalore,Karnataka,Tier 1,2025-06-16
CUST-21122,Hyderabad,Telangana,Tier 1,2025-02-13
CUST-21123,Pune,Maharashtra,Tier 1,2025-10-01
CUST-21124,Mumbai,Maharashtra,Tier 1,2025-08-10
CUST-21125,Ahmedabad,Gujarat,Tier 2,2024-03-13
CUST-21126,Patna,Bihar,Tier 2,2024-08-20
CUST-21127,Chennai,Tamil Nadu,Tier 1,2024-04-15
CUST-21128,Chennai,Tamil Nadu,Tier 1,2024-01-09
CUST-21129,Patna,Bihar,Tier 2,2025-09-22
CUST-21130,Kochi,Kerala,Tier 2,2024-02-19
CUST-21131,Hyderabad,Telangana,Tier 1,2025-06-05
CUST-21132,Hyderabad,Telangana,Tier 1,2025-09-16
CUST-21133,Jaipur,Rajasthan,Tier 2,2025-03-17
CUST-21134,Pune,Maharashtra,Tier 1,2025-08-12
CUST-21135,Delhi NCR,Delhi,Tier 1,2024-02-05
CUST-21136,Hyderabad,Telangana,Tier 1,2024-07-20
CUST-21137,Coimbatore,Tamil Nadu,Tier 2,2024-04-27
CUST-21138,Lucknow,Uttar Pradesh,Tier 2,2024-06-17
CUST-21139,Visakhapatnam,Andhra Pradesh,Tier 2,2025-05-26
CUST-21140,Kochi,Kerala,Tier 2,2024-08-17
CUST-21141,Bhubaneswar,Odisha,Tier 2,2025-07-13
CUST-21142,Bangalore,Karnataka,Tier 1,2024-05-29
CUST-21143,Kochi,Kerala,Tier 2,2024-07-26
CUST-21144,Mumbai,Maharashtra,Tier 1,2024-03-01
CUST-21145,Jaipur,Rajasthan,Tier 2,2024-04-26
CUST-21146,Kolkata,West Bengal,Tier 1,2024-08-26
CUST-21147,Hyderabad,Telangana,Tier 1,2024-02-17
CUST-21148,Bhopal,Madhya Pradesh,Tier 2,2025-03-23
CUST-21149,Bhopal,Madhya Pradesh,Tier 2,2025-04-12
CUST-21150,Mumbai,Maharashtra,Tier 1,2024-10-19
CUST-21151,Pune,Maharashtra,Tier 1,2025-02-28
CUST-21152,Hyderabad,Telangana,Tier 1,2025-05-31
CUST-21153,Chennai,Tamil Nadu,Tier 1,2025-09-03
CUST-21154,Patna,Bihar,Tier 2,2024-07-23
CUST-21155,Hyderabad,Telangana,Tier 1,2024-06-28
CUST-21156,Bhubaneswar,Odisha,Tier 2,2025-06-12
CUST-21157,Delhi NCR,Delhi,Tier 1,2024-03-30
CUST-21158,Jaipur,Rajasthan,Tier 2,2025-05-14
CUST-21159,Jaipur,Rajasthan,Tier 2,2024-04-17
CUST-21160,Bangalore,Karnataka,Tier 1,2024-07-08
CUST-21161,Hyderabad,Telangana,Tier 1,2024-06-28
CUST-21162,Patna,Bihar,Tier 2,2024-01-20
CUST-21163,Chandigarh,Punjab,Tier 2,2024-12-24
CUST-21164,Hyderabad,Telangana,Tier 1,2025-08-31
CUST-21165,Kolkata,West Bengal,Tier 1,2025-10-17
CUST-21166,Mumbai,Maharashtra,Tier 1,2024-01-07
CUST-21167,Bangalore,Karnataka,Tier 1,2024-11-17
CUST-21168,Kolkata,West Bengal,Tier 1,2024-09-24
CUST-21169,Mumbai,Maharashtra,Tier 1,2025-03-02
CUST-21170,Patna,Bihar,Tier 2,2024-10-22
CUST-21171,Ahmedabad,Gujarat,Tier 2,2025-05-27
CUST-21172,Bhubaneswar,Odisha,Tier 2,2025-07-23
CUST-21173,Lucknow,Uttar Pradesh,Tier 2,2025-01-21
CUST-21174,Nagpur,Maharashtra,Tier 2,2024-09-20
CUST-21175,Kolkata,West Bengal,Tier 1,2024-03-30
CUST-21176,Pune,Maharashtra,Tier 1,2025-05-02
CUST-21177,Visakhapatnam,Andhra Pradesh,Tier 2,2025-08-09
CUST-21178,Pune,Maharashtra,Tier 1,2024-09-17
CUST-21179,Mumbai,Maharashtra,Tier 1,2025-05-02
CUST-21180,Ahmedabad,Gujarat,Tier 2,2024-12-06
CUST-21181,Coimbatore,Tamil Nadu,Tier 2,2024-11-24
CUST-21182,Kochi,Kerala,Tier 2,2025-02-04
CUST-21183,Pune,Maharashtra,Tier 1,2024-12-22
CUST-21184,Jaipur,Rajasthan,Tier 2,2025-05-13
CUST-21185,Visakhapatnam,Andhra Pradesh,Tier 2,2025-03-10
CUST-21186,Mumbai,Maharashtra,Tier 1,2024-04-28
CUST-21187,Jaipur,Rajasthan,Tier 2,2024-02-16
CUST-21188,Hyderabad,Telangana,Tier 1,2024-06-16
CUST-21189,Pune,Maharashtra,Tier 1,2024-12-13
CUST-21190,Pune,Maharashtra,Tier 1,2025-05-18
CUST-21191,Delhi NCR,Delhi,Tier 1,2025-06-22
CUST-21192,Bangalore,Karnataka,Tier 1,2024-10-22
CUST-21193,Pune,Maharashtra,Tier 1,2025-05-27
CUST-21194,Delhi NCR,Delhi,Tier 1,2024-06-22
CUST-21195,Bangalore,Karnataka,Tier 1,2025-01-29
CUST-21196,Patna,Bihar,Tier 2,2025-11-09
CUST-21197,Hyderabad,Telangana,Tier 1,2025-06-13
CUST-21198,Kolkata,West Bengal,Tier 1,2025-08-25
CUST-21199,Nagpur,Maharashtra,Tier 2,2024-10-29
CUST-21200,Bangalore,Karnataka,Tier 1,2024-07-20
CUST-21201,Chennai,Tamil Nadu,Tier 1,2025-06-16
CUST-21202,Pune,Maharashtra,Tier 1,2024-06-04
CUST-21203,Chandigarh,Punjab,Tier 2,2024-01-14
CUST-21204,Coimbatore,Tamil Nadu,Tier 2,2024-01-20
CUST-21205,Nagpur,Maharashtra,Tier 2,2025-04-01
CUST-21206,Kochi,Kerala,Tier 2,2024-06-21
CUST-21207,Bangalore,Karnataka,Tier 1,2025-03-20
CUST-21208,Mumbai,Maharashtra,Tier 1,2024-05-01
CUST-21209,Chennai,Tamil Nadu,Tier 1,2025-05-11
CUST-21210,Delhi NCR,Delhi,Tier 1,2024-07-02
CUST-21211,Ahmedabad,Gujarat,Tier 2,2025-08-02
CUST-21212,Jaipur,Rajasthan,Tier 2,2025-11-01
CUST-21213,Mumbai,Maharashtra,Tier 1,2024-02-18
CUST-21214,Patna,Bihar,Tier 2,2024-06-29
CUST-21215,Bangalore,Karnataka,Tier 1,2025-01-28
CUST-21216,Chennai,Tamil Nadu,Tier 1,2025-01-27
CUST-21217,Jaipur,Rajasthan,Tier 2,2024-12-13
CUST-21218,Chennai,Tamil Nadu,Tier 1,2025-04-20
CUST-21219,Chennai,Tamil Nadu,Tier 1,2024-05-20
CUST-21220,Mumbai,Maharashtra,Tier 1,2025-06-13
CUST-21221,Chennai,Tamil Nadu,Tier 1,2025-10-13
CUST-21222,Chandigarh,Punjab,Tier 2,2025-08-06
CUST-21223,Nagpur,Maharashtra,Tier 2,2025-04-15
CUST-21224,Chennai,Tamil Nadu,Tier 1,2024-09-19
CUST-21225,Chennai,Tamil Nadu,Tier 1,2024-05-22
CUST-21226,Lucknow,Uttar Pradesh,Tier 2,2024-05-25
CUST-21227,Bhubaneswar,Odisha,Tier 2,2024-10-20
CUST-21228,Bangalore,Karnataka,Tier 1,2025-06-21
CUST-21229,Chennai,Tamil Nadu,Tier 1,2025-05-23
CUST-21230,Indore,Madhya Pradesh,Tier 2,2025-02-25
CUST-21231,Pune,Maharashtra,Tier 1,2025-07-24
CUST-21232,Delhi NCR,Delhi,Tier 1,2025-07-17
CUST-21233,Pune,Maharashtra,Tier 1,2025-02-20
CUST-21234,Bangalore,Karnataka,Tier 1,2025-10-22
CUST-21235,Kolkata,West Bengal,Tier 1,2024-04-16
CUST-21236,Kolkata,West Bengal,Tier 1,2024-11-13
CUST-21237,Bhopal,Madhya Pradesh,Tier 2,2024-02-28
CUST-21238,Chennai,Tamil Nadu,Tier 1,2024-09-14
CUST-21239,Hyderabad,Telangana,Tier 1,2025-02-28
CUST-21240,Bangalore,Karnataka,Tier 1,2025-06-14
CUST-21241,Bhopal,Madhya Pradesh,Tier 2,2024-06-14
CUST-21242,Delhi NCR,Delhi,Tier 1,2024-01-25
CUST-21243,Chennai,Tamil Nadu,Tier 1,2024-01-04
CUST-21244,Bangalore,Karnataka,Tier 1,2024-01-03
CUST-21245,Kochi,Kerala,Tier 2,2025-02-21
CUST-21246,Kolkata,West Bengal,Tier 1,2024-12-27
CUST-21247,Hyderabad,Telangana,Tier 1,2025-01-03
CUST-21248,Hyderabad,Telangana,Tier 1,2025-06-22
CUST-21249,Patna,Bihar,Tier 2,2024-12-11
CUST-21250,Kolkata,West Bengal,Tier 1,2024-02-13
CUST-21251,Ahmedabad,Gujarat,Tier 2,2025-07-17
CUST-21252,Coimbatore,Tamil Nadu,Tier 2,2024-06-01
CUST-21253,Coimbatore,Tamil Nadu,Tier 2,2024-07-20
CUST-21254,Hyderabad,Telangana,Tier 1,2024-11-16
CUST-21255,Bhubaneswar,Odisha,Tier 2,2025-04-08
CUST-21256,Mumbai,Maharashtra,Tier 1,2024-01-11
CUST-21257,Chennai,Tamil Nadu,Tier 1,2025-08-02
CUST-21258,Coimbatore,Tamil Nadu,Tier 2,2024-08-14
CUST-21259,Bangalore,Karnataka,Tier 1,2025-09-24
CUST-21260,Bangalore,Karnataka,Tier 1,2024-11-28
CUST-21261,Hyderabad,Telangana,Tier 1,2025-04-13
CUST-21262,Pune,Maharashtra,Tier 1,2024-01-15
CUST-21263,Chennai,Tamil Nadu,Tier 1,2024-02-26
CUST-21264,Ahmedabad,Gujarat,Tier 2,2024-11-25
CUST-21265,Coimbatore,Tamil Nadu,Tier 2,2024-03-04
CUST-21266,Jaipur,Rajasthan,Tier 2,2024-08-17
CUST-21267,Bangalore,Karnataka,Tier 1,2024-01-11
CUST-21268,Nagpur,Maharashtra,Tier 2,2025-09-24
CUST-21269,Bangalore,Karnataka,Tier 1,2024-08-11
CUST-21270,Delhi NCR,Delhi,Tier 1,2025-09-28
CUST-21271,Mumbai,Maharashtra,Tier 1,2025-10-21
CUST-21272,Pune,Maharashtra,Tier 1,2025-06-25
CUST-21273,Delhi NCR,Delhi,Tier 1,2025-05-20
CUST-21274,Delhi NCR,Delhi,Tier 1,2025-06-05
CUST-21275,Hyderabad,Telangana,Tier 1,2024-02-23
CUST-21276,Hyderabad,Telangana,Tier 1,2025-11-28
CUST-21277,Pune,Maharashtra,Tier 1,2024-06-05
CUST-21278,Indore,Madhya Pradesh,Tier 2,2025-10-02
CUST-21279,Chandigarh,Punjab,Tier 2,2025-07-23
CUST-21280,Bangalore,Karnataka,Tier 1,2025-02-08
CUST-21281,Bangalore,Karnataka,Tier 1,2025-02-02
CUST-21282,Bhubaneswar,Odisha,Tier 2,2025-02-06
CUST-21283,Mumbai,Maharashtra,Tier 1,2025-08-10
CUST-21284,Bhopal,Madhya Pradesh,Tier 2,2024-03-29
CUST-21285,Bangalore,Karnataka,Tier 1,2025-08-15
CUST-21286,Bhubaneswar,Odisha,Tier 2,2024-07-04
CUST-21287,Hyderabad,Telangana,Tier 1,2024-03-19
CUST-21288,Chennai,Tamil Nadu,Tier 1,2024-05-24
CUST-21289,Lucknow,Uttar Pradesh,Tier 2,2025-10-02
CUST-21290,Pune,Maharashtra,Tier 1,2024-01-14
CUST-21291,Hyderabad,Telangana,Tier 1,2025-09-22
CUST-21292,Kolkata,West Bengal,Tier 1,2024-01-02
CUST-21293,Ahmedabad,Gujarat,Tier 2,2025-05-30
CUST-21294,Mumbai,Maharashtra,Tier 1,2024-03-06
CUST-21295,Mumbai,Maharashtra,Tier 1,2024-09-02
CUST-21296,Chennai,Tamil Nadu,Tier 1,2025-08-24
CUST-21297,Delhi NCR,Delhi,Tier 1,2025-03-05
CUST-21298,Jaipur,Rajasthan,Tier 2,2025-11-20
CUST-21299,Bangalore,Karnataka,Tier 1,2025-07-25
CUST-21300,Chennai,Tamil Nadu,Tier 1,2024-08-19
CUST-21301,Bangalore,Karnataka,Tier 1,2025-03-11
CUST-21302,Kolkata,West Bengal,Tier 1,2024-12-18
CUST-21303,Delhi NCR,Delhi,Tier 1,2025-11-18
CUST-21304,Mumbai,Maharashtra,Tier 1,2025-11-09
CUST-21305,Mumbai,Maharashtra,Tier 1,2025-01-17
CUST-21306,Bhubaneswar,Odisha,Tier 2,2024-02-29
CUST-21307,Delhi NCR,Delhi,Tier 1,2025-04-14
CUST-21308,Ahmedabad,Gujarat,Tier 2,2025-02-14
CUST-21309,Mumbai,Maharashtra,Tier 1,2024-03-23
CUST-21310,Delhi NCR,Delhi,Tier 1,2024-03-14
CUST-21311,Kolkata,West Bengal,Tier 1,2024-11-06
CUST-21312,Kolkata,West Bengal,Tier 1,2025-03-29
CUST-21313,Bhubaneswar,Odisha,Tier 2,2024-01-26
CUST-21314,Bhubaneswar,Odisha,Tier 2,2025-03-01
CUST-21315,Kochi,Kerala,Tier 2,2025-01-11
CUST-21316,Pune,Maharashtra,Tier 1,2024-08-30
CUST-21317,Chennai,Tamil Nadu,Tier 1,2025-09-19
CUST-21318,Hyderabad,Telangana,Tier 1,2024-11-18
CUST-21319,Bhubaneswar,Odisha,Tier 2,2024-06-28
CUST-21320,Pune,Maharashtra,Tier 1,2025-09-17
CUST-21321,Pune,Maharashtra,Tier 1,2024-09-22
CUST-21322,Bangalore,Karnataka,Tier 1,2025-07-03
CUST-21323,Mumbai,Maharashtra,Tier 1,2025-01-14
CUST-21324,Bhubaneswar,Odisha,Tier 2,2024-03-17
CUST-21325,Hyderabad,Telangana,Tier 1,2025-09-05
CUST-21326,Chennai,Tamil Nadu,Tier 1,2025-06-07
CUST-21327,Delhi NCR,Delhi,Tier 1,2024-02-18
CUST-21328,Patna,Bihar,Tier 2,2024-09-10
CUST-21329,Mumbai,Maharashtra,Tier 1,2025-01-14
CUST-21330,Patna,Bihar,Tier 2,2024-09-05
CUST-21331,Delhi NCR,Delhi,Tier 1,2024-03-12
CUST-21332,Coimbatore,Tamil Nadu,Tier 2,2025-03-22
CUST-21333,Ahmedabad,Gujarat,Tier 2,2025-05-20
CUST-21334,Delhi NCR,Delhi,Tier 1,2024-09-09
CUST-21335,Pune,Maharashtra,Tier 1,2024-10-25
CUST-21336,Hyderabad,Telangana,Tier 1,2024-02-29
CUST-21337,Delhi NCR,Delhi,Tier 1,2024-12-22
CUST-21338,Bhopal,Madhya Pradesh,Tier 2,2024-06-05
CUST-21339,Chennai,Tamil Nadu,Tier 1,2024-12-07
CUST-21340,Chennai,Tamil Nadu,Tier 1,2024-07-20
CUST-21341,Delhi NCR,Delhi,Tier 1,2024-02-04
CUST-21342,Chennai,Tamil Nadu,Tier 1,2025-06-18
CUST-21343,Bhopal,Madhya Pradesh,Tier 2,2025-03-31
CUST-21344,Hyderabad,Telangana,Tier 1,2024-06-13
CUST-21345,Bhubaneswar,Odisha,Tier 2,2024-01-28
CUST-21346,Bhubaneswar,Odisha,Tier 2,2025-01-06
CUST-21347,Delhi NCR,Delhi,Tier 1,2024-11-09
CUST-21348,Delhi NCR,Delhi,Tier 1,2025-07-18
CUST-21349,Bhopal,Madhya Pradesh,Tier 2,2024-10-10
CUST-21350,Chennai,Tamil Nadu,Tier 1,2024-10-24
CUST-21351,Mumbai,Maharashtra,Tier 1,2025-04-19
CUST-21352,Bangalore,Karnataka,Tier 1,2025-08-19
CUST-21353,Pune,Maharashtra,Tier 1,2024-12-14
CUST-21354,Indore,Madhya Pradesh,Tier 2,2025-09-27
CUST-21355,Delhi NCR,Delhi,Tier 1,2025-03-20
CUST-21356,Delhi NCR,Delhi,Tier 1,2024-07-25
CUST-21357,Nagpur,Maharashtra,Tier 2,2025-02-20
CUST-21358,Chandigarh,Punjab,Tier 2,2025-03-14
CUST-21359,Pune,Maharashtra,Tier 1,2024-06-13
CUST-21360,Kochi,Kerala,Tier 2,2025-07-12
CUST-21361,Chennai,Tamil Nadu,Tier 1,2025-02-23
CUST-21362,Chandigarh,Punjab,Tier 2,2025-01-05
CUST-21363,Chennai,Tamil Nadu,Tier 1,2025-10-29
CUST-21364,Bangalore,Karnataka,Tier 1,2024-09-22
CUST-21365,Ahmedabad,Gujarat,Tier 2,2024-10-05
CUST-21366,Chennai,Tamil Nadu,Tier 1,2025-04-26
CUST-21367,Visakhapatnam,Andhra Pradesh,Tier 2,2025-05-31
CUST-21368,Hyderabad,Telangana,Tier 1,2024-03-22
CUST-21369,Nagpur,Maharashtra,Tier 2,2024-04-28
CUST-21370,Nagpur,Maharashtra,Tier 2,2025-09-28
CUST-21371,Bangalore,Karnataka,Tier 1,2024-10-29
CUST-21372,Indore,Madhya Pradesh,Tier 2,2024-08-02
CUST-21373,Chennai,Tamil Nadu,Tier 1,2024-01-28
CUST-21374,Nagpur,Maharashtra,Tier 2,2025-05-12
CUST-21375,Chennai,Tamil Nadu,Tier 1,2025-06-20
CUST-21376,Chandigarh,Punjab,Tier 2,2025-06-02
CUST-21377,Kolkata,West Bengal,Tier 1,2024-07-12
CUST-21378,Bangalore,Karnataka,Tier 1,2025-08-14
CUST-21379,Bangalore,Karnataka,Tier 1,2025-03-17
CUST-21380,Chennai,Tamil Nadu,Tier 1,2024-02-05
CUST-21381,Chandigarh,Punjab,Tier 2,2024-09-14
CUST-21382,Pune,Maharashtra,Tier 1,2024-04-22
CUST-21383,Lucknow,Uttar Pradesh,Tier 2,2024-10-20
CUST-21384,Hyderabad,Telangana,Tier 1,2024-01-14
CUST-21385,Kolkata,West Bengal,Tier 1,2025-10-28
CUST-21386,Mumbai,Maharashtra,Tier 1,2025-08-19
CUST-21387,Indore,Madhya Pradesh,Tier 2,2024-05-19
CUST-21388,Visakhapatnam,Andhra Pradesh,Tier 2,2025-01-05
CUST-21389,Chennai,Tamil Nadu,Tier 1,2025-03-02
CUST-21390,Mumbai,Maharashtra,Tier 1,2024-04-06
CUST-21391,Delhi NCR,Delhi,Tier 1,2025-11-27
CUST-21392,Jaipur,Rajasthan,Tier 2,2025-05-02
CUST-21393,Pune,Maharashtra,Tier 1,2024-12-07
CUST-21394,Kochi,Kerala,Tier 2,2025-05-06
CUST-21395,Bangalore,Karnataka,Tier 1,2025-05-14
CUST-21396,Chandigarh,Punjab,Tier 2,2025-03-07
CUST-21397,Lucknow,Uttar Pradesh,Tier 2,2024-07-07
CUST-21398,Hyderabad,Telangana,Tier 1,2024-03-22
CUST-21399,Kolkata,West Bengal,Tier 1,2024-06-28
CUST-21400,Delhi NCR,Delhi,Tier 1,2025-02-18
CUST-21401,Chennai,Tamil Nadu,Tier 1,2024-04-14
CUST-21402,Bhopal,Madhya Pradesh,Tier 2,2025-01-15
CUST-21403,Chennai,Tamil Nadu,Tier 1,2024-11-24
CUST-21404,Patna,Bihar,Tier 2,2024-09-05
CUST-21405,Pune,Maharashtra,Tier 1,2024-03-12
CUST-21406,Bangalore,Karnataka,Tier 1,2025-11-03
CUST-21407,Pune,Maharashtra,Tier 1,2024-05-12
CUST-21408,Kolkata,West Bengal,Tier 1,2024-08-27
CUST-21409,Chennai,Tamil Nadu,Tier 1,2024-03-18
CUST-21410,Delhi NCR,Delhi,Tier 1,2025-07-23
CUST-21411,Chennai,Tamil Nadu,Tier 1,2025-04-05
CUST-21412,Mumbai,Maharashtra,Tier 1,2024-05-04
CUST-21413,Delhi NCR,Delhi,Tier 1,2024-01-11
CUST-21414,Chennai,Tamil Nadu,Tier 1,2025-04-12
CUST-21415,Hyderabad,Telangana,Tier 1,2025-02-10
CUST-21416,Nagpur,Maharashtra,Tier 2,2024-01-27
CUST-21417,Chennai,Tamil Nadu,Tier 1,2024-07-25
CUST-21418,Chandigarh,Punjab,Tier 2,2024-08-09
CUST-21419,Kolkata,West Bengal,Tier 1,2024-11-07
CUST-21420,Lucknow,Uttar Pradesh,Tier 2,2025-01-16
CUST-21421,Bangalore,Karnataka,Tier 1,2024-11-10
CUST-21422,Bhubaneswar,Odisha,Tier 2,2024-07-26
CUST-21423,Kolkata,West Bengal,Tier 1,2025-09-12
CUST-21424,Patna,Bihar,Tier 2,2024-10-22
CUST-21425,Hyderabad,Telangana,Tier 1,2025-02-05
CUST-21426,Delhi NCR,Delhi,Tier 1,2025-03-10
CUST-21427,Jaipur,Rajasthan,Tier 2,2025-07-26
CUST-21428,Mumbai,Maharashtra,Tier 1,2024-05-01
CUST-21429,Kolkata,West Bengal,Tier 1,2024-04-15
CUST-21430,Bangalore,Karnataka,Tier 1,2024-02-05
CUST-21431,Pune,Maharashtra,Tier 1,2025-07-03
CUST-21432,Visakhapatnam,Andhra Pradesh,Tier 2,2024-03-12
CUST-21433,Kolkata,West Bengal,Tier 1,2025-07-21
CUST-21434,Indore,Madhya Pradesh,Tier 2,2024-06-15
CUST-21435,Kolkata,West Bengal,Tier 1,2024-08-08
CUST-21436,Kolkata,West Bengal,Tier 1,2024-03-16
CUST-21437,Nagpur,Maharashtra,Tier 2,2024-07-29
CUST-21438,Coimbatore,Tamil Nadu,Tier 2,2024-08-15
CUST-21439,Kochi,Kerala,Tier 2,2025-03-28
CUST-21440,Hyderabad,Telangana,Tier 1,2025-05-01
CUST-21441,Kolkata,West Bengal,Tier 1,2025-10-29
CUST-21442,Bangalore,Karnataka,Tier 1,2025-04-18
CUST-21443,Chennai,Tamil Nadu,Tier 1,2025-10-22
CUST-21444,Kolkata,West Bengal,Tier 1,2025-05-04
CUST-21445,Patna,Bihar,Tier 2,2025-01-10
CUST-21446,Coimbatore,Tamil Nadu,Tier 2,2024-08-18
CUST-21447,Chennai,Tamil Nadu,Tier 1,2024-08-12
CUST-21448,Mumbai,Maharashtra,Tier 1,2025-04-19
CUST-21449,Bhopal,Madhya Pradesh,Tier 2,2025-07-30
CUST-21450,Delhi NCR,Delhi,Tier 1,2025-09-11
CUST-21451,Pune,Maharashtra,Tier 1,2024-03-20
CUST-21452,Mumbai,Maharashtra,Tier 1,2025-10-06
CUST-21453,Chennai,Tamil Nadu,Tier 1,2025-11-16
CUST-21454,Visakhapatnam,Andhra Pradesh,Tier 2,2025-07-29
CUST-21455,Delhi NCR,Delhi,Tier 1,2024-07-28
CUST-21456,Chennai,Tamil Nadu,Tier 1,2024-10-23
CUST-21457,Hyderabad,Telangana,Tier 1,2025-09-01
CUST-21458,Coimbatore,Tamil Nadu,Tier 2,2024-06-20
CUST-21459,Bhopal,Madhya Pradesh,Tier 2,2024-03-29
CUST-21460,Bangalore,Karnataka,Tier 1,2024-08-13
CUST-21461,Mumbai,Maharashtra,Tier 1,2024-05-22
CUST-21462,Pune,Maharashtra,Tier 1,2025-11-21
CUST-21463,Hyderabad,Telangana,Tier 1,2024-02-23
CUST-21464,Jaipur,Rajasthan,Tier 2,2024-07-14
CUST-21465,Mumbai,Maharashtra,Tier 1,2025-05-03
CUST-21466,Delhi NCR,Delhi,Tier 1,2024-10-24
CUST-21467,Lucknow,Uttar Pradesh,Tier 2,2025-03-05
CUST-21468,Bangalore,Karnataka,Tier 1,2025-06-20
CUST-21469,Bhopal,Madhya Pradesh,Tier 2,2025-08-01
CUST-21470,Mumbai,Maharashtra,Tier 1,2025-11-05
CUST-21471,Bangalore,Karnataka,Tier 1,2025-05-14
CUST-21472,Visakhapatnam,Andhra Pradesh,Tier 2,2025-09-15
CUST-21473,Chennai,Tamil Nadu,Tier 1,2024-07-24
CUST-21474,Lucknow,Uttar Pradesh,Tier 2,2024-05-16
CUST-21475,Delhi NCR,Delhi,Tier 1,2025-02-11
CUST-21476,Pune,Maharashtra,Tier 1,2024-10-05
CUST-21477,Ahmedabad,Gujarat,Tier 2,2025-03-20
CUST-21478,Hyderabad,Telangana,Tier 1,2025-11-07
CUST-21479,Patna,Bihar,Tier 2,2024-09-27
CUST-21480,Pune,Maharashtra,Tier 1,2025-03-16
CUST-21481,Chennai,Tamil Nadu,Tier 1,2024-08-15
CUST-21482,Pune,Maharashtra,Tier 1,2024-05-06
CUST-21483,Pune,Maharashtra,Tier 1,2024-09-26
CUST-21484,Delhi NCR,Delhi,Tier 1,2025-05-01
CUST-21485,Chennai,Tamil Nadu,Tier 1,2025-07-01
CUST-21486,Hyderabad,Telangana,Tier 1,2024-06-03
CUST-21487,Chennai,Tamil Nadu,Tier 1,2025-10-18
CUST-21488,Chandigarh,Punjab,Tier 2,2024-01-19
CUST-21489,Kolkata,West Bengal,Tier 1,2025-02-28
CUST-21490,Nagpur,Maharashtra,Tier 2,2024-02-27
CUST-21491,Hyderabad,Telangana,Tier 1,2025-02-26
CUST-21492,Chennai,Tamil Nadu,Tier 1,2025-07-01
CUST-21493,Kochi,Kerala,Tier 2,2025-10-21
CUST-21494,Kolkata,West Bengal,Tier 1,2024-04-11
CUST-21495,Kolkata,West Bengal,Tier 1,2024-03-16
CUST-21496,Mumbai,Maharashtra,Tier 1,2025-08-02
CUST-21497,Chennai,Tamil Nadu,Tier 1,2024-03-06
CUST-21498,Bangalore,Karnataka,Tier 1,2024-05-30
CUST-21499,Visakhapatnam,Andhra Pradesh,Tier 2,2025-03-12
CUST-21500,Hyderabad,Telangana,Tier 1,2024-03-08
CUST-21501,Coimbatore,Tamil Nadu,Tier 2,2024-08-22
CUST-21502,Jaipur,Rajasthan,Tier 2,2025-11-05
CUST-21503,Hyderabad,Telangana,Tier 1,2024-04-07
CUST-21504,Kolkata,West Bengal,Tier 1,2024-01-09
CUST-21505,Patna,Bihar,Tier 2,2025-05-18
CUST-21506,Coimbatore,Tamil Nadu,Tier 2,2025-05-04
CUST-21507,Delhi NCR,Delhi,Tier 1,2025-03-02
CUST-21508,Hyderabad,Telangana,Tier 1,2024-08-14
CUST-21509,Hyderabad,Telangana,Tier 1,2025-08-09
CUST-21510,Mumbai,Maharashtra,Tier 1,2024-01-17
CUST-21511,Pune,Maharashtra,Tier 1,2025-07-16
CUST-21512,Bhopal,Madhya Pradesh,Tier 2,2024-08-15
CUST-21513,Chennai,Tamil Nadu,Tier 1,2024-08-25
CUST-21514,Chandigarh,Punjab,Tier 2,2025-01-15
CUST-21515,Pune,Maharashtra,Tier 1,2025-01-21
CUST-21516,Chennai,Tamil Nadu,Tier 1,2025-10-30
CUST-21517,Delhi NCR,Delhi,Tier 1,2024-09-10
CUST-21518,Ahmedabad,Gujarat,Tier 2,2024-11-03
CUST-21519,Bhopal,Madhya Pradesh,Tier 2,2024-11-09
CUST-21520,Lucknow,Uttar Pradesh,Tier 2,2024-10-27
CUST-21521,Mumbai,Maharashtra,Tier 1,2024-04-27
CUST-21522,Bangalore,Karnataka,Tier 1,2024-02-19
CUST-21523,Mumbai,Maharashtra,Tier 1,2025-07-17
CUST-21524,Pune,Maharashtra,Tier 1,2024-06-29
CUST-21525,Chandigarh,Punjab,Tier 2,2025-06-26
CUST-21526,Delhi NCR,Delhi,Tier 1,2024-11-22
CUST-21527,Patna,Bihar,Tier 2,2025-05-17
CUST-21528,Kolkata,West Bengal,Tier 1,2025-05-10
CUST-21529,Lucknow,Uttar Pradesh,Tier 2,2024-09-02
CUST-21530,Visakhapatnam,Andhra Pradesh,Tier 2,2025-08-24
CUST-21531,Mumbai,Maharashtra,Tier 1,2025-06-26
CUST-21532,Coimbatore,Tamil Nadu,Tier 2,2024-04-11
CUST-21533,Delhi NCR,Delhi,Tier 1,2024-08-17
CUST-21534,Chennai,Tamil Nadu,Tier 1,2025-01-22
CUST-21535,Patna,Bihar,Tier 2,2025-08-31
CUST-21536,Coimbatore,Tamil Nadu,Tier 2,2025-08-01
CUST-21537,Kolkata,West Bengal,Tier 1,2024-07-29
CUST-21538,Pune,Maharashtra,Tier 1,2025-10-10
CUST-21539,Lucknow,Uttar Pradesh,Tier 2,2025-03-05
CUST-21540,Patna,Bihar,Tier 2,2024-12-04
CUST-21541,Delhi NCR,Delhi,Tier 1,2024-07-02
CUST-21542,Indore,Madhya Pradesh,Tier 2,2024-02-25
CUST-21543,Kolkata,West Bengal,Tier 1,2024-10-08
CUST-21544,Chennai,Tamil Nadu,Tier 1,2025-07-25
CUST-21545,Chennai,Tamil Nadu,Tier 1,2024-05-07
CUST-21546,Kolkata,West Bengal,Tier 1,2025-09-30
CUST-21547,Bhubaneswar,Odisha,Tier 2,2025-05-22
CUST-21548,Kolkata,West Bengal,Tier 1,2025-08-06
CUST-21549,Bhubaneswar,Odisha,Tier 2,2024-08-03
CUST-21550,Delhi NCR,Delhi,Tier 1,2024-03-30
CUST-21551,Ahmedabad,Gujarat,Tier 2,2024-11-09
CUST-21552,Indore,Madhya Pradesh,Tier 2,2024-08-20
CUST-21553,Jaipur,Rajasthan,Tier 2,2025-07-28
CUST-21554,Pune,Maharashtra,Tier 1,2024-09-03
CUST-21555,Pune,Maharashtra,Tier 1,2025-03-17
CUST-21556,Bhopal,Madhya Pradesh,Tier 2,2024-05-14
CUST-21557,Indore,Madhya Pradesh,Tier 2,2024-01-02
CUST-21558,Delhi NCR,Delhi,Tier 1,2024-06-09
CUST-21559,Patna,Bihar,Tier 2,2024-05-19
CUST-21560,Chennai,Tamil Nadu,Tier 1,2024-10-30
CUST-21561,Bangalore,Karnataka,Tier 1,2025-04-04
CUST-21562,Bhopal,Madhya Pradesh,Tier 2,2024-05-04
CUST-21563,Chennai,Tamil Nadu,Tier 1,2024-12-12
CUST-21564,Indore,Madhya Pradesh,Tier 2,2025-08-16
CUST-21565,Bangalore,Karnataka,Tier 1,2024-11-19
CUST-21566,Mumbai,Maharashtra,Tier 1,2025-02-10
CUST-21567,Kolkata,West Bengal,Tier 1,2025-04-13
CUST-21568,Delhi NCR,Delhi,Tier 1,2024-06-12
CUST-21569,Chandigarh,Punjab,Tier 2,2024-08-27
CUST-21570,Bangalore,Karnataka,Tier 1,2024-07-31
CUST-21571,Chennai,Tamil Nadu,Tier 1,2024-05-28
CUST-21572,Mumbai,Maharashtra,Tier 1,2025-08-06
CUST-21573,Hyderabad,Telangana,Tier 1,2024-04-12
CUST-21574,Kochi,Kerala,Tier 2,2024-07-01
CUST-21575,Delhi NCR,Delhi,Tier 1,2025-05-19
CUST-21576,Pune,Maharashtra,Tier 1,2025-11-26
CUST-21577,Nagpur,Maharashtra,Tier 2,2025-06-08
CUST-21578,Lucknow,Uttar Pradesh,Tier 2,2025-01-14
CUST-21579,Indore,Madhya Pradesh,Tier 2,2025-10-23
CUST-21580,Delhi NCR,Delhi,Tier 1,2024-01-24
CUST-21581,Bangalore,Karnataka,Tier 1,2024-05-12
CUST-21582,Coimbatore,Tamil Nadu,Tier 2,2024-02-19
CUST-21583,Ahmedabad,Gujarat,Tier 2,2025-11-25
CUST-21584,Pune,Maharashtra,Tier 1,2024-01-26
CUST-21585,Jaipur,Rajasthan,Tier 2,2025-10-11
CUST-21586,Chennai,Tamil Nadu,Tier 1,2024-01-11
CUST-21587,Mumbai,Maharashtra,Tier 1,2024-04-11
CUST-21588,Kochi,Kerala,Tier 2,2024-01-11
CUST-21589,Jaipur,Rajasthan,Tier 2,2024-04-21
CUST-21590,Kolkata,West Bengal,Tier 1,2025-08-28
CUST-21591,Coimbatore,Tamil Nadu,Tier 2,2024-06-15
CUST-21592,Hyderabad,Telangana,Tier 1,2025-02-10
CUST-21593,Hyderabad,Telangana,Tier 1,2024-02-14
CUST-21594,Bhopal,Madhya Pradesh,Tier 2,2024-12-24
CUST-21595,Indore,Madhya Pradesh,Tier 2,2025-07-07
CUST-21596,Kolkata,West Bengal,Tier 1,2024-10-11
CUST-21597,Delhi NCR,Delhi,Tier 1,2025-02-03
CUST-21598,Bangalore,Karnataka,Tier 1,2025-03-26
CUST-21599,Jaipur,Rajasthan,Tier 2,2025-09-03
CUST-21600,Chennai,Tamil Nadu,Tier 1,2025-03-19
CUST-21601,Patna,Bihar,Tier 2,2025-01-22
CUST-21602,Bhubaneswar,Odisha,Tier 2,2024-12-21
CUST-21603,Indore,Madhya Pradesh,Tier 2,2025-02-28
CUST-21604,Chennai,Tamil Nadu,Tier 1,2024-01-06
CUST-21605,Kochi,Kerala,Tier 2,2025-07-07
CUST-21606,Hyderabad,Telangana,Tier 1,2025-03-16
CUST-21607,Delhi NCR,Delhi,Tier 1,2024-12-21
CUST-21608,Mumbai,Maharashtra,Tier 1,2025-08-10
CUST-21609,Chennai,Tamil Nadu,Tier 1,2025-07-07
CUST-21610,Coimbatore,Tamil Nadu,Tier 2,2024-09-24
CUST-21611,Bangalore,Karnataka,Tier 1,2024-08-04
CUST-21612,Bangalore,Karnataka,Tier 1,2024-03-04
CUST-21613,Bhubaneswar,Odisha,Tier 2,2025-03-17
CUST-21614,Mumbai,Maharashtra,Tier 1,2025-11-21
CUST-21615,Kochi,Kerala,Tier 2,2025-06-24
CUST-21616,Hyderabad,Telangana,Tier 1,2024-10-01
CUST-21617,Mumbai,Maharashtra,Tier 1,2025-04-14
CUST-21618,Nagpur,Maharashtra,Tier 2,2024-08-03
CUST-21619,Delhi NCR,Delhi,Tier 1,2025-07-19
CUST-21620,Kolkata,West Bengal,Tier 1,2025-08-14
CUST-21621,Bangalore,Karnataka,Tier 1,2024-07-12
CUST-21622,Mumbai,Maharashtra,Tier 1,2024-01-13
CUST-21623,Mumbai,Maharashtra,Tier 1,2024-08-09
CUST-21624,Delhi NCR,Delhi,Tier 1,2025-01-30
CUST-21625,Mumbai,Maharashtra,Tier 1,2024-09-26
CUST-21626,Chandigarh,Punjab,Tier 2,2024-10-24
CUST-21627,Kolkata,West Bengal,Tier 1,2025-09-02
CUST-21628,Hyderabad,Telangana,Tier 1,2025-09-07
CUST-21629,Chennai,Tamil Nadu,Tier 1,2025-03-07
CUST-21630,Nagpur,Maharashtra,Tier 2,2025-02-11
CUST-21631,Coimbatore,Tamil Nadu,Tier 2,2024-03-05
CUST-21632,Ahmedabad,Gujarat,Tier 2,2025-10-18
CUST-21633,Coimbatore,Tamil Nadu,Tier 2,2024-02-07
CUST-21634,Hyderabad,Telangana,Tier 1,2024-01-28
CUST-21635,Chennai,Tamil Nadu,Tier 1,2024-10-15
CUST-21636,Pune,Maharashtra,Tier 1,2024-08-24
CUST-21637,Pune,Maharashtra,Tier 1,2024-05-05
CUST-21638,Kolkata,West Bengal,Tier 1,2025-01-18
CUST-21639,Chennai,Tamil Nadu,Tier 1,2024-11-21
CUST-21640,Visakhapatnam,Andhra Pradesh,Tier 2,2024-03-25
CUST-21641,Indore,Madhya Pradesh,Tier 2,2024-09-02
CUST-21642,Chennai,Tamil Nadu,Tier 1,2025-01-22
CUST-21643,Ahmedabad,Gujarat,Tier 2,2024-09-22
CUST-21644,Bangalore,Karnataka,Tier 1,2024-07-23
CUST-21645,Delhi NCR,Delhi,Tier 1,2024-08-15
CUST-21646,Hyderabad,Telangana,Tier 1,2024-08-27
CUST-21647,Chennai,Tamil Nadu,Tier 1,2024-03-13
CUST-21648,Mumbai,Maharashtra,Tier 1,2025-11-01
CUST-21649,Indore,Madhya Pradesh,Tier 2,2025-01-22
CUST-21650,Hyderabad,Telangana,Tier 1,2025-01-12
CUST-21651,Pune,Maharashtra,Tier 1,2024-07-30
CUST-21652,Mumbai,Maharashtra,Tier 1,2025-10-09
CUST-21653,Delhi NCR,Delhi,Tier 1,2025-11-06
CUST-21654,Coimbatore,Tamil Nadu,Tier 2,2025-10-10
CUST-21655,Pune,Maharashtra,Tier 1,2024-06-19
CUST-21656,Bhubaneswar,Odisha,Tier 2,2024-05-31
CUST-21657,Visakhapatnam,Andhra Pradesh,Tier 2,2025-11-07
CUST-21658,Chennai,Tamil Nadu,Tier 1,2024-04-13
CUST-21659,Hyderabad,Telangana,Tier 1,2024-08-09
CUST-21660,Bhopal,Madhya Pradesh,Tier 2,2024-10-08
CUST-21661,Visakhapatnam,Andhra Pradesh,Tier 2,2025-01-22
CUST-21662,Pune,Maharashtra,Tier 1,2025-01-06
CUST-21663,Kochi,Kerala,Tier 2,2024-05-08
CUST-21664,Kochi,Kerala,Tier 2,2025-02-07
CUST-21665,Hyderabad,Telangana,Tier 1,2024-08-07
CUST-21666,Pune,Maharashtra,Tier 1,2024-06-21
CUST-21667,Patna,Bihar,Tier 2,2025-04-16
CUST-21668,Lucknow,Uttar Pradesh,Tier 2,2025-03-28
CUST-21669,Mumbai,Maharashtra,Tier 1,2025-08-30
CUST-21670,Hyderabad,Telangana,Tier 1,2025-05-16
CUST-21671,Delhi NCR,Delhi,Tier 1,2024-02-21
CUST-21672,Bangalore,Karnataka,Tier 1,2024-04-03
CUST-21673,Coimbatore,Tamil Nadu,Tier 2,2025-07-29
CUST-21674,Mumbai,Maharashtra,Tier 1,2024-01-21
CUST-21675,Bangalore,Karnataka,Tier 1,2024-04-15
CUST-21676,Hyderabad,Telangana,Tier 1,2024-07-18
CUST-21677,Pune,Maharashtra,Tier 1,2024-12-17
CUST-21678,Kolkata,West Bengal,Tier 1,2024-10-07
CUST-21679,Bangalore,Karnataka,Tier 1,2024-10-08
CUST-21680,Delhi NCR,Delhi,Tier 1,2025-09-03
CUST-21681,Bangalore,Karnataka,Tier 1,2025-06-22
CUST-21682,Kolkata,West Bengal,Tier 1,2024-09-01
CUST-21683,Bangalore,Karnataka,Tier 1,2025-07-28
CUST-21684,Bhubaneswar,Odisha,Tier 2,2025-03-04
CUST-21685,Chennai,Tamil Nadu,Tier 1,2024-02-07
CUST-21686,Mumbai,Maharashtra,Tier 1,2025-02-22
CUST-21687,Ahmedabad,Gujarat,Tier 2,2024-10-28
CUST-21688,Hyderabad,Telangana,Tier 1,2025-09-30
CUST-21689,Jaipur,Rajasthan,Tier 2,2024-03-11
CUST-21690,Hyderabad,Telangana,Tier 1,2025-10-07
CUST-21691,Pune,Maharashtra,Tier 1,2025-06-08
CUST-21692,Kochi,Kerala,Tier 2,2024-06-22
CUST-21693,Nagpur,Maharashtra,Tier 2,2024-03-30
CUST-21694,Bangalore,Karnataka,Tier 1,2025-01-02
CUST-21695,Hyderabad,Telangana,Tier 1,2024-07-25
CUST-21696,Chennai,Tamil Nadu,Tier 1,2024-03-02
CUST-21697,Nagpur,Maharashtra,Tier 2,2024-11-14
CUST-21698,Coimbatore,Tamil Nadu,Tier 2,2025-07-04
CUST-21699,Mumbai,Maharashtra,Tier 1,2024-02-29
CUST-21700,Delhi NCR,Delhi,Tier 1,2024-04-14
CUST-21701,Kolkata,West Bengal,Tier 1,2024-08-26
CUST-21702,Delhi NCR,Delhi,Tier 1,2025-04-06
CUST-21703,Hyderabad,Telangana,Tier 1,2024-05-06
CUST-21704,Delhi NCR,Delhi,Tier 1,2024-03-23
CUST-21705,Pune,Maharashtra,Tier 1,2024-08-07
CUST-21706,Bhubaneswar,Odisha,Tier 2,2025-02-11
CUST-21707,Visakhapatnam,Andhra Pradesh,Tier 2,2025-09-08
CUST-21708,Chennai,Tamil Nadu,Tier 1,2025-08-08
CUST-21709,Pune,Maharashtra,Tier 1,2025-10-08
CUST-21710,Bhopal,Madhya Pradesh,Tier 2,2025-03-05
CUST-21711,Delhi NCR,Delhi,Tier 1,2025-07-27
CUST-21712,Lucknow,Uttar Pradesh,Tier 2,2025-05-27
CUST-21713,Chennai,Tamil Nadu,Tier 1,2024-03-19
CUST-21714,Bangalore,Karnataka,Tier 1,2024-03-05
CUST-21715,Chennai,Tamil Nadu,Tier 1,2024-07-01
CUST-21716,Mumbai,Maharashtra,Tier 1,2024-03-06
CUST-21717,Lucknow,Uttar Pradesh,Tier 2,2024-07-26
CUST-21718,Bangalore,Karnataka,Tier 1,2024-02-23
CUST-21719,Hyderabad,Telangana,Tier 1,2024-08-08
CUST-21720,Delhi NCR,Delhi,Tier 1,2024-08-23
CUST-21721,Bhopal,Madhya Pradesh,Tier 2,2025-09-03
CUST-21722,Kolkata,West Bengal,Tier 1,2025-03-13
CUST-21723,Pune,Maharashtra,Tier 1,2024-04-12
CUST-21724,Pune,Maharashtra,Tier 1,2025-03-11
CUST-21725,Chennai,Tamil Nadu,Tier 1,2025-11-24
CUST-21726,Bangalore,Karnataka,Tier 1,2025-02-24
CUST-21727,Chandigarh,Punjab,Tier 2,2024-04-17
CUST-21728,Delhi NCR,Delhi,Tier 1,2025-06-07
CUST-21729,Delhi NCR,Delhi,Tier 1,2025-03-18
CUST-21730,Ahmedabad,Gujarat,Tier 2,2025-05-20
CUST-21731,Bangalore,Karnataka,Tier 1,2025-02-07
CUST-21732,Hyderabad,Telangana,Tier 1,2024-12-08
CUST-21733,Kolkata,West Bengal,Tier 1,2025-08-20
CUST-21734,Chennai,Tamil Nadu,Tier 1,2024-11-22
CUST-21735,Ahmedabad,Gujarat,Tier 2,2024-08-01
CUST-21736,Pune,Maharashtra,Tier 1,2025-07-09
CUST-21737,Pune,Maharashtra,Tier 1,2024-11-17
CUST-21738,Ahmedabad,Gujarat,Tier 2,2024-03-18
CUST-21739,Hyderabad,Telangana,Tier 1,2024-02-24
CUST-21740,Hyderabad,Telangana,Tier 1,2024-03-11
CUST-21741,Chennai,Tamil Nadu,Tier 1,2024-03-08
CUST-21742,Hyderabad,Telangana,Tier 1,2024-06-28
CUST-21743,Visakhapatnam,Andhra Pradesh,Tier 2,2025-01-14
CUST-21744,Indore,Madhya Pradesh,Tier 2,2025-11-16
CUST-21745,Delhi NCR,Delhi,Tier 1,2025-11-11
CUST-21746,Mumbai,Maharashtra,Tier 1,2025-03-25
CUST-21747,Mumbai,Maharashtra,Tier 1,2024-09-17
CUST-21748,Bangalore,Karnataka,Tier 1,2025-03-22
CUST-21749,Delhi NCR,Delhi,Tier 1,2025-09-28
CUST-21750,Kolkata,West Bengal,Tier 1,2024-05-10
CUST-21751,Bhopal,Madhya Pradesh,Tier 2,2024-08-21
CUST-21752,Ahmedabad,Gujarat,Tier 2,2024-06-02
CUST-21753,Bangalore,Karnataka,Tier 1,2024-11-25
CUST-21754,Chennai,Tamil Nadu,Tier 1,2025-09-28
CUST-21755,Kolkata,West Bengal,Tier 1,2025-09-03
CUST-21756,Indore,Madhya Pradesh,Tier 2,2024-02-22
CUST-21757,Patna,Bihar,Tier 2,2025-04-12
CUST-21758,Coimbatore,Tamil Nadu,Tier 2,2025-10-01
CUST-21759,Kolkata,West Bengal,Tier 1,2025-02-16
CUST-21760,Lucknow,Uttar Pradesh,Tier 2,2024-01-14
CUST-21761,Delhi NCR,Delhi,Tier 1,2025-05-10
CUST-21762,Pune,Maharashtra,Tier 1,2025-05-31
CUST-21763,Bangalore,Karnataka,Tier 1,2025-01-02
CUST-21764,Chennai,Tamil Nadu,Tier 1,2025-06-22
CUST-21765,Pune,Maharashtra,Tier 1,2025-09-28
CUST-21766,Bangalore,Karnataka,Tier 1,2025-03-27
CUST-21767,Mumbai,Maharashtra,Tier 1,2025-06-24
CUST-21768,Mumbai,Maharashtra,Tier 1,2025-05-29
CUST-21769,Mumbai,Maharashtra,Tier 1,2025-04-25
CUST-21770,Mumbai,Maharashtra,Tier 1,2025-02-17
CUST-21771,Delhi NCR,Delhi,Tier 1,2024-08-15
CUST-21772,Bangalore,Karnataka,Tier 1,2024-05-16
CUST-21773,Bangalore,Karnataka,Tier 1,2024-08-27
CUST-21774,Visakhapatnam,Andhra Pradesh,Tier 2,2025-11-02
CUST-21775,Hyderabad,Telangana,Tier 1,2025-04-16
CUST-21776,Delhi NCR,Delhi,Tier 1,2025-06-01
CUST-21777,Kolkata,West Bengal,Tier 1,2025-04-05
CUST-21778,Bhopal,Madhya Pradesh,Tier 2,2024-10-31
CUST-21779,Jaipur,Rajasthan,Tier 2,2025-10-16
CUST-21780,Hyderabad,Telangana,Tier 1,2024-06-29
CUST-21781,Pune,Maharashtra,Tier 1,2024-01-30
CUST-21782,Ahmedabad,Gujarat,Tier 2,2024-02-09
CUST-21783,Ahmedabad,Gujarat,Tier 2,2024-07-05
CUST-21784,Jaipur,Rajasthan,Tier 2,2024-11-14
CUST-21785,Bhopal,Madhya Pradesh,Tier 2,2024-08-14
CUST-21786,Bhopal,Madhya Pradesh,Tier 2,2024-11-19
CUST-21787,Pune,Maharashtra,Tier 1,2024-02-12
CUST-21788,Chennai,Tamil Nadu,Tier 1,2025-10-17
CUST-21789,Pune,Maharashtra,Tier 1,2024-10-04
CUST-21790,Indore,Madhya Pradesh,Tier 2,2024-11-14
CUST-21791,Mumbai,Maharashtra,Tier 1,2024-06-22
CUST-21792,Visakhapatnam,Andhra Pradesh,Tier 2,2025-11-15
CUST-21793,Delhi NCR,Delhi,Tier 1,2024-02-10
CUST-21794,Kolkata,West Bengal,Tier 1,2025-02-12
CUST-21795,Bhopal,Madhya Pradesh,Tier 2,2025-07-15
CUST-21796,Bangalore,Karnataka,Tier 1,2024-11-18
CUST-21797,Kolkata,West Bengal,Tier 1,2024-06-28
CUST-21798,Delhi NCR,Delhi,Tier 1,2024-06-07
CUST-21799,Chennai,Tamil Nadu,Tier 1,2024-02-06
CUST-21800,Delhi NCR,Delhi,Tier 1,2025-02-09
CUST-21801,Hyderabad,Telangana,Tier 1,2025-06-22
CUST-21802,Chennai,Tamil Nadu,Tier 1,2025-01-10
CUST-21803,Visakhapatnam,Andhra Pradesh,Tier 2,2024-09-12
CUST-21804,Visakhapatnam,Andhra Pradesh,Tier 2,2024-10-04
CUST-21805,Delhi NCR,Delhi,Tier 1,2024-09-05
CUST-21806,Ahmedabad,Gujarat,Tier 2,2025-11-23
CUST-21807,Mumbai,Maharashtra,Tier 1,2024-01-17
CUST-21808,Mumbai,Maharashtra,Tier 1,2025-01-02
CUST-21809,Delhi NCR,Delhi,Tier 1,2024-05-04
CUST-21810,Bhubaneswar,Odisha,Tier 2,2024-11-07
CUST-21811,Nagpur,Maharashtra,Tier 2,2024-07-30
CUST-21812,Bangalore,Karnataka,Tier 1,2025-04-16
CUST-21813,Delhi NCR,Delhi,Tier 1,2025-02-18
CUST-21814,Bangalore,Karnataka,Tier 1,2025-05-14
CUST-21815,Kolkata,West Bengal,Tier 1,2024-06-29
CUST-21816,Pune,Maharashtra,Tier 1,2025-01-23
CUST-21817,Bangalore,Karnataka,Tier 1,2025-10-03
CUST-21818,Chandigarh,Punjab,Tier 2,2025-09-24
CUST-21819,Hyderabad,Telangana,Tier 1,2024-07-05
CUST-21820,Nagpur,Maharashtra,Tier 2,2025-11-04
CUST-21821,Jaipur,Rajasthan,Tier 2,2025-09-15
CUST-21822,Chennai,Tamil Nadu,Tier 1,2025-04-12
CUST-21823,Kochi,Kerala,Tier 2,2025-04-01
CUST-21824,Indore,Madhya Pradesh,Tier 2,2024-05-13
CUST-21825,Hyderabad,Telangana,Tier 1,2025-11-28
CUST-21826,Hyderabad,Telangana,Tier 1,2024-06-23
CUST-21827,Nagpur,Maharashtra,Tier 2,2024-09-17
CUST-21828,Delhi NCR,Delhi,Tier 1,2024-11-12
CUST-21829,Mumbai,Maharashtra,Tier 1,2024-09-25
CUST-21830,Chennai,Tamil Nadu,Tier 1,2025-04-14
CUST-21831,Indore,Madhya Pradesh,Tier 2,2024-08-11
CUST-21832,Kochi,Kerala,Tier 2,2024-09-08
CUST-21833,Nagpur,Maharashtra,Tier 2,2024-03-04
CUST-21834,Kolkata,West Bengal,Tier 1,2025-04-08
CUST-21835,Delhi NCR,Delhi,Tier 1,2024-05-03
CUST-21836,Pune,Maharashtra,Tier 1,2025-08-04
CUST-21837,Kochi,Kerala,Tier 2,2024-08-25
CUST-21838,Delhi NCR,Delhi,Tier 1,2024-03-15
CUST-21839,Delhi NCR,Delhi,Tier 1,2025-03-17
CUST-21840,Mumbai,Maharashtra,Tier 1,2025-05-14
CUST-21841,Pune,Maharashtra,Tier 1,2025-06-05
CUST-21842,Coimbatore,Tamil Nadu,Tier 2,2024-09-24
CUST-21843,Jaipur,Rajasthan,Tier 2,2025-05-01
CUST-21844,Visakhapatnam,Andhra Pradesh,Tier 2,2025-08-22
CUST-21845,Mumbai,Maharashtra,Tier 1,2024-02-19
CUST-21846,Coimbatore,Tamil Nadu,Tier 2,2025-10-16
CUST-21847,Indore,Madhya Pradesh,Tier 2,2024-02-28
CUST-21848,Hyderabad,Telangana,Tier 1,2025-03-29
CUST-21849,Visakhapatnam,Andhra Pradesh,Tier 2,2024-03-12
CUST-21850,Hyderabad,Telangana,Tier 1,2024-07-08
CUST-21851,Coimbatore,Tamil Nadu,Tier 2,2025-07-15
CUST-21852,Bhopal,Madhya Pradesh,Tier 2,2025-07-19
CUST-21853,Chandigarh,Punjab,Tier 2,2024-06-04
CUST-21854,Pune,Maharashtra,Tier 1,2025-07-16
CUST-21855,Delhi NCR,Delhi,Tier 1,2025-11-03
CUST-21856,Kolkata,West Bengal,Tier 1,2025-10-02
CUST-21857,Hyderabad,Telangana,Tier 1,2024-03-25
CUST-21858,Kochi,Kerala,Tier 2,2024-03-09
CUST-21859,Chandigarh,Punjab,Tier 2,2025-01-19
CUST-21860,Coimbatore,Tamil Nadu,Tier 2,2025-01-07
CUST-21861,Mumbai,Maharashtra,Tier 1,2024-02-24
CUST-21862,Indore,Madhya Pradesh,Tier 2,2024-03-25
CUST-21863,Nagpur,Maharashtra,Tier 2,2025-08-14
CUST-21864,Kochi,Kerala,Tier 2,2025-09-13
CUST-21865,Delhi NCR,Delhi,Tier 1,2024-11-12
CUST-21866,Mumbai,Maharashtra,Tier 1,2024-06-12
CUST-21867,Mumbai,Maharashtra,Tier 1,2025-09-06
CUST-21868,Pune,Maharashtra,Tier 1,2025-09-16
CUST-21869,Pune,Maharashtra,Tier 1,2024-09-08
CUST-21870,Visakhapatnam,Andhra Pradesh,Tier 2,2024-05-31
CUST-21871,Chennai,Tamil Nadu,Tier 1,2024-12-01
CUST-21872,Hyderabad,Telangana,Tier 1,2025-01-02
CUST-21873,Pune,Maharashtra,Tier 1,2025-08-22
CUST-21874,Patna,Bihar,Tier 2,2024-04-09
CUST-21875,Nagpur,Maharashtra,Tier 2,2024-04-29
CUST-21876,Indore,Madhya Pradesh,Tier 2,2025-01-19
CUST-21877,Chennai,Tamil Nadu,Tier 1,2024-10-29
CUST-21878,Pune,Maharashtra,Tier 1,2024-05-28
CUST-21879,Bhopal,Madhya Pradesh,Tier 2,2024-07-19
CUST-21880,Kolkata,West Bengal,Tier 1,2024-01-03
CUST-21881,Bangalore,Karnataka,Tier 1,2025-02-03
CUST-21882,Delhi NCR,Delhi,Tier 1,2024-03-08
CUST-21883,Mumbai,Maharashtra,Tier 1,2024-06-02
CUST-21884,Ahmedabad,Gujarat,Tier 2,2025-05-08
CUST-21885,Delhi NCR,Delhi,Tier 1,2024-06-30
CUST-21886,Bangalore,Karnataka,Tier 1,2025-06-08
CUST-21887,Hyderabad,Telangana,Tier 1,2024-07-07
CUST-21888,Pune,Maharashtra,Tier 1,2024-01-20
CUST-21889,Chennai,Tamil Nadu,Tier 1,2024-10-09
CUST-21890,Jaipur,Rajasthan,Tier 2,2024-01-10
CUST-21891,Mumbai,Maharashtra,Tier 1,2025-11-30
CUST-21892,Delhi NCR,Delhi,Tier 1,2025-06-14
CUST-21893,Kolkata,West Bengal,Tier 1,2025-10-16
CUST-21894,Hyderabad,Telangana,Tier 1,2025-09-06
CUST-21895,Hyderabad,Telangana,Tier 1,2024-10-29
CUST-21896,Mumbai,Maharashtra,Tier 1,2024-08-28
CUST-21897,Coimbatore,Tamil Nadu,Tier 2,2024-05-31
CUST-21898,Lucknow,Uttar Pradesh,Tier 2,2024-12-02
CUST-21899,Delhi NCR,Delhi,Tier 1,2024-07-06
CUST-21900,Mumbai,Maharashtra,Tier 1,2025-04-08
CUST-21901,Visakhapatnam,Andhra Pradesh,Tier 2,2024-06-25
CUST-21902,Lucknow,Uttar Pradesh,Tier 2,2024-06-25
CUST-21903,Chennai,Tamil Nadu,Tier 1,2025-02-18
CUST-21904,Lucknow,Uttar Pradesh,Tier 2,2025-07-31
CUST-21905,Chandigarh,Punjab,Tier 2,2024-11-05
CUST-21906,Kochi,Kerala,Tier 2,2024-01-02
CUST-21907,Kolkata,West Bengal,Tier 1,2024-11-12
CUST-21908,Chennai,Tamil Nadu,Tier 1,2025-05-23
CUST-21909,Mumbai,Maharashtra,Tier 1,2025-07-25
CUST-21910,Nagpur,Maharashtra,Tier 2,2025-01-02
CUST-21911,Pune,Maharashtra,Tier 1,2025-07-08
CUST-21912,Bangalore,Karnataka,Tier 1,2025-08-27
CUST-21913,Nagpur,Maharashtra,Tier 2,2024-08-13
CUST-21914,Nagpur,Maharashtra,Tier 2,2025-04-24
CUST-21915,Visakhapatnam,Andhra Pradesh,Tier 2,2024-03-03
CUST-21916,Bhopal,Madhya Pradesh,Tier 2,2024-10-06
CUST-21917,Visakhapatnam,Andhra Pradesh,Tier 2,2024-01-14
CUST-21918,Bangalore,Karnataka,Tier 1,2024-01-28
CUST-21919,Patna,Bihar,Tier 2,2024-05-21
CUST-21920,Indore,Madhya Pradesh,Tier 2,2025-09-11
CUST-21921,Bangalore,Karnataka,Tier 1,2025-08-12
CUST-21922,Delhi NCR,Delhi,Tier 1,2025-04-17
CUST-21923,Visakhapatnam,Andhra Pradesh,Tier 2,2025-06-07
CUST-21924,Hyderabad,Telangana,Tier 1,2024-07-02
CUST-21925,Bhopal,Madhya Pradesh,Tier 2,2024-11-12
CUST-21926,Mumbai,Maharashtra,Tier 1,2024-12-26
CUST-21927,Mumbai,Maharashtra,Tier 1,2025-03-20
CUST-21928,Kolkata,West Bengal,Tier 1,2024-10-22
CUST-21929,Bangalore,Karnataka,Tier 1,2025-02-07
CUST-21930,Lucknow,Uttar Pradesh,Tier 2,2024-09-19
CUST-21931,Pune,Maharashtra,Tier 1,2025-01-11
CUST-21932,Mumbai,Maharashtra,Tier 1,2025-08-07
CUST-21933,Delhi NCR,Delhi,Tier 1,2024-03-08
CUST-21934,Chennai,Tamil Nadu,Tier 1,2025-04-15
CUST-21935,Delhi NCR,Delhi,Tier 1,2024-02-16
CUST-21936,Kochi,Kerala,Tier 2,2024-02-27
CUST-21937,Chennai,Tamil Nadu,Tier 1,2024-01-24
CUST-21938,Delhi NCR,Delhi,Tier 1,2024-10-16
CUST-21939,Kolkata,West Bengal,Tier 1,2025-03-19
CUST-21940,Mumbai,Maharashtra,Tier 1,2025-02-06
CUST-21941,Delhi NCR,Delhi,Tier 1,2024-01-24
CUST-21942,Bangalore,Karnataka,Tier 1,2024-03-04
CUST-21943,Bhopal,Madhya Pradesh,Tier 2,2025-10-21
CUST-21944,Nagpur,Maharashtra,Tier 2,2025-09-19
CUST-21945,Patna,Bihar,Tier 2,2025-09-01
CUST-21946,Hyderabad,Telangana,Tier 1,2024-08-26
CUST-21947,Bangalore,Karnataka,Tier 1,2024-10-09
CUST-21948,Kolkata,West Bengal,Tier 1,2025-03-17
CUST-21949,Ahmedabad,Gujarat,Tier 2,2024-10-26
CUST-21950,Visakhapatnam,Andhra Pradesh,Tier 2,2024-04-02
CUST-21951,Delhi NCR,Delhi,Tier 1,2025-07-30
CUST-21952,Mumbai,Maharashtra,Tier 1,2025-01-09
CUST-21953,Lucknow,Uttar Pradesh,Tier 2,2025-11-16
CUST-21954,Patna,Bihar,Tier 2,2024-11-05
CUST-21955,Patna,Bihar,Tier 2,2024-06-15
CUST-21956,Jaipur,Rajasthan,Tier 2,2024-01-07
CUST-21957,Bhubaneswar,Odisha,Tier 2,2024-02-12
CUST-21958,Kolkata,West Bengal,Tier 1,2024-12-05
CUST-21959,Nagpur,Maharashtra,Tier 2,2024-06-01
CUST-21960,Bhubaneswar,Odisha,Tier 2,2024-02-12
CUST-21961,Patna,Bihar,Tier 2,2024-07-19
CUST-21962,Hyderabad,Telangana,Tier 1,2025-10-28
CUST-21963,Bangalore,Karnataka,Tier 1,2025-10-26
CUST-21964,Kolkata,West Bengal,Tier 1,2025-07-01
CUST-21965,Chennai,Tamil Nadu,Tier 1,2024-08-13
CUST-21966,Bhopal,Madhya Pradesh,Tier 2,2025-09-24
CUST-21967,Delhi NCR,Delhi,Tier 1,2025-06-04
CUST-21968,Bangalore,Karnataka,Tier 1,2024-12-04
CUST-21969,Chandigarh,Punjab,Tier 2,2024-11-30
CUST-21970,Delhi NCR,Delhi,Tier 1,2024-06-29
CUST-21971,Hyderabad,Telangana,Tier 1,2025-06-16
CUST-21972,Chennai,Tamil Nadu,Tier 1,2024-09-28
CUST-21973,Pune,Maharashtra,Tier 1,2024-07-12
CUST-21974,Delhi NCR,Delhi,Tier 1,2025-06-21
CUST-21975,Bhopal,Madhya Pradesh,Tier 2,2025-04-25
CUST-21976,Chennai,Tamil Nadu,Tier 1,2024-04-07
CUST-21977,Nagpur,Maharashtra,Tier 2,2025-03-05
CUST-21978,Kolkata,West Bengal,Tier 1,2025-05-26
CUST-21979,Bangalore,Karnataka,Tier 1,2024-11-22
CUST-21980,Delhi NCR,Delhi,Tier 1,2025-07-31
CUST-21981,Mumbai,Maharashtra,Tier 1,2025-02-19
CUST-21982,Kolkata,West Bengal,Tier 1,2024-04-20
CUST-21983,Delhi NCR,Delhi,Tier 1,2024-07-30
CUST-21984,Chennai,Tamil Nadu,Tier 1,2025-11-13
CUST-21985,Pune,Maharashtra,Tier 1,2025-07-24
CUST-21986,Bangalore,Karnataka,Tier 1,2024-01-30
CUST-21987,Delhi NCR,Delhi,Tier 1,2024-09-23
CUST-21988,Kochi,Kerala,Tier 2,2025-10-27
CUST-21989,Bhubaneswar,Odisha,Tier 2,2024-12-15
CUST-21990,Delhi NCR,Delhi,Tier 1,2025-05-28
CUST-21991,Delhi NCR,Delhi,Tier 1,2025-11-11
CUST-21992,Bhubaneswar,Odisha,Tier 2,2024-08-01
CUST-21993,Mumbai,Maharashtra,Tier 1,2024-09-07
CUST-21994,Visakhapatnam,Andhra Pradesh,Tier 2,2025-06-26
CUST-21995,Mumbai,Maharashtra,Tier 1,2024-11-14
CUST-21996,Bhopal,Madhya Pradesh,Tier 2,2024-07-01
CUST-21997,Hyderabad,Telangana,Tier 1,2024-07-07
CUST-21998,Nagpur,Maharashtra,Tier 2,2024-05-06
CUST-21999,Hyderabad,Telangana,Tier 1,2024-10-22
CUST-22000,Jaipur,Rajasthan,Tier 2,2024-01-23
CUST-22001,Mumbai,Maharashtra,Tier 1,2025-06-13
CUST-22002,Bangalore,Karnataka,Tier 1,2024-03-19
CUST-22003,Kochi,Kerala,Tier 2,2025-06-29
CUST-22004,Kolkata,West Bengal,Tier 1,2025-04-14
CUST-22005,Nagpur,Maharashtra,Tier 2,2025-09-10
CUST-22006,Chennai,Tamil Nadu,Tier 1,2024-10-31
CUST-22007,Bhopal,Madhya Pradesh,Tier 2,2025-03-23
CUST-22008,Chennai,Tamil Nadu,Tier 1,2024-07-17
CUST-22009,Visakhapatnam,Andhra Pradesh,Tier 2,2024-07-09
CUST-22010,Bhubaneswar,Odisha,Tier 2,2024-08-19
CUST-22011,Hyderabad,Telangana,Tier 1,2025-07-27
CUST-22012,Coimbatore,Tamil Nadu,Tier 2,2025-07-07
CUST-22013,Patna,Bihar,Tier 2,2024-01-24
CUST-22014,Bangalore,Karnataka,Tier 1,2025-11-05
CUST-22015,Pune,Maharashtra,Tier 1,2025-04-05
CUST-22016,Mumbai,Maharashtra,Tier 1,2024-07-01
CUST-22017,Patna,Bihar,Tier 2,2025-03-08
CUST-22018,Delhi NCR,Delhi,Tier 1,2025-08-29
CUST-22019,Mumbai,Maharashtra,Tier 1,2024-03-23
CUST-22020,Chennai,Tamil Nadu,Tier 1,2024-04-02
CUST-22021,Pune,Maharashtra,Tier 1,2024-10-04
CUST-22022,Bhopal,Madhya Pradesh,Tier 2,2025-09-08
CUST-22023,Visakhapatnam,Andhra Pradesh,Tier 2,2024-03-25
CUST-22024,Chennai,Tamil Nadu,Tier 1,2025-07-26
CUST-22025,Mumbai,Maharashtra,Tier 1,2024-07-26
CUST-22026,Chandigarh,Punjab,Tier 2,2025-10-31
CUST-22027,Pune,Maharashtra,Tier 1,2025-08-03
CUST-22028,Chennai,Tamil Nadu,Tier 1,2025-03-19
CUST-22029,Hyderabad,Telangana,Tier 1,2025-01-04
CUST-22030,Kolkata,West Bengal,Tier 1,2025-10-12
CUST-22031,Hyderabad,Telangana,Tier 1,2025-04-20
CUST-22032,Chandigarh,Punjab,Tier 2,2025-05-18
CUST-22033,Kolkata,West Bengal,Tier 1,2024-08-18
CUST-22034,Bhopal,Madhya Pradesh,Tier 2,2024-12-25
CUST-22035,Kolkata,West Bengal,Tier 1,2025-07-16
CUST-22036,Bangalore,Karnataka,Tier 1,2024-01-19
CUST-22037,Patna,Bihar,Tier 2,2025-11-20
CUST-22038,Pune,Maharashtra,Tier 1,2024-07-27
CUST-22039,Bangalore,Karnataka,Tier 1,2024-05-10
CUST-22040,Pune,Maharashtra,Tier 1,2025-01-18
CUST-22041,Hyderabad,Telangana,Tier 1,2024-04-01
CUST-22042,Patna,Bihar,Tier 2,2025-06-26
CUST-22043,Chennai,Tamil Nadu,Tier 1,2024-12-27
CUST-22044,Ahmedabad,Gujarat,Tier 2,2024-05-03
CUST-22045,Delhi NCR,Delhi,Tier 1,2025-10-09
CUST-22046,Chennai,Tamil Nadu,Tier 1,2024-09-29
CUST-22047,Visakhapatnam,Andhra Pradesh,Tier 2,2024-12-20
CUST-22048,Indore,Madhya Pradesh,Tier 2,2024-04-09
CUST-22049,Delhi NCR,Delhi,Tier 1,2025-09-07
CUST-22050,Bangalore,Karnataka,Tier 1,2024-10-27
CUST-22051,Hyderabad,Telangana,Tier 1,2025-08-31
CUST-22052,Jaipur,Rajasthan,Tier 2,2024-07-21
CUST-22053,Chandigarh,Punjab,Tier 2,2024-01-21
CUST-22054,Chandigarh,Punjab,Tier 2,2024-07-16
CUST-22055,Kolkata,West Bengal,Tier 1,2024-04-21
CUST-22056,Indore,Madhya Pradesh,Tier 2,2024-05-28
CUST-22057,Chennai,Tamil Nadu,Tier 1,2025-01-15
CUST-22058,Delhi NCR,Delhi,Tier 1,2024-07-01
CUST-22059,Pune,Maharashtra,Tier 1,2024-12-02
CUST-22060,Bhubaneswar,Odisha,Tier 2,2024-12-03
CUST-22061,Kochi,Kerala,Tier 2,2024-10-26
CUST-22062,Pune,Maharashtra,Tier 1,2025-08-23
CUST-22063,Pune,Maharashtra,Tier 1,2024-08-09
CUST-22064,Nagpur,Maharashtra,Tier 2,2025-02-12
CUST-22065,Chennai,Tamil Nadu,Tier 1,2025-11-19
CUST-22066,Hyderabad,Telangana,Tier 1,2024-04-27
CUST-22067,Visakhapatnam,Andhra Pradesh,Tier 2,2024-06-22
CUST-22068,Bhopal,Madhya Pradesh,Tier 2,2024-08-06
CUST-22069,Hyderabad,Telangana,Tier 1,2025-01-10
CUST-22070,Chennai,Tamil Nadu,Tier 1,2024-11-14
CUST-22071,Chennai,Tamil Nadu,Tier 1,2025-08-11
CUST-22072,Delhi NCR,Delhi,Tier 1,2024-03-28
CUST-22073,Bhubaneswar,Odisha,Tier 2,2024-03-18
CUST-22074,Chennai,Tamil Nadu,Tier 1,2025-03-16
CUST-22075,Bhopal,Madhya Pradesh,Tier 2,2024-07-19
CUST-22076,Bangalore,Karnataka,Tier 1,2025-07-29
CUST-22077,Kolkata,West Bengal,Tier 1,2025-02-18
CUST-22078,Mumbai,Maharashtra,Tier 1,2024-01-04
CUST-22079,Chandigarh,Punjab,Tier 2,2024-03-23
CUST-22080,Pune,Maharashtra,Tier 1,2025-05-07
CUST-22081,Pune,Maharashtra,Tier 1,2024-01-06
CUST-22082,Mumbai,Maharashtra,Tier 1,2024-12-12
CUST-22083,Bangalore,Karnataka,Tier 1,2025-06-17
CUST-22084,Mumbai,Maharashtra,Tier 1,2025-10-18
CUST-22085,Hyderabad,Telangana,Tier 1,2025-03-26
CUST-22086,Pune,Maharashtra,Tier 1,2024-05-24
CUST-22087,Pune,Maharashtra,Tier 1,2024-01-02
CUST-22088,Pune,Maharashtra,Tier 1,2024-10-14
CUST-22089,Kolkata,West Bengal,Tier 1,2024-08-12
CUST-22090,Bangalore,Karnataka,Tier 1,2025-03-12
CUST-22091,Bangalore,Karnataka,Tier 1,2024-08-01
CUST-22092,Delhi NCR,Delhi,Tier 1,2024-06-14
CUST-22093,Patna,Bihar,Tier 2,2025-01-07
CUST-22094,Pune,Maharashtra,Tier 1,2025-10-14
CUST-22095,Bangalore,Karnataka,Tier 1,2025-05-21
CUST-22096,Delhi NCR,Delhi,Tier 1,2025-07-29
CUST-22097,Bhopal,Madhya Pradesh,Tier 2,2024-11-28
CUST-22098,Chandigarh,Punjab,Tier 2,2024-07-30
CUST-22099,Jaipur,Rajasthan,Tier 2,2024-10-15
CUST-22100,Chennai,Tamil Nadu,Tier 1,2025-09-01
CUST-22101,Bangalore,Karnataka,Tier 1,2024-06-14
CUST-22102,Visakhapatnam,Andhra Pradesh,Tier 2,2024-05-05
CUST-22103,Indore,Madhya Pradesh,Tier 2,2024-06-05
CUST-22104,Hyderabad,Telangana,Tier 1,2025-07-26
CUST-22105,Patna,Bihar,Tier 2,2024-02-01
CUST-22106,Chandigarh,Punjab,Tier 2,2024-09-30
CUST-22107,Hyderabad,Telangana,Tier 1,2024-10-27
CUST-22108,Chennai,Tamil Nadu,Tier 1,2024-01-21
CUST-22109,Bangalore,Karnataka,Tier 1,2025-06-07
CUST-22110,Delhi NCR,Delhi,Tier 1,2025-09-06
CUST-22111,Ahmedabad,Gujarat,Tier 2,2024-10-02
CUST-22112,Bangalore,Karnataka,Tier 1,2024-01-07
CUST-22113,Indore,Madhya Pradesh,Tier 2,2025-03-30
CUST-22114,Visakhapatnam,Andhra Pradesh,Tier 2,2024-05-09
CUST-22115,Mumbai,Maharashtra,Tier 1,2024-10-25
CUST-22116,Kolkata,West Bengal,Tier 1,2024-04-06
CUST-22117,Indore,Madhya Pradesh,Tier 2,2024-10-03
CUST-22118,Kochi,Kerala,Tier 2,2024-10-11
CUST-22119,Chandigarh,Punjab,Tier 2,2024-06-21
CUST-22120,Hyderabad,Telangana,Tier 1,2024-11-27
CUST-22121,Chennai,Tamil Nadu,Tier 1,2024-07-23
CUST-22122,Pune,Maharashtra,Tier 1,2024-04-12
CUST-22123,Visakhapatnam,Andhra Pradesh,Tier 2,2025-09-16
CUST-22124,Hyderabad,Telangana,Tier 1,2024-12-25
CUST-22125,Nagpur,Maharashtra,Tier 2,2024-05-10
CUST-22126,Bangalore,Karnataka,Tier 1,2024-02-08
CUST-22127,Visakhapatnam,Andhra Pradesh,Tier 2,2024-11-02
CUST-22128,Jaipur,Rajasthan,Tier 2,2025-06-03
CUST-22129,Chennai,Tamil Nadu,Tier 1,2024-02-15
CUST-22130,Pune,Maharashtra,Tier 1,2024-07-12
CUST-22131,Bangalore,Karnataka,Tier 1,2025-06-01
CUST-22132,Bangalore,Karnataka,Tier 1,2025-07-23
CUST-22133,Delhi NCR,Delhi,Tier 1,2024-06-17
CUST-22134,Delhi NCR,Delhi,Tier 1,2024-05-01
CUST-22135,Hyderabad,Telangana,Tier 1,2024-09-05
CUST-22136,Chandigarh,Punjab,Tier 2,2024-07-25
CUST-22137,Pune,Maharashtra,Tier 1,2024-04-24
CUST-22138,Delhi NCR,Delhi,Tier 1,2024-08-26
CUST-22139,Patna,Bihar,Tier 2,2025-07-19
CUST-22140,Pune,Maharashtra,Tier 1,2024-03-16
CUST-22141,Bhubaneswar,Odisha,Tier 2,2024-06-17
CUST-22142,Jaipur,Rajasthan,Tier 2,2024-02-17
CUST-22143,Delhi NCR,Delhi,Tier 1,2024-03-10
CUST-22144,Kolkata,West Bengal,Tier 1,2025-05-22
CUST-22145,Pune,Maharashtra,Tier 1,2024-06-03
CUST-22146,Mumbai,Maharashtra,Tier 1,2025-07-12
CUST-22147,Mumbai,Maharashtra,Tier 1,2025-04-05
CUST-22148,Delhi NCR,Delhi,Tier 1,2025-01-07
CUST-22149,Bangalore,Karnataka,Tier 1,2024-07-20
CUST-22150,Chennai,Tamil Nadu,Tier 1,2025-10-15
CUST-22151,Kolkata,West Bengal,Tier 1,2024-11-12
CUST-22152,Delhi NCR,Delhi,Tier 1,2025-03-26
CUST-22153,Jaipur,Rajasthan,Tier 2,2025-09-29
CUST-22154,Pune,Maharashtra,Tier 1,2025-10-26
CUST-22155,Hyderabad,Telangana,Tier 1,2025-07-30
CUST-22156,Mumbai,Maharashtra,Tier 1,2024-04-05
CUST-22157,Mumbai,Maharashtra,Tier 1,2025-11-23
CUST-22158,Chennai,Tamil Nadu,Tier 1,2025-05-10
CUST-22159,Delhi NCR,Delhi,Tier 1,2024-12-27
CUST-22160,Chennai,Tamil Nadu,Tier 1,2025-04-01
CUST-22161,Pune,Maharashtra,Tier 1,2024-06-26
CUST-22162,Kolkata,West Bengal,Tier 1,2024-05-08
CUST-22163,Bangalore,Karnataka,Tier 1,2025-05-04
CUST-22164,Hyderabad,Telangana,Tier 1,2024-02-08
CUST-22165,Pune,Maharashtra,Tier 1,2025-04-02
CUST-22166,Bhopal,Madhya Pradesh,Tier 2,2024-12-15
CUST-22167,Chandigarh,Punjab,Tier 2,2025-10-06
CUST-22168,Kolkata,West Bengal,Tier 1,2025-03-27
CUST-22169,Hyderabad,Telangana,Tier 1,2025-01-14
CUST-22170,Hyderabad,Telangana,Tier 1,2024-04-18
CUST-22171,Bhopal,Madhya Pradesh,Tier 2,2025-08-06
CUST-22172,Mumbai,Maharashtra,Tier 1,2024-07-26
CUST-22173,Visakhapatnam,Andhra Pradesh,Tier 2,2025-07-30
CUST-22174,Jaipur,Rajasthan,Tier 2,2024-08-28
CUST-22175,Lucknow,Uttar Pradesh,Tier 2,2025-08-13
CUST-22176,Mumbai,Maharashtra,Tier 1,2024-03-28
CUST-22177,Pune,Maharashtra,Tier 1,2025-02-02
CUST-22178,Kolkata,West Bengal,Tier 1,2025-11-20
CUST-22179,Delhi NCR,Delhi,Tier 1,2024-09-18
CUST-22180,Bangalore,Karnataka,Tier 1,2025-07-31
CUST-22181,Coimbatore,Tamil Nadu,Tier 2,2024-11-20
CUST-22182,Kolkata,West Bengal,Tier 1,2025-01-05
CUST-22183,Chennai,Tamil Nadu,Tier 1,2024-04-14
CUST-22184,Mumbai,Maharashtra,Tier 1,2024-04-07
CUST-22185,Ahmedabad,Gujarat,Tier 2,2025-05-01
CUST-22186,Lucknow,Uttar Pradesh,Tier 2,2024-04-05
CUST-22187,Pune,Maharashtra,Tier 1,2025-04-16
CUST-22188,Kolkata,West Bengal,Tier 1,2024-02-15
CUST-22189,Chennai,Tamil Nadu,Tier 1,2024-01-31
CUST-22190,Pune,Maharashtra,Tier 1,2025-02-11
CUST-22191,Bangalore,Karnataka,Tier 1,2025-01-09
CUST-22192,Nagpur,Maharashtra,Tier 2,2025-01-16
CUST-22193,Pune,Maharashtra,Tier 1,2025-10-21
CUST-22194,Hyderabad,Telangana,Tier 1,2025-10-05
CUST-22195,Chennai,Tamil Nadu,Tier 1,2025-11-28
CUST-22196,Indore,Madhya Pradesh,Tier 2,2025-05-03
CUST-22197,Delhi NCR,Delhi,Tier 1,2025-09-30
CUST-22198,Hyderabad,Telangana,Tier 1,2024-11-04
CUST-22199,Lucknow,Uttar Pradesh,Tier 2,2025-08-21
CUST-22200,Hyderabad,Telangana,Tier 1,2025-09-24
CUST-22201,Kochi,Kerala,Tier 2,2024-05-14
CUST-22202,Delhi NCR,Delhi,Tier 1,2024-11-23
CUST-22203,Chandigarh,Punjab,Tier 2,2024-07-17
CUST-22204,Mumbai,Maharashtra,Tier 1,2025-11-13
CUST-22205,Mumbai,Maharashtra,Tier 1,2024-09-16
CUST-22206,Coimbatore,Tamil Nadu,Tier 2,2024-05-03
CUST-22207,Pune,Maharashtra,Tier 1,2025-08-05
CUST-22208,Hyderabad,Telangana,Tier 1,2025-01-16
CUST-22209,Bangalore,Karnataka,Tier 1,2025-05-21
CUST-22210,Pune,Maharashtra,Tier 1,2025-07-24
CUST-22211,Kolkata,West Bengal,Tier 1,2024-04-18
CUST-22212,Visakhapatnam,Andhra Pradesh,Tier 2,2024-02-10
CUST-22213,Visakhapatnam,Andhra Pradesh,Tier 2,2025-03-20
CUST-22214,Pune,Maharashtra,Tier 1,2024-05-25
CUST-22215,Chennai,Tamil Nadu,Tier 1,2025-07-17
CUST-22216,Kolkata,West Bengal,Tier 1,2024-06-24
CUST-22217,Lucknow,Uttar Pradesh,Tier 2,2024-10-05
CUST-22218,Delhi NCR,Delhi,Tier 1,2025-01-14
CUST-22219,Hyderabad,Telangana,Tier 1,2024-06-13
CUST-22220,Mumbai,Maharashtra,Tier 1,2025-04-30
CUST-22221,Mumbai,Maharashtra,Tier 1,2025-09-06
CUST-22222,Bangalore,Karnataka,Tier 1,2025-07-18
CUST-22223,Kolkata,West Bengal,Tier 1,2024-12-26
CUST-22224,Kochi,Kerala,Tier 2,2024-06-21
CUST-22225,Kolkata,West Bengal,Tier 1,2024-06-25
CUST-22226,Hyderabad,Telangana,Tier 1,2024-02-18
CUST-22227,Mumbai,Maharashtra,Tier 1,2024-04-20
CUST-22228,Kolkata,West Bengal,Tier 1,2024-07-28
CUST-22229,Bangalore,Karnataka,Tier 1,2025-11-17
CUST-22230,Pune,Maharashtra,Tier 1,2025-09-10
CUST-22231,Visakhapatnam,Andhra Pradesh,Tier 2,2025-10-26
CUST-22232,Delhi NCR,Delhi,Tier 1,2024-06-03
CUST-22233,Bangalore,Karnataka,Tier 1,2025-10-13
CUST-22234,Kolkata,West Bengal,Tier 1,2025-10-24
CUST-22235,Bhubaneswar,Odisha,Tier 2,2024-09-29
CUST-22236,Kochi,Kerala,Tier 2,2025-07-09
CUST-22237,Coimbatore,Tamil Nadu,Tier 2,2025-08-05
CUST-22238,Hyderabad,Telangana,Tier 1,2025-09-28
CUST-22239,Visakhapatnam,Andhra Pradesh,Tier 2,2025-10-25
CUST-22240,Delhi NCR,Delhi,Tier 1,2025-03-30
CUST-22241,Mumbai,Maharashtra,Tier 1,2024-11-11
CUST-22242,Bhopal,Madhya Pradesh,Tier 2,2024-08-02
CUST-22243,Nagpur,Maharashtra,Tier 2,2024-11-25
CUST-22244,Mumbai,Maharashtra,Tier 1,2024-05-23
CUST-22245,Delhi NCR,Delhi,Tier 1,2025-09-10
CUST-22246,Mumbai,Maharashtra,Tier 1,2024-12-19
CUST-22247,Delhi NCR,Delhi,Tier 1,2024-10-07
CUST-22248,Bangalore,Karnataka,Tier 1,2024-11-17
CUST-22249,Bhubaneswar,Odisha,Tier 2,2024-11-01
CUST-22250,Jaipur,Rajasthan,Tier 2,2025-04-23
CUST-22251,Kochi,Kerala,Tier 2,2025-01-24
CUST-22252,Kochi,Kerala,Tier 2,2024-03-04
CUST-22253,Kolkata,West Bengal,Tier 1,2024-09-21
CUST-22254,Indore,Madhya Pradesh,Tier 2,2024-01-06
CUST-22255,Pune,Maharashtra,Tier 1,2024-06-16
CUST-22256,Hyderabad,Telangana,Tier 1,2024-12-20
CUST-22257,Pune,Maharashtra,Tier 1,2024-06-21
CUST-22258,Kolkata,West Bengal,Tier 1,2024-04-28
CUST-22259,Indore,Madhya Pradesh,Tier 2,2024-08-13
CUST-22260,Visakhapatnam,Andhra Pradesh,Tier 2,2024-06-22
CUST-22261,Chennai,Tamil Nadu,Tier 1,2024-05-08
CUST-22262,Chandigarh,Punjab,Tier 2,2024-07-05
CUST-22263,Delhi NCR,Delhi,Tier 1,2024-03-03
CUST-22264,Kochi,Kerala,Tier 2,2024-09-30
CUST-22265,Hyderabad,Telangana,Tier 1,2025-08-20
CUST-22266,Mumbai,Maharashtra,Tier 1,2024-07-28
CUST-22267,Hyderabad,Telangana,Tier 1,2024-07-11
CUST-22268,Pune,Maharashtra,Tier 1,2025-06-15
CUST-22269,Delhi NCR,Delhi,Tier 1,2024-06-30
CUST-22270,Nagpur,Maharashtra,Tier 2,2025-07-13
CUST-22271,Mumbai,Maharashtra,Tier 1,2024-08-15
CUST-22272,Nagpur,Maharashtra,Tier 2,2025-07-19
CUST-22273,Lucknow,Uttar Pradesh,Tier 2,2025-09-05
CUST-22274,Hyderabad,Telangana,Tier 1,2024-03-29
CUST-22275,Chennai,Tamil Nadu,Tier 1,2024-05-23
CUST-22276,Chandigarh,Punjab,Tier 2,2025-10-21
CUST-22277,Pune,Maharashtra,Tier 1,2024-09-06
CUST-22278,Jaipur,Rajasthan,Tier 2,2024-08-12
CUST-22279,Chennai,Tamil Nadu,Tier 1,2025-11-03
CUST-22280,Kolkata,West Bengal,Tier 1,2024-06-16
CUST-22281,Visakhapatnam,Andhra Pradesh,Tier 2,2024-04-19
CUST-22282,Bangalore,Karnataka,Tier 1,2024-06-21
CUST-22283,Chennai,Tamil Nadu,Tier 1,2025-05-25
CUST-22284,Hyderabad,Telangana,Tier 1,2024-10-23
CUST-22285,Chandigarh,Punjab,Tier 2,2024-08-30
CUST-22286,Chandigarh,Punjab,Tier 2,2024-07-27
CUST-22287,Hyderabad,Telangana,Tier 1,2024-08-30
CUST-22288,Mumbai,Maharashtra,Tier 1,2024-09-10
CUST-22289,Mumbai,Maharashtra,Tier 1,2024-03-22
CUST-22290,Chennai,Tamil Nadu,Tier 1,2025-03-09
CUST-22291,Chennai,Tamil Nadu,Tier 1,2025-04-19
CUST-22292,Visakhapatnam,Andhra Pradesh,Tier 2,2025-06-26
CUST-22293,Kolkata,West Bengal,Tier 1,2024-01-04
CUST-22294,Bangalore,Karnataka,Tier 1,2024-07-12
CUST-22295,Coimbatore,Tamil Nadu,Tier 2,2024-02-25
CUST-22296,Kolkata,West Bengal,Tier 1,2024-09-17
CUST-22297,Pune,Maharashtra,Tier 1,2025-08-15
CUST-22298,Delhi NCR,Delhi,Tier 1,2025-07-19
CUST-22299,Chennai,Tamil Nadu,Tier 1,2025-01-14
CUST-22300,Bhubaneswar,Odisha,Tier 2,2025-05-01
CUST-22301,Pune,Maharashtra,Tier 1,2024-04-05
CUST-22302,Hyderabad,Telangana,Tier 1,2024-12-01
CUST-22303,Pune,Maharashtra,Tier 1,2024-11-24
CUST-22304,Coimbatore,Tamil Nadu,Tier 2,2025-05-10
CUST-22305,Bangalore,Karnataka,Tier 1,2025-09-29
CUST-22306,Kolkata,West Bengal,Tier 1,2025-06-02
CUST-22307,Bhubaneswar,Odisha,Tier 2,2024-05-04
CUST-22308,Delhi NCR,Delhi,Tier 1,2025-09-11
CUST-22309,Ahmedabad,Gujarat,Tier 2,2024-09-16
CUST-22310,Pune,Maharashtra,Tier 1,2025-08-04
CUST-22311,Lucknow,Uttar Pradesh,Tier 2,2025-07-03
CUST-22312,Hyderabad,Telangana,Tier 1,2025-11-17
CUST-22313,Hyderabad,Telangana,Tier 1,2025-11-30
CUST-22314,Lucknow,Uttar Pradesh,Tier 2,2024-01-08
CUST-22315,Bangalore,Karnataka,Tier 1,2025-07-16
CUST-22316,Chennai,Tamil Nadu,Tier 1,2025-01-07
CUST-22317,Bangalore,Karnataka,Tier 1,2024-08-09
CUST-22318,Mumbai,Maharashtra,Tier 1,2025-06-14
CUST-22319,Bhubaneswar,Odisha,Tier 2,2024-12-15
CUST-22320,Chennai,Tamil Nadu,Tier 1,2024-01-31
CUST-22321,Bhubaneswar,Odisha,Tier 2,2025-08-14
CUST-22322,Delhi NCR,Delhi,Tier 1,2024-12-23
CUST-22323,Pune,Maharashtra,Tier 1,2024-01-22
CUST-22324,Bangalore,Karnataka,Tier 1,2024-10-15
CUST-22325,Kochi,Kerala,Tier 2,2024-08-01
CUST-22326,Kochi,Kerala,Tier 2,2024-06-13
CUST-22327,Delhi NCR,Delhi,Tier 1,2024-05-19
CUST-22328,Coimbatore,Tamil Nadu,Tier 2,2025-01-04
CUST-22329,Bangalore,Karnataka,Tier 1,2024-11-15
CUST-22330,Pune,Maharashtra,Tier 1,2025-02-12
CUST-22331,Visakhapatnam,Andhra Pradesh,Tier 2,2025-03-13
CUST-22332,Bhopal,Madhya Pradesh,Tier 2,2024-01-13
CUST-22333,Bhubaneswar,Odisha,Tier 2,2025-05-15
CUST-22334,Hyderabad,Telangana,Tier 1,2024-01-26
CUST-22335,Delhi NCR,Delhi,Tier 1,2025-06-17
CUST-22336,Bangalore,Karnataka,Tier 1,2024-03-16
CUST-22337,Kolkata,West Bengal,Tier 1,2024-12-31
CUST-22338,Kochi,Kerala,Tier 2,2025-05-05
CUST-22339,Delhi NCR,Delhi,Tier 1,2024-04-01
CUST-22340,Jaipur,Rajasthan,Tier 2,2024-09-22
CUST-22341,Hyderabad,Telangana,Tier 1,2025-07-13
CUST-22342,Hyderabad,Telangana,Tier 1,2025-05-13
CUST-22343,Jaipur,Rajasthan,Tier 2,2024-06-18
CUST-22344,Kolkata,West Bengal,Tier 1,2024-12-11
CUST-22345,Indore,Madhya Pradesh,Tier 2,2024-08-15
CUST-22346,Delhi NCR,Delhi,Tier 1,2025-11-29
CUST-22347,Kochi,Kerala,Tier 2,2025-11-10
CUST-22348,Mumbai,Maharashtra,Tier 1,2024-07-21
CUST-22349,Bangalore,Karnataka,Tier 1,2025-03-21
CUST-22350,Jaipur,Rajasthan,Tier 2,2025-06-01
CUST-22351,Bhopal,Madhya Pradesh,Tier 2,2024-05-11
CUST-22352,Bangalore,Karnataka,Tier 1,2024-09-01
CUST-22353,Hyderabad,Telangana,Tier 1,2024-03-31
CUST-22354,Kolkata,West Bengal,Tier 1,2024-05-05
CUST-22355,Bangalore,Karnataka,Tier 1,2025-04-16
CUST-22356,Indore,Madhya Pradesh,Tier 2,2024-08-29
CUST-22357,Kochi,Kerala,Tier 2,2025-05-16
CUST-22358,Delhi NCR,Delhi,Tier 1,2025-01-21
CUST-22359,Chennai,Tamil Nadu,Tier 1,2024-01-07
CUST-22360,Kochi,Kerala,Tier 2,2024-03-28
CUST-22361,Hyderabad,Telangana,Tier 1,2025-08-20
CUST-22362,Pune,Maharashtra,Tier 1,2024-05-24
CUST-22363,Mumbai,Maharashtra,Tier 1,2025-03-26
CUST-22364,Pune,Maharashtra,Tier 1,2024-11-26
CUST-22365,Delhi NCR,Delhi,Tier 1,2024-06-12
CUST-22366,Patna,Bihar,Tier 2,2025-10-18
CUST-22367,Hyderabad,Telangana,Tier 1,2024-12-07
CUST-22368,Hyderabad,Telangana,Tier 1,2024-01-01
CUST-22369,Patna,Bihar,Tier 2,2024-04-29
CUST-22370,Mumbai,Maharashtra,Tier 1,2025-08-01
CUST-22371,Chennai,Tamil Nadu,Tier 1,2025-04-08
CUST-22372,Hyderabad,Telangana,Tier 1,2025-04-06
CUST-22373,Hyderabad,Telangana,Tier 1,2024-02-18
CUST-22374,Coimbatore,Tamil Nadu,Tier 2,2024-11-22
CUST-22375,Chandigarh,Punjab,Tier 2,2025-04-18
CUST-22376,Mumbai,Maharashtra,Tier 1,2025-01-02
CUST-22377,Ahmedabad,Gujarat,Tier 2,2024-10-13
CUST-22378,Kolkata,West Bengal,Tier 1,2024-01-24
CUST-22379,Coimbatore,Tamil Nadu,Tier 2,2024-10-19
CUST-22380,Hyderabad,Telangana,Tier 1,2025-03-24
CUST-22381,Pune,Maharashtra,Tier 1,2024-03-03
CUST-22382,Kolkata,West Bengal,Tier 1,2025-07-21
CUST-22383,Kolkata,West Bengal,Tier 1,2025-04-02
CUST-22384,Chennai,Tamil Nadu,Tier 1,2025-06-13
CUST-22385,Bangalore,Karnataka,Tier 1,2025-02-16
CUST-22386,Chandigarh,Punjab,Tier 2,2025-08-11
CUST-22387,Chennai,Tamil Nadu,Tier 1,2024-09-16
CUST-22388,Bhubaneswar,Odisha,Tier 2,2025-09-24
CUST-22389,Bangalore,Karnataka,Tier 1,2024-07-02
CUST-22390,Lucknow,Uttar Pradesh,Tier 2,2024-02-17
CUST-22391,Nagpur,Maharashtra,Tier 2,2024-05-26
CUST-22392,Jaipur,Rajasthan,Tier 2,2025-08-14
CUST-22393,Bhopal,Madhya Pradesh,Tier 2,2025-02-12
CUST-22394,Patna,Bihar,Tier 2,2025-03-15
CUST-22395,Hyderabad,Telangana,Tier 1,2025-04-02
CUST-22396,Pune,Maharashtra,Tier 1,2024-08-16
CUST-22397,Delhi NCR,Delhi,Tier 1,2024-10-10
CUST-22398,Kolkata,West Bengal,Tier 1,2025-07-26
CUST-22399,Bangalore,Karnataka,Tier 1,2024-12-10
CUST-22400,Chandigarh,Punjab,Tier 2,2025-08-23
CUST-22401,Kolkata,West Bengal,Tier 1,2024-09-20
CUST-22402,Chennai,Tamil Nadu,Tier 1,2025-01-12
CUST-22403,Bangalore,Karnataka,Tier 1,2024-04-12
CUST-22404,Visakhapatnam,Andhra Pradesh,Tier 2,2025-08-22
CUST-22405,Mumbai,Maharashtra,Tier 1,2024-01-23
CUST-22406,Mumbai,Maharashtra,Tier 1,2024-10-19
CUST-22407,Bangalore,Karnataka,Tier 1,2024-09-23
CUST-22408,Visakhapatnam,Andhra Pradesh,Tier 2,2025-06-12
CUST-22409,Visakhapatnam,Andhra Pradesh,Tier 2,2025-04-20
CUST-22410,Jaipur,Rajasthan,Tier 2,2025-03-26
CUST-22411,Bhopal,Madhya Pradesh,Tier 2,2024-10-11
CUST-22412,Bangalore,Karnataka,Tier 1,2024-11-08
CUST-22413,Visakhapatnam,Andhra Pradesh,Tier 2,2024-06-10
CUST-22414,Delhi NCR,Delhi,Tier 1,2025-08-12
CUST-22415,Delhi NCR,Delhi,Tier 1,2024-05-01
CUST-22416,Delhi NCR,Delhi,Tier 1,2025-04-25
CUST-22417,Pune,Maharashtra,Tier 1,2024-04-21
CUST-22418,Kochi,Kerala,Tier 2,2024-08-26
CUST-22419,Hyderabad,Telangana,Tier 1,2024-07-28
CUST-22420,Visakhapatnam,Andhra Pradesh,Tier 2,2024-12-14
CUST-22421,Chennai,Tamil Nadu,Tier 1,2025-05-25
CUST-22422,Delhi NCR,Delhi,Tier 1,2024-01-02
CUST-22423,Kolkata,West Bengal,Tier 1,2025-09-20
CUST-22424,Jaipur,Rajasthan,Tier 2,2025-04-05
CUST-22425,Patna,Bihar,Tier 2,2025-04-26
CUST-22426,Chennai,Tamil Nadu,Tier 1,2025-09-17
CUST-22427,Pune,Maharashtra,Tier 1,2025-08-08
CUST-22428,Bangalore,Karnataka,Tier 1,2024-08-28
CUST-22429,Pune,Maharashtra,Tier 1,2024-02-23
CUST-22430,Visakhapatnam,Andhra Pradesh,Tier 2,2025-11-01
CUST-22431,Mumbai,Maharashtra,Tier 1,2025-04-11
CUST-22432,Coimbatore,Tamil Nadu,Tier 2,2024-04-18
CUST-22433,Pune,Maharashtra,Tier 1,2024-10-06
CUST-22434,Bangalore,Karnataka,Tier 1,2025-10-26
CUST-22435,Bhubaneswar,Odisha,Tier 2,2025-11-05
CUST-22436,Kolkata,West Bengal,Tier 1,2024-02-26
CUST-22437,Hyderabad,Telangana,Tier 1,2024-08-01
CUST-22438,Delhi NCR,Delhi,Tier 1,2025-05-22
CUST-22439,Bangalore,Karnataka,Tier 1,2024-01-28
CUST-22440,Patna,Bihar,Tier 2,2024-07-22
CUST-22441,Pune,Maharashtra,Tier 1,2025-06-28
CUST-22442,Nagpur,Maharashtra,Tier 2,2024-11-04
CUST-22443,Bangalore,Karnataka,Tier 1,2025-09-25
CUST-22444,Delhi NCR,Delhi,Tier 1,2025-06-11
CUST-22445,Mumbai,Maharashtra,Tier 1,2025-10-27
CUST-22446,Kolkata,West Bengal,Tier 1,2024-12-08
CUST-22447,Visakhapatnam,Andhra Pradesh,Tier 2,2024-08-05
CUST-22448,Lucknow,Uttar Pradesh,Tier 2,2025-09-08
CUST-22449,Hyderabad,Telangana,Tier 1,2025-08-11
CUST-22450,Bhopal,Madhya Pradesh,Tier 2,2024-03-27
CUST-22451,Kochi,Kerala,Tier 2,2024-01-31
CUST-22452,Mumbai,Maharashtra,Tier 1,2024-04-09
CUST-22453,Indore,Madhya Pradesh,Tier 2,2025-10-28
CUST-22454,Hyderabad,Telangana,Tier 1,2024-11-10
CUST-22455,Delhi NCR,Delhi,Tier 1,2025-05-09
CUST-22456,Bangalore,Karnataka,Tier 1,2025-09-09
CUST-22457,Kolkata,West Bengal,Tier 1,2025-04-15
CUST-22458,Chennai,Tamil Nadu,Tier 1,2025-05-29
CUST-22459,Hyderabad,Telangana,Tier 1,2025-09-24
CUST-22460,Delhi NCR,Delhi,Tier 1,2025-11-02
CUST-22461,Chandigarh,Punjab,Tier 2,2024-11-26
CUST-22462,Visakhapatnam,Andhra Pradesh,Tier 2,2024-07-12
CUST-22463,Kochi,Kerala,Tier 2,2024-07-09
CUST-22464,Hyderabad,Telangana,Tier 1,2024-09-08
CUST-22465,Bangalore,Karnataka,Tier 1,2024-01-01
CUST-22466,Bangalore,Karnataka,Tier 1,2025-04-03
CUST-22467,Delhi NCR,Delhi,Tier 1,2025-10-06
CUST-22468,Kolkata,West Bengal,Tier 1,2024-03-30
CUST-22469,Pune,Maharashtra,Tier 1,2025-06-01
CUST-22470,Lucknow,Uttar Pradesh,Tier 2,2025-04-27
CUST-22471,Lucknow,Uttar Pradesh,Tier 2,2025-10-06
CUST-22472,Hyderabad,Telangana,Tier 1,2024-04-25
CUST-22473,Hyderabad,Telangana,Tier 1,2024-03-13
CUST-22474,Lucknow,Uttar Pradesh,Tier 2,2024-06-04
CUST-22475,Hyderabad,Telangana,Tier 1,2024-03-09
CUST-22476,Bangalore,Karnataka,Tier 1,2025-04-15
CUST-22477,Chennai,Tamil Nadu,Tier 1,2025-05-06
CUST-22478,Bangalore,Karnataka,Tier 1,2024-10-26
CUST-22479,Mumbai,Maharashtra,Tier 1,2024-05-23
CUST-22480,Patna,Bihar,Tier 2,2024-07-24
CUST-22481,Patna,Bihar,Tier 2,2025-02-10
CUST-22482,Bangalore,Karnataka,Tier 1,2025-08-02
CUST-22483,Mumbai,Maharashtra,Tier 1,2025-11-13
CUST-22484,Chandigarh,Punjab,Tier 2,2024-10-23
CUST-22485,Bangalore,Karnataka,Tier 1,2025-08-04
CUST-22486,Chennai,Tamil Nadu,Tier 1,2025-06-12
CUST-22487,Mumbai,Maharashtra,Tier 1,2024-05-16
CUST-22488,Bangalore,Karnataka,Tier 1,2024-08-06
CUST-22489,Kochi,Kerala,Tier 2,2025-06-01
CUST-22490,Indore,Madhya Pradesh,Tier 2,2025-03-23
CUST-22491,Bangalore,Karnataka,Tier 1,2024-05-11
CUST-22492,Hyderabad,Telangana,Tier 1,2024-12-28
CUST-22493,Delhi NCR,Delhi,Tier 1,2024-12-09
CUST-22494,Mumbai,Maharashtra,Tier 1,2025-11-26
CUST-22495,Visakhapatnam,Andhra Pradesh,Tier 2,2024-01-18
CUST-22496,Jaipur,Rajasthan,Tier 2,2025-02-19
CUST-22497,Kolkata,West Bengal,Tier 1,2025-07-13
CUST-22498,Chandigarh,Punjab,Tier 2,2025-06-24
CUST-22499,Patna,Bihar,Tier 2,2024-06-01
CUST-22500,Indore,Madhya Pradesh,Tier 2,2024-11-27
CUST-22501,Mumbai,Maharashtra,Tier 1,2024-11-14
CUST-22502,Bangalore,Karnataka,Tier 1,2024-07-17
CUST-22503,Jaipur,Rajasthan,Tier 2,2025-06-09
CUST-22504,Chennai,Tamil Nadu,Tier 1,2024-01-10
CUST-22505,Visakhapatnam,Andhra Pradesh,Tier 2,2024-05-18
CUST-22506,Jaipur,Rajasthan,Tier 2,2024-06-15
CUST-22507,Bhubaneswar,Odisha,Tier 2,2024-05-26
CUST-22508,Bangalore,Karnataka,Tier 1,2025-02-06
CUST-22509,Bhopal,Madhya Pradesh,Tier 2,2025-03-20
CUST-22510,Hyderabad,Telangana,Tier 1,2024-03-10
CUST-22511,Visakhapatnam,Andhra Pradesh,Tier 2,2024-11-23
CUST-22512,Delhi NCR,Delhi,Tier 1,2025-09-07
CUST-22513,Kolkata,West Bengal,Tier 1,2024-08-16
CUST-22514,Kochi,Kerala,Tier 2,2025-10-11
CUST-22515,Chennai,Tamil Nadu,Tier 1,2024-11-14
CUST-22516,Kolkata,West Bengal,Tier 1,2024-02-05
CUST-22517,Visakhapatnam,Andhra Pradesh,Tier 2,2025-09-21
CUST-22518,Chennai,Tamil Nadu,Tier 1,2024-09-11
CUST-22519,Pune,Maharashtra,Tier 1,2024-11-08
CUST-22520,Mumbai,Maharashtra,Tier 1,2024-11-30
CUST-22521,Patna,Bihar,Tier 2,2024-01-20
CUST-22522,Pune,Maharashtra,Tier 1,2024-10-24
CUST-22523,Chennai,Tamil Nadu,Tier 1,2024-01-21
CUST-22524,Mumbai,Maharashtra,Tier 1,2025-04-22
CUST-22525,Pune,Maharashtra,Tier 1,2025-04-16
CUST-22526,Mumbai,Maharashtra,Tier 1,2025-11-08
CUST-22527,Mumbai,Maharashtra,Tier 1,2025-04-14
CUST-22528,Pune,Maharashtra,Tier 1,2024-12-14
CUST-22529,Bangalore,Karnataka,Tier 1,2025-08-12
CUST-22530,Bangalore,Karnataka,Tier 1,2025-01-20
CUST-22531,Jaipur,Rajasthan,Tier 2,2025-06-29
CUST-22532,Mumbai,Maharashtra,Tier 1,2025-03-21
CUST-22533,Hyderabad,Telangana,Tier 1,2024-04-08
CUST-22534,Delhi NCR,Delhi,Tier 1,2025-10-16
CUST-22535,Pune,Maharashtra,Tier 1,2024-02-24
CUST-22536,Jaipur,Rajasthan,Tier 2,2024-01-03
CUST-22537,Ahmedabad,Gujarat,Tier 2,2024-11-27
CUST-22538,Bangalore,Karnataka,Tier 1,2025-03-10
CUST-22539,Mumbai,Maharashtra,Tier 1,2025-04-30
CUST-22540,Mumbai,Maharashtra,Tier 1,2024-08-06
CUST-22541,Chennai,Tamil Nadu,Tier 1,2024-07-29
CUST-22542,Bhubaneswar,Odisha,Tier 2,2025-05-10
CUST-22543,Bangalore,Karnataka,Tier 1,2025-10-22
CUST-22544,Bangalore,Karnataka,Tier 1,2024-08-19
CUST-22545,Delhi NCR,Delhi,Tier 1,2025-08-22
CUST-22546,Pune,Maharashtra,Tier 1,2024-05-27
CUST-22547,Lucknow,Uttar Pradesh,Tier 2,2024-07-25
CUST-22548,Pune,Maharashtra,Tier 1,2024-12-25
CUST-22549,Bhopal,Madhya Pradesh,Tier 2,2025-02-22
CUST-22550,Kolkata,West Bengal,Tier 1,2025-02-20
CUST-22551,Delhi NCR,Delhi,Tier 1,2025-11-26
CUST-22552,Hyderabad,Telangana,Tier 1,2025-07-06
CUST-22553,Jaipur,Rajasthan,Tier 2,2024-06-30
CUST-22554,Pune,Maharashtra,Tier 1,2025-07-09
CUST-22555,Kolkata,West Bengal,Tier 1,2024-07-28
CUST-22556,Lucknow,Uttar Pradesh,Tier 2,2024-09-06
CUST-22557,Pune,Maharashtra,Tier 1,2025-05-26
CUST-22558,Bhopal,Madhya Pradesh,Tier 2,2025-08-18
CUST-22559,Pune,Maharashtra,Tier 1,2024-05-18
CUST-22560,Kochi,Kerala,Tier 2,2024-08-18
CUST-22561,Bangalore,Karnataka,Tier 1,2024-01-12
CUST-22562,Jaipur,Rajasthan,Tier 2,2024-09-29
CUST-22563,Coimbatore,Tamil Nadu,Tier 2,2025-05-02
CUST-22564,Chennai,Tamil Nadu,Tier 1,2024-03-30
CUST-22565,Kochi,Kerala,Tier 2,2024-01-25
CUST-22566,Ahmedabad,Gujarat,Tier 2,2025-06-21
CUST-22567,Mumbai,Maharashtra,Tier 1,2025-10-26
CUST-22568,Pune,Maharashtra,Tier 1,2025-07-25
CUST-22569,Delhi NCR,Delhi,Tier 1,2024-02-29
CUST-22570,Bhubaneswar,Odisha,Tier 2,2024-06-19
CUST-22571,Indore,Madhya Pradesh,Tier 2,2025-08-10
CUST-22572,Delhi NCR,Delhi,Tier 1,2025-03-22
CUST-22573,Delhi NCR,Delhi,Tier 1,2025-10-28
CUST-22574,Pune,Maharashtra,Tier 1,2025-11-22
CUST-22575,Hyderabad,Telangana,Tier 1,2025-08-16
CUST-22576,Mumbai,Maharashtra,Tier 1,2024-01-10
CUST-22577,Kolkata,West Bengal,Tier 1,2024-08-30
CUST-22578,Chennai,Tamil Nadu,Tier 1,2024-06-26
CUST-22579,Delhi NCR,Delhi,Tier 1,2024-09-13
CUST-22580,Indore,Madhya Pradesh,Tier 2,2024-11-05
CUST-22581,Nagpur,Maharashtra,Tier 2,2025-05-30
CUST-22582,Chandigarh,Punjab,Tier 2,2024-08-02
CUST-22583,Indore,Madhya Pradesh,Tier 2,2024-01-30
CUST-22584,Bangalore,Karnataka,Tier 1,2024-12-11
CUST-22585,Bangalore,Karnataka,Tier 1,2024-03-05
CUST-22586,Bangalore,Karnataka,Tier 1,2025-09-27
CUST-22587,Chandigarh,Punjab,Tier 2,2024-06-01
CUST-22588,Bhubaneswar,Odisha,Tier 2,2024-02-09
CUST-22589,Ahmedabad,Gujarat,Tier 2,2024-01-26
CUST-22590,Bhopal,Madhya Pradesh,Tier 2,2024-09-29
CUST-22591,Pune,Maharashtra,Tier 1,2024-06-07
CUST-22592,Chennai,Tamil Nadu,Tier 1,2025-08-03
CUST-22593,Chennai,Tamil Nadu,Tier 1,2024-01-01
CUST-22594,Mumbai,Maharashtra,Tier 1,2024-03-19
CUST-22595,Mumbai,Maharashtra,Tier 1,2024-08-15
CUST-22596,Lucknow,Uttar Pradesh,Tier 2,2024-11-22
CUST-22597,Chennai,Tamil Nadu,Tier 1,2025-07-11
CUST-22598,Kolkata,West Bengal,Tier 1,2025-09-11
CUST-22599,Pune,Maharashtra,Tier 1,2025-05-15
CUST-22600,Bangalore,Karnataka,Tier 1,2025-04-19
CUST-22601,Kolkata,West Bengal,Tier 1,2024-12-20
CUST-22602,Kolkata,West Bengal,Tier 1,2024-05-03
CUST-22603,Chennai,Tamil Nadu,Tier 1,2025-10-21
CUST-22604,Indore,Madhya Pradesh,Tier 2,2025-02-27
CUST-22605,Chennai,Tamil Nadu,Tier 1,2024-09-08
CUST-22606,Pune,Maharashtra,Tier 1,2025-05-28
CUST-22607,Coimbatore,Tamil Nadu,Tier 2,2025-05-21
CUST-22608,Bhopal,Madhya Pradesh,Tier 2,2025-04-30
CUST-22609,Coimbatore,Tamil Nadu,Tier 2,2025-04-22
CUST-22610,Bangalore,Karnataka,Tier 1,2025-08-05
CUST-22611,Mumbai,Maharashtra,Tier 1,2024-11-28
CUST-22612,Bangalore,Karnataka,Tier 1,2025-08-31
CUST-22613,Hyderabad,Telangana,Tier 1,2024-08-19
CUST-22614,Coimbatore,Tamil Nadu,Tier 2,2025-06-25
CUST-22615,Pune,Maharashtra,Tier 1,2024-01-30
CUST-22616,Mumbai,Maharashtra,Tier 1,2024-06-21
CUST-22617,Delhi NCR,Delhi,Tier 1,2025-04-12
CUST-22618,Delhi NCR,Delhi,Tier 1,2025-04-20
CUST-22619,Pune,Maharashtra,Tier 1,2024-11-12
CUST-22620,Ahmedabad,Gujarat,Tier 2,2025-01-31
CUST-22621,Bhopal,Madhya Pradesh,Tier 2,2024-05-04
CUST-22622,Nagpur,Maharashtra,Tier 2,2024-03-20
CUST-22623,Bangalore,Karnataka,Tier 1,2025-11-26
CUST-22624,Hyderabad,Telangana,Tier 1,2025-06-10
CUST-22625,Bangalore,Karnataka,Tier 1,2025-06-06
CUST-22626,Hyderabad,Telangana,Tier 1,2025-01-30
CUST-22627,Nagpur,Maharashtra,Tier 2,2024-03-29
CUST-22628,Pune,Maharashtra,Tier 1,2024-01-03
CUST-22629,Chandigarh,Punjab,Tier 2,2025-06-19
CUST-22630,Kolkata,West Bengal,Tier 1,2025-08-23
CUST-22631,Mumbai,Maharashtra,Tier 1,2025-06-04
CUST-22632,Mumbai,Maharashtra,Tier 1,2025-07-11
CUST-22633,Kolkata,West Bengal,Tier 1,2025-08-28
CUST-22634,Ahmedabad,Gujarat,Tier 2,2024-03-11
CUST-22635,Bangalore,Karnataka,Tier 1,2025-11-30
CUST-22636,Ahmedabad,Gujarat,Tier 2,2024-05-18
CUST-22637,Indore,Madhya Pradesh,Tier 2,2024-01-10
CUST-22638,Chennai,Tamil Nadu,Tier 1,2025-05-29
CUST-22639,Chandigarh,Punjab,Tier 2,2025-06-14
CUST-22640,Chennai,Tamil Nadu,Tier 1,2024-05-09
CUST-22641,Jaipur,Rajasthan,Tier 2,2025-02-04
CUST-22642,Chandigarh,Punjab,Tier 2,2024-08-08
CUST-22643,Visakhapatnam,Andhra Pradesh,Tier 2,2025-10-03
CUST-22644,Hyderabad,Telangana,Tier 1,2025-03-12
CUST-22645,Chennai,Tamil Nadu,Tier 1,2025-02-03
CUST-22646,Delhi NCR,Delhi,Tier 1,2024-04-22
CUST-22647,Bangalore,Karnataka,Tier 1,2025-10-11
CUST-22648,Lucknow,Uttar Pradesh,Tier 2,2025-03-27
CUST-22649,Nagpur,Maharashtra,Tier 2,2025-07-08
CUST-22650,Chennai,Tamil Nadu,Tier 1,2024-08-05
CUST-22651,Delhi NCR,Delhi,Tier 1,2024-02-27
CUST-22652,Hyderabad,Telangana,Tier 1,2024-04-22
CUST-22653,Chennai,Tamil Nadu,Tier 1,2025-11-30
CUST-22654,Hyderabad,Telangana,Tier 1,2024-05-01
CUST-22655,Bangalore,Karnataka,Tier 1,2025-02-11
CUST-22656,Ahmedabad,Gujarat,Tier 2,2025-04-04
CUST-22657,Mumbai,Maharashtra,Tier 1,2024-03-25
CUST-22658,Kolkata,West Bengal,Tier 1,2025-09-09
CUST-22659,Kochi,Kerala,Tier 2,2025-02-03
CUST-22660,Bangalore,Karnataka,Tier 1,2024-12-21
CUST-22661,Pune,Maharashtra,Tier 1,2024-04-08
CUST-22662,Jaipur,Rajasthan,Tier 2,2025-06-04
CUST-22663,Jaipur,Rajasthan,Tier 2,2025-06-01
CUST-22664,Chennai,Tamil Nadu,Tier 1,2024-04-17
CUST-22665,Hyderabad,Telangana,Tier 1,2024-05-31
CUST-22666,Patna,Bihar,Tier 2,2024-01-27
CUST-22667,Chandigarh,Punjab,Tier 2,2024-04-28
CUST-22668,Hyderabad,Telangana,Tier 1,2024-04-09
CUST-22669,Delhi NCR,Delhi,Tier 1,2024-01-03
CUST-22670,Mumbai,Maharashtra,Tier 1,2024-11-24
CUST-22671,Delhi NCR,Delhi,Tier 1,2025-06-12
CUST-22672,Pune,Maharashtra,Tier 1,2024-04-15
CUST-22673,Mumbai,Maharashtra,Tier 1,2024-08-17
CUST-22674,Hyderabad,Telangana,Tier 1,2024-10-30
CUST-22675,Chandigarh,Punjab,Tier 2,2024-06-25
CUST-22676,Hyderabad,Telangana,Tier 1,2024-03-24
CUST-22677,Chandigarh,Punjab,Tier 2,2024-09-19
CUST-22678,Chandigarh,Punjab,Tier 2,2024-07-14
CUST-22679,Bangalore,Karnataka,Tier 1,2024-09-05
CUST-22680,Ahmedabad,Gujarat,Tier 2,2025-01-16
CUST-22681,Chandigarh,Punjab,Tier 2,2025-04-02
CUST-22682,Chennai,Tamil Nadu,Tier 1,2025-10-22
CUST-22683,Bangalore,Karnataka,Tier 1,2025-02-12
CUST-22684,Kolkata,West Bengal,Tier 1,2024-03-21
CUST-22685,Nagpur,Maharashtra,Tier 2,2025-02-15
CUST-22686,Pune,Maharashtra,Tier 1,2024-07-24
CUST-22687,Delhi NCR,Delhi,Tier 1,2025-01-22
CUST-22688,Lucknow,Uttar Pradesh,Tier 2,2025-02-02
CUST-22689,Chennai,Tamil Nadu,Tier 1,2024-01-08
CUST-22690,Pune,Maharashtra,Tier 1,2025-09-17
CUST-22691,Ahmedabad,Gujarat,Tier 2,2025-05-31
CUST-22692,Kolkata,West Bengal,Tier 1,2025-03-25
CUST-22693,Indore,Madhya Pradesh,Tier 2,2025-04-20
CUST-22694,Ahmedabad,Gujarat,Tier 2,2024-12-07
CUST-22695,Pune,Maharashtra,Tier 1,2024-03-13
CUST-22696,Delhi NCR,Delhi,Tier 1,2024-04-30
CUST-22697,Patna,Bihar,Tier 2,2024-10-28
CUST-22698,Nagpur,Maharashtra,Tier 2,2024-08-21
CUST-22699,Delhi NCR,Delhi,Tier 1,2024-03-06
CUST-22700,Kolkata,West Bengal,Tier 1,2024-08-17
CUST-22701,Bangalore,Karnataka,Tier 1,2025-06-26
CUST-22702,Chandigarh,Punjab,Tier 2,2024-02-20
CUST-22703,Ahmedabad,Gujarat,Tier 2,2025-10-20
CUST-22704,Delhi NCR,Delhi,Tier 1,2025-08-29
CUST-22705,Bhopal,Madhya Pradesh,Tier 2,2024-11-24
CUST-22706,Delhi NCR,Delhi,Tier 1,2025-01-21
CUST-22707,Indore,Madhya Pradesh,Tier 2,2024-02-07
CUST-22708,Chennai,Tamil Nadu,Tier 1,2024-06-21
CUST-22709,Hyderabad,Telangana,Tier 1,2025-05-07
CUST-22710,Delhi NCR,Delhi,Tier 1,2025-03-30
CUST-22711,Delhi NCR,Delhi,Tier 1,2024-02-10
CUST-22712,Jaipur,Rajasthan,Tier 2,2024-05-08
CUST-22713,Kolkata,West Bengal,Tier 1,2024-02-23
CUST-22714,Delhi NCR,Delhi,Tier 1,2024-03-26
CUST-22715,Delhi NCR,Delhi,Tier 1,2024-09-25
CUST-22716,Mumbai,Maharashtra,Tier 1,2024-10-22
CUST-22717,Chandigarh,Punjab,Tier 2,2024-01-21
CUST-22718,Ahmedabad,Gujarat,Tier 2,2024-08-02
CUST-22719,Mumbai,Maharashtra,Tier 1,2025-02-28
CUST-22720,Pune,Maharashtra,Tier 1,2024-07-07
CUST-22721,Mumbai,Maharashtra,Tier 1,2024-06-09
CUST-22722,Coimbatore,Tamil Nadu,Tier 2,2025-06-24
CUST-22723,Coimbatore,Tamil Nadu,Tier 2,2025-01-15
CUST-22724,Lucknow,Uttar Pradesh,Tier 2,2024-08-31
CUST-22725,Nagpur,Maharashtra,Tier 2,2024-07-01
CUST-22726,Indore,Madhya Pradesh,Tier 2,2025-06-27
CUST-22727,Patna,Bihar,Tier 2,2025-07-01
CUST-22728,Pune,Maharashtra,Tier 1,2024-04-02
CUST-22729,Hyderabad,Telangana,Tier 1,2025-01-02
CUST-22730,Bangalore,Karnataka,Tier 1,2024-06-07
CUST-22731,Hyderabad,Telangana,Tier 1,2025-02-01
CUST-22732,Pune,Maharashtra,Tier 1,2024-06-28
CUST-22733,Delhi NCR,Delhi,Tier 1,2025-03-13
CUST-22734,Bangalore,Karnataka,Tier 1,2025-01-07
CUST-22735,Kolkata,West Bengal,Tier 1,2024-11-01
CUST-22736,Bangalore,Karnataka,Tier 1,2025-01-13
CUST-22737,Pune,Maharashtra,Tier 1,2024-08-05
CUST-22738,Nagpur,Maharashtra,Tier 2,2024-11-24
CUST-22739,Chandigarh,Punjab,Tier 2,2024-12-08
CUST-22740,Jaipur,Rajasthan,Tier 2,2024-06-11
CUST-22741,Pune,Maharashtra,Tier 1,2024-06-06
CUST-22742,Kolkata,West Bengal,Tier 1,2024-04-19
CUST-22743,Bangalore,Karnataka,Tier 1,2025-07-20
CUST-22744,Coimbatore,Tamil Nadu,Tier 2,2024-12-15
CUST-22745,Bangalore,Karnataka,Tier 1,2024-12-30
CUST-22746,Mumbai,Maharashtra,Tier 1,2024-01-15
CUST-22747,Chandigarh,Punjab,Tier 2,2024-06-01
CUST-22748,Delhi NCR,Delhi,Tier 1,2025-06-15
CUST-22749,Chennai,Tamil Nadu,Tier 1,2025-02-03
CUST-22750,Mumbai,Maharashtra,Tier 1,2024-02-21
CUST-22751,Delhi NCR,Delhi,Tier 1,2025-04-13
CUST-22752,Delhi NCR,Delhi,Tier 1,2024-11-16
CUST-22753,Mumbai,Maharashtra,Tier 1,2025-08-18
CUST-22754,Jaipur,Rajasthan,Tier 2,2025-01-01
CUST-22755,Patna,Bihar,Tier 2,2025-04-30
CUST-22756,Chennai,Tamil Nadu,Tier 1,2025-10-02
CUST-22757,Bhopal,Madhya Pradesh,Tier 2,2024-01-16
CUST-22758,Bangalore,Karnataka,Tier 1,2025-02-14
CUST-22759,Hyderabad,Telangana,Tier 1,2024-09-30
CUST-22760,Delhi NCR,Delhi,Tier 1,2025-08-11
CUST-22761,Pune,Maharashtra,Tier 1,2024-11-01
CUST-22762,Chennai,Tamil Nadu,Tier 1,2024-04-01
CUST-22763,Pune,Maharashtra,Tier 1,2025-04-02
CUST-22764,Chandigarh,Punjab,Tier 2,2024-09-26
CUST-22765,Kolkata,West Bengal,Tier 1,2024-02-21
CUST-22766,Pune,Maharashtra,Tier 1,2024-04-30
CUST-22767,Nagpur,Maharashtra,Tier 2,2024-02-19
CUST-22768,Hyderabad,Telangana,Tier 1,2025-04-19
CUST-22769,Hyderabad,Telangana,Tier 1,2025-05-06
CUST-22770,Ahmedabad,Gujarat,Tier 2,2025-01-14
CUST-22771,Pune,Maharashtra,Tier 1,2025-09-23
CUST-22772,Delhi NCR,Delhi,Tier 1,2025-01-21
CUST-22773,Chennai,Tamil Nadu,Tier 1,2025-08-29
CUST-22774,Kolkata,West Bengal,Tier 1,2025-10-22
CUST-22775,Chennai,Tamil Nadu,Tier 1,2024-10-15
CUST-22776,Delhi NCR,Delhi,Tier 1,2025-03-29
CUST-22777,Nagpur,Maharashtra,Tier 2,2025-01-05
CUST-22778,Chandigarh,Punjab,Tier 2,2024-07-02
CUST-22779,Kolkata,West Bengal,Tier 1,2025-10-23
CUST-22780,Lucknow,Uttar Pradesh,Tier 2,2024-07-23
CUST-22781,Coimbatore,Tamil Nadu,Tier 2,2024-06-20
CUST-22782,Delhi NCR,Delhi,Tier 1,2024-08-09
CUST-22783,Bangalore,Karnataka,Tier 1,2024-06-16
CUST-22784,Kolkata,West Bengal,Tier 1,2024-08-31
CUST-22785,Indore,Madhya Pradesh,Tier 2,2024-08-05
CUST-22786,Mumbai,Maharashtra,Tier 1,2024-02-25
CUST-22787,Visakhapatnam,Andhra Pradesh,Tier 2,2025-07-28
CUST-22788,Chennai,Tamil Nadu,Tier 1,2025-09-06
CUST-22789,Hyderabad,Telangana,Tier 1,2024-06-15
CUST-22790,Hyderabad,Telangana,Tier 1,2025-06-02
CUST-22791,Delhi NCR,Delhi,Tier 1,2024-05-21
CUST-22792,Kochi,Kerala,Tier 2,2024-05-04
CUST-22793,Bhubaneswar,Odisha,Tier 2,2024-03-30
CUST-22794,Chennai,Tamil Nadu,Tier 1,2024-11-06
CUST-22795,Bhubaneswar,Odisha,Tier 2,2025-01-05
CUST-22796,Indore,Madhya Pradesh,Tier 2,2024-08-03
CUST-22797,Kolkata,West Bengal,Tier 1,2025-03-16
CUST-22798,Jaipur,Rajasthan,Tier 2,2025-09-26
CUST-22799,Chennai,Tamil Nadu,Tier 1,2024-07-04
CUST-22800,Pune,Maharashtra,Tier 1,2024-06-01
CUST-22801,Mumbai,Maharashtra,Tier 1,2025-09-17
CUST-22802,Lucknow,Uttar Pradesh,Tier 2,2024-04-05
CUST-22803,Mumbai,Maharashtra,Tier 1,2024-12-01
CUST-22804,Indore,Madhya Pradesh,Tier 2,2025-05-29
CUST-22805,Indore,Madhya Pradesh,Tier 2,2024-05-28
CUST-22806,Bangalore,Karnataka,Tier 1,2025-09-14
CUST-22807,Hyderabad,Telangana,Tier 1,2025-06-15
CUST-22808,Kolkata,West Bengal,Tier 1,2025-02-05
CUST-22809,Pune,Maharashtra,Tier 1,2025-11-24
CUST-22810,Hyderabad,Telangana,Tier 1,2024-11-26
CUST-22811,Pune,Maharashtra,Tier 1,2024-08-14
CUST-22812,Hyderabad,Telangana,Tier 1,2024-12-23
CUST-22813,Mumbai,Maharashtra,Tier 1,2025-08-10
CUST-22814,Mumbai,Maharashtra,Tier 1,2024-11-11
CUST-22815,Delhi NCR,Delhi,Tier 1,2024-02-05
CUST-22816,Kochi,Kerala,Tier 2,2025-05-23
CUST-22817,Bhubaneswar,Odisha,Tier 2,2025-04-22
CUST-22818,Chennai,Tamil Nadu,Tier 1,2025-03-03
CUST-22819,Kolkata,West Bengal,Tier 1,2025-03-25
CUST-22820,Delhi NCR,Delhi,Tier 1,2024-03-30
CUST-22821,Kolkata,West Bengal,Tier 1,2025-06-24
CUST-22822,Delhi NCR,Delhi,Tier 1,2024-06-24
CUST-22823,Pune,Maharashtra,Tier 1,2025-02-23
CUST-22824,Nagpur,Maharashtra,Tier 2,2025-10-09
CUST-22825,Bangalore,Karnataka,Tier 1,2025-11-17
CUST-22826,Chandigarh,Punjab,Tier 2,2025-09-29
CUST-22827,Mumbai,Maharashtra,Tier 1,2024-06-19
CUST-22828,Chennai,Tamil Nadu,Tier 1,2025-01-28
CUST-22829,Delhi NCR,Delhi,Tier 1,2024-09-22
CUST-22830,Hyderabad,Telangana,Tier 1,2025-05-18
CUST-22831,Delhi NCR,Delhi,Tier 1,2024-05-13
CUST-22832,Chennai,Tamil Nadu,Tier 1,2024-01-26
CUST-22833,Chennai,Tamil Nadu,Tier 1,2024-10-03
CUST-22834,Hyderabad,Telangana,Tier 1,2024-04-09
CUST-22835,Jaipur,Rajasthan,Tier 2,2025-03-17
CUST-22836,Nagpur,Maharashtra,Tier 2,2025-02-28
CUST-22837,Chennai,Tamil Nadu,Tier 1,2024-01-30
CUST-22838,Bangalore,Karnataka,Tier 1,2025-10-06
CUST-22839,Bangalore,Karnataka,Tier 1,2025-05-10
CUST-22840,Patna,Bihar,Tier 2,2025-10-12
CUST-22841,Pune,Maharashtra,Tier 1,2024-07-09
CUST-22842,Chennai,Tamil Nadu,Tier 1,2024-07-05
CUST-22843,Delhi NCR,Delhi,Tier 1,2024-05-19
CUST-22844,Chennai,Tamil Nadu,Tier 1,2024-11-15
CUST-22845,Bangalore,Karnataka,Tier 1,2025-01-03
CUST-22846,Bhubaneswar,Odisha,Tier 2,2024-10-23
CUST-22847,Coimbatore,Tamil Nadu,Tier 2,2024-07-18
CUST-22848,Mumbai,Maharashtra,Tier 1,2025-01-13
CUST-22849,Kolkata,West Bengal,Tier 1,2024-03-20
CUST-22850,Bangalore,Karnataka,Tier 1,2025-03-22
CUST-22851,Chennai,Tamil Nadu,Tier 1,2025-05-15
CUST-22852,Bhopal,Madhya Pradesh,Tier 2,2024-09-15
CUST-22853,Kolkata,West Bengal,Tier 1,2025-09-04
CUST-22854,Hyderabad,Telangana,Tier 1,2025-06-27
CUST-22855,Bangalore,Karnataka,Tier 1,2024-04-30
CUST-22856,Indore,Madhya Pradesh,Tier 2,2024-02-24
CUST-22857,Pune,Maharashtra,Tier 1,2025-05-07
CUST-22858,Kolkata,West Bengal,Tier 1,2024-01-18
CUST-22859,Bangalore,Karnataka,Tier 1,2024-11-04
CUST-22860,Hyderabad,Telangana,Tier 1,2025-09-24
CUST-22861,Bhubaneswar,Odisha,Tier 2,2024-04-19
CUST-22862,Kolkata,West Bengal,Tier 1,2024-11-26
CUST-22863,Chennai,Tamil Nadu,Tier 1,2025-07-26
CUST-22864,Kolkata,West Bengal,Tier 1,2024-09-20
CUST-22865,Kochi,Kerala,Tier 2,2024-09-24
CUST-22866,Hyderabad,Telangana,Tier 1,2025-03-10
CUST-22867,Delhi NCR,Delhi,Tier 1,2025-03-25
CUST-22868,Pune,Maharashtra,Tier 1,2024-10-23
CUST-22869,Jaipur,Rajasthan,Tier 2,2025-09-30
CUST-22870,Ahmedabad,Gujarat,Tier 2,2024-05-16
CUST-22871,Bhopal,Madhya Pradesh,Tier 2,2025-08-12
CUST-22872,Hyderabad,Telangana,Tier 1,2025-01-31
CUST-22873,Mumbai,Maharashtra,Tier 1,2024-07-02
CUST-22874,Bhubaneswar,Odisha,Tier 2,2025-02-15
CUST-22875,Chennai,Tamil Nadu,Tier 1,2025-08-23
CUST-22876,Pune,Maharashtra,Tier 1,2024-11-15
CUST-22877,Jaipur,Rajasthan,Tier 2,2025-07-29
CUST-22878,Kolkata,West Bengal,Tier 1,2024-11-21
CUST-22879,Bangalore,Karnataka,Tier 1,2025-07-20
CUST-22880,Chandigarh,Punjab,Tier 2,2025-02-20
CUST-22881,Indore,Madhya Pradesh,Tier 2,2025-11-30
CUST-22882,Kolkata,West Bengal,Tier 1,2025-08-29
CUST-22883,Kolkata,West Bengal,Tier 1,2024-03-30
CUST-22884,Delhi NCR,Delhi,Tier 1,2025-03-16
CUST-22885,Mumbai,Maharashtra,Tier 1,2024-03-15
CUST-22886,Hyderabad,Telangana,Tier 1,2025-07-27
CUST-22887,Hyderabad,Telangana,Tier 1,2024-09-23
CUST-22888,Bhubaneswar,Odisha,Tier 2,2025-09-24
CUST-22889,Kochi,Kerala,Tier 2,2024-11-07
CUST-22890,Jaipur,Rajasthan,Tier 2,2025-04-27
CUST-22891,Kolkata,West Bengal,Tier 1,2024-01-28
CUST-22892,Delhi NCR,Delhi,Tier 1,2024-12-07
CUST-22893,Visakhapatnam,Andhra Pradesh,Tier 2,2025-03-01
CUST-22894,Chennai,Tamil Nadu,Tier 1,2025-06-18
CUST-22895,Delhi NCR,Delhi,Tier 1,2025-02-13
CUST-22896,Kolkata,West Bengal,Tier 1,2025-09-02
CUST-22897,Bhopal,Madhya Pradesh,Tier 2,2024-10-11
CUST-22898,Coimbatore,Tamil Nadu,Tier 2,2025-09-13
CUST-22899,Mumbai,Maharashtra,Tier 1,2024-04-15
CUST-22900,Coimbatore,Tamil Nadu,Tier 2,2025-05-18
CUST-22901,Bangalore,Karnataka,Tier 1,2024-02-15
CUST-22902,Mumbai,Maharashtra,Tier 1,2025-03-22
CUST-22903,Patna,Bihar,Tier 2,2024-05-23
CUST-22904,Bhopal,Madhya Pradesh,Tier 2,2025-06-20
CUST-22905,Pune,Maharashtra,Tier 1,2024-03-02
CUST-22906,Pune,Maharashtra,Tier 1,2024-03-22
CUST-22907,Indore,Madhya Pradesh,Tier 2,2024-12-01
CUST-22908,Kochi,Kerala,Tier 2,2024-07-29
CUST-22909,Coimbatore,Tamil Nadu,Tier 2,2025-02-03
CUST-22910,Kolkata,West Bengal,Tier 1,2024-12-12
CUST-22911,Bhubaneswar,Odisha,Tier 2,2024-07-16
CUST-22912,Visakhapatnam,Andhra Pradesh,Tier 2,2025-01-11
CUST-22913,Delhi NCR,Delhi,Tier 1,2024-06-10
CUST-22914,Patna,Bihar,Tier 2,2024-07-26
CUST-22915,Kolkata,West Bengal,Tier 1,2025-03-02
CUST-22916,Chennai,Tamil Nadu,Tier 1,2024-02-13
CUST-22917,Pune,Maharashtra,Tier 1,2025-05-05
CUST-22918,Mumbai,Maharashtra,Tier 1,2024-10-05
CUST-22919,Kolkata,West Bengal,Tier 1,2024-05-25
CUST-22920,Bhopal,Madhya Pradesh,Tier 2,2024-03-09
CUST-22921,Bangalore,Karnataka,Tier 1,2025-10-13
CUST-22922,Chennai,Tamil Nadu,Tier 1,2025-06-05
CUST-22923,Nagpur,Maharashtra,Tier 2,2024-04-20
CUST-22924,Chennai,Tamil Nadu,Tier 1,2025-07-02
CUST-22925,Hyderabad,Telangana,Tier 1,2025-08-15
CUST-22926,Chennai,Tamil Nadu,Tier 1,2025-08-30
CUST-22927,Kolkata,West Bengal,Tier 1,2024-02-24
CUST-22928,Pune,Maharashtra,Tier 1,2025-10-05
CUST-22929,Indore,Madhya Pradesh,Tier 2,2024-08-10
CUST-22930,Chennai,Tamil Nadu,Tier 1,2025-07-28
CUST-22931,Indore,Madhya Pradesh,Tier 2,2025-06-07
CUST-22932,Kolkata,West Bengal,Tier 1,2024-05-25
CUST-22933,Hyderabad,Telangana,Tier 1,2024-09-20
CUST-22934,Jaipur,Rajasthan,Tier 2,2025-06-27
CUST-22935,Ahmedabad,Gujarat,Tier 2,2025-04-12
CUST-22936,Pune,Maharashtra,Tier 1,2025-07-14
CUST-22937,Mumbai,Maharashtra,Tier 1,2024-07-05
CUST-22938,Delhi NCR,Delhi,Tier 1,2024-12-08
CUST-22939,Hyderabad,Telangana,Tier 1,2024-04-08
CUST-22940,Hyderabad,Telangana,Tier 1,2025-11-09
CUST-22941,Jaipur,Rajasthan,Tier 2,2024-11-01
CUST-22942,Mumbai,Maharashtra,Tier 1,2024-07-17
CUST-22943,Chandigarh,Punjab,Tier 2,2024-06-02
CUST-22944,Bangalore,Karnataka,Tier 1,2024-04-05
CUST-22945,Hyderabad,Telangana,Tier 1,2025-07-28
CUST-22946,Kolkata,West Bengal,Tier 1,2024-12-24
CUST-22947,Bangalore,Karnataka,Tier 1,2025-02-02
CUST-22948,Coimbatore,Tamil Nadu,Tier 2,2025-01-10
CUST-22949,Mumbai,Maharashtra,Tier 1,2025-08-24
CUST-22950,Chennai,Tamil Nadu,Tier 1,2024-11-23
CUST-22951,Patna,Bihar,Tier 2,2024-09-28
CUST-22952,Pune,Maharashtra,Tier 1,2025-08-19
CUST-22953,Hyderabad,Telangana,Tier 1,2024-10-21
CUST-22954,Chennai,Tamil Nadu,Tier 1,2025-01-29
CUST-22955,Lucknow,Uttar Pradesh,Tier 2,2025-04-16
CUST-22956,Visakhapatnam,Andhra Pradesh,Tier 2,2025-07-01
CUST-22957,Coimbatore,Tamil Nadu,Tier 2,2024-01-18
CUST-22958,Hyderabad,Telangana,Tier 1,2024-03-17
CUST-22959,Visakhapatnam,Andhra Pradesh,Tier 2,2024-02-18
CUST-22960,Mumbai,Maharashtra,Tier 1,2025-05-12
CUST-22961,Mumbai,Maharashtra,Tier 1,2025-03-01
CUST-22962,Indore,Madhya Pradesh,Tier 2,2025-07-09
CUST-22963,Bangalore,Karnataka,Tier 1,2025-09-12
CUST-22964,Mumbai,Maharashtra,Tier 1,2024-05-08
CUST-22965,Bangalore,Karnataka,Tier 1,2025-06-02
CUST-22966,Chennai,Tamil Nadu,Tier 1,2024-10-30
CUST-22967,Ahmedabad,Gujarat,Tier 2,2024-04-21
CUST-22968,Pune,Maharashtra,Tier 1,2024-12-28
CUST-22969,Bangalore,Karnataka,Tier 1,2024-03-06
CUST-22970,Kolkata,West Bengal,Tier 1,2024-01-31
CUST-22971,Nagpur,Maharashtra,Tier 2,2024-10-21
CUST-22972,Indore,Madhya Pradesh,Tier 2,2024-11-14
CUST-22973,Hyderabad,Telangana,Tier 1,2024-01-14
CUST-22974,Visakhapatnam,Andhra Pradesh,Tier 2,2025-07-23
CUST-22975,Ahmedabad,Gujarat,Tier 2,2024-08-29
CUST-22976,Mumbai,Maharashtra,Tier 1,2024-12-18
CUST-22977,Mumbai,Maharashtra,Tier 1,2024-09-04
CUST-22978,Delhi NCR,Delhi,Tier 1,2025-09-01
CUST-22979,Ahmedabad,Gujarat,Tier 2,2025-04-12
CUST-22980,Delhi NCR,Delhi,Tier 1,2025-01-22
CUST-22981,Kolkata,West Bengal,Tier 1,2025-11-04
CUST-22982,Delhi NCR,Delhi,Tier 1,2025-03-17
CUST-22983,Nagpur,Maharashtra,Tier 2,2024-12-07
CUST-22984,Hyderabad,Telangana,Tier 1,2025-05-30
CUST-22985,Coimbatore,Tamil Nadu,Tier 2,2024-02-14
CUST-22986,Bhubaneswar,Odisha,Tier 2,2025-02-22
CUST-22987,Mumbai,Maharashtra,Tier 1,2024-07-21
CUST-22988,Chennai,Tamil Nadu,Tier 1,2025-06-22
CUST-22989,Mumbai,Maharashtra,Tier 1,2025-01-20
CUST-22990,Coimbatore,Tamil Nadu,Tier 2,2025-09-21
CUST-22991,Kolkata,West Bengal,Tier 1,2024-12-25
CUST-22992,Mumbai,Maharashtra,Tier 1,2025-04-12
CUST-22993,Delhi NCR,Delhi,Tier 1,2024-07-23
CUST-22994,Chennai,Tamil Nadu,Tier 1,2024-09-03
CUST-22995,Nagpur,Maharashtra,Tier 2,2024-02-18
CUST-22996,Lucknow,Uttar Pradesh,Tier 2,2024-12-31
CUST-22997,Bhopal,Madhya Pradesh,Tier 2,2024-09-09
CUST-22998,Hyderabad,Telangana,Tier 1,2024-03-18
CUST-22999,Mumbai,Maharashtra,Tier 1,2025-09-23
CUST-23000,Visakhapatnam,Andhra Pradesh,Tier 2,2025-02-20
CUST-23001,Mumbai,Maharashtra,Tier 1,2024-02-04
CUST-23002,Bhubaneswar,Odisha,Tier 2,2025-03-13
CUST-23003,Hyderabad,Telangana,Tier 1,2024-11-07
CUST-23004,Mumbai,Maharashtra,Tier 1,2024-05-22
CUST-23005,Lucknow,Uttar Pradesh,Tier 2,2024-07-15
CUST-23006,Visakhapatnam,Andhra Pradesh,Tier 2,2024-09-16
CUST-23007,Bhubaneswar,Odisha,Tier 2,2024-12-31
CUST-23008,Delhi NCR,Delhi,Tier 1,2025-08-18
CUST-23009,Delhi NCR,Delhi,Tier 1,2024-07-10
CUST-23010,Pune,Maharashtra,Tier 1,2025-05-01
CUST-23011,Pune,Maharashtra,Tier 1,2025-06-17
CUST-23012,Chandigarh,Punjab,Tier 2,2024-01-24
CUST-23013,Delhi NCR,Delhi,Tier 1,2024-03-15
CUST-23014,Bhubaneswar,Odisha,Tier 2,2025-10-07
CUST-23015,Pune,Maharashtra,Tier 1,2025-01-28
CUST-23016,Patna,Bihar,Tier 2,2025-11-09
CUST-23017,Kolkata,West Bengal,Tier 1,2025-04-02
CUST-23018,Chennai,Tamil Nadu,Tier 1,2024-04-19
CUST-23019,Visakhapatnam,Andhra Pradesh,Tier 2,2024-03-30
CUST-23020,Pune,Maharashtra,Tier 1,2024-02-06
CUST-23021,Bhopal,Madhya Pradesh,Tier 2,2025-07-16
CUST-23022,Bhubaneswar,Odisha,Tier 2,2025-07-25
CUST-23023,Jaipur,Rajasthan,Tier 2,2025-08-06
CUST-23024,Kolkata,West Bengal,Tier 1,2025-10-01
CUST-23025,Mumbai,Maharashtra,Tier 1,2024-11-02
CUST-23026,Mumbai,Maharashtra,Tier 1,2024-03-02
CUST-23027,Bangalore,Karnataka,Tier 1,2024-10-31
CUST-23028,Bangalore,Karnataka,Tier 1,2024-06-27
CUST-23029,Bangalore,Karnataka,Tier 1,2025-06-23
CUST-23030,Hyderabad,Telangana,Tier 1,2025-10-26
CUST-23031,Hyderabad,Telangana,Tier 1,2025-03-19
CUST-23032,Chennai,Tamil Nadu,Tier 1,2025-06-02
CUST-23033,Delhi NCR,Delhi,Tier 1,2025-07-30
CUST-23034,Mumbai,Maharashtra,Tier 1,2025-09-26
CUST-23035,Jaipur,Rajasthan,Tier 2,2024-02-05
CUST-23036,Kolkata,West Bengal,Tier 1,2025-04-22
CUST-23037,Chennai,Tamil Nadu,Tier 1,2024-03-13
CUST-23038,Pune,Maharashtra,Tier 1,2024-01-30
CUST-23039,Patna,Bihar,Tier 2,2024-10-29
CUST-23040,Chennai,Tamil Nadu,Tier 1,2024-12-12
CUST-23041,Pune,Maharashtra,Tier 1,2025-05-25
CUST-23042,Bhubaneswar,Odisha,Tier 2,2025-05-31
CUST-23043,Patna,Bihar,Tier 2,2024-03-05
CUST-23044,Chennai,Tamil Nadu,Tier 1,2025-09-18
CUST-23045,Pune,Maharashtra,Tier 1,2025-03-28
CUST-23046,Delhi NCR,Delhi,Tier 1,2025-06-12
CUST-23047,Pune,Maharashtra,Tier 1,2025-01-03
CUST-23048,Visakhapatnam,Andhra Pradesh,Tier 2,2024-02-06
CUST-23049,Kolkata,West Bengal,Tier 1,2025-01-15
CUST-23050,Nagpur,Maharashtra,Tier 2,2024-08-06
CUST-23051,Chennai,Tamil Nadu,Tier 1,2025-10-10
CUST-23052,Visakhapatnam,Andhra Pradesh,Tier 2,2024-09-02
CUST-23053,Pune,Maharashtra,Tier 1,2025-07-03
CUST-23054,Mumbai,Maharashtra,Tier 1,2024-09-07
CUST-23055,Pune,Maharashtra,Tier 1,2025-07-18
CUST-23056,Bangalore,Karnataka,Tier 1,2024-12-11
CUST-23057,Mumbai,Maharashtra,Tier 1,2025-04-16
CUST-23058,Indore,Madhya Pradesh,Tier 2,2025-07-14
CUST-23059,Bangalore,Karnataka,Tier 1,2024-05-01
CUST-23060,Indore,Madhya Pradesh,Tier 2,2024-11-21
CUST-23061,Hyderabad,Telangana,Tier 1,2025-06-11
CUST-23062,Bangalore,Karnataka,Tier 1,2024-04-30
CUST-23063,Visakhapatnam,Andhra Pradesh,Tier 2,2024-05-18
CUST-23064,Hyderabad,Telangana,Tier 1,2024-03-27
CUST-23065,Pune,Maharashtra,Tier 1,2024-05-09
CUST-23066,Pune,Maharashtra,Tier 1,2024-09-08
CUST-23067,Pune,Maharashtra,Tier 1,2024-12-25
CUST-23068,Nagpur,Maharashtra,Tier 2,2025-03-05
CUST-23069,Jaipur,Rajasthan,Tier 2,2024-02-16
CUST-23070,Chennai,Tamil Nadu,Tier 1,2025-08-13
CUST-23071,Bhopal,Madhya Pradesh,Tier 2,2025-05-15
CUST-23072,Delhi NCR,Delhi,Tier 1,2025-02-28
CUST-23073,Kolkata,West Bengal,Tier 1,2025-01-09
CUST-23074,Bhubaneswar,Odisha,Tier 2,2024-04-20
CUST-23075,Pune,Maharashtra,Tier 1,2024-08-14
CUST-23076,Indore,Madhya Pradesh,Tier 2,2024-02-08
CUST-23077,Jaipur,Rajasthan,Tier 2,2024-05-14
CUST-23078,Patna,Bihar,Tier 2,2024-10-21
CUST-23079,Bhubaneswar,Odisha,Tier 2,2025-09-01
CUST-23080,Bangalore,Karnataka,Tier 1,2024-02-03
CUST-23081,Delhi NCR,Delhi,Tier 1,2025-03-03
CUST-23082,Kolkata,West Bengal,Tier 1,2024-03-08
CUST-23083,Lucknow,Uttar Pradesh,Tier 2,2024-07-17
CUST-23084,Bangalore,Karnataka,Tier 1,2025-07-13
CUST-23085,Mumbai,Maharashtra,Tier 1,2024-09-15
CUST-23086,Hyderabad,Telangana,Tier 1,2025-11-04
CUST-23087,Bhubaneswar,Odisha,Tier 2,2025-09-16
CUST-23088,Lucknow,Uttar Pradesh,Tier 2,2024-05-16
CUST-23089,Chennai,Tamil Nadu,Tier 1,2025-01-15
CUST-23090,Bangalore,Karnataka,Tier 1,2025-06-07
CUST-23091,Hyderabad,Telangana,Tier 1,2024-08-25
CUST-23092,Delhi NCR,Delhi,Tier 1,2024-10-10
CUST-23093,Delhi NCR,Delhi,Tier 1,2025-11-18
CUST-23094,Coimbatore,Tamil Nadu,Tier 2,2025-04-02
CUST-23095,Visakhapatnam,Andhra Pradesh,Tier 2,2025-08-09
CUST-23096,Delhi NCR,Delhi,Tier 1,2024-05-14
CUST-23097,Mumbai,Maharashtra,Tier 1,2024-03-22
CUST-23098,Hyderabad,Telangana,Tier 1,2025-08-17
CUST-23099,Chennai,Tamil Nadu,Tier 1,2025-10-15
CUST-23100,Bangalore,Karnataka,Tier 1,2024-07-27
CUST-23101,Hyderabad,Telangana,Tier 1,2025-02-06
CUST-23102,Bangalore,Karnataka,Tier 1,2024-07-06
CUST-23103,Kochi,Kerala,Tier 2,2025-05-07
CUST-23104,Ahmedabad,Gujarat,Tier 2,2024-09-11
CUST-23105,Pune,Maharashtra,Tier 1,2024-11-18
CUST-23106,Chennai,Tamil Nadu,Tier 1,2025-11-04
CUST-23107,Coimbatore,Tamil Nadu,Tier 2,2025-02-28
CUST-23108,Bhubaneswar,Odisha,Tier 2,2025-02-18
CUST-23109,Delhi NCR,Delhi,Tier 1,2024-06-15
CUST-23110,Bangalore,Karnataka,Tier 1,2025-08-12
CUST-23111,Kolkata,West Bengal,Tier 1,2025-04-29
CUST-23112,Mumbai,Maharashtra,Tier 1,2025-03-11
CUST-23113,Chennai,Tamil Nadu,Tier 1,2025-11-17
CUST-23114,Pune,Maharashtra,Tier 1,2025-06-15
CUST-23115,Kolkata,West Bengal,Tier 1,2025-08-30
CUST-23116,Hyderabad,Telangana,Tier 1,2025-04-25
CUST-23117,Kolkata,West Bengal,Tier 1,2024-06-28
CUST-23118,Bhubaneswar,Odisha,Tier 2,2025-08-29
CUST-23119,Bangalore,Karnataka,Tier 1,2024-03-11
CUST-23120,Jaipur,Rajasthan,Tier 2,2025-03-16
CUST-23121,Mumbai,Maharashtra,Tier 1,2025-10-05
CUST-23122,Mumbai,Maharashtra,Tier 1,2024-05-18
CUST-23123,Kolkata,West Bengal,Tier 1,2024-04-11
CUST-23124,Delhi NCR,Delhi,Tier 1,2025-04-12
CUST-23125,Mumbai,Maharashtra,Tier 1,2024-10-09
CUST-23126,Delhi NCR,Delhi,Tier 1,2024-01-29
CUST-23127,Pune,Maharashtra,Tier 1,2024-01-18
CUST-23128,Lucknow,Uttar Pradesh,Tier 2,2025-11-17
CUST-23129,Bangalore,Karnataka,Tier 1,2025-05-22
CUST-23130,Jaipur,Rajasthan,Tier 2,2025-08-23
CUST-23131,Delhi NCR,Delhi,Tier 1,2024-01-20
CUST-23132,Pune,Maharashtra,Tier 1,2024-11-21
CUST-23133,Chennai,Tamil Nadu,Tier 1,2024-12-21
CUST-23134,Jaipur,Rajasthan,Tier 2,2025-03-08
CUST-23135,Visakhapatnam,Andhra Pradesh,Tier 2,2025-02-02
CUST-23136,Nagpur,Maharashtra,Tier 2,2024-01-18
CUST-23137,Mumbai,Maharashtra,Tier 1,2025-07-03
CUST-23138,Coimbatore,Tamil Nadu,Tier 2,2025-01-10
CUST-23139,Mumbai,Maharashtra,Tier 1,2025-08-23
CUST-23140,Bhubaneswar,Odisha,Tier 2,2024-12-05
CUST-23141,Hyderabad,Telangana,Tier 1,2024-05-29
CUST-23142,Chennai,Tamil Nadu,Tier 1,2024-08-20
CUST-23143,Mumbai,Maharashtra,Tier 1,2024-04-13
CUST-23144,Delhi NCR,Delhi,Tier 1,2025-09-14
CUST-23145,Ahmedabad,Gujarat,Tier 2,2024-08-08
CUST-23146,Bhubaneswar,Odisha,Tier 2,2024-01-26
CUST-23147,Pune,Maharashtra,Tier 1,2024-03-04
CUST-23148,Ahmedabad,Gujarat,Tier 2,2024-09-10
CUST-23149,Chandigarh,Punjab,Tier 2,2024-09-05
CUST-23150,Bangalore,Karnataka,Tier 1,2024-05-10
CUST-23151,Mumbai,Maharashtra,Tier 1,2024-01-30
CUST-23152,Mumbai,Maharashtra,Tier 1,2024-01-10
CUST-23153,Hyderabad,Telangana,Tier 1,2024-03-29
CUST-23154,Bangalore,Karnataka,Tier 1,2025-03-05
CUST-23155,Mumbai,Maharashtra,Tier 1,2024-05-26
CUST-23156,Delhi NCR,Delhi,Tier 1,2024-05-06
CUST-23157,Delhi NCR,Delhi,Tier 1,2025-11-28
CUST-23158,Nagpur,Maharashtra,Tier 2,2024-05-03
CUST-23159,Delhi NCR,Delhi,Tier 1,2025-09-10
CUST-23160,Kolkata,West Bengal,Tier 1,2024-12-06
CUST-23161,Pune,Maharashtra,Tier 1,2025-06-01
CUST-23162,Kolkata,West Bengal,Tier 1,2024-02-20
CUST-23163,Delhi NCR,Delhi,Tier 1,2025-02-01
CUST-23164,Hyderabad,Telangana,Tier 1,2024-11-09
CUST-23165,Mumbai,Maharashtra,Tier 1,2025-10-09
CUST-23166,Chennai,Tamil Nadu,Tier 1,2025-05-28
CUST-23167,Bangalore,Karnataka,Tier 1,2025-05-16
CUST-23168,Pune,Maharashtra,Tier 1,2025-06-13
CUST-23169,Lucknow,Uttar Pradesh,Tier 2,2025-11-27
CUST-23170,Kolkata,West Bengal,Tier 1,2025-02-22
CUST-23171,Chennai,Tamil Nadu,Tier 1,2024-07-12
CUST-23172,Chennai,Tamil Nadu,Tier 1,2024-11-07
CUST-23173,Patna,Bihar,Tier 2,2024-10-25
CUST-23174,Bangalore,Karnataka,Tier 1,2024-11-24
CUST-23175,Ahmedabad,Gujarat,Tier 2,2025-04-20
CUST-23176,Chandigarh,Punjab,Tier 2,2025-08-06
CUST-23177,Chennai,Tamil Nadu,Tier 1,2024-04-26
CUST-23178,Hyderabad,Telangana,Tier 1,2024-09-20
CUST-23179,Kolkata,West Bengal,Tier 1,2025-05-31
CUST-23180,Delhi NCR,Delhi,Tier 1,2025-06-02
CUST-23181,Mumbai,Maharashtra,Tier 1,2024-01-21
CUST-23182,Delhi NCR,Delhi,Tier 1,2025-04-21
CUST-23183,Bangalore,Karnataka,Tier 1,2025-07-02
CUST-23184,Kolkata,West Bengal,Tier 1,2024-06-21
CUST-23185,Patna,Bihar,Tier 2,2024-03-02
CUST-23186,Bangalore,Karnataka,Tier 1,2024-07-24
CUST-23187,Nagpur,Maharashtra,Tier 2,2025-09-04
CUST-23188,Bhubaneswar,Odisha,Tier 2,2025-09-22
CUST-23189,Bhubaneswar,Odisha,Tier 2,2024-06-27
CUST-23190,Patna,Bihar,Tier 2,2025-10-05
CUST-23191,Hyderabad,Telangana,Tier 1,2024-12-07
CUST-23192,Mumbai,Maharashtra,Tier 1,2025-03-15
CUST-23193,Pune,Maharashtra,Tier 1,2024-03-15
CUST-23194,Pune,Maharashtra,Tier 1,2024-10-16
CUST-23195,Patna,Bihar,Tier 2,2025-07-10
CUST-23196,Visakhapatnam,Andhra Pradesh,Tier 2,2024-05-23
CUST-23197,Kolkata,West Bengal,Tier 1,2025-10-10
CUST-23198,Hyderabad,Telangana,Tier 1,2024-07-26
CUST-23199,Bangalore,Karnataka,Tier 1,2024-09-28
CUST-23200,Mumbai,Maharashtra,Tier 1,2025-08-29
CUST-23201,Kolkata,West Bengal,Tier 1,2025-02-18
CUST-23202,Kolkata,West Bengal,Tier 1,2025-01-31
CUST-23203,Indore,Madhya Pradesh,Tier 2,2025-01-18
CUST-23204,Kolkata,West Bengal,Tier 1,2024-09-17
CUST-23205,Nagpur,Maharashtra,Tier 2,2025-09-30
CUST-23206,Pune,Maharashtra,Tier 1,2024-06-15
CUST-23207,Patna,Bihar,Tier 2,2024-01-18
CUST-23208,Delhi NCR,Delhi,Tier 1,2025-10-21
CUST-23209,Bhopal,Madhya Pradesh,Tier 2,2024-09-03
CUST-23210,Jaipur,Rajasthan,Tier 2,2025-10-03
CUST-23211,Delhi NCR,Delhi,Tier 1,2024-10-22
CUST-23212,Bangalore,Karnataka,Tier 1,2025-02-17
CUST-23213,Nagpur,Maharashtra,Tier 2,2024-11-15
CUST-23214,Mumbai,Maharashtra,Tier 1,2025-07-07
CUST-23215,Chennai,Tamil Nadu,Tier 1,2025-11-23
CUST-23216,Hyderabad,Telangana,Tier 1,2024-06-29
CUST-23217,Jaipur,Rajasthan,Tier 2,2024-10-22
CUST-23218,Patna,Bihar,Tier 2,2025-10-17
CUST-23219,Hyderabad,Telangana,Tier 1,2024-03-01
CUST-23220,Chennai,Tamil Nadu,Tier 1,2024-07-27
CUST-23221,Visakhapatnam,Andhra Pradesh,Tier 2,2024-06-14
CUST-23222,Kochi,Kerala,Tier 2,2024-10-26
CUST-23223,Coimbatore,Tamil Nadu,Tier 2,2025-10-16
CUST-23224,Chennai,Tamil Nadu,Tier 1,2024-12-16
CUST-23225,Bangalore,Karnataka,Tier 1,2024-03-01
CUST-23226,Chennai,Tamil Nadu,Tier 1,2024-09-19
CUST-23227,Ahmedabad,Gujarat,Tier 2,2024-05-03
CUST-23228,Delhi NCR,Delhi,Tier 1,2024-08-25
CUST-23229,Bangalore,Karnataka,Tier 1,2025-06-25
CUST-23230,Mumbai,Maharashtra,Tier 1,2024-03-30
CUST-23231,Chennai,Tamil Nadu,Tier 1,2024-05-18
CUST-23232,Patna,Bihar,Tier 2,2024-12-27
CUST-23233,Mumbai,Maharashtra,Tier 1,2025-02-16
CUST-23234,Jaipur,Rajasthan,Tier 2,2024-04-02
CUST-23235,Nagpur,Maharashtra,Tier 2,2024-05-13
CUST-23236,Bangalore,Karnataka,Tier 1,2024-07-22
CUST-23237,Lucknow,Uttar Pradesh,Tier 2,2025-09-13
CUST-23238,Visakhapatnam,Andhra Pradesh,Tier 2,2024-02-07
CUST-23239,Bhubaneswar,Odisha,Tier 2,2025-04-01
CUST-23240,Bangalore,Karnataka,Tier 1,2025-06-17
CUST-23241,Delhi NCR,Delhi,Tier 1,2025-03-13
CUST-23242,Delhi NCR,Delhi,Tier 1,2025-11-10
CUST-23243,Lucknow,Uttar Pradesh,Tier 2,2025-10-08
CUST-23244,Ahmedabad,Gujarat,Tier 2,2025-09-13
CUST-23245,Jaipur,Rajasthan,Tier 2,2024-08-11
CUST-23246,Hyderabad,Telangana,Tier 1,2024-06-16
CUST-23247,Delhi NCR,Delhi,Tier 1,2024-04-16
CUST-23248,Pune,Maharashtra,Tier 1,2025-01-14
CUST-23249,Kolkata,West Bengal,Tier 1,2024-01-24
CUST-23250,Ahmedabad,Gujarat,Tier 2,2025-05-25
CUST-23251,Chennai,Tamil Nadu,Tier 1,2024-11-02
CUST-23252,Hyderabad,Telangana,Tier 1,2024-12-23
CUST-23253,Hyderabad,Telangana,Tier 1,2025-01-04
CUST-23254,Bangalore,Karnataka,Tier 1,2024-06-19
CUST-23255,Bangalore,Karnataka,Tier 1,2025-08-03
CUST-23256,Delhi NCR,Delhi,Tier 1,2024-08-09
CUST-23257,Hyderabad,Telangana,Tier 1,2025-03-18
CUST-23258,Mumbai,Maharashtra,Tier 1,2024-06-01
CUST-23259,Bangalore,Karnataka,Tier 1,2025-01-10
CUST-23260,Chandigarh,Punjab,Tier 2,2024-10-07
CUST-23261,Hyderabad,Telangana,Tier 1,2024-08-06
CUST-23262,Jaipur,Rajasthan,Tier 2,2025-09-07
CUST-23263,Ahmedabad,Gujarat,Tier 2,2025-04-30
CUST-23264,Pune,Maharashtra,Tier 1,2025-05-24
CUST-23265,Bhubaneswar,Odisha,Tier 2,2024-11-30
CUST-23266,Mumbai,Maharashtra,Tier 1,2025-02-13
CUST-23267,Chandigarh,Punjab,Tier 2,2024-02-23
CUST-23268,Bhubaneswar,Odisha,Tier 2,2024-03-15
CUST-23269,Bhopal,Madhya Pradesh,Tier 2,2024-12-14
CUST-23270,Delhi NCR,Delhi,Tier 1,2025-11-14
CUST-23271,Hyderabad,Telangana,Tier 1,2025-01-27
CUST-23272,Delhi NCR,Delhi,Tier 1,2025-07-07
CUST-23273,Pune,Maharashtra,Tier 1,2024-06-05
CUST-23274,Ahmedabad,Gujarat,Tier 2,2024-03-21
CUST-23275,Hyderabad,Telangana,Tier 1,2024-07-26
CUST-23276,Kolkata,West Bengal,Tier 1,2024-03-26
CUST-23277,Lucknow,Uttar Pradesh,Tier 2,2025-03-22
CUST-23278,Chennai,Tamil Nadu,Tier 1,2024-06-25
CUST-23279,Patna,Bihar,Tier 2,2025-05-25
CUST-23280,Kochi,Kerala,Tier 2,2025-09-10
CUST-23281,Mumbai,Maharashtra,Tier 1,2024-05-18
CUST-23282,Pune,Maharashtra,Tier 1,2024-04-11
CUST-23283,Bangalore,Karnataka,Tier 1,2025-04-17
CUST-23284,Pune,Maharashtra,Tier 1,2025-06-25
CUST-23285,Bhubaneswar,Odisha,Tier 2,2024-07-12
CUST-23286,Bhopal,Madhya Pradesh,Tier 2,2025-04-30
CUST-23287,Chennai,Tamil Nadu,Tier 1,2024-11-09
CUST-23288,Hyderabad,Telangana,Tier 1,2025-11-27
CUST-23289,Bangalore,Karnataka,Tier 1,2024-09-03
CUST-23290,Kolkata,West Bengal,Tier 1,2025-09-21
CUST-23291,Delhi NCR,Delhi,Tier 1,2025-03-13
CUST-23292,Kolkata,West Bengal,Tier 1,2024-03-13
CUST-23293,Mumbai,Maharashtra,Tier 1,2024-03-09
CUST-23294,Hyderabad,Telangana,Tier 1,2024-05-31
CUST-23295,Bangalore,Karnataka,Tier 1,2024-04-03
CUST-23296,Visakhapatnam,Andhra Pradesh,Tier 2,2025-03-10
CUST-23297,Ahmedabad,Gujarat,Tier 2,2025-03-06
CUST-23298,Hyderabad,Telangana,Tier 1,2025-04-01
CUST-23299,Mumbai,Maharashtra,Tier 1,2025-03-05
CUST-23300,Kolkata,West Bengal,Tier 1,2024-08-16
CUST-23301,Bangalore,Karnataka,Tier 1,2024-01-30
CUST-23302,Kolkata,West Bengal,Tier 1,2025-09-16
CUST-23303,Patna,Bihar,Tier 2,2024-11-30
CUST-23304,Pune,Maharashtra,Tier 1,2025-10-21
CUST-23305,Pune,Maharashtra,Tier 1,2025-07-22
CUST-23306,Kolkata,West Bengal,Tier 1,2024-06-25
CUST-23307,Nagpur,Maharashtra,Tier 2,2025-07-21
CUST-23308,Nagpur,Maharashtra,Tier 2,2025-02-12
CUST-23309,Kolkata,West Bengal,Tier 1,2024-08-24
CUST-23310,Hyderabad,Telangana,Tier 1,2024-10-04
CUST-23311,Chennai,Tamil Nadu,Tier 1,2024-03-17
CUST-23312,Bangalore,Karnataka,Tier 1,2025-09-27
CUST-23313,Pune,Maharashtra,Tier 1,2025-06-23
CUST-23314,Kolkata,West Bengal,Tier 1,2025-10-15
CUST-23315,Delhi NCR,Delhi,Tier 1,2024-06-06
CUST-23316,Bangalore,Karnataka,Tier 1,2024-06-15
CUST-23317,Kolkata,West Bengal,Tier 1,2024-07-03
CUST-23318,Coimbatore,Tamil Nadu,Tier 2,2025-01-23
CUST-23319,Pune,Maharashtra,Tier 1,2024-01-12
CUST-23320,Lucknow,Uttar Pradesh,Tier 2,2024-06-17
CUST-23321,Hyderabad,Telangana,Tier 1,2025-03-01
CUST-23322,Pune,Maharashtra,Tier 1,2025-03-24
CUST-23323,Chennai,Tamil Nadu,Tier 1,2025-05-08
CUST-23324,Jaipur,Rajasthan,Tier 2,2025-03-24
CUST-23325,Mumbai,Maharashtra,Tier 1,2024-04-15
CUST-23326,Kolkata,West Bengal,Tier 1,2025-03-02
CUST-23327,Hyderabad,Telangana,Tier 1,2024-04-07
CUST-23328,Hyderabad,Telangana,Tier 1,2025-09-22
CUST-23329,Bhubaneswar,Odisha,Tier 2,2024-08-13
CUST-23330,Delhi NCR,Delhi,Tier 1,2025-03-22
CUST-23331,Hyderabad,Telangana,Tier 1,2025-10-25
CUST-23332,Kolkata,West Bengal,Tier 1,2025-04-20
CUST-23333,Bhopal,Madhya Pradesh,Tier 2,2024-07-21
CUST-23334,Chennai,Tamil Nadu,Tier 1,2025-11-05
CUST-23335,Chandigarh,Punjab,Tier 2,2024-10-23
CUST-23336,Bhopal,Madhya Pradesh,Tier 2,2025-09-25
CUST-23337,Hyderabad,Telangana,Tier 1,2024-01-16
CUST-23338,Chennai,Tamil Nadu,Tier 1,2025-01-12
CUST-23339,Hyderabad,Telangana,Tier 1,2024-12-01
CUST-23340,Patna,Bihar,Tier 2,2025-09-09
CUST-23341,Mumbai,Maharashtra,Tier 1,2024-01-20
CUST-23342,Hyderabad,Telangana,Tier 1,2025-03-15
CUST-23343,Lucknow,Uttar Pradesh,Tier 2,2024-08-31
CUST-23344,Pune,Maharashtra,Tier 1,2024-08-31
CUST-23345,Chennai,Tamil Nadu,Tier 1,2025-01-26
CUST-23346,Kolkata,West Bengal,Tier 1,2024-09-18
CUST-23347,Bangalore,Karnataka,Tier 1,2024-08-07
CUST-23348,Chennai,Tamil Nadu,Tier 1,2024-01-08
CUST-23349,Kolkata,West Bengal,Tier 1,2025-03-21
CUST-23350,Coimbatore,Tamil Nadu,Tier 2,2024-01-14
CUST-23351,Bangalore,Karnataka,Tier 1,2025-01-21
CUST-23352,Bhopal,Madhya Pradesh,Tier 2,2025-10-03
CUST-23353,Pune,Maharashtra,Tier 1,2024-01-22
CUST-23354,Mumbai,Maharashtra,Tier 1,2024-08-12
CUST-23355,Ahmedabad,Gujarat,Tier 2,2024-08-22
CUST-23356,Mumbai,Maharashtra,Tier 1,2024-12-06
CUST-23357,Visakhapatnam,Andhra Pradesh,Tier 2,2024-05-13
CUST-23358,Bhopal,Madhya Pradesh,Tier 2,2024-06-26
CUST-23359,Hyderabad,Telangana,Tier 1,2025-07-09
CUST-23360,Bangalore,Karnataka,Tier 1,2025-06-03
CUST-23361,Chennai,Tamil Nadu,Tier 1,2025-06-22
CUST-23362,Hyderabad,Telangana,Tier 1,2025-03-12
CUST-23363,Chennai,Tamil Nadu,Tier 1,2024-02-20
CUST-23364,Hyderabad,Telangana,Tier 1,2025-03-18
CUST-23365,Pune,Maharashtra,Tier 1,2025-08-03
CUST-23366,Delhi NCR,Delhi,Tier 1,2024-10-07
CUST-23367,Patna,Bihar,Tier 2,2024-02-13
CUST-23368,Indore,Madhya Pradesh,Tier 2,2025-11-17
CUST-23369,Kolkata,West Bengal,Tier 1,2025-09-22
CUST-23370,Patna,Bihar,Tier 2,2024-12-30
CUST-23371,Bangalore,Karnataka,Tier 1,2024-09-25
CUST-23372,Mumbai,Maharashtra,Tier 1,2025-11-23
CUST-23373,Pune,Maharashtra,Tier 1,2025-07-18
CUST-23374,Chennai,Tamil Nadu,Tier 1,2024-10-19
CUST-23375,Pune,Maharashtra,Tier 1,2024-07-12
CUST-23376,Coimbatore,Tamil Nadu,Tier 2,2025-01-05
CUST-23377,Bhubaneswar,Odisha,Tier 2,2025-07-05
CUST-23378,Pune,Maharashtra,Tier 1,2024-03-18
CUST-23379,Chandigarh,Punjab,Tier 2,2024-07-07
CUST-23380,Mumbai,Maharashtra,Tier 1,2025-08-29
CUST-23381,Delhi NCR,Delhi,Tier 1,2025-01-24
CUST-23382,Ahmedabad,Gujarat,Tier 2,2024-01-25
CUST-23383,Chennai,Tamil Nadu,Tier 1,2025-09-06
CUST-23384,Chennai,Tamil Nadu,Tier 1,2024-10-28
CUST-23385,Hyderabad,Telangana,Tier 1,2025-11-01
CUST-23386,Pune,Maharashtra,Tier 1,2024-12-23
CUST-23387,Delhi NCR,Delhi,Tier 1,2024-04-03
CUST-23388,Pune,Maharashtra,Tier 1,2025-07-04
CUST-23389,Delhi NCR,Delhi,Tier 1,2024-12-01
CUST-23390,Mumbai,Maharashtra,Tier 1,2024-06-12
CUST-23391,Hyderabad,Telangana,Tier 1,2024-12-06
CUST-23392,Bangalore,Karnataka,Tier 1,2025-07-20
CUST-23393,Coimbatore,Tamil Nadu,Tier 2,2024-03-12
CUST-23394,Mumbai,Maharashtra,Tier 1,2024-02-11
CUST-23395,Delhi NCR,Delhi,Tier 1,2025-02-14
CUST-23396,Kolkata,West Bengal,Tier 1,2025-10-05
CUST-23397,Kolkata,West Bengal,Tier 1,2024-01-21
CUST-23398,Mumbai,Maharashtra,Tier 1,2024-01-01
CUST-23399,Mumbai,Maharashtra,Tier 1,2025-11-08
CUST-23400,Visakhapatnam,Andhra Pradesh,Tier 2,2025-07-25
CUST-23401,Jaipur,Rajasthan,Tier 2,2024-03-16
CUST-23402,Hyderabad,Telangana,Tier 1,2025-08-25
CUST-23403,Kolkata,West Bengal,Tier 1,2025-02-01
CUST-23404,Bangalore,Karnataka,Tier 1,2024-03-28
CUST-23405,Hyderabad,Telangana,Tier 1,2025-08-16
CUST-23406,Pune,Maharashtra,Tier 1,2024-01-17
CUST-23407,Bhopal,Madhya Pradesh,Tier 2,2024-11-24
CUST-23408,Delhi NCR,Delhi,Tier 1,2024-07-28
CUST-23409,Patna,Bihar,Tier 2,2025-01-17
CUST-23410,Delhi NCR,Delhi,Tier 1,2025-07-18
CUST-23411,Bangalore,Karnataka,Tier 1,2025-10-01
CUST-23412,Mumbai,Maharashtra,Tier 1,2024-05-25
CUST-23413,Delhi NCR,Delhi,Tier 1,2025-03-28
CUST-23414,Nagpur,Maharashtra,Tier 2,2025-01-27
CUST-23415,Chennai,Tamil Nadu,Tier 1,2024-11-05
CUST-23416,Mumbai,Maharashtra,Tier 1,2025-05-06
CUST-23417,Bhubaneswar,Odisha,Tier 2,2025-03-05
CUST-23418,Bhopal,Madhya Pradesh,Tier 2,2024-01-01
CUST-23419,Chandigarh,Punjab,Tier 2,2024-02-10
CUST-23420,Nagpur,Maharashtra,Tier 2,2025-08-07
CUST-23421,Bangalore,Karnataka,Tier 1,2025-11-02
CUST-23422,Patna,Bihar,Tier 2,2024-07-30
CUST-23423,Lucknow,Uttar Pradesh,Tier 2,2024-11-28
CUST-23424,Bhopal,Madhya Pradesh,Tier 2,2025-10-12
CUST-23425,Indore,Madhya Pradesh,Tier 2,2025-03-21
CUST-23426,Hyderabad,Telangana,Tier 1,2024-10-30
CUST-23427,Kochi,Kerala,Tier 2,2025-07-08
CUST-23428,Bangalore,Karnataka,Tier 1,2025-11-21
CUST-23429,Hyderabad,Telangana,Tier 1,2024-06-02
CUST-23430,Delhi NCR,Delhi,Tier 1,2025-09-07
CUST-23431,Nagpur,Maharashtra,Tier 2,2025-06-06
CUST-23432,Hyderabad,Telangana,Tier 1,2024-01-25
CUST-23433,Kolkata,West Bengal,Tier 1,2024-01-25
CUST-23434,Chennai,Tamil Nadu,Tier 1,2025-08-18
CUST-23435,Bhubaneswar,Odisha,Tier 2,2024-04-15
CUST-23436,Hyderabad,Telangana,Tier 1,2024-04-28
CUST-23437,Kochi,Kerala,Tier 2,2024-04-17
CUST-23438,Bhopal,Madhya Pradesh,Tier 2,2024-11-25
CUST-23439,Chennai,Tamil Nadu,Tier 1,2024-06-28
CUST-23440,Chennai,Tamil Nadu,Tier 1,2024-05-10
CUST-23441,Chandigarh,Punjab,Tier 2,2025-08-25
CUST-23442,Nagpur,Maharashtra,Tier 2,2024-06-16
CUST-23443,Chandigarh,Punjab,Tier 2,2024-08-10
CUST-23444,Bangalore,Karnataka,Tier 1,2025-04-13
CUST-23445,Coimbatore,Tamil Nadu,Tier 2,2024-10-04
CUST-23446,Chennai,Tamil Nadu,Tier 1,2024-07-08
CUST-23447,Pune,Maharashtra,Tier 1,2025-06-14
CUST-23448,Patna,Bihar,Tier 2,2025-06-09
CUST-23449,Bangalore,Karnataka,Tier 1,2025-09-12
CUST-23450,Kochi,Kerala,Tier 2,2024-07-08
CUST-23451,Pune,Maharashtra,Tier 1,2024-08-05
CUST-23452,Coimbatore,Tamil Nadu,Tier 2,2024-10-25
CUST-23453,Delhi NCR,Delhi,Tier 1,2024-11-06
CUST-23454,Chennai,Tamil Nadu,Tier 1,2024-08-23
CUST-23455,Patna,Bihar,Tier 2,2024-06-16
CUST-23456,Mumbai,Maharashtra,Tier 1,2024-07-11
CUST-23457,Delhi NCR,Delhi,Tier 1,2024-08-29
CUST-23458,Visakhapatnam,Andhra Pradesh,Tier 2,2024-06-10
CUST-23459,Hyderabad,Telangana,Tier 1,2024-12-04
CUST-23460,Visakhapatnam,Andhra Pradesh,Tier 2,2025-03-30
CUST-23461,Delhi NCR,Delhi,Tier 1,2024-05-14
CUST-23462,Hyderabad,Telangana,Tier 1,2024-07-11
CUST-23463,Chandigarh,Punjab,Tier 2,2025-02-05
CUST-23464,Jaipur,Rajasthan,Tier 2,2025-01-26
CUST-23465,Pune,Maharashtra,Tier 1,2025-08-23
CUST-23466,Kolkata,West Bengal,Tier 1,2024-02-11
CUST-23467,Patna,Bihar,Tier 2,2024-04-02
CUST-23468,Bangalore,Karnataka,Tier 1,2024-08-02
CUST-23469,Chennai,Tamil Nadu,Tier 1,2024-12-14
CUST-23470,Delhi NCR,Delhi,Tier 1,2025-05-27
CUST-23471,Pune,Maharashtra,Tier 1,2024-11-30
CUST-23472,Bangalore,Karnataka,Tier 1,2025-02-02
CUST-23473,Hyderabad,Telangana,Tier 1,2024-06-12
CUST-23474,Kolkata,West Bengal,Tier 1,2024-04-15
CUST-23475,Mumbai,Maharashtra,Tier 1,2024-08-19
CUST-23476,Mumbai,Maharashtra,Tier 1,2025-07-11
CUST-23477,Lucknow,Uttar Pradesh,Tier 2,2025-06-16
CUST-23478,Chennai,Tamil Nadu,Tier 1,2024-06-25
CUST-23479,Bhopal,Madhya Pradesh,Tier 2,2025-11-09
CUST-23480,Lucknow,Uttar Pradesh,Tier 2,2024-10-20
CUST-23481,Mumbai,Maharashtra,Tier 1,2024-09-21
CUST-23482,Pune,Maharashtra,Tier 1,2025-06-03
CUST-23483,Delhi NCR,Delhi,Tier 1,2024-09-26
CUST-23484,Kochi,Kerala,Tier 2,2024-07-30
CUST-23485,Visakhapatnam,Andhra Pradesh,Tier 2,2024-06-11
CUST-23486,Kolkata,West Bengal,Tier 1,2025-07-10
CUST-23487,Lucknow,Uttar Pradesh,Tier 2,2024-02-22
CUST-23488,Bangalore,Karnataka,Tier 1,2024-08-20
CUST-23489,Chennai,Tamil Nadu,Tier 1,2025-03-13
CUST-23490,Bhopal,Madhya Pradesh,Tier 2,2025-11-13
CUST-23491,Delhi NCR,Delhi,Tier 1,2025-06-01
CUST-23492,Bangalore,Karnataka,Tier 1,2024-02-13
CUST-23493,Chennai,Tamil Nadu,Tier 1,2025-08-25
CUST-23494,Ahmedabad,Gujarat,Tier 2,2025-05-30
CUST-23495,Chennai,Tamil Nadu,Tier 1,2025-09-24
CUST-23496,Nagpur,Maharashtra,Tier 2,2025-07-28
CUST-23497,Delhi NCR,Delhi,Tier 1,2024-04-01
CUST-23498,Hyderabad,Telangana,Tier 1,2025-03-13
CUST-23499,Ahmedabad,Gujarat,Tier 2,2024-12-02
CUST-23500,Bangalore,Karnataka,Tier 1,2024-10-20
CUST-23501,Jaipur,Rajasthan,Tier 2,2025-11-30
CUST-23502,Delhi NCR,Delhi,Tier 1,2025-11-10
CUST-23503,Mumbai,Maharashtra,Tier 1,2024-09-20
CUST-23504,Delhi NCR,Delhi,Tier 1,2024-04-14
CUST-23505,Nagpur,Maharashtra,Tier 2,2024-08-11
CUST-23506,Kolkata,West Bengal,Tier 1,2025-02-22
CUST-23507,Indore,Madhya Pradesh,Tier 2,2024-04-24
CUST-23508,Hyderabad,Telangana,Tier 1,2024-08-22
CUST-23509,Pune,Maharashtra,Tier 1,2024-09-30
CUST-23510,Kolkata,West Bengal,Tier 1,2024-08-17
CUST-23511,Bhubaneswar,Odisha,Tier 2,2024-02-03
CUST-23512,Chandigarh,Punjab,Tier 2,2025-01-22
CUST-23513,Ahmedabad,Gujarat,Tier 2,2025-05-15
CUST-23514,Mumbai,Maharashtra,Tier 1,2025-04-06
CUST-23515,Kolkata,West Bengal,Tier 1,2025-03-24
CUST-23516,Kolkata,West Bengal,Tier 1,2024-08-01
CUST-23517,Nagpur,Maharashtra,Tier 2,2024-02-15
CUST-23518,Bangalore,Karnataka,Tier 1,2025-02-08
CUST-23519,Bangalore,Karnataka,Tier 1,2024-11-28
CUST-23520,Chennai,Tamil Nadu,Tier 1,2024-08-27
CUST-23521,Bangalore,Karnataka,Tier 1,2024-09-10
CUST-23522,Delhi NCR,Delhi,Tier 1,2024-08-15
CUST-23523,Bhopal,Madhya Pradesh,Tier 2,2024-06-14
CUST-23524,Pune,Maharashtra,Tier 1,2025-08-07
CUST-23525,Bhopal,Madhya Pradesh,Tier 2,2025-05-25
CUST-23526,Patna,Bihar,Tier 2,2025-08-20
CUST-23527,Hyderabad,Telangana,Tier 1,2025-08-15
CUST-23528,Kolkata,West Bengal,Tier 1,2025-11-06
CUST-23529,Mumbai,Maharashtra,Tier 1,2025-01-24
CUST-23530,Nagpur,Maharashtra,Tier 2,2025-02-26
CUST-23531,Chennai,Tamil Nadu,Tier 1,2025-02-14
CUST-23532,Chennai,Tamil Nadu,Tier 1,2025-08-03
CUST-23533,Hyderabad,Telangana,Tier 1,2025-10-10
CUST-23534,Chennai,Tamil Nadu,Tier 1,2025-10-25
CUST-23535,Bangalore,Karnataka,Tier 1,2025-03-22
CUST-23536,Chennai,Tamil Nadu,Tier 1,2025-02-06
CUST-23537,Indore,Madhya Pradesh,Tier 2,2024-04-06
CUST-23538,Patna,Bihar,Tier 2,2025-01-13
CUST-23539,Hyderabad,Telangana,Tier 1,2025-10-31
CUST-23540,Kolkata,West Bengal,Tier 1,2024-07-04
CUST-23541,Bhopal,Madhya Pradesh,Tier 2,2025-11-10
CUST-23542,Mumbai,Maharashtra,Tier 1,2024-08-31
CUST-23543,Coimbatore,Tamil Nadu,Tier 2,2025-09-22
CUST-23544,Bangalore,Karnataka,Tier 1,2025-05-17
CUST-23545,Jaipur,Rajasthan,Tier 2,2024-10-14
CUST-23546,Pune,Maharashtra,Tier 1,2025-01-03
CUST-23547,Kolkata,West Bengal,Tier 1,2024-03-05
CUST-23548,Bhopal,Madhya Pradesh,Tier 2,2024-06-10
CUST-23549,Delhi NCR,Delhi,Tier 1,2025-08-19
CUST-23550,Hyderabad,Telangana,Tier 1,2025-07-24
CUST-23551,Kolkata,West Bengal,Tier 1,2025-10-23
CUST-23552,Indore,Madhya Pradesh,Tier 2,2025-02-21
CUST-23553,Bangalore,Karnataka,Tier 1,2025-04-25
CUST-23554,Indore,Madhya Pradesh,Tier 2,2025-09-24
CUST-23555,Chennai,Tamil Nadu,Tier 1,2024-09-25
CUST-23556,Bangalore,Karnataka,Tier 1,2025-07-20
CUST-23557,Chandigarh,Punjab,Tier 2,2025-10-09
CUST-23558,Mumbai,Maharashtra,Tier 1,2024-07-08
CUST-23559,Kolkata,West Bengal,Tier 1,2025-02-09
CUST-23560,Mumbai,Maharashtra,Tier 1,2025-05-03
CUST-23561,Hyderabad,Telangana,Tier 1,2024-11-07
CUST-23562,Pune,Maharashtra,Tier 1,2025-08-18
CUST-23563,Kolkata,West Bengal,Tier 1,2025-11-19
CUST-23564,Chennai,Tamil Nadu,Tier 1,2024-04-03
CUST-23565,Chennai,Tamil Nadu,Tier 1,2025-01-24
CUST-23566,Bangalore,Karnataka,Tier 1,2025-06-30
CUST-23567,Chennai,Tamil Nadu,Tier 1,2025-02-14
CUST-23568,Bhubaneswar,Odisha,Tier 2,2024-07-30
CUST-23569,Patna,Bihar,Tier 2,2025-09-29
CUST-23570,Delhi NCR,Delhi,Tier 1,2025-01-03
CUST-23571,Mumbai,Maharashtra,Tier 1,2024-06-16
CUST-23572,Nagpur,Maharashtra,Tier 2,2024-01-14
CUST-23573,Kolkata,West Bengal,Tier 1,2025-08-08
CUST-23574,Kolkata,West Bengal,Tier 1,2025-07-17
CUST-23575,Kochi,Kerala,Tier 2,2024-07-25
CUST-23576,Hyderabad,Telangana,Tier 1,2024-02-12
CUST-23577,Kolkata,West Bengal,Tier 1,2025-03-17
CUST-23578,Bhubaneswar,Odisha,Tier 2,2025-05-29
CUST-23579,Jaipur,Rajasthan,Tier 2,2025-08-29
CUST-23580,Delhi NCR,Delhi,Tier 1,2025-01-29
CUST-23581,Delhi NCR,Delhi,Tier 1,2024-08-25
CUST-23582,Bangalore,Karnataka,Tier 1,2025-11-09
CUST-23583,Kochi,Kerala,Tier 2,2025-06-14
CUST-23584,Hyderabad,Telangana,Tier 1,2025-02-07
CUST-23585,Mumbai,Maharashtra,Tier 1,2024-08-01
CUST-23586,Bhubaneswar,Odisha,Tier 2,2025-07-21
CUST-23587,Delhi NCR,Delhi,Tier 1,2025-01-08
CUST-23588,Mumbai,Maharashtra,Tier 1,2024-05-11
CUST-23589,Bangalore,Karnataka,Tier 1,2024-01-09
CUST-23590,Bangalore,Karnataka,Tier 1,2024-06-01
CUST-23591,Chennai,Tamil Nadu,Tier 1,2025-03-06
CUST-23592,Nagpur,Maharashtra,Tier 2,2025-04-27
CUST-23593,Bhopal,Madhya Pradesh,Tier 2,2024-10-31
CUST-23594,Chennai,Tamil Nadu,Tier 1,2024-10-10
CUST-23595,Chennai,Tamil Nadu,Tier 1,2025-04-16
CUST-23596,Kolkata,West Bengal,Tier 1,2024-07-08
CUST-23597,Bangalore,Karnataka,Tier 1,2025-06-11
CUST-23598,Mumbai,Maharashtra,Tier 1,2025-05-26
CUST-23599,Nagpur,Maharashtra,Tier 2,2024-12-08
CUST-23600,Bangalore,Karnataka,Tier 1,2025-03-05
CUST-23601,Bangalore,Karnataka,Tier 1,2025-11-16
CUST-23602,Kolkata,West Bengal,Tier 1,2025-11-10
CUST-23603,Kolkata,West Bengal,Tier 1,2024-02-03
CUST-23604,Mumbai,Maharashtra,Tier 1,2025-04-15
CUST-23605,Delhi NCR,Delhi,Tier 1,2025-01-28
CUST-23606,Chennai,Tamil Nadu,Tier 1,2025-05-09
CUST-23607,Lucknow,Uttar Pradesh,Tier 2,2025-05-27
CUST-23608,Bangalore,Karnataka,Tier 1,2024-11-17
CUST-23609,Chennai,Tamil Nadu,Tier 1,2024-04-24
CUST-23610,Pune,Maharashtra,Tier 1,2024-08-01
CUST-23611,Coimbatore,Tamil Nadu,Tier 2,2024-05-24
CUST-23612,Hyderabad,Telangana,Tier 1,2025-07-12
CUST-23613,Delhi NCR,Delhi,Tier 1,2024-06-26
CUST-23614,Kolkata,West Bengal,Tier 1,2024-12-25
CUST-23615,Chandigarh,Punjab,Tier 2,2024-10-11
CUST-23616,Delhi NCR,Delhi,Tier 1,2024-09-01
CUST-23617,Chennai,Tamil Nadu,Tier 1,2024-07-24
CUST-23618,Mumbai,Maharashtra,Tier 1,2025-08-06
CUST-23619,Mumbai,Maharashtra,Tier 1,2024-12-07
CUST-23620,Kolkata,West Bengal,Tier 1,2024-12-25
CUST-23621,Hyderabad,Telangana,Tier 1,2025-05-13
CUST-23622,Patna,Bihar,Tier 2,2024-05-20
CUST-23623,Pune,Maharashtra,Tier 1,2025-10-29
CUST-23624,Chennai,Tamil Nadu,Tier 1,2024-08-09
CUST-23625,Chennai,Tamil Nadu,Tier 1,2025-01-23
CUST-23626,Kolkata,West Bengal,Tier 1,2024-11-25
CUST-23627,Mumbai,Maharashtra,Tier 1,2025-01-27
CUST-23628,Coimbatore,Tamil Nadu,Tier 2,2025-10-15
CUST-23629,Visakhapatnam,Andhra Pradesh,Tier 2,2024-12-23
CUST-23630,Delhi NCR,Delhi,Tier 1,2025-01-28
CUST-23631,Delhi NCR,Delhi,Tier 1,2025-08-09
CUST-23632,Delhi NCR,Delhi,Tier 1,2024-02-09
CUST-23633,Jaipur,Rajasthan,Tier 2,2024-09-29
CUST-23634,Jaipur,Rajasthan,Tier 2,2025-02-23
CUST-23635,Patna,Bihar,Tier 2,2024-03-10
CUST-23636,Chandigarh,Punjab,Tier 2,2025-09-14
CUST-23637,Chennai,Tamil Nadu,Tier 1,2025-04-02
CUST-23638,Pune,Maharashtra,Tier 1,2024-08-21
CUST-23639,Lucknow,Uttar Pradesh,Tier 2,2024-07-15
CUST-23640,Kolkata,West Bengal,Tier 1,2025-05-23
CUST-23641,Kolkata,West Bengal,Tier 1,2025-06-19
CUST-23642,Pune,Maharashtra,Tier 1,2024-05-26
CUST-23643,Pune,Maharashtra,Tier 1,2025-07-27
CUST-23644,Pune,Maharashtra,Tier 1,2025-04-03
CUST-23645,Pune,Maharashtra,Tier 1,2024-03-07
CUST-23646,Ahmedabad,Gujarat,Tier 2,2024-01-30
CUST-23647,Pune,Maharashtra,Tier 1,2024-04-16
CUST-23648,Kolkata,West Bengal,Tier 1,2025-11-08
CUST-23649,Lucknow,Uttar Pradesh,Tier 2,2025-01-24
CUST-23650,Chennai,Tamil Nadu,Tier 1,2025-02-09
CUST-23651,Bangalore,Karnataka,Tier 1,2024-04-30
CUST-23652,Mumbai,Maharashtra,Tier 1,2024-01-11
CUST-23653,Pune,Maharashtra,Tier 1,2025-08-06
CUST-23654,Pune,Maharashtra,Tier 1,2024-12-12
CUST-23655,Visakhapatnam,Andhra Pradesh,Tier 2,2024-09-09
CUST-23656,Hyderabad,Telangana,Tier 1,2024-04-28
CUST-23657,Chennai,Tamil Nadu,Tier 1,2025-06-03
CUST-23658,Bangalore,Karnataka,Tier 1,2024-08-02
CUST-23659,Mumbai,Maharashtra,Tier 1,2024-03-20
CUST-23660,Kochi,Kerala,Tier 2,2025-02-22
CUST-23661,Bangalore,Karnataka,Tier 1,2025-08-06
CUST-23662,Pune,Maharashtra,Tier 1,2025-11-15
CUST-23663,Lucknow,Uttar Pradesh,Tier 2,2024-10-15
CUST-23664,Kolkata,West Bengal,Tier 1,2024-08-21
CUST-23665,Bhopal,Madhya Pradesh,Tier 2,2024-09-17
CUST-23666,Chennai,Tamil Nadu,Tier 1,2025-10-18
CUST-23667,Hyderabad,Telangana,Tier 1,2024-01-22
CUST-23668,Coimbatore,Tamil Nadu,Tier 2,2024-03-18
CUST-23669,Bhopal,Madhya Pradesh,Tier 2,2025-11-02
CUST-23670,Delhi NCR,Delhi,Tier 1,2024-01-14
CUST-23671,Mumbai,Maharashtra,Tier 1,2024-05-27
CUST-23672,Mumbai,Maharashtra,Tier 1,2025-10-23
CUST-23673,Hyderabad,Telangana,Tier 1,2024-01-30
CUST-23674,Visakhapatnam,Andhra Pradesh,Tier 2,2025-03-13
CUST-23675,Pune,Maharashtra,Tier 1,2025-11-03
CUST-23676,Chennai,Tamil Nadu,Tier 1,2025-06-13
CUST-23677,Coimbatore,Tamil Nadu,Tier 2,2024-03-03
CUST-23678,Chennai,Tamil Nadu,Tier 1,2025-03-05
CUST-23679,Hyderabad,Telangana,Tier 1,2024-05-14
CUST-23680,Nagpur,Maharashtra,Tier 2,2024-06-05
CUST-23681,Patna,Bihar,Tier 2,2025-07-22
CUST-23682,Patna,Bihar,Tier 2,2024-09-10
CUST-23683,Kolkata,West Bengal,Tier 1,2024-07-05
CUST-23684,Kochi,Kerala,Tier 2,2025-01-13
CUST-23685,Delhi NCR,Delhi,Tier 1,2024-11-22
CUST-23686,Pune,Maharashtra,Tier 1,2024-07-17
CUST-23687,Visakhapatnam,Andhra Pradesh,Tier 2,2024-06-19
CUST-23688,Hyderabad,Telangana,Tier 1,2024-11-10
CUST-23689,Kochi,Kerala,Tier 2,2024-01-06
CUST-23690,Kolkata,West Bengal,Tier 1,2024-09-12
CUST-23691,Mumbai,Maharashtra,Tier 1,2024-11-15
CUST-23692,Chandigarh,Punjab,Tier 2,2024-09-04
CUST-23693,Delhi NCR,Delhi,Tier 1,2024-01-04
CUST-23694,Pune,Maharashtra,Tier 1,2025-05-27
CUST-23695,Mumbai,Maharashtra,Tier 1,2025-05-20
CUST-23696,Bhubaneswar,Odisha,Tier 2,2024-01-31
CUST-23697,Hyderabad,Telangana,Tier 1,2025-09-20
CUST-23698,Bangalore,Karnataka,Tier 1,2024-10-01
CUST-23699,Delhi NCR,Delhi,Tier 1,2024-11-20
CUST-23700,Bhubaneswar,Odisha,Tier 2,2024-06-25
CUST-23701,Ahmedabad,Gujarat,Tier 2,2024-10-13
CUST-23702,Chandigarh,Punjab,Tier 2,2024-03-19
CUST-23703,Kolkata,West Bengal,Tier 1,2024-08-30
CUST-23704,Kolkata,West Bengal,Tier 1,2025-05-15
CUST-23705,Delhi NCR,Delhi,Tier 1,2024-07-23
CUST-23706,Pune,Maharashtra,Tier 1,2025-04-04
CUST-23707,Bangalore,Karnataka,Tier 1,2025-01-17
CUST-23708,Visakhapatnam,Andhra Pradesh,Tier 2,2024-11-28
CUST-23709,Indore,Madhya Pradesh,Tier 2,2025-08-25
CUST-23710,Chennai,Tamil Nadu,Tier 1,2024-06-14
CUST-23711,Delhi NCR,Delhi,Tier 1,2024-06-09
CUST-23712,Kochi,Kerala,Tier 2,2024-01-06
CUST-23713,Delhi NCR,Delhi,Tier 1,2025-10-14
CUST-23714,Bangalore,Karnataka,Tier 1,2024-07-23
CUST-23715,Bangalore,Karnataka,Tier 1,2025-06-15
CUST-23716,Kolkata,West Bengal,Tier 1,2024-04-09
CUST-23717,Kochi,Kerala,Tier 2,2025-11-07
CUST-23718,Hyderabad,Telangana,Tier 1,2024-02-14
CUST-23719,Mumbai,Maharashtra,Tier 1,2025-04-01
CUST-23720,Kolkata,West Bengal,Tier 1,2024-08-14
CUST-23721,Chandigarh,Punjab,Tier 2,2024-11-10
CUST-23722,Bangalore,Karnataka,Tier 1,2024-02-21
CUST-23723,Bangalore,Karnataka,Tier 1,2024-05-25
CUST-23724,Bhubaneswar,Odisha,Tier 2,2024-10-07
CUST-23725,Bhubaneswar,Odisha,Tier 2,2024-05-02
CUST-23726,Visakhapatnam,Andhra Pradesh,Tier 2,2025-04-15
CUST-23727,Indore,Madhya Pradesh,Tier 2,2024-10-23
CUST-23728,Bangalore,Karnataka,Tier 1,2025-09-05
CUST-23729,Bangalore,Karnataka,Tier 1,2025-05-26
CUST-23730,Hyderabad,Telangana,Tier 1,2025-10-02
CUST-23731,Hyderabad,Telangana,Tier 1,2025-05-16
CUST-23732,Bhubaneswar,Odisha,Tier 2,2025-11-09
CUST-23733,Kochi,Kerala,Tier 2,2024-07-20
CUST-23734,Ahmedabad,Gujarat,Tier 2,2025-02-18
CUST-23735,Bangalore,Karnataka,Tier 1,2025-09-05
CUST-23736,Coimbatore,Tamil Nadu,Tier 2,2025-08-05
CUST-23737,Patna,Bihar,Tier 2,2025-02-25
CUST-23738,Delhi NCR,Delhi,Tier 1,2025-06-03
CUST-23739,Bhopal,Madhya Pradesh,Tier 2,2025-11-04
CUST-23740,Bangalore,Karnataka,Tier 1,2024-03-13
CUST-23741,Mumbai,Maharashtra,Tier 1,2024-12-10
CUST-23742,Jaipur,Rajasthan,Tier 2,2024-01-27
CUST-23743,Jaipur,Rajasthan,Tier 2,2024-06-17
CUST-23744,Delhi NCR,Delhi,Tier 1,2025-08-07
CUST-23745,Hyderabad,Telangana,Tier 1,2024-07-27
CUST-23746,Visakhapatnam,Andhra Pradesh,Tier 2,2025-09-02
CUST-23747,Jaipur,Rajasthan,Tier 2,2025-06-26
CUST-23748,Ahmedabad,Gujarat,Tier 2,2025-06-28
CUST-23749,Bangalore,Karnataka,Tier 1,2025-10-18
CUST-23750,Mumbai,Maharashtra,Tier 1,2025-09-02
CUST-23751,Bangalore,Karnataka,Tier 1,2024-11-05
CUST-23752,Bangalore,Karnataka,Tier 1,2024-06-28
CUST-23753,Bangalore,Karnataka,Tier 1,2025-10-08
CUST-23754,Bangalore,Karnataka,Tier 1,2025-03-13
CUST-23755,Pune,Maharashtra,Tier 1,2025-04-21
CUST-23756,Hyderabad,Telangana,Tier 1,2025-01-29
CUST-23757,Indore,Madhya Pradesh,Tier 2,2025-06-25
CUST-23758,Delhi NCR,Delhi,Tier 1,2025-08-16
CUST-23759,Kolkata,West Bengal,Tier 1,2024-02-26
CUST-23760,Mumbai,Maharashtra,Tier 1,2024-06-22
CUST-23761,Kolkata,West Bengal,Tier 1,2024-11-21
CUST-23762,Mumbai,Maharashtra,Tier 1,2024-11-17
CUST-23763,Visakhapatnam,Andhra Pradesh,Tier 2,2024-07-01
CUST-23764,Kochi,Kerala,Tier 2,2024-08-22
CUST-23765,Kolkata,West Bengal,Tier 1,2025-09-10
CUST-23766,Mumbai,Maharashtra,Tier 1,2024-07-04
CUST-23767,Pune,Maharashtra,Tier 1,2024-09-22
CUST-23768,Chandigarh,Punjab,Tier 2,2025-10-05
CUST-23769,Bangalore,Karnataka,Tier 1,2024-11-24
CUST-23770,Pune,Maharashtra,Tier 1,2024-12-30
CUST-23771,Indore,Madhya Pradesh,Tier 2,2025-11-13
CUST-23772,Kochi,Kerala,Tier 2,2024-01-24
CUST-23773,Indore,Madhya Pradesh,Tier 2,2024-09-17
CUST-23774,Bhopal,Madhya Pradesh,Tier 2,2024-12-20
CUST-23775,Nagpur,Maharashtra,Tier 2,2024-07-14
CUST-23776,Chennai,Tamil Nadu,Tier 1,2025-09-02
CUST-23777,Pune,Maharashtra,Tier 1,2025-05-04
CUST-23778,Kochi,Kerala,Tier 2,2024-11-28
CUST-23779,Lucknow,Uttar Pradesh,Tier 2,2025-09-04
CUST-23780,Visakhapatnam,Andhra Pradesh,Tier 2,2025-09-23
CUST-23781,Mumbai,Maharashtra,Tier 1,2024-11-16
CUST-23782,Hyderabad,Telangana,Tier 1,2025-03-22
CUST-23783,Hyderabad,Telangana,Tier 1,2025-01-11
CUST-23784,Bangalore,Karnataka,Tier 1,2024-07-21
CUST-23785,Bangalore,Karnataka,Tier 1,2024-03-30
CUST-23786,Ahmedabad,Gujarat,Tier 2,2024-06-25
CUST-23787,Mumbai,Maharashtra,Tier 1,2025-09-18
CUST-23788,Chandigarh,Punjab,Tier 2,2024-02-01
CUST-23789,Lucknow,Uttar Pradesh,Tier 2,2024-08-30
CUST-23790,Bangalore,Karnataka,Tier 1,2024-03-10
CUST-23791,Bangalore,Karnataka,Tier 1,2024-03-11
CUST-23792,Pune,Maharashtra,Tier 1,2025-09-14
CUST-23793,Chandigarh,Punjab,Tier 2,2024-06-06
CUST-23794,Bhopal,Madhya Pradesh,Tier 2,2025-07-02
CUST-23795,Patna,Bihar,Tier 2,2024-11-21
CUST-23796,Bhubaneswar,Odisha,Tier 2,2024-02-04
CUST-23797,Pune,Maharashtra,Tier 1,2025-04-24
CUST-23798,Coimbatore,Tamil Nadu,Tier 2,2025-04-04
CUST-23799,Indore,Madhya Pradesh,Tier 2,2025-02-19
CUST-23800,Coimbatore,Tamil Nadu,Tier 2,2025-07-24
CUST-23801,Mumbai,Maharashtra,Tier 1,2025-02-22
CUST-23802,Bhubaneswar,Odisha,Tier 2,2025-05-25
CUST-23803,Kolkata,West Bengal,Tier 1,2025-01-02
CUST-23804,Indore,Madhya Pradesh,Tier 2,2024-07-25
CUST-23805,Delhi NCR,Delhi,Tier 1,2024-12-26
CUST-23806,Chennai,Tamil Nadu,Tier 1,2025-03-11
CUST-23807,Bangalore,Karnataka,Tier 1,2025-07-31
CUST-23808,Hyderabad,Telangana,Tier 1,2024-09-26
CUST-23809,Delhi NCR,Delhi,Tier 1,2024-08-20
CUST-23810,Indore,Madhya Pradesh,Tier 2,2025-10-30
CUST-23811,Mumbai,Maharashtra,Tier 1,2024-04-15
CUST-23812,Hyderabad,Telangana,Tier 1,2025-10-27
CUST-23813,Delhi NCR,Delhi,Tier 1,2024-01-18
CUST-23814,Pune,Maharashtra,Tier 1,2025-05-09
CUST-23815,Bangalore,Karnataka,Tier 1,2024-09-16
CUST-23816,Bangalore,Karnataka,Tier 1,2025-04-29
CUST-23817,Kolkata,West Bengal,Tier 1,2024-11-08
CUST-23818,Jaipur,Rajasthan,Tier 2,2025-09-22
CUST-23819,Delhi NCR,Delhi,Tier 1,2024-04-11
CUST-23820,Delhi NCR,Delhi,Tier 1,2025-06-20
CUST-23821,Bangalore,Karnataka,Tier 1,2024-06-28
CUST-23822,Visakhapatnam,Andhra Pradesh,Tier 2,2025-05-24
CUST-23823,Chennai,Tamil Nadu,Tier 1,2025-04-21
CUST-23824,Pune,Maharashtra,Tier 1,2025-11-04
CUST-23825,Bangalore,Karnataka,Tier 1,2025-02-03
CUST-23826,Kolkata,West Bengal,Tier 1,2024-12-15
CUST-23827,Mumbai,Maharashtra,Tier 1,2024-08-02
CUST-23828,Mumbai,Maharashtra,Tier 1,2025-01-17
CUST-23829,Kolkata,West Bengal,Tier 1,2024-05-03
CUST-23830,Chennai,Tamil Nadu,Tier 1,2024-10-18
CUST-23831,Delhi NCR,Delhi,Tier 1,2025-10-29
CUST-23832,Lucknow,Uttar Pradesh,Tier 2,2024-11-23
CUST-23833,Visakhapatnam,Andhra Pradesh,Tier 2,2025-07-18
CUST-23834,Chennai,Tamil Nadu,Tier 1,2025-11-12
CUST-23835,Pune,Maharashtra,Tier 1,2024-04-07
CUST-23836,Bhubaneswar,Odisha,Tier 2,2025-10-20
CUST-23837,Patna,Bihar,Tier 2,2024-10-26
CUST-23838,Chennai,Tamil Nadu,Tier 1,2024-01-30
CUST-23839,Ahmedabad,Gujarat,Tier 2,2024-03-14
CUST-23840,Delhi NCR,Delhi,Tier 1,2024-06-20
CUST-23841,Kolkata,West Bengal,Tier 1,2024-03-24
CUST-23842,Hyderabad,Telangana,Tier 1,2025-08-07
CUST-23843,Delhi NCR,Delhi,Tier 1,2024-10-16
CUST-23844,Chennai,Tamil Nadu,Tier 1,2025-09-30
CUST-23845,Delhi NCR,Delhi,Tier 1,2024-03-25
CUST-23846,Lucknow,Uttar Pradesh,Tier 2,2024-09-10
CUST-23847,Chennai,Tamil Nadu,Tier 1,2025-10-25
CUST-23848,Kolkata,West Bengal,Tier 1,2025-06-02
CUST-23849,Delhi NCR,Delhi,Tier 1,2025-03-27
CUST-23850,Delhi NCR,Delhi,Tier 1,2024-11-02
CUST-23851,Pune,Maharashtra,Tier 1,2025-10-09
CUST-23852,Visakhapatnam,Andhra Pradesh,Tier 2,2024-07-02
CUST-23853,Delhi NCR,Delhi,Tier 1,2024-11-09
CUST-23854,Hyderabad,Telangana,Tier 1,2024-12-06
CUST-23855,Bhopal,Madhya Pradesh,Tier 2,2024-08-14
CUST-23856,Mumbai,Maharashtra,Tier 1,2024-09-20
CUST-23857,Bhopal,Madhya Pradesh,Tier 2,2025-03-25
CUST-23858,Kolkata,West Bengal,Tier 1,2024-09-07
CUST-23859,Chennai,Tamil Nadu,Tier 1,2025-02-11
CUST-23860,Hyderabad,Telangana,Tier 1,2024-06-18
CUST-23861,Hyderabad,Telangana,Tier 1,2025-07-19
CUST-23862,Hyderabad,Telangana,Tier 1,2024-05-11
CUST-23863,Coimbatore,Tamil Nadu,Tier 2,2025-08-28
CUST-23864,Ahmedabad,Gujarat,Tier 2,2024-02-15
CUST-23865,Jaipur,Rajasthan,Tier 2,2024-12-15
CUST-23866,Indore,Madhya Pradesh,Tier 2,2024-04-08
CUST-23867,Bangalore,Karnataka,Tier 1,2024-02-06
CUST-23868,Pune,Maharashtra,Tier 1,2025-03-13
CUST-23869,Chennai,Tamil Nadu,Tier 1,2024-03-15
CUST-23870,Kochi,Kerala,Tier 2,2024-02-27
CUST-23871,Hyderabad,Telangana,Tier 1,2024-01-19
CUST-23872,Pune,Maharashtra,Tier 1,2025-02-05
CUST-23873,Bhopal,Madhya Pradesh,Tier 2,2024-07-06
CUST-23874,Chennai,Tamil Nadu,Tier 1,2024-05-18
CUST-23875,Mumbai,Maharashtra,Tier 1,2024-05-22
CUST-23876,Kolkata,West Bengal,Tier 1,2024-04-17
CUST-23877,Hyderabad,Telangana,Tier 1,2024-08-08
CUST-23878,Jaipur,Rajasthan,Tier 2,2024-05-24
CUST-23879,Bhubaneswar,Odisha,Tier 2,2025-05-24
CUST-23880,Kolkata,West Bengal,Tier 1,2025-01-10
CUST-23881,Kolkata,West Bengal,Tier 1,2024-01-05
CUST-23882,Jaipur,Rajasthan,Tier 2,2025-01-22
CUST-23883,Delhi NCR,Delhi,Tier 1,2025-07-21
CUST-23884,Bangalore,Karnataka,Tier 1,2025-07-13
CUST-23885,Nagpur,Maharashtra,Tier 2,2024-06-11
CUST-23886,Jaipur,Rajasthan,Tier 2,2024-12-30
CUST-23887,Mumbai,Maharashtra,Tier 1,2025-02-20
CUST-23888,Bangalore,Karnataka,Tier 1,2025-05-23
CUST-23889,Lucknow,Uttar Pradesh,Tier 2,2025-09-03
CUST-23890,Chandigarh,Punjab,Tier 2,2024-01-21
CUST-23891,Patna,Bihar,Tier 2,2025-09-05
CUST-23892,Hyderabad,Telangana,Tier 1,2025-05-31
CUST-23893,Nagpur,Maharashtra,Tier 2,2024-07-15
CUST-23894,Kolkata,West Bengal,Tier 1,2025-10-22
CUST-23895,Lucknow,Uttar Pradesh,Tier 2,2024-12-10
CUST-23896,Pune,Maharashtra,Tier 1,2024-11-25
CUST-23897,Delhi NCR,Delhi,Tier 1,2025-01-12
CUST-23898,Bhubaneswar,Odisha,Tier 2,2024-07-29
CUST-23899,Delhi NCR,Delhi,Tier 1,2024-06-08
CUST-23900,Bangalore,Karnataka,Tier 1,2025-10-19
CUST-23901,Indore,Madhya Pradesh,Tier 2,2025-07-23
CUST-23902,Pune,Maharashtra,Tier 1,2024-12-19
CUST-23903,Patna,Bihar,Tier 2,2024-08-27
CUST-23904,Kolkata,West Bengal,Tier 1,2024-03-19
CUST-23905,Chennai,Tamil Nadu,Tier 1,2024-05-31
CUST-23906,Nagpur,Maharashtra,Tier 2,2025-05-31
CUST-23907,Mumbai,Maharashtra,Tier 1,2025-01-17
CUST-23908,Bhopal,Madhya Pradesh,Tier 2,2025-11-23
CUST-23909,Bangalore,Karnataka,Tier 1,2024-12-17
CUST-23910,Patna,Bihar,Tier 2,2024-07-19
CUST-23911,Delhi NCR,Delhi,Tier 1,2024-05-12
CUST-23912,Pune,Maharashtra,Tier 1,2025-09-25
CUST-23913,Coimbatore,Tamil Nadu,Tier 2,2024-06-17
CUST-23914,Kolkata,West Bengal,Tier 1,2025-01-25
CUST-23915,Chandigarh,Punjab,Tier 2,2025-01-19
CUST-23916,Indore,Madhya Pradesh,Tier 2,2024-04-07
CUST-23917,Ahmedabad,Gujarat,Tier 2,2025-01-11
CUST-23918,Nagpur,Maharashtra,Tier 2,2024-12-05
CUST-23919,Chennai,Tamil Nadu,Tier 1,2025-06-14
CUST-23920,Delhi NCR,Delhi,Tier 1,2024-05-11
CUST-23921,Mumbai,Maharashtra,Tier 1,2025-08-30
CUST-23922,Bangalore,Karnataka,Tier 1,2024-07-28
CUST-23923,Delhi NCR,Delhi,Tier 1,2024-01-05
CUST-23924,Pune,Maharashtra,Tier 1,2025-01-11
CUST-23925,Delhi NCR,Delhi,Tier 1,2025-10-01
CUST-23926,Mumbai,Maharashtra,Tier 1,2024-02-23
CUST-23927,Mumbai,Maharashtra,Tier 1,2025-05-12
CUST-23928,Patna,Bihar,Tier 2,2024-07-16
CUST-23929,Pune,Maharashtra,Tier 1,2025-03-16
CUST-23930,Hyderabad,Telangana,Tier 1,2024-06-28
CUST-23931,Coimbatore,Tamil Nadu,Tier 2,2024-08-28
CUST-23932,Mumbai,Maharashtra,Tier 1,2024-11-15
CUST-23933,Visakhapatnam,Andhra Pradesh,Tier 2,2025-05-15
CUST-23934,Pune,Maharashtra,Tier 1,2025-10-11
CUST-23935,Delhi NCR,Delhi,Tier 1,2024-01-23
CUST-23936,Jaipur,Rajasthan,Tier 2,2025-09-23
CUST-23937,Chandigarh,Punjab,Tier 2,2025-09-18
CUST-23938,Chennai,Tamil Nadu,Tier 1,2025-08-16
CUST-23939,Bhopal,Madhya Pradesh,Tier 2,2024-06-28
CUST-23940,Delhi NCR,Delhi,Tier 1,2024-06-23
CUST-23941,Hyderabad,Telangana,Tier 1,2024-07-16
CUST-23942,Delhi NCR,Delhi,Tier 1,2025-06-21
CUST-23943,Bangalore,Karnataka,Tier 1,2025-03-29
CUST-23944,Bangalore,Karnataka,Tier 1,2024-04-08
CUST-23945,Nagpur,Maharashtra,Tier 2,2025-03-02
CUST-23946,Mumbai,Maharashtra,Tier 1,2025-03-28
CUST-23947,Chennai,Tamil Nadu,Tier 1,2024-07-09
CUST-23948,Kolkata,West Bengal,Tier 1,2025-07-31
CUST-23949,Coimbatore,Tamil Nadu,Tier 2,2025-05-13
CUST-23950,Visakhapatnam,Andhra Pradesh,Tier 2,2025-09-07
CUST-23951,Chandigarh,Punjab,Tier 2,2024-07-09
CUST-23952,Bhubaneswar,Odisha,Tier 2,2024-05-20
CUST-23953,Kochi,Kerala,Tier 2,2025-11-21
CUST-23954,Bhubaneswar,Odisha,Tier 2,2024-06-23
CUST-23955,Lucknow,Uttar Pradesh,Tier 2,2025-02-23
CUST-23956,Mumbai,Maharashtra,Tier 1,2025-11-06
CUST-23957,Chennai,Tamil Nadu,Tier 1,2025-03-09
CUST-23958,Pune,Maharashtra,Tier 1,2025-03-15
CUST-23959,Hyderabad,Telangana,Tier 1,2025-06-14
CUST-23960,Bangalore,Karnataka,Tier 1,2025-06-15
CUST-23961,Pune,Maharashtra,Tier 1,2024-12-26
CUST-23962,Nagpur,Maharashtra,Tier 2,2025-03-21
CUST-23963,Mumbai,Maharashtra,Tier 1,2025-07-09
CUST-23964,Kochi,Kerala,Tier 2,2024-12-22
CUST-23965,Ahmedabad,Gujarat,Tier 2,2025-07-14
CUST-23966,Bhubaneswar,Odisha,Tier 2,2024-02-28
CUST-23967,Nagpur,Maharashtra,Tier 2,2025-10-05
CUST-23968,Chandigarh,Punjab,Tier 2,2024-06-15
CUST-23969,Kolkata,West Bengal,Tier 1,2025-10-08
CUST-23970,Bangalore,Karnataka,Tier 1,2025-08-23
CUST-23971,Kolkata,West Bengal,Tier 1,2024-09-19
CUST-23972,Chandigarh,Punjab,Tier 2,2025-03-06
CUST-23973,Coimbatore,Tamil Nadu,Tier 2,2025-09-19
CUST-23974,Kochi,Kerala,Tier 2,2024-07-14
CUST-23975,Bangalore,Karnataka,Tier 1,2024-12-19
CUST-23976,Pune,Maharashtra,Tier 1,2025-09-11
CUST-23977,Hyderabad,Telangana,Tier 1,2024-02-16
CUST-23978,Mumbai,Maharashtra,Tier 1,2024-11-04
CUST-23979,Bangalore,Karnataka,Tier 1,2024-08-17
CUST-23980,Delhi NCR,Delhi,Tier 1,2025-02-14
CUST-23981,Patna,Bihar,Tier 2,2024-11-11
CUST-23982,Bangalore,Karnataka,Tier 1,2024-03-17
CUST-23983,Hyderabad,Telangana,Tier 1,2024-03-02
CUST-23984,Bhubaneswar,Odisha,Tier 2,2025-07-24
CUST-23985,Chennai,Tamil Nadu,Tier 1,2024-08-25
CUST-23986,Mumbai,Maharashtra,Tier 1,2025-07-21
CUST-23987,Hyderabad,Telangana,Tier 1,2024-03-18
CUST-23988,Delhi NCR,Delhi,Tier 1,2025-07-12
CUST-23989,Delhi NCR,Delhi,Tier 1,2025-10-11
CUST-23990,Mumbai,Maharashtra,Tier 1,2025-02-19
CUST-23991,Pune,Maharashtra,Tier 1,2024-01-24
CUST-23992,Bangalore,Karnataka,Tier 1,2024-01-29
CUST-23993,Hyderabad,Telangana,Tier 1,2025-05-05
CUST-23994,Bhopal,Madhya Pradesh,Tier 2,2024-05-14
CUST-23995,Chennai,Tamil Nadu,Tier 1,2024-12-16
CUST-23996,Nagpur,Maharashtra,Tier 2,2024-12-15
CUST-23997,Kolkata,West Bengal,Tier 1,2024-10-07
CUST-23998,Chennai,Tamil Nadu,Tier 1,2025-04-20
CUST-23999,Chandigarh,Punjab,Tier 2,2024-10-18
CUST-24000,Mumbai,Maharashtra,Tier 1,2024-07-07
CUST-24001,Mumbai,Maharashtra,Tier 1,2025-08-05
CUST-24002,Jaipur,Rajasthan,Tier 2,2025-02-22
CUST-24003,Kolkata,West Bengal,Tier 1,2025-04-12
CUST-24004,Kochi,Kerala,Tier 2,2024-07-24
CUST-24005,Nagpur,Maharashtra,Tier 2,2024-08-29
CUST-24006,Chennai,Tamil Nadu,Tier 1,2024-11-01
CUST-24007,Pune,Maharashtra,Tier 1,2024-07-02
CUST-24008,Kolkata,West Bengal,Tier 1,2025-04-22
CUST-24009,Visakhapatnam,Andhra Pradesh,Tier 2,2025-05-18
CUST-24010,Patna,Bihar,Tier 2,2024-05-07
CUST-24011,Coimbatore,Tamil Nadu,Tier 2,2025-03-24
CUST-24012,Bangalore,Karnataka,Tier 1,2024-08-17
CUST-24013,Kochi,Kerala,Tier 2,2024-02-10
CUST-24014,Bangalore,Karnataka,Tier 1,2025-11-04
CUST-24015,Bangalore,Karnataka,Tier 1,2025-01-26
CUST-24016,Bhubaneswar,Odisha,Tier 2,2024-12-05
CUST-24017,Mumbai,Maharashtra,Tier 1,2025-10-31
CUST-24018,Bhubaneswar,Odisha,Tier 2,2024-01-21
CUST-24019,Delhi NCR,Delhi,Tier 1,2024-12-12
CUST-24020,Indore,Madhya Pradesh,Tier 2,2024-01-10
CUST-24021,Bangalore,Karnataka,Tier 1,2024-03-27
CUST-24022,Hyderabad,Telangana,Tier 1,2025-06-28
CUST-24023,Bangalore,Karnataka,Tier 1,2024-12-04
CUST-24024,Pune,Maharashtra,Tier 1,2024-01-04
CUST-24025,Hyderabad,Telangana,Tier 1,2024-01-23
CUST-24026,Jaipur,Rajasthan,Tier 2,2024-07-15
CUST-24027,Mumbai,Maharashtra,Tier 1,2025-05-12
CUST-24028,Mumbai,Maharashtra,Tier 1,2024-09-29
CUST-24029,Delhi NCR,Delhi,Tier 1,2025-03-26
CUST-24030,Chennai,Tamil Nadu,Tier 1,2024-04-16
CUST-24031,Indore,Madhya Pradesh,Tier 2,2025-01-12
CUST-24032,Coimbatore,Tamil Nadu,Tier 2,2024-07-18
CUST-24033,Bangalore,Karnataka,Tier 1,2024-01-02
CUST-24034,Pune,Maharashtra,Tier 1,2024-04-30
CUST-24035,Kochi,Kerala,Tier 2,2025-09-06
CUST-24036,Hyderabad,Telangana,Tier 1,2024-05-28
CUST-24037,Chennai,Tamil Nadu,Tier 1,2024-05-31
CUST-24038,Kolkata,West Bengal,Tier 1,2025-07-18
CUST-24039,Delhi NCR,Delhi,Tier 1,2025-11-08
CUST-24040,Mumbai,Maharashtra,Tier 1,2024-11-01
CUST-24041,Delhi NCR,Delhi,Tier 1,2025-11-09
CUST-24042,Pune,Maharashtra,Tier 1,2025-04-19
CUST-24043,Mumbai,Maharashtra,Tier 1,2024-12-29
CUST-24044,Bangalore,Karnataka,Tier 1,2024-03-11
CUST-24045,Hyderabad,Telangana,Tier 1,2025-10-01
CUST-24046,Mumbai,Maharashtra,Tier 1,2024-02-02
CUST-24047,Bangalore,Karnataka,Tier 1,2024-06-05
CUST-24048,Coimbatore,Tamil Nadu,Tier 2,2024-11-25
CUST-24049,Mumbai,Maharashtra,Tier 1,2025-01-21
CUST-24050,Jaipur,Rajasthan,Tier 2,2025-09-12
CUST-24051,Chennai,Tamil Nadu,Tier 1,2024-06-07
CUST-24052,Jaipur,Rajasthan,Tier 2,2025-06-22
CUST-24053,Pune,Maharashtra,Tier 1,2024-08-14
CUST-24054,Bangalore,Karnataka,Tier 1,2024-09-08
CUST-24055,Patna,Bihar,Tier 2,2025-01-01
CUST-24056,Kolkata,West Bengal,Tier 1,2024-09-18
CUST-24057,Indore,Madhya Pradesh,Tier 2,2025-10-07
CUST-24058,Chennai,Tamil Nadu,Tier 1,2025-06-21
CUST-24059,Visakhapatnam,Andhra Pradesh,Tier 2,2024-02-12
CUST-24060,Kochi,Kerala,Tier 2,2025-06-14
CUST-24061,Bhubaneswar,Odisha,Tier 2,2024-01-16
CUST-24062,Kolkata,West Bengal,Tier 1,2024-04-14
CUST-24063,Kolkata,West Bengal,Tier 1,2024-07-21
CUST-24064,Chandigarh,Punjab,Tier 2,2025-11-08
CUST-24065,Bhopal,Madhya Pradesh,Tier 2,2024-02-28
CUST-24066,Bhubaneswar,Odisha,Tier 2,2024-02-17
CUST-24067,Hyderabad,Telangana,Tier 1,2025-10-21
CUST-24068,Indore,Madhya Pradesh,Tier 2,2024-10-03
CUST-24069,Bangalore,Karnataka,Tier 1,2025-02-15
CUST-24070,Kolkata,West Bengal,Tier 1,2024-06-26
CUST-24071,Delhi NCR,Delhi,Tier 1,2024-04-23
CUST-24072,Hyderabad,Telangana,Tier 1,2024-10-22
CUST-24073,Nagpur,Maharashtra,Tier 2,2025-03-13
CUST-24074,Delhi NCR,Delhi,Tier 1,2024-09-22
CUST-24075,Pune,Maharashtra,Tier 1,2024-06-10
CUST-24076,Pune,Maharashtra,Tier 1,2025-05-18
CUST-24077,Delhi NCR,Delhi,Tier 1,2024-02-05
CUST-24078,Hyderabad,Telangana,Tier 1,2025-08-09
CUST-24079,Pune,Maharashtra,Tier 1,2025-04-02
CUST-24080,Bangalore,Karnataka,Tier 1,2025-10-08
CUST-24081,Indore,Madhya Pradesh,Tier 2,2025-01-05
CUST-24082,Visakhapatnam,Andhra Pradesh,Tier 2,2025-04-30
CUST-24083,Bangalore,Karnataka,Tier 1,2024-09-28
CUST-24084,Bangalore,Karnataka,Tier 1,2024-06-27
CUST-24085,Chennai,Tamil Nadu,Tier 1,2025-04-24
CUST-24086,Chandigarh,Punjab,Tier 2,2024-06-07
CUST-24087,Hyderabad,Telangana,Tier 1,2024-07-22
CUST-24088,Mumbai,Maharashtra,Tier 1,2024-10-04
CUST-24089,Kolkata,West Bengal,Tier 1,2024-05-22
CUST-24090,Bhubaneswar,Odisha,Tier 2,2025-06-03
CUST-24091,Chennai,Tamil Nadu,Tier 1,2025-05-26
CUST-24092,Chennai,Tamil Nadu,Tier 1,2024-04-25
CUST-24093,Bhubaneswar,Odisha,Tier 2,2025-01-26
CUST-24094,Lucknow,Uttar Pradesh,Tier 2,2024-12-08
CUST-24095,Ahmedabad,Gujarat,Tier 2,2025-01-07
CUST-24096,Pune,Maharashtra,Tier 1,2025-11-18
CUST-24097,Visakhapatnam,Andhra Pradesh,Tier 2,2025-01-03
CUST-24098,Lucknow,Uttar Pradesh,Tier 2,2024-08-02
CUST-24099,Coimbatore,Tamil Nadu,Tier 2,2025-05-25
CUST-24100,Lucknow,Uttar Pradesh,Tier 2,2025-07-22
CUST-24101,Ahmedabad,Gujarat,Tier 2,2024-11-22
CUST-24102,Hyderabad,Telangana,Tier 1,2024-02-06
CUST-24103,Hyderabad,Telangana,Tier 1,2025-01-14
CUST-24104,Kochi,Kerala,Tier 2,2025-05-26
CUST-24105,Hyderabad,Telangana,Tier 1,2024-11-19
CUST-24106,Pune,Maharashtra,Tier 1,2025-01-03
CUST-24107,Bangalore,Karnataka,Tier 1,2024-08-11
CUST-24108,Indore,Madhya Pradesh,Tier 2,2024-04-09
CUST-24109,Delhi NCR,Delhi,Tier 1,2024-03-15
CUST-24110,Patna,Bihar,Tier 2,2025-03-12
CUST-24111,Pune,Maharashtra,Tier 1,2025-01-02
CUST-24112,Bangalore,Karnataka,Tier 1,2024-03-03
CUST-24113,Kolkata,West Bengal,Tier 1,2025-09-15
CUST-24114,Hyderabad,Telangana,Tier 1,2025-10-16
CUST-24115,Hyderabad,Telangana,Tier 1,2024-04-08
CUST-24116,Hyderabad,Telangana,Tier 1,2024-08-12
CUST-24117,Mumbai,Maharashtra,Tier 1,2024-03-15
CUST-24118,Visakhapatnam,Andhra Pradesh,Tier 2,2024-07-02
CUST-24119,Mumbai,Maharashtra,Tier 1,2024-10-19
CUST-24120,Jaipur,Rajasthan,Tier 2,2024-02-26
CUST-24121,Hyderabad,Telangana,Tier 1,2024-09-05
CUST-24122,Pune,Maharashtra,Tier 1,2025-09-17
CUST-24123,Hyderabad,Telangana,Tier 1,2025-04-13
CUST-24124,Jaipur,Rajasthan,Tier 2,2024-05-19
CUST-24125,Ahmedabad,Gujarat,Tier 2,2024-12-24
CUST-24126,Lucknow,Uttar Pradesh,Tier 2,2025-07-06
CUST-24127,Delhi NCR,Delhi,Tier 1,2025-02-11
CUST-24128,Jaipur,Rajasthan,Tier 2,2025-04-18
CUST-24129,Hyderabad,Telangana,Tier 1,2025-10-26
CUST-24130,Mumbai,Maharashtra,Tier 1,2025-03-21
CUST-24131,Chennai,Tamil Nadu,Tier 1,2024-08-19
CUST-24132,Chennai,Tamil Nadu,Tier 1,2025-09-08
CUST-24133,Kolkata,West Bengal,Tier 1,2025-09-09
CUST-24134,Lucknow,Uttar Pradesh,Tier 2,2024-10-26
CUST-24135,Hyderabad,Telangana,Tier 1,2025-10-03
CUST-24136,Hyderabad,Telangana,Tier 1,2025-03-01
CUST-24137,Mumbai,Maharashtra,Tier 1,2024-06-09
CUST-24138,Lucknow,Uttar Pradesh,Tier 2,2025-02-04
CUST-24139,Pune,Maharashtra,Tier 1,2025-01-12
CUST-24140,Hyderabad,Telangana,Tier 1,2024-09-13
CUST-24141,Lucknow,Uttar Pradesh,Tier 2,2025-05-08
CUST-24142,Kolkata,West Bengal,Tier 1,2025-05-03
CUST-24143,Kolkata,West Bengal,Tier 1,2024-06-30
CUST-24144,Kolkata,West Bengal,Tier 1,2025-06-09
CUST-24145,Pune,Maharashtra,Tier 1,2024-04-09
CUST-24146,Jaipur,Rajasthan,Tier 2,2024-12-23
CUST-24147,Hyderabad,Telangana,Tier 1,2024-08-18
CUST-24148,Delhi NCR,Delhi,Tier 1,2025-07-18
CUST-24149,Delhi NCR,Delhi,Tier 1,2024-01-06
CUST-24150,Pune,Maharashtra,Tier 1,2024-03-30
CUST-24151,Bhopal,Madhya Pradesh,Tier 2,2024-03-04
CUST-24152,Chennai,Tamil Nadu,Tier 1,2024-03-28
CUST-24153,Delhi NCR,Delhi,Tier 1,2024-02-02
CUST-24154,Chandigarh,Punjab,Tier 2,2024-03-12
CUST-24155,Patna,Bihar,Tier 2,2025-07-09
CUST-24156,Bhopal,Madhya Pradesh,Tier 2,2024-09-09
CUST-24157,Pune,Maharashtra,Tier 1,2024-04-16
CUST-24158,Bhopal,Madhya Pradesh,Tier 2,2025-05-28
CUST-24159,Mumbai,Maharashtra,Tier 1,2024-05-15
CUST-24160,Delhi NCR,Delhi,Tier 1,2025-09-20
CUST-24161,Mumbai,Maharashtra,Tier 1,2025-02-12
CUST-24162,Ahmedabad,Gujarat,Tier 2,2024-04-30
CUST-24163,Mumbai,Maharashtra,Tier 1,2025-04-22
CUST-24164,Kolkata,West Bengal,Tier 1,2024-04-03
CUST-24165,Kolkata,West Bengal,Tier 1,2025-05-19
CUST-24166,Hyderabad,Telangana,Tier 1,2024-01-07
CUST-24167,Bhopal,Madhya Pradesh,Tier 2,2025-08-22
CUST-24168,Delhi NCR,Delhi,Tier 1,2025-11-24
CUST-24169,Hyderabad,Telangana,Tier 1,2024-07-09
CUST-24170,Kochi,Kerala,Tier 2,2025-04-01
CUST-24171,Mumbai,Maharashtra,Tier 1,2025-01-20
CUST-24172,Jaipur,Rajasthan,Tier 2,2024-10-04
CUST-24173,Indore,Madhya Pradesh,Tier 2,2025-03-23
CUST-24174,Nagpur,Maharashtra,Tier 2,2024-02-21
CUST-24175,Bhopal,Madhya Pradesh,Tier 2,2025-02-08
CUST-24176,Hyderabad,Telangana,Tier 1,2025-01-30
CUST-24177,Pune,Maharashtra,Tier 1,2025-11-24
CUST-24178,Mumbai,Maharashtra,Tier 1,2024-07-29
CUST-24179,Bangalore,Karnataka,Tier 1,2024-09-26
CUST-24180,Delhi NCR,Delhi,Tier 1,2025-06-28
CUST-24181,Hyderabad,Telangana,Tier 1,2025-09-05
CUST-24182,Bhopal,Madhya Pradesh,Tier 2,2024-10-08
CUST-24183,Hyderabad,Telangana,Tier 1,2025-02-01
CUST-24184,Pune,Maharashtra,Tier 1,2024-08-03
CUST-24185,Chennai,Tamil Nadu,Tier 1,2025-03-07
CUST-24186,Chennai,Tamil Nadu,Tier 1,2024-11-16
CUST-24187,Bhubaneswar,Odisha,Tier 2,2025-09-30
CUST-24188,Hyderabad,Telangana,Tier 1,2025-05-07
CUST-24189,Pune,Maharashtra,Tier 1,2025-08-28
CUST-24190,Chennai,Tamil Nadu,Tier 1,2025-08-08
CUST-24191,Mumbai,Maharashtra,Tier 1,2024-05-07
CUST-24192,Kolkata,West Bengal,Tier 1,2024-03-14
CUST-24193,Indore,Madhya Pradesh,Tier 2,2025-04-20
CUST-24194,Delhi NCR,Delhi,Tier 1,2025-03-27
CUST-24195,Mumbai,Maharashtra,Tier 1,2025-04-06
CUST-24196,Delhi NCR,Delhi,Tier 1,2025-03-13
CUST-24197,Chandigarh,Punjab,Tier 2,2024-09-12
CUST-24198,Ahmedabad,Gujarat,Tier 2,2025-03-23
CUST-24199,Pune,Maharashtra,Tier 1,2024-04-11
CUST-24200,Kolkata,West Bengal,Tier 1,2025-07-12
CUST-24201,Coimbatore,Tamil Nadu,Tier 2,2025-11-07
CUST-24202,Kochi,Kerala,Tier 2,2024-10-09
CUST-24203,Indore,Madhya Pradesh,Tier 2,2024-07-22
CUST-24204,Indore,Madhya Pradesh,Tier 2,2024-03-26
CUST-24205,Pune,Maharashtra,Tier 1,2024-11-19
CUST-24206,Chennai,Tamil Nadu,Tier 1,2024-06-12
CUST-24207,Bhopal,Madhya Pradesh,Tier 2,2024-02-26
CUST-24208,Nagpur,Maharashtra,Tier 2,2024-07-24
CUST-24209,Mumbai,Maharashtra,Tier 1,2025-03-04
CUST-24210,Mumbai,Maharashtra,Tier 1,2024-05-27
CUST-24211,Bhubaneswar,Odisha,Tier 2,2024-10-27
CUST-24212,Bangalore,Karnataka,Tier 1,2024-10-16
CUST-24213,Bhopal,Madhya Pradesh,Tier 2,2024-01-21
CUST-24214,Chennai,Tamil Nadu,Tier 1,2024-05-16
CUST-24215,Delhi NCR,Delhi,Tier 1,2025-01-03
CUST-24216,Mumbai,Maharashtra,Tier 1,2025-06-05
CUST-24217,Delhi NCR,Delhi,Tier 1,2025-07-10
CUST-24218,Bangalore,Karnataka,Tier 1,2025-03-11
CUST-24219,Kolkata,West Bengal,Tier 1,2024-01-30
CUST-24220,Lucknow,Uttar Pradesh,Tier 2,2025-03-23
CUST-24221,Visakhapatnam,Andhra Pradesh,Tier 2,2024-08-12
CUST-24222,Chennai,Tamil Nadu,Tier 1,2025-01-20
CUST-24223,Kolkata,West Bengal,Tier 1,2025-11-19
CUST-24224,Kolkata,West Bengal,Tier 1,2025-08-30
CUST-24225,Kolkata,West Bengal,Tier 1,2025-03-04
CUST-24226,Kolkata,West Bengal,Tier 1,2025-06-12
CUST-24227,Mumbai,Maharashtra,Tier 1,2024-01-28
CUST-24228,Mumbai,Maharashtra,Tier 1,2024-05-05
CUST-24229,Delhi NCR,Delhi,Tier 1,2025-05-13
CUST-24230,Delhi NCR,Delhi,Tier 1,2024-07-05
CUST-24231,Lucknow,Uttar Pradesh,Tier 2,2025-10-15
CUST-24232,Bangalore,Karnataka,Tier 1,2025-01-06
CUST-24233,Coimbatore,Tamil Nadu,Tier 2,2024-05-17
CUST-24234,Nagpur,Maharashtra,Tier 2,2024-12-02
CUST-24235,Visakhapatnam,Andhra Pradesh,Tier 2,2024-08-01
CUST-24236,Nagpur,Maharashtra,Tier 2,2024-10-17
CUST-24237,Bangalore,Karnataka,Tier 1,2025-07-23
CUST-24238,Kolkata,West Bengal,Tier 1,2025-01-05
CUST-24239,Delhi NCR,Delhi,Tier 1,2025-06-13
CUST-24240,Indore,Madhya Pradesh,Tier 2,2025-11-22
CUST-24241,Coimbatore,Tamil Nadu,Tier 2,2025-10-31
CUST-24242,Patna,Bihar,Tier 2,2025-07-02
CUST-24243,Chennai,Tamil Nadu,Tier 1,2024-10-22
CUST-24244,Chandigarh,Punjab,Tier 2,2025-08-13
CUST-24245,Delhi NCR,Delhi,Tier 1,2025-02-22
CUST-24246,Mumbai,Maharashtra,Tier 1,2025-10-27
CUST-24247,Chandigarh,Punjab,Tier 2,2024-12-26
CUST-24248,Chennai,Tamil Nadu,Tier 1,2024-06-06
CUST-24249,Visakhapatnam,Andhra Pradesh,Tier 2,2024-03-15
CUST-24250,Delhi NCR,Delhi,Tier 1,2025-01-06
CUST-24251,Bhopal,Madhya Pradesh,Tier 2,2025-07-20
CUST-24252,Kolkata,West Bengal,Tier 1,2025-06-04
CUST-24253,Patna,Bihar,Tier 2,2024-04-15
CUST-24254,Indore,Madhya Pradesh,Tier 2,2025-01-01
CUST-24255,Nagpur,Maharashtra,Tier 2,2025-02-05
CUST-24256,Hyderabad,Telangana,Tier 1,2024-04-12
CUST-24257,Bhubaneswar,Odisha,Tier 2,2024-11-20
CUST-24258,Delhi NCR,Delhi,Tier 1,2025-01-07
CUST-24259,Mumbai,Maharashtra,Tier 1,2024-12-03
CUST-24260,Chennai,Tamil Nadu,Tier 1,2024-02-02
CUST-24261,Patna,Bihar,Tier 2,2024-04-17
CUST-24262,Kolkata,West Bengal,Tier 1,2025-02-25
CUST-24263,Patna,Bihar,Tier 2,2024-09-25
CUST-24264,Ahmedabad,Gujarat,Tier 2,2024-03-13
CUST-24265,Bangalore,Karnataka,Tier 1,2024-06-29
CUST-24266,Bhubaneswar,Odisha,Tier 2,2024-05-31
CUST-24267,Mumbai,Maharashtra,Tier 1,2025-05-26
CUST-24268,Coimbatore,Tamil Nadu,Tier 2,2024-03-08
CUST-24269,Hyderabad,Telangana,Tier 1,2025-01-06
CUST-24270,Kolkata,West Bengal,Tier 1,2024-12-13
CUST-24271,Chennai,Tamil Nadu,Tier 1,2024-02-01
CUST-24272,Delhi NCR,Delhi,Tier 1,2025-09-11
CUST-24273,Hyderabad,Telangana,Tier 1,2024-03-19
CUST-24274,Bangalore,Karnataka,Tier 1,2024-09-15
CUST-24275,Bangalore,Karnataka,Tier 1,2025-05-11
CUST-24276,Bangalore,Karnataka,Tier 1,2024-06-23
CUST-24277,Kolkata,West Bengal,Tier 1,2025-01-01
CUST-24278,Indore,Madhya Pradesh,Tier 2,2024-01-15
CUST-24279,Pune,Maharashtra,Tier 1,2024-02-20
CUST-24280,Coimbatore,Tamil Nadu,Tier 2,2024-04-16
CUST-24281,Pune,Maharashtra,Tier 1,2025-04-13
CUST-24282,Lucknow,Uttar Pradesh,Tier 2,2024-07-20
CUST-24283,Jaipur,Rajasthan,Tier 2,2024-08-05
CUST-24284,Chennai,Tamil Nadu,Tier 1,2024-02-10
CUST-24285,Lucknow,Uttar Pradesh,Tier 2,2025-01-19
CUST-24286,Mumbai,Maharashtra,Tier 1,2024-12-01
CUST-24287,Bhopal,Madhya Pradesh,Tier 2,2025-09-02
CUST-24288,Kochi,Kerala,Tier 2,2025-10-22
CUST-24289,Bangalore,Karnataka,Tier 1,2024-04-14
CUST-24290,Kochi,Kerala,Tier 2,2024-07-21
CUST-24291,Mumbai,Maharashtra,Tier 1,2025-05-24
CUST-24292,Bangalore,Karnataka,Tier 1,2024-04-04
CUST-24293,Mumbai,Maharashtra,Tier 1,2024-06-25
CUST-24294,Kochi,Kerala,Tier 2,2024-03-05
CUST-24295,Chandigarh,Punjab,Tier 2,2025-07-06
CUST-24296,Indore,Madhya Pradesh,Tier 2,2024-08-11
CUST-24297,Mumbai,Maharashtra,Tier 1,2025-08-01
CUST-24298,Kolkata,West Bengal,Tier 1,2025-01-14
CUST-24299,Lucknow,Uttar Pradesh,Tier 2,2024-09-11
CUST-24300,Delhi NCR,Delhi,Tier 1,2024-10-24
CUST-24301,Pune,Maharashtra,Tier 1,2025-08-03
CUST-24302,Mumbai,Maharashtra,Tier 1,2024-06-19
CUST-24303,Delhi NCR,Delhi,Tier 1,2025-09-04
CUST-24304,Kolkata,West Bengal,Tier 1,2025-10-13
CUST-24305,Jaipur,Rajasthan,Tier 2,2024-12-29
CUST-24306,Delhi NCR,Delhi,Tier 1,2024-03-13
CUST-24307,Delhi NCR,Delhi,Tier 1,2024-02-29
CUST-24308,Bangalore,Karnataka,Tier 1,2025-03-30
CUST-24309,Bangalore,Karnataka,Tier 1,2024-12-01
CUST-24310,Bangalore,Karnataka,Tier 1,2025-10-29
CUST-24311,Chennai,Tamil Nadu,Tier 1,2024-05-03
CUST-24312,Jaipur,Rajasthan,Tier 2,2025-03-30
CUST-24313,Chennai,Tamil Nadu,Tier 1,2024-01-14
CUST-24314,Kochi,Kerala,Tier 2,2025-02-19
CUST-24315,Ahmedabad,Gujarat,Tier 2,2024-01-27
CUST-24316,Delhi NCR,Delhi,Tier 1,2024-02-19
CUST-24317,Mumbai,Maharashtra,Tier 1,2024-07-05
CUST-24318,Bhopal,Madhya Pradesh,Tier 2,2024-02-26
CUST-24319,Mumbai,Maharashtra,Tier 1,2025-10-28
CUST-24320,Delhi NCR,Delhi,Tier 1,2024-02-03
CUST-24321,Mumbai,Maharashtra,Tier 1,2025-06-21
CUST-24322,Pune,Maharashtra,Tier 1,2025-01-05
CUST-24323,Pune,Maharashtra,Tier 1,2024-03-26
CUST-24324,Visakhapatnam,Andhra Pradesh,Tier 2,2024-06-08
CUST-24325,Coimbatore,Tamil Nadu,Tier 2,2025-02-28
CUST-24326,Chennai,Tamil Nadu,Tier 1,2024-04-15
CUST-24327,Chennai,Tamil Nadu,Tier 1,2025-01-25
CUST-24328,Hyderabad,Telangana,Tier 1,2025-05-26
CUST-24329,Delhi NCR,Delhi,Tier 1,2024-10-01
CUST-24330,Delhi NCR,Delhi,Tier 1,2024-10-15
CUST-24331,Delhi NCR,Delhi,Tier 1,2024-09-14
CUST-24332,Delhi NCR,Delhi,Tier 1,2024-08-07
CUST-24333,Bangalore,Karnataka,Tier 1,2025-06-10
CUST-24334,Hyderabad,Telangana,Tier 1,2025-06-16
CUST-24335,Bhubaneswar,Odisha,Tier 2,2024-02-28
CUST-24336,Pune,Maharashtra,Tier 1,2024-12-25
CUST-24337,Visakhapatnam,Andhra Pradesh,Tier 2,2025-08-16
CUST-24338,Chennai,Tamil Nadu,Tier 1,2025-09-21
CUST-24339,Chennai,Tamil Nadu,Tier 1,2024-04-22
CUST-24340,Hyderabad,Telangana,Tier 1,2024-10-02
CUST-24341,Delhi NCR,Delhi,Tier 1,2024-09-13
CUST-24342,Delhi NCR,Delhi,Tier 1,2024-11-24
CUST-24343,Bhubaneswar,Odisha,Tier 2,2024-08-22
CUST-24344,Visakhapatnam,Andhra Pradesh,Tier 2,2024-02-20
CUST-24345,Mumbai,Maharashtra,Tier 1,2025-11-08
CUST-24346,Delhi NCR,Delhi,Tier 1,2024-08-08
CUST-24347,Chennai,Tamil Nadu,Tier 1,2025-08-18
CUST-24348,Bangalore,Karnataka,Tier 1,2024-08-17
CUST-24349,Hyderabad,Telangana,Tier 1,2024-08-09
CUST-24350,Delhi NCR,Delhi,Tier 1,2025-10-27
CUST-24351,Chennai,Tamil Nadu,Tier 1,2024-02-23
CUST-24352,Bangalore,Karnataka,Tier 1,2025-09-22
CUST-24353,Hyderabad,Telangana,Tier 1,2024-09-29
CUST-24354,Delhi NCR,Delhi,Tier 1,2024-07-16
CUST-24355,Chennai,Tamil Nadu,Tier 1,2024-05-07
CUST-24356,Visakhapatnam,Andhra Pradesh,Tier 2,2025-08-26
CUST-24357,Hyderabad,Telangana,Tier 1,2024-01-09
CUST-24358,Bhopal,Madhya Pradesh,Tier 2,2024-08-14
CUST-24359,Patna,Bihar,Tier 2,2025-07-11
CUST-24360,Bhubaneswar,Odisha,Tier 2,2024-05-13
CUST-24361,Kochi,Kerala,Tier 2,2024-01-16
CUST-24362,Jaipur,Rajasthan,Tier 2,2024-08-02
CUST-24363,Bhopal,Madhya Pradesh,Tier 2,2024-04-21
CUST-24364,Mumbai,Maharashtra,Tier 1,2024-06-05
CUST-24365,Chennai,Tamil Nadu,Tier 1,2025-02-28
CUST-24366,Visakhapatnam,Andhra Pradesh,Tier 2,2025-03-27
CUST-24367,Kochi,Kerala,Tier 2,2024-11-13
CUST-24368,Bhubaneswar,Odisha,Tier 2,2024-12-25
CUST-24369,Kochi,Kerala,Tier 2,2025-01-10
CUST-24370,Bhopal,Madhya Pradesh,Tier 2,2024-10-22
CUST-24371,Lucknow,Uttar Pradesh,Tier 2,2024-07-16
CUST-24372,Chandigarh,Punjab,Tier 2,2025-07-23
CUST-24373,Kolkata,West Bengal,Tier 1,2025-02-01
CUST-24374,Nagpur,Maharashtra,Tier 2,2025-08-12
CUST-24375,Patna,Bihar,Tier 2,2024-08-29
CUST-24376,Patna,Bihar,Tier 2,2025-03-04
CUST-24377,Jaipur,Rajasthan,Tier 2,2025-09-02
CUST-24378,Hyderabad,Telangana,Tier 1,2024-01-06
CUST-24379,Mumbai,Maharashtra,Tier 1,2024-11-13
CUST-24380,Nagpur,Maharashtra,Tier 2,2024-07-30
CUST-24381,Pune,Maharashtra,Tier 1,2024-09-29
CUST-24382,Hyderabad,Telangana,Tier 1,2024-03-24
CUST-24383,Delhi NCR,Delhi,Tier 1,2025-09-15
CUST-24384,Patna,Bihar,Tier 2,2024-12-25
CUST-24385,Patna,Bihar,Tier 2,2025-01-15
CUST-24386,Indore,Madhya Pradesh,Tier 2,2025-06-23
CUST-24387,Pune,Maharashtra,Tier 1,2024-05-20
CUST-24388,Hyderabad,Telangana,Tier 1,2025-05-24
CUST-24389,Hyderabad,Telangana,Tier 1,2024-06-21
CUST-24390,Mumbai,Maharashtra,Tier 1,2024-01-20
CUST-24391,Patna,Bihar,Tier 2,2025-09-20
CUST-24392,Mumbai,Maharashtra,Tier 1,2025-05-17
CUST-24393,Pune,Maharashtra,Tier 1,2025-07-19
CUST-24394,Kolkata,West Bengal,Tier 1,2024-08-14
CUST-24395,Kolkata,West Bengal,Tier 1,2024-04-18
CUST-24396,Nagpur,Maharashtra,Tier 2,2024-11-15
CUST-24397,Mumbai,Maharashtra,Tier 1,2024-11-03
CUST-24398,Kochi,Kerala,Tier 2,2024-03-27
CUST-24399,Mumbai,Maharashtra,Tier 1,2024-08-15
CUST-24400,Mumbai,Maharashtra,Tier 1,2024-11-05
CUST-24401,Chennai,Tamil Nadu,Tier 1,2025-01-13
CUST-24402,Mumbai,Maharashtra,Tier 1,2025-08-05
CUST-24403,Kochi,Kerala,Tier 2,2025-01-19
CUST-24404,Kolkata,West Bengal,Tier 1,2024-04-22
CUST-24405,Mumbai,Maharashtra,Tier 1,2024-10-19
CUST-24406,Mumbai,Maharashtra,Tier 1,2024-10-31
CUST-24407,Pune,Maharashtra,Tier 1,2024-10-17
CUST-24408,Indore,Madhya Pradesh,Tier 2,2024-04-14
CUST-24409,Chennai,Tamil Nadu,Tier 1,2024-10-17
CUST-24410,Kolkata,West Bengal,Tier 1,2025-04-21
CUST-24411,Indore,Madhya Pradesh,Tier 2,2025-06-04
CUST-24412,Pune,Maharashtra,Tier 1,2025-11-07
CUST-24413,Bangalore,Karnataka,Tier 1,2024-02-29
CUST-24414,Pune,Maharashtra,Tier 1,2024-11-07
CUST-24415,Pune,Maharashtra,Tier 1,2024-04-15
CUST-24416,Ahmedabad,Gujarat,Tier 2,2025-09-14
CUST-24417,Pune,Maharashtra,Tier 1,2024-03-29
CUST-24418,Bhubaneswar,Odisha,Tier 2,2024-09-24
CUST-24419,Bangalore,Karnataka,Tier 1,2025-08-05
CUST-24420,Bhubaneswar,Odisha,Tier 2,2024-04-28
CUST-24421,Kolkata,West Bengal,Tier 1,2025-03-20
CUST-24422,Jaipur,Rajasthan,Tier 2,2025-03-04
CUST-24423,Delhi NCR,Delhi,Tier 1,2024-12-16
CUST-24424,Chennai,Tamil Nadu,Tier 1,2024-11-01
CUST-24425,Kochi,Kerala,Tier 2,2025-09-06
CUST-24426,Lucknow,Uttar Pradesh,Tier 2,2024-07-20
CUST-24427,Mumbai,Maharashtra,Tier 1,2024-01-23
CUST-24428,Kolkata,West Bengal,Tier 1,2024-03-30
CUST-24429,Mumbai,Maharashtra,Tier 1,2025-04-15
CUST-24430,Visakhapatnam,Andhra Pradesh,Tier 2,2024-04-02
CUST-24431,Coimbatore,Tamil Nadu,Tier 2,2024-10-11
CUST-24432,Mumbai,Maharashtra,Tier 1,2025-11-13
CUST-24433,Bhopal,Madhya Pradesh,Tier 2,2024-11-04
CUST-24434,Nagpur,Maharashtra,Tier 2,2025-06-19
CUST-24435,Hyderabad,Telangana,Tier 1,2025-01-10
CUST-24436,Ahmedabad,Gujarat,Tier 2,2025-05-13
CUST-24437,Chennai,Tamil Nadu,Tier 1,2025-09-27
CUST-24438,Jaipur,Rajasthan,Tier 2,2024-05-21
CUST-24439,Hyderabad,Telangana,Tier 1,2024-02-21
CUST-24440,Hyderabad,Telangana,Tier 1,2024-03-10
CUST-24441,Chennai,Tamil Nadu,Tier 1,2024-09-16
CUST-24442,Delhi NCR,Delhi,Tier 1,2025-11-28
CUST-24443,Patna,Bihar,Tier 2,2024-10-19
CUST-24444,Hyderabad,Telangana,Tier 1,2025-01-12
CUST-24445,Chennai,Tamil Nadu,Tier 1,2024-02-08
CUST-24446,Coimbatore,Tamil Nadu,Tier 2,2024-12-13
CUST-24447,Kolkata,West Bengal,Tier 1,2025-07-31
CUST-24448,Kolkata,West Bengal,Tier 1,2025-06-08
CUST-24449,Bhubaneswar,Odisha,Tier 2,2025-05-20
CUST-24450,Coimbatore,Tamil Nadu,Tier 2,2025-01-16
CUST-24451,Delhi NCR,Delhi,Tier 1,2025-02-28
CUST-24452,Kolkata,West Bengal,Tier 1,2025-03-11
CUST-24453,Visakhapatnam,Andhra Pradesh,Tier 2,2025-10-06
CUST-24454,Chennai,Tamil Nadu,Tier 1,2024-11-17
CUST-24455,Chennai,Tamil Nadu,Tier 1,2025-08-12
CUST-24456,Bangalore,Karnataka,Tier 1,2024-09-06
CUST-24457,Delhi NCR,Delhi,Tier 1,2024-06-28
CUST-24458,Chandigarh,Punjab,Tier 2,2025-11-19
CUST-24459,Kochi,Kerala,Tier 2,2024-01-29
CUST-24460,Bhubaneswar,Odisha,Tier 2,2025-05-10
CUST-24461,Kochi,Kerala,Tier 2,2025-11-08
CUST-24462,Bangalore,Karnataka,Tier 1,2024-11-21
CUST-24463,Mumbai,Maharashtra,Tier 1,2025-10-09
CUST-24464,Visakhapatnam,Andhra Pradesh,Tier 2,2024-07-05
CUST-24465,Hyderabad,Telangana,Tier 1,2024-02-24
CUST-24466,Hyderabad,Telangana,Tier 1,2025-05-28
CUST-24467,Coimbatore,Tamil Nadu,Tier 2,2025-02-13
CUST-24468,Pune,Maharashtra,Tier 1,2024-01-17
CUST-24469,Bangalore,Karnataka,Tier 1,2025-07-24
CUST-24470,Coimbatore,Tamil Nadu,Tier 2,2024-03-28
CUST-24471,Visakhapatnam,Andhra Pradesh,Tier 2,2024-08-10
CUST-24472,Mumbai,Maharashtra,Tier 1,2024-02-27
CUST-24473,Bhopal,Madhya Pradesh,Tier 2,2025-07-15
CUST-24474,Chennai,Tamil Nadu,Tier 1,2024-08-17
CUST-24475,Kolkata,West Bengal,Tier 1,2024-06-02
CUST-24476,Nagpur,Maharashtra,Tier 2,2024-09-29
CUST-24477,Visakhapatnam,Andhra Pradesh,Tier 2,2024-02-15
CUST-24478,Bangalore,Karnataka,Tier 1,2025-03-27
CUST-24479,Bangalore,Karnataka,Tier 1,2024-11-01
CUST-24480,Mumbai,Maharashtra,Tier 1,2025-03-02
CUST-24481,Pune,Maharashtra,Tier 1,2024-04-27
CUST-24482,Mumbai,Maharashtra,Tier 1,2025-11-18
CUST-24483,Chennai,Tamil Nadu,Tier 1,2025-08-02
CUST-24484,Mumbai,Maharashtra,Tier 1,2024-09-07
CUST-24485,Chennai,Tamil Nadu,Tier 1,2025-02-06
CUST-24486,Mumbai,Maharashtra,Tier 1,2024-07-18
CUST-24487,Patna,Bihar,Tier 2,2024-05-25
CUST-24488,Bangalore,Karnataka,Tier 1,2024-02-20
CUST-24489,Hyderabad,Telangana,Tier 1,2025-01-02
CUST-24490,Bhopal,Madhya Pradesh,Tier 2,2025-11-28
CUST-24491,Chandigarh,Punjab,Tier 2,2024-11-15
CUST-24492,Bangalore,Karnataka,Tier 1,2024-07-17
CUST-24493,Mumbai,Maharashtra,Tier 1,2025-03-16
CUST-24494,Ahmedabad,Gujarat,Tier 2,2024-05-24
CUST-24495,Chennai,Tamil Nadu,Tier 1,2024-02-28
CUST-24496,Chandigarh,Punjab,Tier 2,2024-05-22
CUST-24497,Chennai,Tamil Nadu,Tier 1,2024-08-10
CUST-24498,Hyderabad,Telangana,Tier 1,2024-04-09
CUST-24499,Chennai,Tamil Nadu,Tier 1,2024-01-26
CUST-24500,Chandigarh,Punjab,Tier 2,2025-03-07
CUST-24501,Coimbatore,Tamil Nadu,Tier 2,2025-06-09
CUST-24502,Mumbai,Maharashtra,Tier 1,2024-05-01
CUST-24503,Kolkata,West Bengal,Tier 1,2025-04-09
CUST-24504,Mumbai,Maharashtra,Tier 1,2024-09-21
CUST-24505,Kolkata,West Bengal,Tier 1,2024-01-07
CUST-24506,Coimbatore,Tamil Nadu,Tier 2,2024-08-07
CUST-24507,Hyderabad,Telangana,Tier 1,2025-11-25
CUST-24508,Nagpur,Maharashtra,Tier 2,2025-01-30
CUST-24509,Pune,Maharashtra,Tier 1,2025-04-01
CUST-24510,Nagpur,Maharashtra,Tier 2,2024-04-17
CUST-24511,Chandigarh,Punjab,Tier 2,2025-05-06
CUST-24512,Delhi NCR,Delhi,Tier 1,2025-09-27
CUST-24513,Bangalore,Karnataka,Tier 1,2025-11-12
CUST-24514,Chennai,Tamil Nadu,Tier 1,2025-04-04
CUST-24515,Delhi NCR,Delhi,Tier 1,2024-01-09
CUST-24516,Kolkata,West Bengal,Tier 1,2025-01-01
CUST-24517,Kolkata,West Bengal,Tier 1,2024-05-04
CUST-24518,Bhubaneswar,Odisha,Tier 2,2024-06-10
CUST-24519,Chennai,Tamil Nadu,Tier 1,2024-02-05
CUST-24520,Kochi,Kerala,Tier 2,2024-01-04
CUST-24521,Bhubaneswar,Odisha,Tier 2,2025-02-16
CUST-24522,Bhopal,Madhya Pradesh,Tier 2,2024-03-27
CUST-24523,Bangalore,Karnataka,Tier 1,2025-04-27
CUST-24524,Kolkata,West Bengal,Tier 1,2025-08-25
CUST-24525,Hyderabad,Telangana,Tier 1,2024-02-27
CUST-24526,Chennai,Tamil Nadu,Tier 1,2024-05-19
CUST-24527,Hyderabad,Telangana,Tier 1,2024-06-20
CUST-24528,Patna,Bihar,Tier 2,2024-09-16
CUST-24529,Chennai,Tamil Nadu,Tier 1,2025-05-09
CUST-24530,Kolkata,West Bengal,Tier 1,2024-01-25
CUST-24531,Visakhapatnam,Andhra Pradesh,Tier 2,2024-07-16
CUST-24532,Mumbai,Maharashtra,Tier 1,2025-08-01
CUST-24533,Kolkata,West Bengal,Tier 1,2025-02-26
CUST-24534,Kochi,Kerala,Tier 2,2024-04-27
CUST-24535,Delhi NCR,Delhi,Tier 1,2024-01-06
CUST-24536,Pune,Maharashtra,Tier 1,2024-04-06
CUST-24537,Bangalore,Karnataka,Tier 1,2024-03-12
CUST-24538,Bhopal,Madhya Pradesh,Tier 2,2025-03-07
CUST-24539,Hyderabad,Telangana,Tier 1,2025-01-14
CUST-24540,Hyderabad,Telangana,Tier 1,2025-07-03
CUST-24541,Pune,Maharashtra,Tier 1,2024-02-25
CUST-24542,Delhi NCR,Delhi,Tier 1,2025-09-06
CUST-24543,Hyderabad,Telangana,Tier 1,2024-04-12
CUST-24544,Chennai,Tamil Nadu,Tier 1,2024-08-03
CUST-24545,Hyderabad,Telangana,Tier 1,2024-01-21
CUST-24546,Kolkata,West Bengal,Tier 1,2025-09-18
CUST-24547,Pune,Maharashtra,Tier 1,2024-07-28
CUST-24548,Pune,Maharashtra,Tier 1,2024-10-17
CUST-24549,Jaipur,Rajasthan,Tier 2,2024-07-06
CUST-24550,Hyderabad,Telangana,Tier 1,2024-05-30
CUST-24551,Delhi NCR,Delhi,Tier 1,2024-07-09
CUST-24552,Chandigarh,Punjab,Tier 2,2025-02-10
CUST-24553,Patna,Bihar,Tier 2,2024-08-01
CUST-24554,Bangalore,Karnataka,Tier 1,2025-07-07
CUST-24555,Chennai,Tamil Nadu,Tier 1,2025-04-22
CUST-24556,Kolkata,West Bengal,Tier 1,2024-07-12
CUST-24557,Kolkata,West Bengal,Tier 1,2024-09-06
CUST-24558,Jaipur,Rajasthan,Tier 2,2025-08-15
CUST-24559,Mumbai,Maharashtra,Tier 1,2024-02-10
CUST-24560,Ahmedabad,Gujarat,Tier 2,2025-01-04
CUST-24561,Mumbai,Maharashtra,Tier 1,2024-01-20
CUST-24562,Kolkata,West Bengal,Tier 1,2024-01-09
CUST-24563,Patna,Bihar,Tier 2,2025-09-27
CUST-24564,Chennai,Tamil Nadu,Tier 1,2024-07-21
CUST-24565,Delhi NCR,Delhi,Tier 1,2025-08-12
CUST-24566,Visakhapatnam,Andhra Pradesh,Tier 2,2024-01-18
CUST-24567,Coimbatore,Tamil Nadu,Tier 2,2024-11-14
CUST-24568,Kochi,Kerala,Tier 2,2024-10-08
CUST-24569,Chennai,Tamil Nadu,Tier 1,2025-04-20
CUST-24570,Delhi NCR,Delhi,Tier 1,2024-09-08
CUST-24571,Nagpur,Maharashtra,Tier 2,2024-12-05
CUST-24572,Kolkata,West Bengal,Tier 1,2025-04-06
CUST-24573,Patna,Bihar,Tier 2,2025-09-22
CUST-24574,Hyderabad,Telangana,Tier 1,2025-02-04
CUST-24575,Hyderabad,Telangana,Tier 1,2025-01-05
CUST-24576,Visakhapatnam,Andhra Pradesh,Tier 2,2024-10-08
CUST-24577,Kolkata,West Bengal,Tier 1,2025-01-24
CUST-24578,Delhi NCR,Delhi,Tier 1,2024-12-02
CUST-24579,Bangalore,Karnataka,Tier 1,2024-12-10
CUST-24580,Kolkata,West Bengal,Tier 1,2025-06-02
CUST-24581,Mumbai,Maharashtra,Tier 1,2024-09-29
CUST-24582,Chennai,Tamil Nadu,Tier 1,2024-09-09
CUST-24583,Chennai,Tamil Nadu,Tier 1,2025-10-01
CUST-24584,Kochi,Kerala,Tier 2,2025-01-08
CUST-24585,Hyderabad,Telangana,Tier 1,2025-08-26
CUST-24586,Visakhapatnam,Andhra Pradesh,Tier 2,2024-01-06
CUST-24587,Delhi NCR,Delhi,Tier 1,2025-02-17
CUST-24588,Pune,Maharashtra,Tier 1,2025-08-08
CUST-24589,Mumbai,Maharashtra,Tier 1,2025-05-12
CUST-24590,Ahmedabad,Gujarat,Tier 2,2024-02-25
CUST-24591,Visakhapatnam,Andhra Pradesh,Tier 2,2025-02-01
CUST-24592,Indore,Madhya Pradesh,Tier 2,2024-08-25
CUST-24593,Kolkata,West Bengal,Tier 1,2025-05-04
CUST-24594,Kolkata,West Bengal,Tier 1,2024-01-22
CUST-24595,Patna,Bihar,Tier 2,2025-03-16
CUST-24596,Nagpur,Maharashtra,Tier 2,2024-02-10
CUST-24597,Visakhapatnam,Andhra Pradesh,Tier 2,2024-09-14
CUST-24598,Chennai,Tamil Nadu,Tier 1,2025-03-26
CUST-24599,Visakhapatnam,Andhra Pradesh,Tier 2,2024-02-17
CUST-24600,Delhi NCR,Delhi,Tier 1,2025-05-17
CUST-24601,Bangalore,Karnataka,Tier 1,2024-05-18
CUST-24602,Mumbai,Maharashtra,Tier 1,2024-07-20
CUST-24603,Bangalore,Karnataka,Tier 1,2025-10-13
CUST-24604,Kochi,Kerala,Tier 2,2025-05-23
CUST-24605,Patna,Bihar,Tier 2,2025-10-15
CUST-24606,Kochi,Kerala,Tier 2,2024-10-12
CUST-24607,Pune,Maharashtra,Tier 1,2024-08-20
CUST-24608,Kolkata,West Bengal,Tier 1,2024-11-11
CUST-24609,Ahmedabad,Gujarat,Tier 2,2025-04-05
CUST-24610,Chennai,Tamil Nadu,Tier 1,2025-10-31
CUST-24611,Patna,Bihar,Tier 2,2025-07-03
CUST-24612,Jaipur,Rajasthan,Tier 2,2025-08-09
CUST-24613,Lucknow,Uttar Pradesh,Tier 2,2024-11-16
CUST-24614,Kolkata,West Bengal,Tier 1,2024-06-23
CUST-24615,Coimbatore,Tamil Nadu,Tier 2,2024-02-08
CUST-24616,Bangalore,Karnataka,Tier 1,2025-03-08
CUST-24617,Chennai,Tamil Nadu,Tier 1,2025-04-29
CUST-24618,Kochi,Kerala,Tier 2,2025-08-07
CUST-24619,Kolkata,West Bengal,Tier 1,2024-02-27
CUST-24620,Coimbatore,Tamil Nadu,Tier 2,2025-05-10
CUST-24621,Hyderabad,Telangana,Tier 1,2025-08-23
CUST-24622,Hyderabad,Telangana,Tier 1,2024-05-13
CUST-24623,Coimbatore,Tamil Nadu,Tier 2,2025-10-16
CUST-24624,Kolkata,West Bengal,Tier 1,2025-05-23
CUST-24625,Kolkata,West Bengal,Tier 1,2025-08-29
CUST-24626,Hyderabad,Telangana,Tier 1,2024-06-04
CUST-24627,Bangalore,Karnataka,Tier 1,2024-07-19
CUST-24628,Jaipur,Rajasthan,Tier 2,2025-05-13
CUST-24629,Delhi NCR,Delhi,Tier 1,2025-02-05
CUST-24630,Bhopal,Madhya Pradesh,Tier 2,2025-05-10
CUST-24631,Kochi,Kerala,Tier 2,2025-05-02
CUST-24632,Bangalore,Karnataka,Tier 1,2024-06-08
CUST-24633,Lucknow,Uttar Pradesh,Tier 2,2024-07-29
CUST-24634,Pune,Maharashtra,Tier 1,2025-03-28
CUST-24635,Delhi NCR,Delhi,Tier 1,2025-11-14
CUST-24636,Bangalore,Karnataka,Tier 1,2024-03-10
CUST-24637,Chennai,Tamil Nadu,Tier 1,2024-11-09
CUST-24638,Lucknow,Uttar Pradesh,Tier 2,2025-03-06
CUST-24639,Pune,Maharashtra,Tier 1,2025-01-16
CUST-24640,Kolkata,West Bengal,Tier 1,2025-10-18
CUST-24641,Kochi,Kerala,Tier 2,2024-06-15
CUST-24642,Chandigarh,Punjab,Tier 2,2025-01-25
CUST-24643,Pune,Maharashtra,Tier 1,2024-11-14
CUST-24644,Kochi,Kerala,Tier 2,2024-04-26
CUST-24645,Hyderabad,Telangana,Tier 1,2025-11-27
CUST-24646,Bhopal,Madhya Pradesh,Tier 2,2025-05-26
CUST-24647,Pune,Maharashtra,Tier 1,2024-07-21
CUST-24648,Indore,Madhya Pradesh,Tier 2,2024-06-10
CUST-24649,Kolkata,West Bengal,Tier 1,2025-04-06
CUST-24650,Bangalore,Karnataka,Tier 1,2025-11-30
CUST-24651,Kolkata,West Bengal,Tier 1,2025-07-08
CUST-24652,Hyderabad,Telangana,Tier 1,2024-07-19
CUST-24653,Lucknow,Uttar Pradesh,Tier 2,2024-08-18
CUST-24654,Kolkata,West Bengal,Tier 1,2025-05-30
CUST-24655,Patna,Bihar,Tier 2,2024-07-24
CUST-24656,Jaipur,Rajasthan,Tier 2,2024-11-26
CUST-24657,Lucknow,Uttar Pradesh,Tier 2,2025-08-28
CUST-24658,Bangalore,Karnataka,Tier 1,2024-12-12
CUST-24659,Visakhapatnam,Andhra Pradesh,Tier 2,2024-12-14
CUST-24660,Patna,Bihar,Tier 2,2024-06-08
CUST-24661,Kochi,Kerala,Tier 2,2025-09-16
CUST-24662,Hyderabad,Telangana,Tier 1,2024-09-08
CUST-24663,Kolkata,West Bengal,Tier 1,2024-08-09
CUST-24664,Delhi NCR,Delhi,Tier 1,2025-08-28
CUST-24665,Kolkata,West Bengal,Tier 1,2025-01-28
CUST-24666,Delhi NCR,Delhi,Tier 1,2025-01-30
CUST-24667,Kolkata,West Bengal,Tier 1,2024-06-15
CUST-24668,Pune,Maharashtra,Tier 1,2025-03-27
CUST-24669,Chennai,Tamil Nadu,Tier 1,2024-05-17
CUST-24670,Kolkata,West Bengal,Tier 1,2024-07-28
CUST-24671,Bhopal,Madhya Pradesh,Tier 2,2025-08-07
CUST-24672,Delhi NCR,Delhi,Tier 1,2024-08-01
CUST-24673,Kochi,Kerala,Tier 2,2024-12-25
CUST-24674,Delhi NCR,Delhi,Tier 1,2025-10-24
CUST-24675,Mumbai,Maharashtra,Tier 1,2024-08-22
CUST-24676,Delhi NCR,Delhi,Tier 1,2025-01-31
CUST-24677,Chandigarh,Punjab,Tier 2,2024-10-30
CUST-24678,Chennai,Tamil Nadu,Tier 1,2024-04-18
CUST-24679,Bhopal,Madhya Pradesh,Tier 2,2025-01-24
CUST-24680,Kolkata,West Bengal,Tier 1,2024-04-29
CUST-24681,Mumbai,Maharashtra,Tier 1,2025-09-01
CUST-24682,Ahmedabad,Gujarat,Tier 2,2024-07-28
CUST-24683,Delhi NCR,Delhi,Tier 1,2025-03-02
CUST-24684,Kochi,Kerala,Tier 2,2025-06-27
CUST-24685,Delhi NCR,Delhi,Tier 1,2024-11-25
CUST-24686,Hyderabad,Telangana,Tier 1,2024-08-13
CUST-24687,Chandigarh,Punjab,Tier 2,2025-09-26
CUST-24688,Bhubaneswar,Odisha,Tier 2,2024-05-26
CUST-24689,Chennai,Tamil Nadu,Tier 1,2024-12-05
CUST-24690,Patna,Bihar,Tier 2,2025-07-17
CUST-24691,Bangalore,Karnataka,Tier 1,2024-06-28
CUST-24692,Indore,Madhya Pradesh,Tier 2,2024-10-16
CUST-24693,Jaipur,Rajasthan,Tier 2,2024-07-05
CUST-24694,Bangalore,Karnataka,Tier 1,2025-04-30
CUST-24695,Hyderabad,Telangana,Tier 1,2024-12-02
CUST-24696,Delhi NCR,Delhi,Tier 1,2024-04-17
CUST-24697,Chennai,Tamil Nadu,Tier 1,2024-05-05
CUST-24698,Bangalore,Karnataka,Tier 1,2024-02-03
CUST-24699,Pune,Maharashtra,Tier 1,2025-03-13
CUST-24700,Visakhapatnam,Andhra Pradesh,Tier 2,2024-10-02
CUST-24701,Mumbai,Maharashtra,Tier 1,2025-05-08
CUST-24702,Kolkata,West Bengal,Tier 1,2024-06-30
CUST-24703,Pune,Maharashtra,Tier 1,2024-08-26
CUST-24704,Nagpur,Maharashtra,Tier 2,2024-12-13
CUST-24705,Kolkata,West Bengal,Tier 1,2024-05-25
CUST-24706,Kolkata,West Bengal,Tier 1,2024-02-13
CUST-24707,Kolkata,West Bengal,Tier 1,2025-05-13
CUST-24708,Bangalore,Karnataka,Tier 1,2024-10-21
CUST-24709,Mumbai,Maharashtra,Tier 1,2025-06-14
CUST-24710,Chennai,Tamil Nadu,Tier 1,2024-07-29
CUST-24711,Mumbai,Maharashtra,Tier 1,2025-02-05
CUST-24712,Kolkata,West Bengal,Tier 1,2024-08-18
CUST-24713,Hyderabad,Telangana,Tier 1,2024-12-04
CUST-24714,Kolkata,West Bengal,Tier 1,2024-01-05
CUST-24715,Delhi NCR,Delhi,Tier 1,2024-11-06
CUST-24716,Nagpur,Maharashtra,Tier 2,2024-06-10
CUST-24717,Coimbatore,Tamil Nadu,Tier 2,2024-08-03
CUST-24718,Bangalore,Karnataka,Tier 1,2025-09-03
CUST-24719,Hyderabad,Telangana,Tier 1,2024-06-19
CUST-24720,Pune,Maharashtra,Tier 1,2024-09-08
CUST-24721,Delhi NCR,Delhi,Tier 1,2025-11-11
CUST-24722,Hyderabad,Telangana,Tier 1,2024-02-07
CUST-24723,Bangalore,Karnataka,Tier 1,2024-08-15
CUST-24724,Nagpur,Maharashtra,Tier 2,2025-09-28
CUST-24725,Patna,Bihar,Tier 2,2024-10-04
CUST-24726,Pune,Maharashtra,Tier 1,2024-10-11
CUST-24727,Kolkata,West Bengal,Tier 1,2025-05-24
CUST-24728,Nagpur,Maharashtra,Tier 2,2025-10-10
CUST-24729,Nagpur,Maharashtra,Tier 2,2024-12-31
CUST-24730,Bhubaneswar,Odisha,Tier 2,2025-09-11
CUST-24731,Delhi NCR,Delhi,Tier 1,2024-03-08
CUST-24732,Delhi NCR,Delhi,Tier 1,2024-04-13
CUST-24733,Jaipur,Rajasthan,Tier 2,2025-02-04
CUST-24734,Kolkata,West Bengal,Tier 1,2024-09-02
CUST-24735,Mumbai,Maharashtra,Tier 1,2025-11-07
CUST-24736,Mumbai,Maharashtra,Tier 1,2024-07-10
CUST-24737,Coimbatore,Tamil Nadu,Tier 2,2025-10-05
CUST-24738,Bhopal,Madhya Pradesh,Tier 2,2024-10-22
CUST-24739,Hyderabad,Telangana,Tier 1,2024-05-23
CUST-24740,Coimbatore,Tamil Nadu,Tier 2,2024-01-26
CUST-24741,Pune,Maharashtra,Tier 1,2024-09-07
CUST-24742,Indore,Madhya Pradesh,Tier 2,2025-08-29
CUST-24743,Chennai,Tamil Nadu,Tier 1,2025-09-06
CUST-24744,Delhi NCR,Delhi,Tier 1,2024-07-11
CUST-24745,Chennai,Tamil Nadu,Tier 1,2025-01-15
CUST-24746,Chennai,Tamil Nadu,Tier 1,2024-01-02
CUST-24747,Kolkata,West Bengal,Tier 1,2025-08-25
CUST-24748,Delhi NCR,Delhi,Tier 1,2024-02-14
CUST-24749,Visakhapatnam,Andhra Pradesh,Tier 2,2024-01-03
CUST-24750,Bangalore,Karnataka,Tier 1,2025-03-24
CUST-24751,Bangalore,Karnataka,Tier 1,2025-07-29
CUST-24752,Kolkata,West Bengal,Tier 1,2024-05-14
CUST-24753,Kolkata,West Bengal,Tier 1,2024-10-17
CUST-24754,Chennai,Tamil Nadu,Tier 1,2024-10-04
CUST-24755,Kochi,Kerala,Tier 2,2024-06-24
CUST-24756,Kolkata,West Bengal,Tier 1,2024-10-08
CUST-24757,Pune,Maharashtra,Tier 1,2024-04-29
CUST-24758,Ahmedabad,Gujarat,Tier 2,2024-06-22
CUST-24759,Mumbai,Maharashtra,Tier 1,2025-03-14
CUST-24760,Pune,Maharashtra,Tier 1,2025-04-03
CUST-24761,Coimbatore,Tamil Nadu,Tier 2,2025-09-21
CUST-24762,Mumbai,Maharashtra,Tier 1,2024-12-06
CUST-24763,Chennai,Tamil Nadu,Tier 1,2025-11-27
CUST-24764,Nagpur,Maharashtra,Tier 2,2024-04-30
CUST-24765,Hyderabad,Telangana,Tier 1,2025-07-28
CUST-24766,Chennai,Tamil Nadu,Tier 1,2025-10-22
CUST-24767,Visakhapatnam,Andhra Pradesh,Tier 2,2025-05-07
CUST-24768,Bangalore,Karnataka,Tier 1,2024-10-02
CUST-24769,Mumbai,Maharashtra,Tier 1,2024-01-29
CUST-24770,Bhopal,Madhya Pradesh,Tier 2,2025-11-15
CUST-24771,Bhopal,Madhya Pradesh,Tier 2,2024-08-31
CUST-24772,Kolkata,West Bengal,Tier 1,2024-11-16
CUST-24773,Kolkata,West Bengal,Tier 1,2025-10-04
CUST-24774,Patna,Bihar,Tier 2,2024-12-17
CUST-24775,Chandigarh,Punjab,Tier 2,2025-06-15
CUST-24776,Bangalore,Karnataka,Tier 1,2024-03-21
CUST-24777,Mumbai,Maharashtra,Tier 1,2024-10-19
CUST-24778,Kolkata,West Bengal,Tier 1,2024-10-20
CUST-24779,Bhopal,Madhya Pradesh,Tier 2,2025-05-11
CUST-24780,Coimbatore,Tamil Nadu,Tier 2,2025-04-02
CUST-24781,Bhubaneswar,Odisha,Tier 2,2025-11-12
CUST-24782,Bhopal,Madhya Pradesh,Tier 2,2025-07-11
CUST-24783,Pune,Maharashtra,Tier 1,2024-02-29
CUST-24784,Chennai,Tamil Nadu,Tier 1,2025-08-30
CUST-24785,Kochi,Kerala,Tier 2,2025-06-26
CUST-24786,Chandigarh,Punjab,Tier 2,2025-01-14
CUST-24787,Kolkata,West Bengal,Tier 1,2024-11-19
CUST-24788,Mumbai,Maharashtra,Tier 1,2025-09-19
CUST-24789,Nagpur,Maharashtra,Tier 2,2024-03-02
CUST-24790,Chennai,Tamil Nadu,Tier 1,2024-05-25
CUST-24791,Hyderabad,Telangana,Tier 1,2024-12-27
CUST-24792,Pune,Maharashtra,Tier 1,2024-02-22
CUST-24793,Jaipur,Rajasthan,Tier 2,2025-02-05
CUST-24794,Bangalore,Karnataka,Tier 1,2025-07-16
CUST-24795,Patna,Bihar,Tier 2,2025-11-11
CUST-24796,Hyderabad,Telangana,Tier 1,2025-03-24
CUST-24797,Bangalore,Karnataka,Tier 1,2024-03-23
CUST-24798,Chennai,Tamil Nadu,Tier 1,2025-01-13
CUST-24799,Ahmedabad,Gujarat,Tier 2,2025-10-07
CUST-24800,Bhubaneswar,Odisha,Tier 2,2025-04-02
CUST-24801,Indore,Madhya Pradesh,Tier 2,2024-03-21
CUST-24802,Nagpur,Maharashtra,Tier 2,2025-05-28
CUST-24803,Delhi NCR,Delhi,Tier 1,2024-11-04
CUST-24804,Mumbai,Maharashtra,Tier 1,2025-05-08
CUST-24805,Pune,Maharashtra,Tier 1,2024-08-23
CUST-24806,Hyderabad,Telangana,Tier 1,2025-10-29
CUST-24807,Patna,Bihar,Tier 2,2024-02-06
CUST-24808,Jaipur,Rajasthan,Tier 2,2025-10-18
CUST-24809,Bhubaneswar,Odisha,Tier 2,2024-11-20
CUST-24810,Bangalore,Karnataka,Tier 1,2024-02-25
CUST-24811,Kolkata,West Bengal,Tier 1,2024-04-30
CUST-24812,Kolkata,West Bengal,Tier 1,2024-11-09
CUST-24813,Bangalore,Karnataka,Tier 1,2024-07-29
CUST-24814,Pune,Maharashtra,Tier 1,2024-04-12
CUST-24815,Chennai,Tamil Nadu,Tier 1,2025-03-14
CUST-24816,Chennai,Tamil Nadu,Tier 1,2024-02-07
CUST-24817,Hyderabad,Telangana,Tier 1,2025-09-11
CUST-24818,Mumbai,Maharashtra,Tier 1,2025-02-17
CUST-24819,Kolkata,West Bengal,Tier 1,2024-08-11
CUST-24820,Hyderabad,Telangana,Tier 1,2024-10-19
CUST-24821,Mumbai,Maharashtra,Tier 1,2025-11-26
CUST-24822,Hyderabad,Telangana,Tier 1,2024-06-03
CUST-24823,Hyderabad,Telangana,Tier 1,2024-02-01
CUST-24824,Chennai,Tamil Nadu,Tier 1,2024-08-21
CUST-24825,Delhi NCR,Delhi,Tier 1,2025-05-03
CUST-24826,Kolkata,West Bengal,Tier 1,2025-07-23
CUST-24827,Lucknow,Uttar Pradesh,Tier 2,2024-11-28
CUST-24828,Pune,Maharashtra,Tier 1,2025-11-05
CUST-24829,Indore,Madhya Pradesh,Tier 2,2024-01-17
CUST-24830,Chennai,Tamil Nadu,Tier 1,2025-02-17
CUST-24831,Kolkata,West Bengal,Tier 1,2025-10-19
CUST-24832,Indore,Madhya Pradesh,Tier 2,2024-08-27
CUST-24833,Chennai,Tamil Nadu,Tier 1,2024-10-12
CUST-24834,Lucknow,Uttar Pradesh,Tier 2,2024-12-11
CUST-24835,Chennai,Tamil Nadu,Tier 1,2025-01-09
CUST-24836,Chennai,Tamil Nadu,Tier 1,2024-01-16
CUST-24837,Chandigarh,Punjab,Tier 2,2025-08-09
CUST-24838,Delhi NCR,Delhi,Tier 1,2024-09-16
CUST-24839,Hyderabad,Telangana,Tier 1,2024-12-26
CUST-24840,Bangalore,Karnataka,Tier 1,2025-02-02
CUST-24841,Hyderabad,Telangana,Tier 1,2025-04-04
CUST-24842,Bangalore,Karnataka,Tier 1,2025-05-30
CUST-24843,Pune,Maharashtra,Tier 1,2024-03-25
CUST-24844,Indore,Madhya Pradesh,Tier 2,2024-03-03
CUST-24845,Kochi,Kerala,Tier 2,2024-04-09
CUST-24846,Hyderabad,Telangana,Tier 1,2024-10-21
CUST-24847,Visakhapatnam,Andhra Pradesh,Tier 2,2024-06-10
CUST-24848,Pune,Maharashtra,Tier 1,2024-06-26
CUST-24849,Chennai,Tamil Nadu,Tier 1,2025-03-19
CUST-24850,Patna,Bihar,Tier 2,2024-11-23
CUST-24851,Ahmedabad,Gujarat,Tier 2,2024-11-23
CUST-24852,Chandigarh,Punjab,Tier 2,2024-02-11
CUST-24853,Bangalore,Karnataka,Tier 1,2024-08-29
CUST-24854,Kolkata,West Bengal,Tier 1,2024-12-07
CUST-24855,Bhopal,Madhya Pradesh,Tier 2,2024-03-31
CUST-24856,Kolkata,West Bengal,Tier 1,2024-01-28
CUST-24857,Lucknow,Uttar Pradesh,Tier 2,2025-04-03
CUST-24858,Pune,Maharashtra,Tier 1,2025-10-28
CUST-24859,Patna,Bihar,Tier 2,2025-09-22
CUST-24860,Hyderabad,Telangana,Tier 1,2025-01-19
CUST-24861,Pune,Maharashtra,Tier 1,2025-05-01
CUST-24862,Delhi NCR,Delhi,Tier 1,2024-08-07
CUST-24863,Lucknow,Uttar Pradesh,Tier 2,2024-09-20
CUST-24864,Ahmedabad,Gujarat,Tier 2,2024-04-30
CUST-24865,Mumbai,Maharashtra,Tier 1,2024-02-15
CUST-24866,Jaipur,Rajasthan,Tier 2,2024-10-06
CUST-24867,Chennai,Tamil Nadu,Tier 1,2024-04-24
CUST-24868,Delhi NCR,Delhi,Tier 1,2024-06-16
CUST-24869,Chennai,Tamil Nadu,Tier 1,2025-03-10
CUST-24870,Bangalore,Karnataka,Tier 1,2024-09-02
CUST-24871,Chennai,Tamil Nadu,Tier 1,2025-04-28
CUST-24872,Chennai,Tamil Nadu,Tier 1,2025-01-09
CUST-24873,Chandigarh,Punjab,Tier 2,2024-10-06
CUST-24874,Kochi,Kerala,Tier 2,2024-01-22
CUST-24875,Pune,Maharashtra,Tier 1,2024-03-08
CUST-24876,Mumbai,Maharashtra,Tier 1,2025-10-09
CUST-24877,Nagpur,Maharashtra,Tier 2,2024-02-27
CUST-24878,Lucknow,Uttar Pradesh,Tier 2,2025-06-10
CUST-24879,Mumbai,Maharashtra,Tier 1,2024-09-20
CUST-24880,Indore,Madhya Pradesh,Tier 2,2025-11-12
CUST-24881,Bangalore,Karnataka,Tier 1,2025-02-26
CUST-24882,Pune,Maharashtra,Tier 1,2025-05-13
CUST-24883,Kolkata,West Bengal,Tier 1,2024-10-17
CUST-24884,Chennai,Tamil Nadu,Tier 1,2024-06-17
CUST-24885,Coimbatore,Tamil Nadu,Tier 2,2025-07-13
CUST-24886,Chennai,Tamil Nadu,Tier 1,2025-04-06
CUST-24887,Mumbai,Maharashtra,Tier 1,2025-08-30
CUST-24888,Bhubaneswar,Odisha,Tier 2,2025-07-09
CUST-24889,Nagpur,Maharashtra,Tier 2,2024-12-18
CUST-24890,Lucknow,Uttar Pradesh,Tier 2,2024-08-27
CUST-24891,Kolkata,West Bengal,Tier 1,2024-10-09
CUST-24892,Delhi NCR,Delhi,Tier 1,2025-03-24
CUST-24893,Kochi,Kerala,Tier 2,2025-08-04
CUST-24894,Mumbai,Maharashtra,Tier 1,2024-03-06
CUST-24895,Mumbai,Maharashtra,Tier 1,2024-11-22
CUST-24896,Kolkata,West Bengal,Tier 1,2025-03-31
CUST-24897,Delhi NCR,Delhi,Tier 1,2025-04-21
CUST-24898,Mumbai,Maharashtra,Tier 1,2024-10-11
CUST-24899,Chennai,Tamil Nadu,Tier 1,2024-01-31
CUST-24900,Delhi NCR,Delhi,Tier 1,2025-03-23
CUST-24901,Delhi NCR,Delhi,Tier 1,2024-08-01
CUST-24902,Mumbai,Maharashtra,Tier 1,2025-11-23
CUST-24903,Bangalore,Karnataka,Tier 1,2025-08-02
CUST-24904,Ahmedabad,Gujarat,Tier 2,2024-01-25
CUST-24905,Indore,Madhya Pradesh,Tier 2,2025-01-07
CUST-24906,Chennai,Tamil Nadu,Tier 1,2025-01-31
CUST-24907,Kolkata,West Bengal,Tier 1,2024-12-02
CUST-24908,Mumbai,Maharashtra,Tier 1,2025-11-02
CUST-24909,Mumbai,Maharashtra,Tier 1,2024-10-06
CUST-24910,Bangalore,Karnataka,Tier 1,2025-09-14
CUST-24911,Kolkata,West Bengal,Tier 1,2025-07-12
CUST-24912,Chandigarh,Punjab,Tier 2,2025-11-21
CUST-24913,Pune,Maharashtra,Tier 1,2025-07-01
CUST-24914,Chennai,Tamil Nadu,Tier 1,2024-07-16
CUST-24915,Delhi NCR,Delhi,Tier 1,2025-07-07
CUST-24916,Kochi,Kerala,Tier 2,2025-04-23
CUST-24917,Hyderabad,Telangana,Tier 1,2025-08-24
CUST-24918,Ahmedabad,Gujarat,Tier 2,2025-08-02
CUST-24919,Kolkata,West Bengal,Tier 1,2024-03-10
CUST-24920,Chandigarh,Punjab,Tier 2,2025-05-19
CUST-24921,Coimbatore,Tamil Nadu,Tier 2,2024-04-19
CUST-24922,Nagpur,Maharashtra,Tier 2,2025-01-16
CUST-24923,Kolkata,West Bengal,Tier 1,2025-01-31
CUST-24924,Kolkata,West Bengal,Tier 1,2025-02-12
CUST-24925,Bangalore,Karnataka,Tier 1,2024-12-16
CUST-24926,Nagpur,Maharashtra,Tier 2,2025-06-17
CUST-24927,Chennai,Tamil Nadu,Tier 1,2025-05-15
CUST-24928,Delhi NCR,Delhi,Tier 1,2025-02-24
CUST-24929,Chennai,Tamil Nadu,Tier 1,2025-07-10
CUST-24930,Delhi NCR,Delhi,Tier 1,2024-04-20
CUST-24931,Kolkata,West Bengal,Tier 1,2024-07-27
CUST-24932,Pune,Maharashtra,Tier 1,2025-03-14
CUST-24933,Hyderabad,Telangana,Tier 1,2024-06-26
CUST-24934,Mumbai,Maharashtra,Tier 1,2025-02-28
CUST-24935,Bhubaneswar,Odisha,Tier 2,2024-11-23
CUST-24936,Kochi,Kerala,Tier 2,2024-01-11
CUST-24937,Patna,Bihar,Tier 2,2024-09-08
CUST-24938,Hyderabad,Telangana,Tier 1,2024-08-22
CUST-24939,Chandigarh,Punjab,Tier 2,2025-10-09
CUST-24940,Kolkata,West Bengal,Tier 1,2024-09-10
CUST-24941,Bangalore,Karnataka,Tier 1,2025-07-19
CUST-24942,Delhi NCR,Delhi,Tier 1,2025-04-22
CUST-24943,Hyderabad,Telangana,Tier 1,2024-05-08
CUST-24944,Delhi NCR,Delhi,Tier 1,2025-06-15
CUST-24945,Visakhapatnam,Andhra Pradesh,Tier 2,2024-04-09
CUST-24946,Mumbai,Maharashtra,Tier 1,2024-10-16
CUST-24947,Chennai,Tamil Nadu,Tier 1,2025-07-22
CUST-24948,Chennai,Tamil Nadu,Tier 1,2024-08-13
CUST-24949,Hyderabad,Telangana,Tier 1,2025-10-14
CUST-24950,Pune,Maharashtra,Tier 1,2024-05-04
CUST-24951,Delhi NCR,Delhi,Tier 1,2025-03-13
CUST-24952,Kochi,Kerala,Tier 2,2025-07-17
CUST-24953,Hyderabad,Telangana,Tier 1,2025-10-07
CUST-24954,Pune,Maharashtra,Tier 1,2025-10-26
CUST-24955,Ahmedabad,Gujarat,Tier 2,2024-12-12
CUST-24956,Coimbatore,Tamil Nadu,Tier 2,2025-11-28
CUST-24957,Patna,Bihar,Tier 2,2024-07-01
CUST-24958,Pune,Maharashtra,Tier 1,2024-12-16
CUST-24959,Chennai,Tamil Nadu,Tier 1,2025-05-29
CUST-24960,Kolkata,West Bengal,Tier 1,2025-01-12
CUST-24961,Kochi,Kerala,Tier 2,2025-04-09
CUST-24962,Bhopal,Madhya Pradesh,Tier 2,2025-11-08
CUST-24963,Delhi NCR,Delhi,Tier 1,2024-12-05
CUST-24964,Chennai,Tamil Nadu,Tier 1,2024-05-20
CUST-24965,Kochi,Kerala,Tier 2,2024-04-20
CUST-24966,Chennai,Tamil Nadu,Tier 1,2024-09-17
CUST-24967,Hyderabad,Telangana,Tier 1,2024-07-06
CUST-24968,Chennai,Tamil Nadu,Tier 1,2025-01-05
CUST-24969,Pune,Maharashtra,Tier 1,2024-12-23
CUST-24970,Visakhapatnam,Andhra Pradesh,Tier 2,2024-09-29
CUST-24971,Kolkata,West Bengal,Tier 1,2025-11-27
CUST-24972,Bangalore,Karnataka,Tier 1,2025-08-26
CUST-24973,Delhi NCR,Delhi,Tier 1,2025-03-24
CUST-24974,Mumbai,Maharashtra,Tier 1,2025-02-20
CUST-24975,Pune,Maharashtra,Tier 1,2025-01-22
CUST-24976,Kolkata,West Bengal,Tier 1,2024-12-03
CUST-24977,Bangalore,Karnataka,Tier 1,2024-11-06
CUST-24978,Lucknow,Uttar Pradesh,Tier 2,2024-11-24
CUST-24979,Chandigarh,Punjab,Tier 2,2024-02-16
CUST-24980,Bangalore,Karnataka,Tier 1,2025-10-17
CUST-24981,Hyderabad,Telangana,Tier 1,2024-05-28
CUST-24982,Visakhapatnam,Andhra Pradesh,Tier 2,2024-12-15
CUST-24983,Chennai,Tamil Nadu,Tier 1,2024-11-18
CUST-24984,Chandigarh,Punjab,Tier 2,2024-04-29
CUST-24985,Chennai,Tamil Nadu,Tier 1,2025-02-01
CUST-24986,Kochi,Kerala,Tier 2,2025-10-07
CUST-24987,Kochi,Kerala,Tier 2,2024-07-15
CUST-24988,Jaipur,Rajasthan,Tier 2,2025-02-16
CUST-24989,Bhopal,Madhya Pradesh,Tier 2,2025-03-14
CUST-24990,Nagpur,Maharashtra,Tier 2,2024-02-06
CUST-24991,Pune,Maharashtra,Tier 1,2024-07-05
CUST-24992,Bangalore,Karnataka,Tier 1,2025-02-23
CUST-24993,Chennai,Tamil Nadu,Tier 1,2025-04-04
CUST-24994,Chandigarh,Punjab,Tier 2,2024-04-19
CUST-24995,Jaipur,Rajasthan,Tier 2,2024-07-05
CUST-24996,Delhi NCR,Delhi,Tier 1,2025-04-15
CUST-24997,Mumbai,Maharashtra,Tier 1,2024-03-18
CUST-24998,Lucknow,Uttar Pradesh,Tier 2,2025-01-08
CUST-24999,Bangalore,Karnataka,Tier 1,2024-11-25
CUST-25000,Kolkata,West Bengal,Tier 1,2024-05-04
CUST-25001,Chandigarh,Punjab,Tier 2,2024-11-11
CUST-25002,Pune,Maharashtra,Tier 1,2024-11-15
CUST-25003,Mumbai,Maharashtra,Tier 1,2025-04-19
CUST-25004,Delhi NCR,Delhi,Tier 1,2025-05-03
CUST-25005,Bangalore,Karnataka,Tier 1,2025-05-28
CUST-25006,Bangalore,Karnataka,Tier 1,2024-11-29
CUST-25007,Pune,Maharashtra,Tier 1,2024-03-11
CUST-25008,Kolkata,West Bengal,Tier 1,2025-04-09
CUST-25009,Bangalore,Karnataka,Tier 1,2025-01-10
CUST-25010,Mumbai,Maharashtra,Tier 1,2024-01-08
CUST-25011,Delhi NCR,Delhi,Tier 1,2025-11-26
CUST-25012,Visakhapatnam,Andhra Pradesh,Tier 2,2024-06-12
CUST-25013,Kolkata,West Bengal,Tier 1,2024-10-21
CUST-25014,Bhopal,Madhya Pradesh,Tier 2,2024-12-23
CUST-25015,Patna,Bihar,Tier 2,2024-03-21
CUST-25016,Kolkata,West Bengal,Tier 1,2024-10-01
CUST-25017,Lucknow,Uttar Pradesh,Tier 2,2025-09-08
CUST-25018,Bangalore,Karnataka,Tier 1,2025-06-23
CUST-25019,Lucknow,Uttar Pradesh,Tier 2,2024-02-16
CUST-25020,Bangalore,Karnataka,Tier 1,2025-01-26
CUST-25021,Patna,Bihar,Tier 2,2025-07-20
CUST-25022,Mumbai,Maharashtra,Tier 1,2024-03-19
CUST-25023,Kochi,Kerala,Tier 2,2025-05-27
CUST-25024,Delhi NCR,Delhi,Tier 1,2025-11-10
CUST-25025,Bhopal,Madhya Pradesh,Tier 2,2024-01-23
CUST-25026,Hyderabad,Telangana,Tier 1,2024-08-15
CUST-25027,Jaipur,Rajasthan,Tier 2,2025-03-13
CUST-25028,Kolkata,West Bengal,Tier 1,2024-10-24
CUST-25029,Hyderabad,Telangana,Tier 1,2024-09-16
CUST-25030,Pune,Maharashtra,Tier 1,2025-11-06
CUST-25031,Bhubaneswar,Odisha,Tier 2,2024-01-10
CUST-25032,Mumbai,Maharashtra,Tier 1,2025-09-19
CUST-25033,Nagpur,Maharashtra,Tier 2,2024-06-06
CUST-25034,Pune,Maharashtra,Tier 1,2024-06-06
CUST-25035,Indore,Madhya Pradesh,Tier 2,2024-11-15
CUST-25036,Chennai,Tamil Nadu,Tier 1,2024-07-20
CUST-25037,Kolkata,West Bengal,Tier 1,2024-04-30
CUST-25038,Bhopal,Madhya Pradesh,Tier 2,2024-05-18
CUST-25039,Chennai,Tamil Nadu,Tier 1,2025-11-04
CUST-25040,Kolkata,West Bengal,Tier 1,2025-07-20
CUST-25041,Mumbai,Maharashtra,Tier 1,2024-12-04
CUST-25042,Delhi NCR,Delhi,Tier 1,2024-09-16
CUST-25043,Pune,Maharashtra,Tier 1,2025-03-08
CUST-25044,Ahmedabad,Gujarat,Tier 2,2024-02-13
CUST-25045,Pune,Maharashtra,Tier 1,2024-06-07
CUST-25046,Delhi NCR,Delhi,Tier 1,2024-12-20
CUST-25047,Chennai,Tamil Nadu,Tier 1,2024-04-07
CUST-25048,Hyderabad,Telangana,Tier 1,2025-06-21
CUST-25049,Kolkata,West Bengal,Tier 1,2025-08-31
CUST-25050,Bhopal,Madhya Pradesh,Tier 2,2024-08-26
CUST-25051,Kochi,Kerala,Tier 2,2025-04-19
CUST-25052,Mumbai,Maharashtra,Tier 1,2025-06-07
CUST-25053,Coimbatore,Tamil Nadu,Tier 2,2025-07-10
CUST-25054,Kolkata,West Bengal,Tier 1,2025-01-26
CUST-25055,Chandigarh,Punjab,Tier 2,2024-01-09
CUST-25056,Delhi NCR,Delhi,Tier 1,2025-05-27
CUST-25057,Jaipur,Rajasthan,Tier 2,2025-01-23
CUST-25058,Bangalore,Karnataka,Tier 1,2024-07-28
CUST-25059,Chennai,Tamil Nadu,Tier 1,2024-02-23
CUST-25060,Mumbai,Maharashtra,Tier 1,2025-09-07
CUST-25061,Delhi NCR,Delhi,Tier 1,2024-05-31
CUST-25062,Mumbai,Maharashtra,Tier 1,2025-02-13
CUST-25063,Bangalore,Karnataka,Tier 1,2024-01-10
CUST-25064,Delhi NCR,Delhi,Tier 1,2025-07-05
CUST-25065,Lucknow,Uttar Pradesh,Tier 2,2025-07-09
CUST-25066,Mumbai,Maharashtra,Tier 1,2024-09-24
CUST-25067,Pune,Maharashtra,Tier 1,2025-10-28
CUST-25068,Delhi NCR,Delhi,Tier 1,2025-03-26
CUST-25069,Bhubaneswar,Odisha,Tier 2,2025-08-16
CUST-25070,Nagpur,Maharashtra,Tier 2,2024-07-15
CUST-25071,Bangalore,Karnataka,Tier 1,2025-02-01
CUST-25072,Pune,Maharashtra,Tier 1,2024-02-21
CUST-25073,Mumbai,Maharashtra,Tier 1,2025-04-13
CUST-25074,Nagpur,Maharashtra,Tier 2,2025-01-02
CUST-25075,Kolkata,West Bengal,Tier 1,2025-01-08
CUST-25076,Mumbai,Maharashtra,Tier 1,2024-02-28
CUST-25077,Hyderabad,Telangana,Tier 1,2024-10-20
CUST-25078,Mumbai,Maharashtra,Tier 1,2024-04-19
CUST-25079,Chennai,Tamil Nadu,Tier 1,2025-06-25
CUST-25080,Jaipur,Rajasthan,Tier 2,2024-04-16
CUST-25081,Kolkata,West Bengal,Tier 1,2024-10-23
CUST-25082,Chennai,Tamil Nadu,Tier 1,2024-04-04
CUST-25083,Delhi NCR,Delhi,Tier 1,2025-11-14
CUST-25084,Bangalore,Karnataka,Tier 1,2025-04-16
CUST-25085,Delhi NCR,Delhi,Tier 1,2024-03-19
CUST-25086,Indore,Madhya Pradesh,Tier 2,2024-09-06
CUST-25087,Delhi NCR,Delhi,Tier 1,2024-12-04
CUST-25088,Pune,Maharashtra,Tier 1,2024-02-26
CUST-25089,Hyderabad,Telangana,Tier 1,2024-05-26
CUST-25090,Bangalore,Karnataka,Tier 1,2024-01-17
CUST-25091,Pune,Maharashtra,Tier 1,2025-01-02
CUST-25092,Chennai,Tamil Nadu,Tier 1,2024-07-07
CUST-25093,Chennai,Tamil Nadu,Tier 1,2025-10-05
CUST-25094,Pune,Maharashtra,Tier 1,2024-09-04
CUST-25095,Kolkata,West Bengal,Tier 1,2024-05-29
CUST-25096,Hyderabad,Telangana,Tier 1,2024-07-31
CUST-25097,Pune,Maharashtra,Tier 1,2024-08-04
CUST-25098,Jaipur,Rajasthan,Tier 2,2024-01-06
CUST-25099,Mumbai,Maharashtra,Tier 1,2025-10-31
CUST-25100,Kolkata,West Bengal,Tier 1,2025-08-09
CUST-25101,Mumbai,Maharashtra,Tier 1,2025-01-29
CUST-25102,Bangalore,Karnataka,Tier 1,2024-10-30
CUST-25103,Pune,Maharashtra,Tier 1,2025-07-11
CUST-25104,Bhopal,Madhya Pradesh,Tier 2,2025-02-14
CUST-25105,Bhopal,Madhya Pradesh,Tier 2,2025-02-06
CUST-25106,Mumbai,Maharashtra,Tier 1,2025-01-14
CUST-25107,Chennai,Tamil Nadu,Tier 1,2025-03-27
CUST-25108,Pune,Maharashtra,Tier 1,2024-08-16
CUST-25109,Delhi NCR,Delhi,Tier 1,2025-11-24
CUST-25110,Chandigarh,Punjab,Tier 2,2025-05-19
CUST-25111,Chandigarh,Punjab,Tier 2,2025-08-17
CUST-25112,Coimbatore,Tamil Nadu,Tier 2,2024-05-24
CUST-25113,Mumbai,Maharashtra,Tier 1,2024-02-19
CUST-25114,Bangalore,Karnataka,Tier 1,2025-02-27
CUST-25115,Patna,Bihar,Tier 2,2024-04-09
CUST-25116,Jaipur,Rajasthan,Tier 2,2024-12-08
CUST-25117,Coimbatore,Tamil Nadu,Tier 2,2025-10-12
CUST-25118,Mumbai,Maharashtra,Tier 1,2025-06-09
CUST-25119,Pune,Maharashtra,Tier 1,2024-01-13
CUST-25120,Pune,Maharashtra,Tier 1,2024-06-20
CUST-25121,Mumbai,Maharashtra,Tier 1,2025-05-03
CUST-25122,Kolkata,West Bengal,Tier 1,2024-12-24
CUST-25123,Pune,Maharashtra,Tier 1,2024-04-15
CUST-25124,Bangalore,Karnataka,Tier 1,2024-07-07
CUST-25125,Bangalore,Karnataka,Tier 1,2025-06-12
CUST-25126,Pune,Maharashtra,Tier 1,2024-02-19
CUST-25127,Kolkata,West Bengal,Tier 1,2024-09-05
CUST-25128,Bhopal,Madhya Pradesh,Tier 2,2025-02-13
CUST-25129,Hyderabad,Telangana,Tier 1,2025-01-25
CUST-25130,Bangalore,Karnataka,Tier 1,2025-01-13
CUST-25131,Visakhapatnam,Andhra Pradesh,Tier 2,2024-08-14
CUST-25132,Coimbatore,Tamil Nadu,Tier 2,2025-08-13
CUST-25133,Mumbai,Maharashtra,Tier 1,2024-07-31
CUST-25134,Kochi,Kerala,Tier 2,2025-06-12
CUST-25135,Delhi NCR,Delhi,Tier 1,2024-12-11
CUST-25136,Mumbai,Maharashtra,Tier 1,2025-02-22
CUST-25137,Bangalore,Karnataka,Tier 1,2024-03-24
CUST-25138,Bangalore,Karnataka,Tier 1,2024-07-15
CUST-25139,Indore,Madhya Pradesh,Tier 2,2025-06-13
CUST-25140,Ahmedabad,Gujarat,Tier 2,2024-08-08
CUST-25141,Visakhapatnam,Andhra Pradesh,Tier 2,2024-06-24
CUST-25142,Ahmedabad,Gujarat,Tier 2,2025-08-06
CUST-25143,Chennai,Tamil Nadu,Tier 1,2025-08-25
CUST-25144,Lucknow,Uttar Pradesh,Tier 2,2024-11-17
CUST-25145,Visakhapatnam,Andhra Pradesh,Tier 2,2025-06-18
CUST-25146,Ahmedabad,Gujarat,Tier 2,2025-01-28
CUST-25147,Chandigarh,Punjab,Tier 2,2025-10-01
CUST-25148,Nagpur,Maharashtra,Tier 2,2025-07-24
CUST-25149,Delhi NCR,Delhi,Tier 1,2024-11-19
CUST-25150,Lucknow,Uttar Pradesh,Tier 2,2024-03-25
CUST-25151,Patna,Bihar,Tier 2,2025-03-02
CUST-25152,Bhubaneswar,Odisha,Tier 2,2024-09-24
CUST-25153,Bangalore,Karnataka,Tier 1,2024-04-21
CUST-25154,Kolkata,West Bengal,Tier 1,2025-09-19
CUST-25155,Lucknow,Uttar Pradesh,Tier 2,2025-02-01
CUST-25156,Bangalore,Karnataka,Tier 1,2024-02-21
CUST-25157,Pune,Maharashtra,Tier 1,2024-03-24
CUST-25158,Bangalore,Karnataka,Tier 1,2025-09-14
CUST-25159,Hyderabad,Telangana,Tier 1,2025-02-28
CUST-25160,Chennai,Tamil Nadu,Tier 1,2024-01-21
CUST-25161,Kolkata,West Bengal,Tier 1,2025-11-18
CUST-25162,Chennai,Tamil Nadu,Tier 1,2024-02-25
CUST-25163,Kolkata,West Bengal,Tier 1,2024-10-17
CUST-25164,Hyderabad,Telangana,Tier 1,2025-10-16
CUST-25165,Delhi NCR,Delhi,Tier 1,2025-01-07
CUST-25166,Mumbai,Maharashtra,Tier 1,2024-01-08
CUST-25167,Bangalore,Karnataka,Tier 1,2024-05-03
CUST-25168,Pune,Maharashtra,Tier 1,2024-04-10
CUST-25169,Kochi,Kerala,Tier 2,2024-04-02
CUST-25170,Delhi NCR,Delhi,Tier 1,2025-01-19
CUST-25171,Delhi NCR,Delhi,Tier 1,2024-03-20
CUST-25172,Chandigarh,Punjab,Tier 2,2024-10-24
CUST-25173,Hyderabad,Telangana,Tier 1,2024-01-31
CUST-25174,Bhubaneswar,Odisha,Tier 2,2025-01-12
CUST-25175,Ahmedabad,Gujarat,Tier 2,2024-11-25
CUST-25176,Hyderabad,Telangana,Tier 1,2024-10-25
CUST-25177,Hyderabad,Telangana,Tier 1,2024-10-08
CUST-25178,Kolkata,West Bengal,Tier 1,2024-01-12
CUST-25179,Mumbai,Maharashtra,Tier 1,2025-09-30
CUST-25180,Delhi NCR,Delhi,Tier 1,2025-11-29
CUST-25181,Delhi NCR,Delhi,Tier 1,2024-03-09
CUST-25182,Kochi,Kerala,Tier 2,2025-06-06
CUST-25183,Kolkata,West Bengal,Tier 1,2024-01-23
CUST-25184,Mumbai,Maharashtra,Tier 1,2024-12-02
CUST-25185,Jaipur,Rajasthan,Tier 2,2025-03-02
CUST-25186,Chennai,Tamil Nadu,Tier 1,2024-07-27
CUST-25187,Kolkata,West Bengal,Tier 1,2024-08-02
CUST-25188,Bangalore,Karnataka,Tier 1,2025-09-26
CUST-25189,Kolkata,West Bengal,Tier 1,2025-02-26
CUST-25190,Visakhapatnam,Andhra Pradesh,Tier 2,2024-03-13
CUST-25191,Mumbai,Maharashtra,Tier 1,2025-08-28
CUST-25192,Hyderabad,Telangana,Tier 1,2025-10-27
CUST-25193,Bangalore,Karnataka,Tier 1,2024-09-30
CUST-25194,Bangalore,Karnataka,Tier 1,2025-10-01
CUST-25195,Chennai,Tamil Nadu,Tier 1,2024-08-20
CUST-25196,Indore,Madhya Pradesh,Tier 2,2024-02-10
CUST-25197,Nagpur,Maharashtra,Tier 2,2024-10-15
CUST-25198,Bangalore,Karnataka,Tier 1,2025-07-08
CUST-25199,Kolkata,West Bengal,Tier 1,2024-09-26
CUST-25200,Pune,Maharashtra,Tier 1,2025-03-14
CUST-25201,Kolkata,West Bengal,Tier 1,2024-11-09
CUST-25202,Chennai,Tamil Nadu,Tier 1,2025-05-24
CUST-25203,Bangalore,Karnataka,Tier 1,2025-01-28
CUST-25204,Kolkata,West Bengal,Tier 1,2024-01-28
CUST-25205,Chennai,Tamil Nadu,Tier 1,2024-09-26
CUST-25206,Kochi,Kerala,Tier 2,2025-04-11
CUST-25207,Chandigarh,Punjab,Tier 2,2024-03-14
CUST-25208,Delhi NCR,Delhi,Tier 1,2025-10-18
CUST-25209,Mumbai,Maharashtra,Tier 1,2025-11-04
CUST-25210,Coimbatore,Tamil Nadu,Tier 2,2024-09-02
CUST-25211,Kolkata,West Bengal,Tier 1,2025-02-13
CUST-25212,Bhopal,Madhya Pradesh,Tier 2,2025-05-12
CUST-25213,Mumbai,Maharashtra,Tier 1,2025-02-21
CUST-25214,Kolkata,West Bengal,Tier 1,2024-07-29
CUST-25215,Kolkata,West Bengal,Tier 1,2024-08-10
CUST-25216,Bhopal,Madhya Pradesh,Tier 2,2024-12-25
CUST-25217,Delhi NCR,Delhi,Tier 1,2025-08-04
CUST-25218,Bangalore,Karnataka,Tier 1,2024-01-20
CUST-25219,Chennai,Tamil Nadu,Tier 1,2025-02-26
CUST-25220,Bhopal,Madhya Pradesh,Tier 2,2024-04-30
CUST-25221,Nagpur,Maharashtra,Tier 2,2024-06-21
CUST-25222,Visakhapatnam,Andhra Pradesh,Tier 2,2024-02-03
CUST-25223,Bhubaneswar,Odisha,Tier 2,2024-03-11
CUST-25224,Mumbai,Maharashtra,Tier 1,2025-06-28
CUST-25225,Mumbai,Maharashtra,Tier 1,2025-09-12
CUST-25226,Delhi NCR,Delhi,Tier 1,2025-06-18
CUST-25227,Hyderabad,Telangana,Tier 1,2025-10-19
CUST-25228,Patna,Bihar,Tier 2,2024-01-14
CUST-25229,Coimbatore,Tamil Nadu,Tier 2,2024-11-01
CUST-25230,Bangalore,Karnataka,Tier 1,2025-07-01
CUST-25231,Pune,Maharashtra,Tier 1,2024-09-27
CUST-25232,Nagpur,Maharashtra,Tier 2,2024-02-22
CUST-25233,Chennai,Tamil Nadu,Tier 1,2025-05-08
CUST-25234,Delhi NCR,Delhi,Tier 1,2025-07-13
CUST-25235,Chennai,Tamil Nadu,Tier 1,2025-04-07
CUST-25236,Chennai,Tamil Nadu,Tier 1,2025-06-06
CUST-25237,Pune,Maharashtra,Tier 1,2024-11-19
CUST-25238,Chennai,Tamil Nadu,Tier 1,2025-06-07
CUST-25239,Mumbai,Maharashtra,Tier 1,2025-03-18
CUST-25240,Visakhapatnam,Andhra Pradesh,Tier 2,2024-09-07
CUST-25241,Kolkata,West Bengal,Tier 1,2024-06-08
CUST-25242,Kolkata,West Bengal,Tier 1,2024-02-05
CUST-25243,Bhubaneswar,Odisha,Tier 2,2025-10-22
CUST-25244,Delhi NCR,Delhi,Tier 1,2024-07-16
CUST-25245,Bangalore,Karnataka,Tier 1,2025-03-25
CUST-25246,Indore,Madhya Pradesh,Tier 2,2025-01-12
CUST-25247,Bangalore,Karnataka,Tier 1,2024-09-02
CUST-25248,Indore,Madhya Pradesh,Tier 2,2025-01-27
CUST-25249,Bangalore,Karnataka,Tier 1,2024-07-22
CUST-25250,Mumbai,Maharashtra,Tier 1,2024-02-13
CUST-25251,Kolkata,West Bengal,Tier 1,2024-11-10
CUST-25252,Bangalore,Karnataka,Tier 1,2025-02-11
CUST-25253,Chandigarh,Punjab,Tier 2,2024-07-24
CUST-25254,Pune,Maharashtra,Tier 1,2024-08-28
CUST-25255,Nagpur,Maharashtra,Tier 2,2024-02-10
CUST-25256,Kochi,Kerala,Tier 2,2025-08-10
CUST-25257,Delhi NCR,Delhi,Tier 1,2024-12-28
CUST-25258,Indore,Madhya Pradesh,Tier 2,2024-04-04
CUST-25259,Pune,Maharashtra,Tier 1,2025-06-23
CUST-25260,Jaipur,Rajasthan,Tier 2,2024-05-23
CUST-25261,Patna,Bihar,Tier 2,2024-02-28
CUST-25262,Pune,Maharashtra,Tier 1,2025-10-02
CUST-25263,Kolkata,West Bengal,Tier 1,2025-05-23
CUST-25264,Pune,Maharashtra,Tier 1,2025-05-27
CUST-25265,Hyderabad,Telangana,Tier 1,2024-01-22
CUST-25266,Delhi NCR,Delhi,Tier 1,2024-07-22
CUST-25267,Pune,Maharashtra,Tier 1,2025-11-29
CUST-25268,Bangalore,Karnataka,Tier 1,2025-04-15
CUST-25269,Mumbai,Maharashtra,Tier 1,2024-10-10
CUST-25270,Mumbai,Maharashtra,Tier 1,2025-01-06
CUST-25271,Pune,Maharashtra,Tier 1,2025-05-12
CUST-25272,Hyderabad,Telangana,Tier 1,2024-11-27
CUST-25273,Chandigarh,Punjab,Tier 2,2024-01-27
CUST-25274,Chennai,Tamil Nadu,Tier 1,2024-05-08
CUST-25275,Kolkata,West Bengal,Tier 1,2025-01-14
CUST-25276,Chennai,Tamil Nadu,Tier 1,2025-05-21
CUST-25277,Jaipur,Rajasthan,Tier 2,2024-04-04
CUST-25278,Hyderabad,Telangana,Tier 1,2025-07-31
CUST-25279,Bhubaneswar,Odisha,Tier 2,2024-06-25
CUST-25280,Nagpur,Maharashtra,Tier 2,2025-04-17
CUST-25281,Patna,Bihar,Tier 2,2025-04-30
CUST-25282,Nagpur,Maharashtra,Tier 2,2024-10-01
CUST-25283,Chennai,Tamil Nadu,Tier 1,2025-10-29
CUST-25284,Kolkata,West Bengal,Tier 1,2025-02-26
CUST-25285,Chandigarh,Punjab,Tier 2,2025-06-14
CUST-25286,Lucknow,Uttar Pradesh,Tier 2,2024-11-15
CUST-25287,Coimbatore,Tamil Nadu,Tier 2,2024-02-27
CUST-25288,Ahmedabad,Gujarat,Tier 2,2024-09-29
CUST-25289,Visakhapatnam,Andhra Pradesh,Tier 2,2024-07-16
CUST-25290,Hyderabad,Telangana,Tier 1,2024-03-19
CUST-25291,Patna,Bihar,Tier 2,2024-02-10
CUST-25292,Lucknow,Uttar Pradesh,Tier 2,2024-09-01
CUST-25293,Lucknow,Uttar Pradesh,Tier 2,2024-01-23
CUST-25294,Hyderabad,Telangana,Tier 1,2024-08-23
CUST-25295,Kochi,Kerala,Tier 2,2024-05-05
CUST-25296,Coimbatore,Tamil Nadu,Tier 2,2024-05-19
CUST-25297,Bangalore,Karnataka,Tier 1,2025-01-28
CUST-25298,Pune,Maharashtra,Tier 1,2024-05-06
CUST-25299,Chennai,Tamil Nadu,Tier 1,2024-04-23
CUST-25300,Visakhapatnam,Andhra Pradesh,Tier 2,2025-06-08
CUST-25301,Kolkata,West Bengal,Tier 1,2024-08-15
CUST-25302,Bangalore,Karnataka,Tier 1,2025-06-04
CUST-25303,Chennai,Tamil Nadu,Tier 1,2024-05-25
CUST-25304,Jaipur,Rajasthan,Tier 2,2024-06-11
CUST-25305,Mumbai,Maharashtra,Tier 1,2024-06-17
CUST-25306,Pune,Maharashtra,Tier 1,2025-06-21
CUST-25307,Nagpur,Maharashtra,Tier 2,2024-05-04
CUST-25308,Patna,Bihar,Tier 2,2024-10-26
CUST-25309,Mumbai,Maharashtra,Tier 1,2024-09-06
CUST-25310,Visakhapatnam,Andhra Pradesh,Tier 2,2025-06-05
CUST-25311,Lucknow,Uttar Pradesh,Tier 2,2024-04-14
CUST-25312,Delhi NCR,Delhi,Tier 1,2025-09-09
CUST-25313,Mumbai,Maharashtra,Tier 1,2025-05-27
CUST-25314,Delhi NCR,Delhi,Tier 1,2025-11-24
CUST-25315,Patna,Bihar,Tier 2,2025-05-20
CUST-25316,Mumbai,Maharashtra,Tier 1,2024-10-28
CUST-25317,Bangalore,Karnataka,Tier 1,2025-10-14
CUST-25318,Chandigarh,Punjab,Tier 2,2024-08-17
CUST-25319,Pune,Maharashtra,Tier 1,2024-03-04
CUST-25320,Kochi,Kerala,Tier 2,2025-08-12
CUST-25321,Chandigarh,Punjab,Tier 2,2024-08-19
CUST-25322,Mumbai,Maharashtra,Tier 1,2025-08-21
CUST-25323,Coimbatore,Tamil Nadu,Tier 2,2024-07-01
CUST-25324,Bangalore,Karnataka,Tier 1,2024-11-14
CUST-25325,Kolkata,West Bengal,Tier 1,2025-10-19
CUST-25326,Pune,Maharashtra,Tier 1,2024-04-01
CUST-25327,Delhi NCR,Delhi,Tier 1,2025-09-26
CUST-25328,Visakhapatnam,Andhra Pradesh,Tier 2,2024-03-04
CUST-25329,Kolkata,West Bengal,Tier 1,2024-08-06
CUST-25330,Mumbai,Maharashtra,Tier 1,2025-09-10
CUST-25331,Nagpur,Maharashtra,Tier 2,2024-09-03
CUST-25332,Pune,Maharashtra,Tier 1,2025-04-17
CUST-25333,Lucknow,Uttar Pradesh,Tier 2,2024-02-26
CUST-25334,Kolkata,West Bengal,Tier 1,2024-02-14
CUST-25335,Patna,Bihar,Tier 2,2024-03-26
CUST-25336,Mumbai,Maharashtra,Tier 1,2024-02-07
CUST-25337,Bangalore,Karnataka,Tier 1,2024-06-30
CUST-25338,Kolkata,West Bengal,Tier 1,2024-06-12
CUST-25339,Mumbai,Maharashtra,Tier 1,2024-05-05
CUST-25340,Lucknow,Uttar Pradesh,Tier 2,2024-07-25
CUST-25341,Chennai,Tamil Nadu,Tier 1,2024-09-23
CUST-25342,Bangalore,Karnataka,Tier 1,2024-12-19
CUST-25343,Mumbai,Maharashtra,Tier 1,2025-02-14
CUST-25344,Ahmedabad,Gujarat,Tier 2,2025-08-21
CUST-25345,Patna,Bihar,Tier 2,2025-10-18
CUST-25346,Chennai,Tamil Nadu,Tier 1,2024-05-01
CUST-25347,Pune,Maharashtra,Tier 1,2025-05-22
CUST-25348,Bangalore,Karnataka,Tier 1,2025-09-01
CUST-25349,Pune,Maharashtra,Tier 1,2025-04-13
CUST-25350,Mumbai,Maharashtra,Tier 1,2024-05-12
CUST-25351,Kolkata,West Bengal,Tier 1,2025-01-13
CUST-25352,Pune,Maharashtra,Tier 1,2024-11-13
CUST-25353,Nagpur,Maharashtra,Tier 2,2025-07-30
CUST-25354,Chennai,Tamil Nadu,Tier 1,2024-05-04
CUST-25355,Chandigarh,Punjab,Tier 2,2025-03-26
CUST-25356,Pune,Maharashtra,Tier 1,2024-07-26
CUST-25357,Nagpur,Maharashtra,Tier 2,2024-10-26
CUST-25358,Chennai,Tamil Nadu,Tier 1,2025-05-03
CUST-25359,Hyderabad,Telangana,Tier 1,2025-09-24
CUST-25360,Coimbatore,Tamil Nadu,Tier 2,2024-05-21
CUST-25361,Mumbai,Maharashtra,Tier 1,2025-04-18
CUST-25362,Delhi NCR,Delhi,Tier 1,2025-07-22
CUST-25363,Mumbai,Maharashtra,Tier 1,2024-10-30
CUST-25364,Patna,Bihar,Tier 2,2025-10-18
CUST-25365,Mumbai,Maharashtra,Tier 1,2025-07-09
CUST-25366,Bhopal,Madhya Pradesh,Tier 2,2025-10-05
CUST-25367,Chennai,Tamil Nadu,Tier 1,2025-08-15
CUST-25368,Mumbai,Maharashtra,Tier 1,2024-01-30
CUST-25369,Chennai,Tamil Nadu,Tier 1,2025-01-11
CUST-25370,Bangalore,Karnataka,Tier 1,2024-12-06
CUST-25371,Pune,Maharashtra,Tier 1,2024-07-27
CUST-25372,Lucknow,Uttar Pradesh,Tier 2,2024-08-30
CUST-25373,Kolkata,West Bengal,Tier 1,2025-11-25
CUST-25374,Mumbai,Maharashtra,Tier 1,2024-06-06
CUST-25375,Jaipur,Rajasthan,Tier 2,2024-05-25
CUST-25376,Patna,Bihar,Tier 2,2024-12-05
CUST-25377,Ahmedabad,Gujarat,Tier 2,2024-04-01
CUST-25378,Patna,Bihar,Tier 2,2024-11-24
CUST-25379,Bangalore,Karnataka,Tier 1,2024-06-20
CUST-25380,Coimbatore,Tamil Nadu,Tier 2,2024-01-31
CUST-25381,Hyderabad,Telangana,Tier 1,2025-09-12
CUST-25382,Mumbai,Maharashtra,Tier 1,2024-09-28
CUST-25383,Patna,Bihar,Tier 2,2024-04-04
CUST-25384,Bhubaneswar,Odisha,Tier 2,2024-03-17
CUST-25385,Jaipur,Rajasthan,Tier 2,2024-05-30
CUST-25386,Bangalore,Karnataka,Tier 1,2024-05-21
CUST-25387,Bangalore,Karnataka,Tier 1,2024-08-18
CUST-25388,Kolkata,West Bengal,Tier 1,2024-05-07
CUST-25389,Coimbatore,Tamil Nadu,Tier 2,2025-11-26
CUST-25390,Delhi NCR,Delhi,Tier 1,2025-05-11
CUST-25391,Patna,Bihar,Tier 2,2024-10-06
CUST-25392,Hyderabad,Telangana,Tier 1,2025-06-24
CUST-25393,Indore,Madhya Pradesh,Tier 2,2025-06-13
CUST-25394,Nagpur,Maharashtra,Tier 2,2024-05-10
CUST-25395,Chennai,Tamil Nadu,Tier 1,2025-04-05
CUST-25396,Hyderabad,Telangana,Tier 1,2024-09-25
CUST-25397,Indore,Madhya Pradesh,Tier 2,2025-09-09
CUST-25398,Kolkata,West Bengal,Tier 1,2025-10-30
CUST-25399,Lucknow,Uttar Pradesh,Tier 2,2025-07-24
CUST-25400,Pune,Maharashtra,Tier 1,2025-08-26
CUST-25401,Delhi NCR,Delhi,Tier 1,2024-09-16
CUST-25402,Patna,Bihar,Tier 2,2024-02-20
CUST-25403,Bangalore,Karnataka,Tier 1,2024-05-12
CUST-25404,Nagpur,Maharashtra,Tier 2,2025-11-09
CUST-25405,Bangalore,Karnataka,Tier 1,2024-01-05
CUST-25406,Ahmedabad,Gujarat,Tier 2,2025-10-09
CUST-25407,Hyderabad,Telangana,Tier 1,2025-05-16
CUST-25408,Hyderabad,Telangana,Tier 1,2024-07-02
CUST-25409,Hyderabad,Telangana,Tier 1,2025-02-12
CUST-25410,Chandigarh,Punjab,Tier 2,2024-03-31
CUST-25411,Kolkata,West Bengal,Tier 1,2025-03-11
CUST-25412,Bhopal,Madhya Pradesh,Tier 2,2024-07-07
CUST-25413,Hyderabad,Telangana,Tier 1,2025-04-24
CUST-25414,Lucknow,Uttar Pradesh,Tier 2,2025-01-17
CUST-25415,Chandigarh,Punjab,Tier 2,2024-11-17
CUST-25416,Delhi NCR,Delhi,Tier 1,2025-03-18
CUST-25417,Chennai,Tamil Nadu,Tier 1,2025-05-04
CUST-25418,Kolkata,West Bengal,Tier 1,2024-05-12
CUST-25419,Hyderabad,Telangana,Tier 1,2025-11-14
CUST-25420,Hyderabad,Telangana,Tier 1,2025-03-01
CUST-25421,Lucknow,Uttar Pradesh,Tier 2,2024-09-06
CUST-25422,Bangalore,Karnataka,Tier 1,2024-03-01
CUST-25423,Ahmedabad,Gujarat,Tier 2,2025-07-15
CUST-25424,Nagpur,Maharashtra,Tier 2,2025-02-25
CUST-25425,Pune,Maharashtra,Tier 1,2025-04-20
CUST-25426,Pune,Maharashtra,Tier 1,2024-08-10
CUST-25427,Mumbai,Maharashtra,Tier 1,2025-03-13
CUST-25428,Bhopal,Madhya Pradesh,Tier 2,2025-11-14
CUST-25429,Hyderabad,Telangana,Tier 1,2025-01-18
CUST-25430,Pune,Maharashtra,Tier 1,2024-11-14
CUST-25431,Visakhapatnam,Andhra Pradesh,Tier 2,2024-08-12
CUST-25432,Pune,Maharashtra,Tier 1,2025-02-26
CUST-25433,Ahmedabad,Gujarat,Tier 2,2024-07-09
CUST-25434,Chennai,Tamil Nadu,Tier 1,2024-03-19
CUST-25435,Mumbai,Maharashtra,Tier 1,2024-12-30
CUST-25436,Indore,Madhya Pradesh,Tier 2,2024-01-22
CUST-25437,Mumbai,Maharashtra,Tier 1,2025-07-01
CUST-25438,Lucknow,Uttar Pradesh,Tier 2,2024-11-25
CUST-25439,Mumbai,Maharashtra,Tier 1,2024-06-04
CUST-25440,Bhopal,Madhya Pradesh,Tier 2,2024-02-25
CUST-25441,Delhi NCR,Delhi,Tier 1,2024-09-04
CUST-25442,Kolkata,West Bengal,Tier 1,2024-09-17
CUST-25443,Pune,Maharashtra,Tier 1,2025-03-10
CUST-25444,Chennai,Tamil Nadu,Tier 1,2025-06-10
CUST-25445,Hyderabad,Telangana,Tier 1,2025-04-22
CUST-25446,Kolkata,West Bengal,Tier 1,2025-11-30
CUST-25447,Hyderabad,Telangana,Tier 1,2025-06-21
CUST-25448,Chennai,Tamil Nadu,Tier 1,2025-06-18
CUST-25449,Hyderabad,Telangana,Tier 1,2025-01-15
CUST-25450,Pune,Maharashtra,Tier 1,2024-04-12
CUST-25451,Bangalore,Karnataka,Tier 1,2024-01-29
CUST-25452,Visakhapatnam,Andhra Pradesh,Tier 2,2025-04-27
CUST-25453,Kolkata,West Bengal,Tier 1,2024-02-26
CUST-25454,Bangalore,Karnataka,Tier 1,2024-03-02
CUST-25455,Kolkata,West Bengal,Tier 1,2024-02-17
CUST-25456,Bhopal,Madhya Pradesh,Tier 2,2025-01-01
CUST-25457,Mumbai,Maharashtra,Tier 1,2025-06-30
CUST-25458,Lucknow,Uttar Pradesh,Tier 2,2025-07-11
CUST-25459,Kolkata,West Bengal,Tier 1,2025-06-28
CUST-25460,Delhi NCR,Delhi,Tier 1,2024-11-22
CUST-25461,Indore,Madhya Pradesh,Tier 2,2024-09-22
CUST-25462,Hyderabad,Telangana,Tier 1,2024-06-24
CUST-25463,Hyderabad,Telangana,Tier 1,2024-02-13
CUST-25464,Patna,Bihar,Tier 2,2024-08-06
CUST-25465,Pune,Maharashtra,Tier 1,2024-05-05
CUST-25466,Coimbatore,Tamil Nadu,Tier 2,2025-01-13
CUST-25467,Pune,Maharashtra,Tier 1,2024-11-14
CUST-25468,Chandigarh,Punjab,Tier 2,2024-10-31
CUST-25469,Patna,Bihar,Tier 2,2024-07-18
CUST-25470,Mumbai,Maharashtra,Tier 1,2024-03-25
CUST-25471,Kochi,Kerala,Tier 2,2024-02-10
CUST-25472,Pune,Maharashtra,Tier 1,2025-07-04
CUST-25473,Mumbai,Maharashtra,Tier 1,2024-12-28
CUST-25474,Kolkata,West Bengal,Tier 1,2024-09-25
CUST-25475,Mumbai,Maharashtra,Tier 1,2024-12-27
CUST-25476,Ahmedabad,Gujarat,Tier 2,2025-01-01
CUST-25477,Kolkata,West Bengal,Tier 1,2024-06-29
CUST-25478,Bhubaneswar,Odisha,Tier 2,2024-08-18
CUST-25479,Delhi NCR,Delhi,Tier 1,2024-03-10
CUST-25480,Pune,Maharashtra,Tier 1,2025-08-10
CUST-25481,Bangalore,Karnataka,Tier 1,2025-05-03
CUST-25482,Pune,Maharashtra,Tier 1,2024-08-21
CUST-25483,Ahmedabad,Gujarat,Tier 2,2025-03-04
CUST-25484,Ahmedabad,Gujarat,Tier 2,2025-10-09
CUST-25485,Indore,Madhya Pradesh,Tier 2,2025-10-27
CUST-25486,Patna,Bihar,Tier 2,2024-10-20
CUST-25487,Mumbai,Maharashtra,Tier 1,2024-12-13
CUST-25488,Hyderabad,Telangana,Tier 1,2024-04-08
CUST-25489,Lucknow,Uttar Pradesh,Tier 2,2024-12-26
CUST-25490,Kolkata,West Bengal,Tier 1,2024-12-23
CUST-25491,Bangalore,Karnataka,Tier 1,2024-05-09
CUST-25492,Kolkata,West Bengal,Tier 1,2025-06-02
CUST-25493,Chennai,Tamil Nadu,Tier 1,2025-01-17
CUST-25494,Chennai,Tamil Nadu,Tier 1,2025-09-08
CUST-25495,Indore,Madhya Pradesh,Tier 2,2025-07-15
CUST-25496,Chennai,Tamil Nadu,Tier 1,2024-03-04
CUST-25497,Mumbai,Maharashtra,Tier 1,2025-01-30
CUST-25498,Mumbai,Maharashtra,Tier 1,2024-06-29
CUST-25499,Bhopal,Madhya Pradesh,Tier 2,2025-08-09
CUST-25500,Bhubaneswar,Odisha,Tier 2,2024-07-07
CUST-25501,Lucknow,Uttar Pradesh,Tier 2,2024-07-01
CUST-25502,Hyderabad,Telangana,Tier 1,2025-05-06
CUST-25503,Nagpur,Maharashtra,Tier 2,2025-08-02
CUST-25504,Jaipur,Rajasthan,Tier 2,2024-06-18
CUST-25505,Patna,Bihar,Tier 2,2024-11-17
CUST-25506,Chandigarh,Punjab,Tier 2,2024-06-20
CUST-25507,Chennai,Tamil Nadu,Tier 1,2024-10-10
CUST-25508,Kolkata,West Bengal,Tier 1,2025-09-10
CUST-25509,Bangalore,Karnataka,Tier 1,2024-12-31
CUST-25510,Hyderabad,Telangana,Tier 1,2024-04-20
CUST-25511,Kochi,Kerala,Tier 2,2024-03-18
CUST-25512,Coimbatore,Tamil Nadu,Tier 2,2025-11-28
CUST-25513,Ahmedabad,Gujarat,Tier 2,2024-09-09
CUST-25514,Kolkata,West Bengal,Tier 1,2024-08-23
CUST-25515,Mumbai,Maharashtra,Tier 1,2024-04-02
CUST-25516,Mumbai,Maharashtra,Tier 1,2025-10-03
CUST-25517,Chennai,Tamil Nadu,Tier 1,2025-11-25
CUST-25518,Chennai,Tamil Nadu,Tier 1,2024-02-03
CUST-25519,Pune,Maharashtra,Tier 1,2025-04-25
CUST-25520,Mumbai,Maharashtra,Tier 1,2025-02-07
CUST-25521,Visakhapatnam,Andhra Pradesh,Tier 2,2024-08-09
CUST-25522,Hyderabad,Telangana,Tier 1,2025-05-04
CUST-25523,Patna,Bihar,Tier 2,2024-12-05
CUST-25524,Kolkata,West Bengal,Tier 1,2025-05-27
CUST-25525,Delhi NCR,Delhi,Tier 1,2025-08-31
CUST-25526,Indore,Madhya Pradesh,Tier 2,2025-08-21
CUST-25527,Ahmedabad,Gujarat,Tier 2,2024-09-08
CUST-25528,Kolkata,West Bengal,Tier 1,2024-12-29
CUST-25529,Kolkata,West Bengal,Tier 1,2025-06-10
CUST-25530,Mumbai,Maharashtra,Tier 1,2024-05-21
CUST-25531,Jaipur,Rajasthan,Tier 2,2024-11-06
CUST-25532,Coimbatore,Tamil Nadu,Tier 2,2025-01-19
CUST-25533,Delhi NCR,Delhi,Tier 1,2025-08-04
CUST-25534,Bangalore,Karnataka,Tier 1,2024-11-07
CUST-25535,Coimbatore,Tamil Nadu,Tier 2,2024-10-05
CUST-25536,Hyderabad,Telangana,Tier 1,2025-07-19
CUST-25537,Jaipur,Rajasthan,Tier 2,2024-12-11
CUST-25538,Kolkata,West Bengal,Tier 1,2025-01-21
CUST-25539,Pune,Maharashtra,Tier 1,2024-10-28
CUST-25540,Chennai,Tamil Nadu,Tier 1,2025-05-21
CUST-25541,Hyderabad,Telangana,Tier 1,2024-09-03
CUST-25542,Mumbai,Maharashtra,Tier 1,2025-10-07
CUST-25543,Chandigarh,Punjab,Tier 2,2025-05-02
CUST-25544,Chandigarh,Punjab,Tier 2,2024-08-26
CUST-25545,Jaipur,Rajasthan,Tier 2,2025-06-12
CUST-25546,Pune,Maharashtra,Tier 1,2024-12-14
CUST-25547,Bangalore,Karnataka,Tier 1,2024-12-17
CUST-25548,Mumbai,Maharashtra,Tier 1,2024-06-02
CUST-25549,Indore,Madhya Pradesh,Tier 2,2025-05-24
CUST-25550,Kolkata,West Bengal,Tier 1,2024-07-04
CUST-25551,Hyderabad,Telangana,Tier 1,2025-08-17
CUST-25552,Delhi NCR,Delhi,Tier 1,2025-07-20
CUST-25553,Mumbai,Maharashtra,Tier 1,2025-02-28
CUST-25554,Hyderabad,Telangana,Tier 1,2024-03-02
CUST-25555,Indore,Madhya Pradesh,Tier 2,2025-02-04
CUST-25556,Nagpur,Maharashtra,Tier 2,2024-02-28
CUST-25557,Coimbatore,Tamil Nadu,Tier 2,2024-05-21
CUST-25558,Nagpur,Maharashtra,Tier 2,2025-04-10
CUST-25559,Coimbatore,Tamil Nadu,Tier 2,2024-05-28
CUST-25560,Kolkata,West Bengal,Tier 1,2025-03-22
CUST-25561,Bangalore,Karnataka,Tier 1,2024-06-22
CUST-25562,Indore,Madhya Pradesh,Tier 2,2024-11-06
CUST-25563,Bangalore,Karnataka,Tier 1,2024-03-02
CUST-25564,Bangalore,Karnataka,Tier 1,2024-06-15
CUST-25565,Bangalore,Karnataka,Tier 1,2025-11-12
CUST-25566,Kolkata,West Bengal,Tier 1,2024-04-12
CUST-25567,Hyderabad,Telangana,Tier 1,2024-01-28
CUST-25568,Delhi NCR,Delhi,Tier 1,2025-08-18
CUST-25569,Chennai,Tamil Nadu,Tier 1,2025-05-22
CUST-25570,Bhopal,Madhya Pradesh,Tier 2,2024-05-13
CUST-25571,Pune,Maharashtra,Tier 1,2024-02-28
CUST-25572,Bhopal,Madhya Pradesh,Tier 2,2024-03-30
CUST-25573,Bangalore,Karnataka,Tier 1,2024-03-10
CUST-25574,Delhi NCR,Delhi,Tier 1,2024-07-03
CUST-25575,Pune,Maharashtra,Tier 1,2025-03-13
CUST-25576,Chennai,Tamil Nadu,Tier 1,2025-07-25
CUST-25577,Jaipur,Rajasthan,Tier 2,2025-04-18
CUST-25578,Kochi,Kerala,Tier 2,2025-10-18
CUST-25579,Chandigarh,Punjab,Tier 2,2024-06-16
CUST-25580,Bhubaneswar,Odisha,Tier 2,2025-07-31
CUST-25581,Chennai,Tamil Nadu,Tier 1,2024-05-03
CUST-25582,Bangalore,Karnataka,Tier 1,2024-07-31
CUST-25583,Kolkata,West Bengal,Tier 1,2024-06-30
CUST-25584,Delhi NCR,Delhi,Tier 1,2024-03-11
CUST-25585,Hyderabad,Telangana,Tier 1,2025-07-09
CUST-25586,Bangalore,Karnataka,Tier 1,2024-07-13
CUST-25587,Chennai,Tamil Nadu,Tier 1,2025-07-22
CUST-25588,Delhi NCR,Delhi,Tier 1,2024-10-18
CUST-25589,Mumbai,Maharashtra,Tier 1,2024-02-26
CUST-25590,Jaipur,Rajasthan,Tier 2,2025-11-13
CUST-25591,Pune,Maharashtra,Tier 1,2024-10-26
CUST-25592,Ahmedabad,Gujarat,Tier 2,2024-11-13
CUST-25593,Jaipur,Rajasthan,Tier 2,2025-01-05
CUST-25594,Delhi NCR,Delhi,Tier 1,2024-03-23
CUST-25595,Hyderabad,Telangana,Tier 1,2024-04-03
CUST-25596,Delhi NCR,Delhi,Tier 1,2024-09-23
CUST-25597,Patna,Bihar,Tier 2,2025-01-10
CUST-25598,Chandigarh,Punjab,Tier 2,2024-06-09
CUST-25599,Bangalore,Karnataka,Tier 1,2025-09-05
CUST-25600,Hyderabad,Telangana,Tier 1,2025-05-16
CUST-25601,Bhubaneswar,Odisha,Tier 2,2025-01-11
CUST-25602,Pune,Maharashtra,Tier 1,2024-04-21
CUST-25603,Indore,Madhya Pradesh,Tier 2,2025-07-31
CUST-25604,Bangalore,Karnataka,Tier 1,2025-09-13
CUST-25605,Bangalore,Karnataka,Tier 1,2025-09-23
CUST-25606,Kochi,Kerala,Tier 2,2024-10-05
CUST-25607,Lucknow,Uttar Pradesh,Tier 2,2025-03-08
CUST-25608,Lucknow,Uttar Pradesh,Tier 2,2025-10-21
CUST-25609,Kolkata,West Bengal,Tier 1,2024-08-29
CUST-25610,Pune,Maharashtra,Tier 1,2024-08-09
CUST-25611,Ahmedabad,Gujarat,Tier 2,2024-10-12
CUST-25612,Bangalore,Karnataka,Tier 1,2024-01-04
CUST-25613,Hyderabad,Telangana,Tier 1,2024-11-15
CUST-25614,Bhopal,Madhya Pradesh,Tier 2,2024-11-16
CUST-25615,Hyderabad,Telangana,Tier 1,2024-01-08
CUST-25616,Kolkata,West Bengal,Tier 1,2024-02-21
CUST-25617,Lucknow,Uttar Pradesh,Tier 2,2024-05-21
CUST-25618,Visakhapatnam,Andhra Pradesh,Tier 2,2024-10-06
CUST-25619,Chennai,Tamil Nadu,Tier 1,2024-03-28
CUST-25620,Chennai,Tamil Nadu,Tier 1,2024-06-08
CUST-25621,Patna,Bihar,Tier 2,2024-01-28
CUST-25622,Indore,Madhya Pradesh,Tier 2,2025-06-11
CUST-25623,Ahmedabad,Gujarat,Tier 2,2024-09-28
CUST-25624,Chennai,Tamil Nadu,Tier 1,2024-04-09
CUST-25625,Hyderabad,Telangana,Tier 1,2024-07-22
CUST-25626,Pune,Maharashtra,Tier 1,2024-07-08
CUST-25627,Bhopal,Madhya Pradesh,Tier 2,2025-06-29
CUST-25628,Coimbatore,Tamil Nadu,Tier 2,2024-10-20
CUST-25629,Delhi NCR,Delhi,Tier 1,2024-12-09
CUST-25630,Chennai,Tamil Nadu,Tier 1,2024-02-22
CUST-25631,Kolkata,West Bengal,Tier 1,2025-11-14
CUST-25632,Visakhapatnam,Andhra Pradesh,Tier 2,2024-02-16
CUST-25633,Jaipur,Rajasthan,Tier 2,2025-02-25
CUST-25634,Chennai,Tamil Nadu,Tier 1,2025-04-09
CUST-25635,Mumbai,Maharashtra,Tier 1,2025-07-06
CUST-25636,Pune,Maharashtra,Tier 1,2025-03-04
CUST-25637,Delhi NCR,Delhi,Tier 1,2025-01-31
CUST-25638,Patna,Bihar,Tier 2,2024-07-12
CUST-25639,Chandigarh,Punjab,Tier 2,2024-03-06
CUST-25640,Chennai,Tamil Nadu,Tier 1,2025-07-08
CUST-25641,Chennai,Tamil Nadu,Tier 1,2025-08-23
CUST-25642,Coimbatore,Tamil Nadu,Tier 2,2025-04-20
CUST-25643,Hyderabad,Telangana,Tier 1,2025-11-18
CUST-25644,Bangalore,Karnataka,Tier 1,2024-01-26
CUST-25645,Nagpur,Maharashtra,Tier 2,2024-04-08
CUST-25646,Indore,Madhya Pradesh,Tier 2,2025-04-20
CUST-25647,Indore,Madhya Pradesh,Tier 2,2025-07-26
CUST-25648,Bangalore,Karnataka,Tier 1,2024-03-22
CUST-25649,Delhi NCR,Delhi,Tier 1,2025-02-01
CUST-25650,Mumbai,Maharashtra,Tier 1,2025-11-24
CUST-25651,Bangalore,Karnataka,Tier 1,2025-11-30
CUST-25652,Kochi,Kerala,Tier 2,2025-01-27
CUST-25653,Bangalore,Karnataka,Tier 1,2024-02-13
CUST-25654,Ahmedabad,Gujarat,Tier 2,2025-04-22
CUST-25655,Bangalore,Karnataka,Tier 1,2025-09-01
CUST-25656,Chennai,Tamil Nadu,Tier 1,2024-03-31
CUST-25657,Visakhapatnam,Andhra Pradesh,Tier 2,2024-11-24
CUST-25658,Bangalore,Karnataka,Tier 1,2025-10-14
CUST-25659,Chennai,Tamil Nadu,Tier 1,2025-02-17
CUST-25660,Hyderabad,Telangana,Tier 1,2025-11-21
CUST-25661,Delhi NCR,Delhi,Tier 1,2025-11-29
CUST-25662,Kolkata,West Bengal,Tier 1,2024-04-19
CUST-25663,Chennai,Tamil Nadu,Tier 1,2024-08-06
CUST-25664,Lucknow,Uttar Pradesh,Tier 2,2025-04-07
CUST-25665,Indore,Madhya Pradesh,Tier 2,2025-05-29
CUST-25666,Kolkata,West Bengal,Tier 1,2025-07-06
CUST-25667,Mumbai,Maharashtra,Tier 1,2025-09-28
CUST-25668,Pune,Maharashtra,Tier 1,2024-09-13
CUST-25669,Mumbai,Maharashtra,Tier 1,2024-07-11
CUST-25670,Pune,Maharashtra,Tier 1,2025-09-18
CUST-25671,Lucknow,Uttar Pradesh,Tier 2,2024-03-10
CUST-25672,Bangalore,Karnataka,Tier 1,2025-04-03
CUST-25673,Indore,Madhya Pradesh,Tier 2,2025-01-16
CUST-25674,Coimbatore,Tamil Nadu,Tier 2,2025-05-08
CUST-25675,Indore,Madhya Pradesh,Tier 2,2024-04-06
CUST-25676,Hyderabad,Telangana,Tier 1,2024-08-11
CUST-25677,Pune,Maharashtra,Tier 1,2024-10-07
CUST-25678,Nagpur,Maharashtra,Tier 2,2024-11-28
CUST-25679,Hyderabad,Telangana,Tier 1,2025-10-02
CUST-25680,Indore,Madhya Pradesh,Tier 2,2025-09-02
CUST-25681,Mumbai,Maharashtra,Tier 1,2025-02-08
CUST-25682,Mumbai,Maharashtra,Tier 1,2025-05-10
CUST-25683,Chandigarh,Punjab,Tier 2,2024-07-04
CUST-25684,Chandigarh,Punjab,Tier 2,2024-02-07
CUST-25685,Kochi,Kerala,Tier 2,2025-10-06
CUST-25686,Nagpur,Maharashtra,Tier 2,2025-05-02
CUST-25687,Delhi NCR,Delhi,Tier 1,2025-07-09
CUST-25688,Bangalore,Karnataka,Tier 1,2025-05-20
CUST-25689,Coimbatore,Tamil Nadu,Tier 2,2025-05-03
CUST-25690,Delhi NCR,Delhi,Tier 1,2024-02-26
CUST-25691,Lucknow,Uttar Pradesh,Tier 2,2025-05-26
CUST-25692,Kolkata,West Bengal,Tier 1,2024-09-04
CUST-25693,Mumbai,Maharashtra,Tier 1,2024-04-13
CUST-25694,Hyderabad,Telangana,Tier 1,2025-07-10
CUST-25695,Kolkata,West Bengal,Tier 1,2024-02-29
CUST-25696,Patna,Bihar,Tier 2,2025-07-31
CUST-25697,Lucknow,Uttar Pradesh,Tier 2,2025-07-12
CUST-25698,Pune,Maharashtra,Tier 1,2024-08-25
CUST-25699,Kolkata,West Bengal,Tier 1,2025-01-05
CUST-25700,Hyderabad,Telangana,Tier 1,2024-01-26
CUST-25701,Delhi NCR,Delhi,Tier 1,2025-01-27
CUST-25702,Chennai,Tamil Nadu,Tier 1,2025-08-28
CUST-25703,Mumbai,Maharashtra,Tier 1,2024-04-19
CUST-25704,Bangalore,Karnataka,Tier 1,2025-01-26
CUST-25705,Chennai,Tamil Nadu,Tier 1,2024-09-10
CUST-25706,Chennai,Tamil Nadu,Tier 1,2025-07-05
CUST-25707,Mumbai,Maharashtra,Tier 1,2024-04-06
CUST-25708,Pune,Maharashtra,Tier 1,2025-06-21
CUST-25709,Kolkata,West Bengal,Tier 1,2024-04-13
CUST-25710,Mumbai,Maharashtra,Tier 1,2025-09-06
CUST-25711,Bhubaneswar,Odisha,Tier 2,2025-08-09
CUST-25712,Delhi NCR,Delhi,Tier 1,2025-08-19
CUST-25713,Bhopal,Madhya Pradesh,Tier 2,2025-05-10
CUST-25714,Mumbai,Maharashtra,Tier 1,2024-08-01
CUST-25715,Bhopal,Madhya Pradesh,Tier 2,2024-04-22
CUST-25716,Mumbai,Maharashtra,Tier 1,2024-11-07
CUST-25717,Chandigarh,Punjab,Tier 2,2025-07-22
CUST-25718,Hyderabad,Telangana,Tier 1,2024-04-10
CUST-25719,Chandigarh,Punjab,Tier 2,2025-10-08
CUST-25720,Chennai,Tamil Nadu,Tier 1,2025-10-14
CUST-25721,Mumbai,Maharashtra,Tier 1,2024-03-24
CUST-25722,Kochi,Kerala,Tier 2,2024-10-28
CUST-25723,Mumbai,Maharashtra,Tier 1,2025-07-26
CUST-25724,Nagpur,Maharashtra,Tier 2,2024-08-04
CUST-25725,Mumbai,Maharashtra,Tier 1,2025-07-21
CUST-25726,Kolkata,West Bengal,Tier 1,2025-06-24
CUST-25727,Ahmedabad,Gujarat,Tier 2,2025-09-14
CUST-25728,Chennai,Tamil Nadu,Tier 1,2024-04-01
CUST-25729,Bangalore,Karnataka,Tier 1,2025-10-15
CUST-25730,Chandigarh,Punjab,Tier 2,2025-03-27
CUST-25731,Kochi,Kerala,Tier 2,2025-09-05
CUST-25732,Nagpur,Maharashtra,Tier 2,2024-03-11
CUST-25733,Chennai,Tamil Nadu,Tier 1,2025-06-08
CUST-25734,Kolkata,West Bengal,Tier 1,2025-02-04
CUST-25735,Hyderabad,Telangana,Tier 1,2025-10-30
CUST-25736,Bangalore,Karnataka,Tier 1,2024-03-21
CUST-25737,Chandigarh,Punjab,Tier 2,2024-04-09
CUST-25738,Hyderabad,Telangana,Tier 1,2025-08-17
CUST-25739,Chennai,Tamil Nadu,Tier 1,2024-08-05
CUST-25740,Chennai,Tamil Nadu,Tier 1,2024-05-04
CUST-25741,Ahmedabad,Gujarat,Tier 2,2024-07-19
CUST-25742,Nagpur,Maharashtra,Tier 2,2024-01-02
CUST-25743,Jaipur,Rajasthan,Tier 2,2025-07-27
CUST-25744,Kolkata,West Bengal,Tier 1,2024-01-20
CUST-25745,Kochi,Kerala,Tier 2,2024-06-28
CUST-25746,Pune,Maharashtra,Tier 1,2025-02-12
CUST-25747,Mumbai,Maharashtra,Tier 1,2024-03-02
CUST-25748,Delhi NCR,Delhi,Tier 1,2024-09-29
CUST-25749,Mumbai,Maharashtra,Tier 1,2024-01-10
CUST-25750,Chennai,Tamil Nadu,Tier 1,2025-11-29
CUST-25751,Patna,Bihar,Tier 2,2025-09-13
CUST-25752,Hyderabad,Telangana,Tier 1,2025-06-23
CUST-25753,Chennai,Tamil Nadu,Tier 1,2025-04-04
CUST-25754,Coimbatore,Tamil Nadu,Tier 2,2024-03-01
CUST-25755,Patna,Bihar,Tier 2,2024-02-27
CUST-25756,Jaipur,Rajasthan,Tier 2,2024-10-26
CUST-25757,Bangalore,Karnataka,Tier 1,2025-05-11
CUST-25758,Delhi NCR,Delhi,Tier 1,2024-12-04
CUST-25759,Mumbai,Maharashtra,Tier 1,2024-09-08
CUST-25760,Delhi NCR,Delhi,Tier 1,2025-02-10
CUST-25761,Hyderabad,Telangana,Tier 1,2024-09-12
CUST-25762,Kolkata,West Bengal,Tier 1,2025-01-15
CUST-25763,Mumbai,Maharashtra,Tier 1,2024-05-24
CUST-25764,Delhi NCR,Delhi,Tier 1,2025-08-13
CUST-25765,Delhi NCR,Delhi,Tier 1,2024-12-06
CUST-25766,Pune,Maharashtra,Tier 1,2025-02-06
CUST-25767,Pune,Maharashtra,Tier 1,2024-10-14
CUST-25768,Kolkata,West Bengal,Tier 1,2024-08-01
CUST-25769,Bangalore,Karnataka,Tier 1,2025-06-15
CUST-25770,Hyderabad,Telangana,Tier 1,2025-07-29
CUST-25771,Delhi NCR,Delhi,Tier 1,2025-07-01
CUST-25772,Bangalore,Karnataka,Tier 1,2024-07-29
CUST-25773,Coimbatore,Tamil Nadu,Tier 2,2024-06-19
CUST-25774,Visakhapatnam,Andhra Pradesh,Tier 2,2025-06-21
CUST-25775,Pune,Maharashtra,Tier 1,2024-09-19
CUST-25776,Nagpur,Maharashtra,Tier 2,2025-11-06
CUST-25777,Pune,Maharashtra,Tier 1,2025-01-24
CUST-25778,Mumbai,Maharashtra,Tier 1,2025-02-24
CUST-25779,Visakhapatnam,Andhra Pradesh,Tier 2,2024-03-02
CUST-25780,Delhi NCR,Delhi,Tier 1,2024-03-26
CUST-25781,Lucknow,Uttar Pradesh,Tier 2,2025-08-07
CUST-25782,Bangalore,Karnataka,Tier 1,2025-05-05
CUST-25783,Chennai,Tamil Nadu,Tier 1,2024-02-29
CUST-25784,Pune,Maharashtra,Tier 1,2025-04-21
CUST-25785,Chennai,Tamil Nadu,Tier 1,2024-11-15
CUST-25786,Bangalore,Karnataka,Tier 1,2025-11-20
CUST-25787,Hyderabad,Telangana,Tier 1,2024-02-21
CUST-25788,Hyderabad,Telangana,Tier 1,2025-10-18
CUST-25789,Bhubaneswar,Odisha,Tier 2,2024-03-17
CUST-25790,Indore,Madhya Pradesh,Tier 2,2024-04-28
CUST-25791,Chennai,Tamil Nadu,Tier 1,2024-06-30
CUST-25792,Bangalore,Karnataka,Tier 1,2025-05-20
CUST-25793,Indore,Madhya Pradesh,Tier 2,2025-10-11
CUST-25794,Delhi NCR,Delhi,Tier 1,2025-09-28
CUST-25795,Bangalore,Karnataka,Tier 1,2024-06-01
CUST-25796,Hyderabad,Telangana,Tier 1,2024-01-18
CUST-25797,Bhopal,Madhya Pradesh,Tier 2,2024-03-04
CUST-25798,Delhi NCR,Delhi,Tier 1,2025-05-11
CUST-25799,Delhi NCR,Delhi,Tier 1,2024-03-19
CUST-25800,Kolkata,West Bengal,Tier 1,2024-02-28
CUST-25801,Bangalore,Karnataka,Tier 1,2025-02-14
CUST-25802,Pune,Maharashtra,Tier 1,2024-03-01
CUST-25803,Chennai,Tamil Nadu,Tier 1,2025-04-11
CUST-25804,Chennai,Tamil Nadu,Tier 1,2025-09-21
CUST-25805,Delhi NCR,Delhi,Tier 1,2024-03-19
CUST-25806,Delhi NCR,Delhi,Tier 1,2025-11-13
CUST-25807,Indore,Madhya Pradesh,Tier 2,2025-05-02
CUST-25808,Coimbatore,Tamil Nadu,Tier 2,2024-08-31
CUST-25809,Bangalore,Karnataka,Tier 1,2024-07-26
CUST-25810,Delhi NCR,Delhi,Tier 1,2024-03-27
CUST-25811,Mumbai,Maharashtra,Tier 1,2025-10-12
CUST-25812,Pune,Maharashtra,Tier 1,2025-08-22
CUST-25813,Ahmedabad,Gujarat,Tier 2,2025-10-06
CUST-25814,Chennai,Tamil Nadu,Tier 1,2024-02-08
CUST-25815,Lucknow,Uttar Pradesh,Tier 2,2024-06-24
CUST-25816,Ahmedabad,Gujarat,Tier 2,2025-04-22
CUST-25817,Nagpur,Maharashtra,Tier 2,2025-08-14
CUST-25818,Mumbai,Maharashtra,Tier 1,2024-01-20
CUST-25819,Bangalore,Karnataka,Tier 1,2024-08-08
CUST-25820,Mumbai,Maharashtra,Tier 1,2024-10-01
CUST-25821,Bhopal,Madhya Pradesh,Tier 2,2025-11-30
CUST-25822,Kochi,Kerala,Tier 2,2024-06-02
CUST-25823,Pune,Maharashtra,Tier 1,2025-04-07
CUST-25824,Mumbai,Maharashtra,Tier 1,2025-02-12
CUST-25825,Bangalore,Karnataka,Tier 1,2025-10-16
CUST-25826,Hyderabad,Telangana,Tier 1,2024-09-07
CUST-25827,Pune,Maharashtra,Tier 1,2024-07-30
CUST-25828,Bangalore,Karnataka,Tier 1,2025-04-22
CUST-25829,Mumbai,Maharashtra,Tier 1,2025-10-22
CUST-25830,Ahmedabad,Gujarat,Tier 2,2025-11-17
CUST-25831,Hyderabad,Telangana,Tier 1,2025-02-22
CUST-25832,Chennai,Tamil Nadu,Tier 1,2024-06-20
CUST-25833,Delhi NCR,Delhi,Tier 1,2025-05-21
CUST-25834,Indore,Madhya Pradesh,Tier 2,2025-10-07
CUST-25835,Pune,Maharashtra,Tier 1,2025-09-19
CUST-25836,Coimbatore,Tamil Nadu,Tier 2,2024-07-21
CUST-25837,Kolkata,West Bengal,Tier 1,2025-05-06
CUST-25838,Nagpur,Maharashtra,Tier 2,2024-10-21
CUST-25839,Coimbatore,Tamil Nadu,Tier 2,2025-04-01
CUST-25840,Pune,Maharashtra,Tier 1,2024-05-25
CUST-25841,Nagpur,Maharashtra,Tier 2,2024-08-25
CUST-25842,Hyderabad,Telangana,Tier 1,2025-02-27
CUST-25843,Hyderabad,Telangana,Tier 1,2024-10-18
CUST-25844,Mumbai,Maharashtra,Tier 1,2024-06-04
CUST-25845,Pune,Maharashtra,Tier 1,2024-12-15
CUST-25846,Ahmedabad,Gujarat,Tier 2,2025-03-17
CUST-25847,Kochi,Kerala,Tier 2,2024-08-30
CUST-25848,Delhi NCR,Delhi,Tier 1,2024-07-25
CUST-25849,Chennai,Tamil Nadu,Tier 1,2025-03-03
CUST-25850,Delhi NCR,Delhi,Tier 1,2024-09-14
CUST-25851,Jaipur,Rajasthan,Tier 2,2025-08-07
CUST-25852,Delhi NCR,Delhi,Tier 1,2024-02-04
CUST-25853,Coimbatore,Tamil Nadu,Tier 2,2024-05-08
CUST-25854,Bangalore,Karnataka,Tier 1,2025-03-05
CUST-25855,Hyderabad,Telangana,Tier 1,2025-11-30
CUST-25856,Patna,Bihar,Tier 2,2024-11-14
CUST-25857,Chennai,Tamil Nadu,Tier 1,2024-04-04
CUST-25858,Mumbai,Maharashtra,Tier 1,2024-08-07
CUST-25859,Kolkata,West Bengal,Tier 1,2024-10-27
CUST-25860,Mumbai,Maharashtra,Tier 1,2025-09-28
CUST-25861,Visakhapatnam,Andhra Pradesh,Tier 2,2024-07-03
CUST-25862,Pune,Maharashtra,Tier 1,2024-02-06
CUST-25863,Bangalore,Karnataka,Tier 1,2025-09-13
CUST-25864,Pune,Maharashtra,Tier 1,2025-02-03
CUST-25865,Mumbai,Maharashtra,Tier 1,2025-11-20
CUST-25866,Indore,Madhya Pradesh,Tier 2,2024-05-21
CUST-25867,Nagpur,Maharashtra,Tier 2,2024-05-13
CUST-25868,Bhopal,Madhya Pradesh,Tier 2,2025-03-20
CUST-25869,Hyderabad,Telangana,Tier 1,2025-10-22
CUST-25870,Hyderabad,Telangana,Tier 1,2024-10-14
CUST-25871,Mumbai,Maharashtra,Tier 1,2024-09-14
CUST-25872,Jaipur,Rajasthan,Tier 2,2024-02-08
CUST-25873,Kolkata,West Bengal,Tier 1,2024-10-31
CUST-25874,Chennai,Tamil Nadu,Tier 1,2024-10-09
CUST-25875,Coimbatore,Tamil Nadu,Tier 2,2025-06-09
CUST-25876,Delhi NCR,Delhi,Tier 1,2025-02-10
CUST-25877,Mumbai,Maharashtra,Tier 1,2024-12-24
CUST-25878,Mumbai,Maharashtra,Tier 1,2025-01-12
CUST-25879,Bangalore,Karnataka,Tier 1,2025-04-13
CUST-25880,Mumbai,Maharashtra,Tier 1,2024-10-07
CUST-25881,Kolkata,West Bengal,Tier 1,2025-07-18
CUST-25882,Hyderabad,Telangana,Tier 1,2024-01-11
CUST-25883,Delhi NCR,Delhi,Tier 1,2025-11-05
CUST-25884,Chandigarh,Punjab,Tier 2,2025-11-25
CUST-25885,Bangalore,Karnataka,Tier 1,2024-07-04
CUST-25886,Lucknow,Uttar Pradesh,Tier 2,2025-07-02
CUST-25887,Hyderabad,Telangana,Tier 1,2024-01-09
CUST-25888,Kolkata,West Bengal,Tier 1,2024-01-28
CUST-25889,Nagpur,Maharashtra,Tier 2,2025-11-16
CUST-25890,Mumbai,Maharashtra,Tier 1,2025-04-08
CUST-25891,Kolkata,West Bengal,Tier 1,2025-09-30
CUST-25892,Bhopal,Madhya Pradesh,Tier 2,2025-05-25
CUST-25893,Pune,Maharashtra,Tier 1,2025-05-16
CUST-25894,Bangalore,Karnataka,Tier 1,2025-08-04
CUST-25895,Chennai,Tamil Nadu,Tier 1,2025-10-24
CUST-25896,Lucknow,Uttar Pradesh,Tier 2,2025-10-22
CUST-25897,Coimbatore,Tamil Nadu,Tier 2,2024-08-05
CUST-25898,Mumbai,Maharashtra,Tier 1,2025-03-04
CUST-25899,Mumbai,Maharashtra,Tier 1,2025-09-29
CUST-25900,Hyderabad,Telangana,Tier 1,2024-01-03
CUST-25901,Bangalore,Karnataka,Tier 1,2024-07-05
CUST-25902,Bangalore,Karnataka,Tier 1,2024-02-12
CUST-25903,Bangalore,Karnataka,Tier 1,2025-09-02
CUST-25904,Bangalore,Karnataka,Tier 1,2025-02-14
CUST-25905,Delhi NCR,Delhi,Tier 1,2024-07-08
CUST-25906,Nagpur,Maharashtra,Tier 2,2024-02-11
CUST-25907,Delhi NCR,Delhi,Tier 1,2024-04-06
CUST-25908,Bangalore,Karnataka,Tier 1,2025-10-09
CUST-25909,Bangalore,Karnataka,Tier 1,2025-10-18
CUST-25910,Nagpur,Maharashtra,Tier 2,2025-05-31
CUST-25911,Chandigarh,Punjab,Tier 2,2024-05-15
CUST-25912,Kochi,Kerala,Tier 2,2025-05-24
CUST-25913,Delhi NCR,Delhi,Tier 1,2025-06-02
CUST-25914,Patna,Bihar,Tier 2,2024-02-06
CUST-25915,Chennai,Tamil Nadu,Tier 1,2025-08-01
CUST-25916,Bangalore,Karnataka,Tier 1,2025-05-31
CUST-25917,Pune,Maharashtra,Tier 1,2024-02-27
CUST-25918,Indore,Madhya Pradesh,Tier 2,2024-06-03
CUST-25919,Kochi,Kerala,Tier 2,2024-04-22
CUST-25920,Coimbatore,Tamil Nadu,Tier 2,2025-04-04
CUST-25921,Nagpur,Maharashtra,Tier 2,2025-08-26
CUST-25922,Bangalore,Karnataka,Tier 1,2025-08-23
CUST-25923,Chennai,Tamil Nadu,Tier 1,2025-03-17
CUST-25924,Mumbai,Maharashtra,Tier 1,2025-11-20
CUST-25925,Bhopal,Madhya Pradesh,Tier 2,2024-08-15
CUST-25926,Delhi NCR,Delhi,Tier 1,2025-08-01
CUST-25927,Bhopal,Madhya Pradesh,Tier 2,2024-05-01
CUST-25928,Hyderabad,Telangana,Tier 1,2025-11-01
CUST-25929,Hyderabad,Telangana,Tier 1,2024-12-22
CUST-25930,Mumbai,Maharashtra,Tier 1,2024-09-24
CUST-25931,Hyderabad,Telangana,Tier 1,2025-11-25
CUST-25932,Coimbatore,Tamil Nadu,Tier 2,2025-04-29
CUST-25933,Mumbai,Maharashtra,Tier 1,2024-01-04
CUST-25934,Chennai,Tamil Nadu,Tier 1,2025-04-22
CUST-25935,Mumbai,Maharashtra,Tier 1,2024-04-30
CUST-25936,Hyderabad,Telangana,Tier 1,2025-04-30
CUST-25937,Delhi NCR,Delhi,Tier 1,2024-08-06
CUST-25938,Bangalore,Karnataka,Tier 1,2025-11-24
CUST-25939,Bhopal,Madhya Pradesh,Tier 2,2024-10-04
CUST-25940,Chennai,Tamil Nadu,Tier 1,2024-09-13
CUST-25941,Bangalore,Karnataka,Tier 1,2024-10-30
CUST-25942,Pune,Maharashtra,Tier 1,2024-02-12
CUST-25943,Delhi NCR,Delhi,Tier 1,2025-06-13
CUST-25944,Bangalore,Karnataka,Tier 1,2025-11-19
CUST-25945,Kolkata,West Bengal,Tier 1,2025-08-10
CUST-25946,Bangalore,Karnataka,Tier 1,2025-11-23
CUST-25947,Jaipur,Rajasthan,Tier 2,2024-05-29
CUST-25948,Kolkata,West Bengal,Tier 1,2025-08-16
CUST-25949,Kochi,Kerala,Tier 2,2024-01-10
CUST-25950,Bhubaneswar,Odisha,Tier 2,2024-07-30
CUST-25951,Delhi NCR,Delhi,Tier 1,2025-10-13
CUST-25952,Hyderabad,Telangana,Tier 1,2024-09-16
CUST-25953,Hyderabad,Telangana,Tier 1,2025-01-16
CUST-25954,Delhi NCR,Delhi,Tier 1,2025-01-23
CUST-25955,Indore,Madhya Pradesh,Tier 2,2024-12-01
CUST-25956,Chandigarh,Punjab,Tier 2,2024-01-05
CUST-25957,Kolkata,West Bengal,Tier 1,2024-03-23
CUST-25958,Kolkata,West Bengal,Tier 1,2024-01-06
CUST-25959,Mumbai,Maharashtra,Tier 1,2024-05-31
CUST-25960,Kolkata,West Bengal,Tier 1,2024-06-29
CUST-25961,Kochi,Kerala,Tier 2,2024-06-15
CUST-25962,Pune,Maharashtra,Tier 1,2025-04-14
CUST-25963,Bangalore,Karnataka,Tier 1,2024-03-18
CUST-25964,Jaipur,Rajasthan,Tier 2,2025-02-15
CUST-25965,Hyderabad,Telangana,Tier 1,2025-07-07
CUST-25966,Kolkata,West Bengal,Tier 1,2025-07-27
CUST-25967,Kolkata,West Bengal,Tier 1,2025-01-15
CUST-25968,Chennai,Tamil Nadu,Tier 1,2024-11-08
CUST-25969,Ahmedabad,Gujarat,Tier 2,2025-01-29
CUST-25970,Coimbatore,Tamil Nadu,Tier 2,2025-06-26
CUST-25971,Mumbai,Maharashtra,Tier 1,2024-01-04
CUST-25972,Nagpur,Maharashtra,Tier 2,2024-04-18
CUST-25973,Kolkata,West Bengal,Tier 1,2024-04-02
CUST-25974,Lucknow,Uttar Pradesh,Tier 2,2024-04-08
CUST-25975,Bhopal,Madhya Pradesh,Tier 2,2024-07-10
CUST-25976,Kolkata,West Bengal,Tier 1,2024-11-28
CUST-25977,Patna,Bihar,Tier 2,2024-07-30
CUST-25978,Delhi NCR,Delhi,Tier 1,2025-08-17
CUST-25979,Delhi NCR,Delhi,Tier 1,2024-07-25
CUST-25980,Jaipur,Rajasthan,Tier 2,2025-09-18
CUST-25981,Bhopal,Madhya Pradesh,Tier 2,2025-07-26
CUST-25982,Coimbatore,Tamil Nadu,Tier 2,2024-12-21
CUST-25983,Pune,Maharashtra,Tier 1,2024-09-09
CUST-25984,Kolkata,West Bengal,Tier 1,2025-08-13
CUST-25985,Hyderabad,Telangana,Tier 1,2024-07-14
CUST-25986,Visakhapatnam,Andhra Pradesh,Tier 2,2024-09-18
CUST-25987,Hyderabad,Telangana,Tier 1,2024-11-17
CUST-25988,Chandigarh,Punjab,Tier 2,2025-02-23
CUST-25989,Kolkata,West Bengal,Tier 1,2025-05-12
CUST-25990,Pune,Maharashtra,Tier 1,2024-11-27
CUST-25991,Chennai,Tamil Nadu,Tier 1,2024-10-22
CUST-25992,Bhubaneswar,Odisha,Tier 2,2024-08-23
CUST-25993,Pune,Maharashtra,Tier 1,2025-11-11
CUST-25994,Nagpur,Maharashtra,Tier 2,2024-01-07
CUST-25995,Mumbai,Maharashtra,Tier 1,2025-06-17
CUST-25996,Pune,Maharashtra,Tier 1,2024-03-12
CUST-25997,Ahmedabad,Gujarat,Tier 2,2025-05-14
CUST-25998,Chandigarh,Punjab,Tier 2,2025-09-09
CUST-25999,Coimbatore,Tamil Nadu,Tier 2,2024-05-18
CUST-26000,Mumbai,Maharashtra,Tier 1,2025-01-20
CUST-26001,Mumbai,Maharashtra,Tier 1,2025-06-25
CUST-26002,Kolkata,West Bengal,Tier 1,2024-11-19
CUST-26003,Mumbai,Maharashtra,Tier 1,2025-08-23
CUST-26004,Visakhapatnam,Andhra Pradesh,Tier 2,2025-10-26
CUST-26005,Bangalore,Karnataka,Tier 1,2024-03-13
CUST-26006,Kolkata,West Bengal,Tier 1,2025-01-23
CUST-26007,Mumbai,Maharashtra,Tier 1,2024-08-25
CUST-26008,Kolkata,West Bengal,Tier 1,2024-11-17
CUST-26009,Chennai,Tamil Nadu,Tier 1,2024-12-06
CUST-26010,Mumbai,Maharashtra,Tier 1,2024-10-31
CUST-26011,Hyderabad,Telangana,Tier 1,2024-01-08
CUST-26012,Chennai,Tamil Nadu,Tier 1,2024-07-25
CUST-26013,Visakhapatnam,Andhra Pradesh,Tier 2,2025-02-14
CUST-26014,Bangalore,Karnataka,Tier 1,2024-09-14
CUST-26015,Kolkata,West Bengal,Tier 1,2025-10-12
CUST-26016,Visakhapatnam,Andhra Pradesh,Tier 2,2024-02-15
CUST-26017,Kochi,Kerala,Tier 2,2024-05-05
CUST-26018,Visakhapatnam,Andhra Pradesh,Tier 2,2024-01-21
CUST-26019,Bhubaneswar,Odisha,Tier 2,2024-06-18
CUST-26020,Kolkata,West Bengal,Tier 1,2025-06-27
CUST-26021,Lucknow,Uttar Pradesh,Tier 2,2025-02-19
CUST-26022,Delhi NCR,Delhi,Tier 1,2025-03-30
CUST-26023,Chennai,Tamil Nadu,Tier 1,2025-10-23
CUST-26024,Indore,Madhya Pradesh,Tier 2,2024-07-24
CUST-26025,Kolkata,West Bengal,Tier 1,2024-11-28
CUST-26026,Lucknow,Uttar Pradesh,Tier 2,2024-01-21
CUST-26027,Chandigarh,Punjab,Tier 2,2025-10-11
CUST-26028,Bangalore,Karnataka,Tier 1,2024-03-05
CUST-26029,Bhopal,Madhya Pradesh,Tier 2,2025-07-30
CUST-26030,Chennai,Tamil Nadu,Tier 1,2024-03-28
CUST-26031,Bangalore,Karnataka,Tier 1,2025-04-23
CUST-26032,Bhopal,Madhya Pradesh,Tier 2,2024-02-12
CUST-26033,Chennai,Tamil Nadu,Tier 1,2024-05-20
CUST-26034,Chandigarh,Punjab,Tier 2,2025-01-08
CUST-26035,Kolkata,West Bengal,Tier 1,2025-05-30
CUST-26036,Chennai,Tamil Nadu,Tier 1,2025-05-14
CUST-26037,Indore,Madhya Pradesh,Tier 2,2024-10-05
CUST-26038,Pune,Maharashtra,Tier 1,2024-11-21
CUST-26039,Chennai,Tamil Nadu,Tier 1,2025-02-21
CUST-26040,Delhi NCR,Delhi,Tier 1,2025-07-06
CUST-26041,Coimbatore,Tamil Nadu,Tier 2,2025-08-24
CUST-26042,Mumbai,Maharashtra,Tier 1,2024-11-03
CUST-26043,Bhopal,Madhya Pradesh,Tier 2,2025-10-18
CUST-26044,Hyderabad,Telangana,Tier 1,2024-11-02
CUST-26045,Pune,Maharashtra,Tier 1,2025-04-14
CUST-26046,Nagpur,Maharashtra,Tier 2,2024-07-02
CUST-26047,Delhi NCR,Delhi,Tier 1,2025-09-22
CUST-26048,Pune,Maharashtra,Tier 1,2025-09-16
CUST-26049,Chandigarh,Punjab,Tier 2,2024-10-17
CUST-26050,Chandigarh,Punjab,Tier 2,2024-09-05
CUST-26051,Kolkata,West Bengal,Tier 1,2024-11-19
CUST-26052,Pune,Maharashtra,Tier 1,2025-03-18
CUST-26053,Chandigarh,Punjab,Tier 2,2025-08-26
CUST-26054,Patna,Bihar,Tier 2,2024-02-28
CUST-26055,Chandigarh,Punjab,Tier 2,2024-09-25
CUST-26056,Hyderabad,Telangana,Tier 1,2024-11-13
CUST-26057,Visakhapatnam,Andhra Pradesh,Tier 2,2024-04-03
CUST-26058,Chennai,Tamil Nadu,Tier 1,2024-09-10
CUST-26059,Mumbai,Maharashtra,Tier 1,2025-11-17
CUST-26060,Hyderabad,Telangana,Tier 1,2025-04-04
CUST-26061,Delhi NCR,Delhi,Tier 1,2025-05-29
CUST-26062,Delhi NCR,Delhi,Tier 1,2025-06-16
CUST-26063,Hyderabad,Telangana,Tier 1,2024-04-13
CUST-26064,Mumbai,Maharashtra,Tier 1,2025-02-05
CUST-26065,Lucknow,Uttar Pradesh,Tier 2,2024-11-28
CUST-26066,Mumbai,Maharashtra,Tier 1,2025-08-30
CUST-26067,Bangalore,Karnataka,Tier 1,2024-04-02
CUST-26068,Delhi NCR,Delhi,Tier 1,2025-07-10
CUST-26069,Mumbai,Maharashtra,Tier 1,2025-07-27
CUST-26070,Bangalore,Karnataka,Tier 1,2025-06-25
CUST-26071,Pune,Maharashtra,Tier 1,2025-03-12
CUST-26072,Bhubaneswar,Odisha,Tier 2,2024-01-10
CUST-26073,Bhopal,Madhya Pradesh,Tier 2,2025-03-31
CUST-26074,Bhopal,Madhya Pradesh,Tier 2,2025-02-18
CUST-26075,Delhi NCR,Delhi,Tier 1,2025-06-01
CUST-26076,Bangalore,Karnataka,Tier 1,2025-01-09
CUST-26077,Mumbai,Maharashtra,Tier 1,2025-06-14
CUST-26078,Kochi,Kerala,Tier 2,2025-06-07
CUST-26079,Mumbai,Maharashtra,Tier 1,2025-01-07
CUST-26080,Kolkata,West Bengal,Tier 1,2025-09-06
CUST-26081,Bangalore,Karnataka,Tier 1,2025-03-14
CUST-26082,Bangalore,Karnataka,Tier 1,2024-07-13
CUST-26083,Visakhapatnam,Andhra Pradesh,Tier 2,2024-09-21
CUST-26084,Chandigarh,Punjab,Tier 2,2025-05-21
CUST-26085,Patna,Bihar,Tier 2,2025-10-07
CUST-26086,Pune,Maharashtra,Tier 1,2025-03-01
CUST-26087,Bhopal,Madhya Pradesh,Tier 2,2025-11-19
CUST-26088,Pune,Maharashtra,Tier 1,2024-04-08
CUST-26089,Bhubaneswar,Odisha,Tier 2,2024-01-30
CUST-26090,Hyderabad,Telangana,Tier 1,2024-10-17
CUST-26091,Pune,Maharashtra,Tier 1,2025-07-28
CUST-26092,Lucknow,Uttar Pradesh,Tier 2,2025-05-01
CUST-26093,Chennai,Tamil Nadu,Tier 1,2025-02-09
CUST-26094,Bhopal,Madhya Pradesh,Tier 2,2024-01-28
CUST-26095,Visakhapatnam,Andhra Pradesh,Tier 2,2024-05-25
CUST-26096,Kolkata,West Bengal,Tier 1,2024-10-14
CUST-26097,Chennai,Tamil Nadu,Tier 1,2025-08-03
CUST-26098,Kolkata,West Bengal,Tier 1,2024-09-08
CUST-26099,Patna,Bihar,Tier 2,2024-06-10
CUST-26100,Pune,Maharashtra,Tier 1,2024-04-19
CUST-26101,Mumbai,Maharashtra,Tier 1,2025-10-05
CUST-26102,Kolkata,West Bengal,Tier 1,2025-02-01
CUST-26103,Mumbai,Maharashtra,Tier 1,2024-09-27
CUST-26104,Kochi,Kerala,Tier 2,2024-07-06
CUST-26105,Hyderabad,Telangana,Tier 1,2025-06-15
CUST-26106,Kolkata,West Bengal,Tier 1,2024-10-02
CUST-26107,Indore,Madhya Pradesh,Tier 2,2025-11-19
CUST-26108,Mumbai,Maharashtra,Tier 1,2025-09-02
CUST-26109,Delhi NCR,Delhi,Tier 1,2024-09-03
CUST-26110,Chennai,Tamil Nadu,Tier 1,2024-11-19
CUST-26111,Bangalore,Karnataka,Tier 1,2024-01-18
CUST-26112,Hyderabad,Telangana,Tier 1,2025-02-11
CUST-26113,Visakhapatnam,Andhra Pradesh,Tier 2,2025-02-14
CUST-26114,Patna,Bihar,Tier 2,2024-05-04
CUST-26115,Coimbatore,Tamil Nadu,Tier 2,2024-11-15
CUST-26116,Nagpur,Maharashtra,Tier 2,2024-06-01
CUST-26117,Hyderabad,Telangana,Tier 1,2025-08-03
CUST-26118,Hyderabad,Telangana,Tier 1,2025-10-19
CUST-26119,Bangalore,Karnataka,Tier 1,2025-07-10
CUST-26120,Patna,Bihar,Tier 2,2024-01-20
CUST-26121,Lucknow,Uttar Pradesh,Tier 2,2024-09-03
CUST-26122,Bangalore,Karnataka,Tier 1,2025-01-24
CUST-26123,Chennai,Tamil Nadu,Tier 1,2024-12-12
CUST-26124,Kolkata,West Bengal,Tier 1,2025-04-20
CUST-26125,Kolkata,West Bengal,Tier 1,2024-07-21
CUST-26126,Coimbatore,Tamil Nadu,Tier 2,2024-01-09
CUST-26127,Chennai,Tamil Nadu,Tier 1,2025-11-22
CUST-26128,Coimbatore,Tamil Nadu,Tier 2,2025-10-29
CUST-26129,Chennai,Tamil Nadu,Tier 1,2025-06-14
CUST-26130,Chandigarh,Punjab,Tier 2,2024-04-12
CUST-26131,Nagpur,Maharashtra,Tier 2,2024-09-02
CUST-26132,Coimbatore,Tamil Nadu,Tier 2,2025-08-19
CUST-26133,Mumbai,Maharashtra,Tier 1,2024-11-14
CUST-26134,Bangalore,Karnataka,Tier 1,2024-12-16
CUST-26135,Kolkata,West Bengal,Tier 1,2024-08-21
CUST-26136,Chennai,Tamil Nadu,Tier 1,2025-10-08
CUST-26137,Pune,Maharashtra,Tier 1,2024-02-06
CUST-26138,Bhubaneswar,Odisha,Tier 2,2024-12-10
CUST-26139,Delhi NCR,Delhi,Tier 1,2025-08-26
CUST-26140,Chennai,Tamil Nadu,Tier 1,2024-10-18
CUST-26141,Bangalore,Karnataka,Tier 1,2024-01-17
CUST-26142,Coimbatore,Tamil Nadu,Tier 2,2024-03-30
CUST-26143,Bhubaneswar,Odisha,Tier 2,2024-12-13
CUST-26144,Kolkata,West Bengal,Tier 1,2025-11-07
CUST-26145,Delhi NCR,Delhi,Tier 1,2025-03-19
CUST-26146,Kochi,Kerala,Tier 2,2024-09-09
CUST-26147,Lucknow,Uttar Pradesh,Tier 2,2025-08-15
CUST-26148,Hyderabad,Telangana,Tier 1,2024-07-02
CUST-26149,Coimbatore,Tamil Nadu,Tier 2,2024-10-16
CUST-26150,Visakhapatnam,Andhra Pradesh,Tier 2,2024-08-02
CUST-26151,Pune,Maharashtra,Tier 1,2024-06-06
CUST-26152,Pune,Maharashtra,Tier 1,2025-11-21
CUST-26153,Hyderabad,Telangana,Tier 1,2025-01-27
CUST-26154,Pune,Maharashtra,Tier 1,2024-01-20
CUST-26155,Chennai,Tamil Nadu,Tier 1,2025-04-15
CUST-26156,Hyderabad,Telangana,Tier 1,2025-03-06
CUST-26157,Mumbai,Maharashtra,Tier 1,2025-10-20
CUST-26158,Bangalore,Karnataka,Tier 1,2024-03-08
CUST-26159,Bangalore,Karnataka,Tier 1,2024-03-17
CUST-26160,Kolkata,West Bengal,Tier 1,2024-04-11
CUST-26161,Pune,Maharashtra,Tier 1,2025-10-13
CUST-26162,Pune,Maharashtra,Tier 1,2025-08-07
CUST-26163,Chennai,Tamil Nadu,Tier 1,2024-07-25
CUST-26164,Chennai,Tamil Nadu,Tier 1,2024-07-31
CUST-26165,Patna,Bihar,Tier 2,2024-03-19
CUST-26166,Kolkata,West Bengal,Tier 1,2024-04-22
CUST-26167,Visakhapatnam,Andhra Pradesh,Tier 2,2024-05-12
CUST-26168,Chennai,Tamil Nadu,Tier 1,2024-07-15
CUST-26169,Pune,Maharashtra,Tier 1,2024-01-25
CUST-26170,Mumbai,Maharashtra,Tier 1,2025-04-16
CUST-26171,Jaipur,Rajasthan,Tier 2,2025-09-04
CUST-26172,Patna,Bihar,Tier 2,2025-06-26
CUST-26173,Bhubaneswar,Odisha,Tier 2,2024-10-16
CUST-26174,Visakhapatnam,Andhra Pradesh,Tier 2,2024-09-12
CUST-26175,Hyderabad,Telangana,Tier 1,2024-07-24
CUST-26176,Pune,Maharashtra,Tier 1,2025-04-19
CUST-26177,Chennai,Tamil Nadu,Tier 1,2024-03-08
CUST-26178,Pune,Maharashtra,Tier 1,2024-08-02
CUST-26179,Delhi NCR,Delhi,Tier 1,2025-09-25
CUST-26180,Bhopal,Madhya Pradesh,Tier 2,2025-02-25
CUST-26181,Coimbatore,Tamil Nadu,Tier 2,2025-07-11
CUST-26182,Chennai,Tamil Nadu,Tier 1,2025-08-03
CUST-26183,Hyderabad,Telangana,Tier 1,2025-06-22
CUST-26184,Delhi NCR,Delhi,Tier 1,2025-11-13
CUST-26185,Lucknow,Uttar Pradesh,Tier 2,2025-04-06
CUST-26186,Hyderabad,Telangana,Tier 1,2025-03-30
CUST-26187,Coimbatore,Tamil Nadu,Tier 2,2024-10-27
CUST-26188,Jaipur,Rajasthan,Tier 2,2024-10-14
CUST-26189,Pune,Maharashtra,Tier 1,2024-01-02
CUST-26190,Pune,Maharashtra,Tier 1,2024-01-20
CUST-26191,Mumbai,Maharashtra,Tier 1,2025-04-21
CUST-26192,Nagpur,Maharashtra,Tier 2,2025-05-05
CUST-26193,Pune,Maharashtra,Tier 1,2024-09-13
CUST-26194,Visakhapatnam,Andhra Pradesh,Tier 2,2025-03-28
CUST-26195,Kolkata,West Bengal,Tier 1,2025-03-13
CUST-26196,Ahmedabad,Gujarat,Tier 2,2025-02-01
CUST-26197,Mumbai,Maharashtra,Tier 1,2024-06-01
CUST-26198,Pune,Maharashtra,Tier 1,2025-10-10
CUST-26199,Chandigarh,Punjab,Tier 2,2024-08-09
CUST-26200,Kochi,Kerala,Tier 2,2025-03-11
CUST-26201,Kochi,Kerala,Tier 2,2024-05-15
CUST-26202,Bangalore,Karnataka,Tier 1,2025-06-11
CUST-26203,Visakhapatnam,Andhra Pradesh,Tier 2,2025-09-17
CUST-26204,Visakhapatnam,Andhra Pradesh,Tier 2,2024-10-05
CUST-26205,Mumbai,Maharashtra,Tier 1,2025-08-07
CUST-26206,Nagpur,Maharashtra,Tier 2,2025-04-29
CUST-26207,Hyderabad,Telangana,Tier 1,2025-06-29
CUST-26208,Lucknow,Uttar Pradesh,Tier 2,2024-09-01
CUST-26209,Hyderabad,Telangana,Tier 1,2024-01-18
CUST-26210,Bhubaneswar,Odisha,Tier 2,2025-07-09
CUST-26211,Delhi NCR,Delhi,Tier 1,2024-05-22
CUST-26212,Kolkata,West Bengal,Tier 1,2025-05-15
CUST-26213,Chennai,Tamil Nadu,Tier 1,2025-06-10
CUST-26214,Hyderabad,Telangana,Tier 1,2024-04-02
CUST-26215,Pune,Maharashtra,Tier 1,2025-01-17
CUST-26216,Delhi NCR,Delhi,Tier 1,2024-10-05
CUST-26217,Ahmedabad,Gujarat,Tier 2,2025-03-24
CUST-26218,Visakhapatnam,Andhra Pradesh,Tier 2,2025-08-05
CUST-26219,Indore,Madhya Pradesh,Tier 2,2025-09-12
CUST-26220,Bhopal,Madhya Pradesh,Tier 2,2024-10-14
CUST-26221,Hyderabad,Telangana,Tier 1,2025-04-20
CUST-26222,Hyderabad,Telangana,Tier 1,2025-11-02
CUST-26223,Kolkata,West Bengal,Tier 1,2024-06-19
CUST-26224,Mumbai,Maharashtra,Tier 1,2025-06-08
CUST-26225,Bhubaneswar,Odisha,Tier 2,2025-01-06
CUST-26226,Delhi NCR,Delhi,Tier 1,2025-01-27
CUST-26227,Coimbatore,Tamil Nadu,Tier 2,2024-07-03
CUST-26228,Mumbai,Maharashtra,Tier 1,2025-05-24
CUST-26229,Indore,Madhya Pradesh,Tier 2,2025-03-07
CUST-26230,Delhi NCR,Delhi,Tier 1,2024-07-27
CUST-26231,Mumbai,Maharashtra,Tier 1,2024-11-24
CUST-26232,Ahmedabad,Gujarat,Tier 2,2024-12-26
CUST-26233,Hyderabad,Telangana,Tier 1,2025-03-19
CUST-26234,Ahmedabad,Gujarat,Tier 2,2025-03-16
CUST-26235,Kolkata,West Bengal,Tier 1,2025-01-03
CUST-26236,Delhi NCR,Delhi,Tier 1,2024-04-15
CUST-26237,Nagpur,Maharashtra,Tier 2,2024-11-20
CUST-26238,Chennai,Tamil Nadu,Tier 1,2024-08-19
CUST-26239,Ahmedabad,Gujarat,Tier 2,2024-09-05
CUST-26240,Kolkata,West Bengal,Tier 1,2024-11-12
CUST-26241,Pune,Maharashtra,Tier 1,2024-09-20
CUST-26242,Hyderabad,Telangana,Tier 1,2025-05-17
CUST-26243,Bangalore,Karnataka,Tier 1,2024-09-19
CUST-26244,Kolkata,West Bengal,Tier 1,2025-11-12
CUST-26245,Chennai,Tamil Nadu,Tier 1,2025-02-19
CUST-26246,Chennai,Tamil Nadu,Tier 1,2025-10-29
CUST-26247,Jaipur,Rajasthan,Tier 2,2024-03-10
CUST-26248,Lucknow,Uttar Pradesh,Tier 2,2024-08-21
CUST-26249,Mumbai,Maharashtra,Tier 1,2025-03-07
CUST-26250,Hyderabad,Telangana,Tier 1,2024-02-23
CUST-26251,Chennai,Tamil Nadu,Tier 1,2024-06-18
CUST-26252,Delhi NCR,Delhi,Tier 1,2024-02-05
CUST-26253,Bangalore,Karnataka,Tier 1,2024-09-15
CUST-26254,Mumbai,Maharashtra,Tier 1,2024-09-07
CUST-26255,Visakhapatnam,Andhra Pradesh,Tier 2,2024-01-13
CUST-26256,Ahmedabad,Gujarat,Tier 2,2025-11-01
CUST-26257,Mumbai,Maharashtra,Tier 1,2025-06-24
CUST-26258,Mumbai,Maharashtra,Tier 1,2024-02-26
CUST-26259,Ahmedabad,Gujarat,Tier 2,2024-06-09
CUST-26260,Chennai,Tamil Nadu,Tier 1,2025-03-12
CUST-26261,Kochi,Kerala,Tier 2,2024-08-17
CUST-26262,Nagpur,Maharashtra,Tier 2,2024-07-11
CUST-26263,Pune,Maharashtra,Tier 1,2025-09-11
CUST-26264,Bangalore,Karnataka,Tier 1,2024-12-22
CUST-26265,Kochi,Kerala,Tier 2,2024-12-17
CUST-26266,Bhubaneswar,Odisha,Tier 2,2024-09-14
CUST-26267,Pune,Maharashtra,Tier 1,2025-09-13
CUST-26268,Lucknow,Uttar Pradesh,Tier 2,2025-10-03
CUST-26269,Hyderabad,Telangana,Tier 1,2025-09-26
CUST-26270,Chennai,Tamil Nadu,Tier 1,2025-09-19
CUST-26271,Ahmedabad,Gujarat,Tier 2,2024-10-19
CUST-26272,Nagpur,Maharashtra,Tier 2,2025-01-20
CUST-26273,Pune,Maharashtra,Tier 1,2024-08-21
CUST-26274,Kochi,Kerala,Tier 2,2024-10-22
CUST-26275,Delhi NCR,Delhi,Tier 1,2025-06-20
CUST-26276,Bangalore,Karnataka,Tier 1,2025-01-13
CUST-26277,Kolkata,West Bengal,Tier 1,2025-11-08
CUST-26278,Delhi NCR,Delhi,Tier 1,2024-07-28
CUST-26279,Pune,Maharashtra,Tier 1,2025-06-22
CUST-26280,Hyderabad,Telangana,Tier 1,2024-06-26
CUST-26281,Kochi,Kerala,Tier 2,2025-07-09
CUST-26282,Indore,Madhya Pradesh,Tier 2,2024-03-12
CUST-26283,Chennai,Tamil Nadu,Tier 1,2025-05-22
CUST-26284,Delhi NCR,Delhi,Tier 1,2024-08-09
CUST-26285,Pune,Maharashtra,Tier 1,2024-08-15
CUST-26286,Visakhapatnam,Andhra Pradesh,Tier 2,2024-08-20
CUST-26287,Pune,Maharashtra,Tier 1,2024-09-24
CUST-26288,Mumbai,Maharashtra,Tier 1,2024-09-10
CUST-26289,Mumbai,Maharashtra,Tier 1,2025-11-05
CUST-26290,Hyderabad,Telangana,Tier 1,2024-01-06
CUST-26291,Bangalore,Karnataka,Tier 1,2024-02-16
CUST-26292,Indore,Madhya Pradesh,Tier 2,2025-02-10
CUST-26293,Patna,Bihar,Tier 2,2025-08-02
CUST-26294,Bangalore,Karnataka,Tier 1,2024-09-10
CUST-26295,Hyderabad,Telangana,Tier 1,2025-03-24
CUST-26296,Bangalore,Karnataka,Tier 1,2024-02-28
CUST-26297,Coimbatore,Tamil Nadu,Tier 2,2025-01-27
CUST-26298,Kolkata,West Bengal,Tier 1,2025-09-22
CUST-26299,Jaipur,Rajasthan,Tier 2,2025-11-28
CUST-26300,Chennai,Tamil Nadu,Tier 1,2025-07-13
CUST-26301,Pune,Maharashtra,Tier 1,2024-07-09
CUST-26302,Chennai,Tamil Nadu,Tier 1,2024-09-21
CUST-26303,Hyderabad,Telangana,Tier 1,2025-11-14
CUST-26304,Pune,Maharashtra,Tier 1,2025-07-11
CUST-26305,Pune,Maharashtra,Tier 1,2024-05-22
CUST-26306,Hyderabad,Telangana,Tier 1,2024-09-02
CUST-26307,Delhi NCR,Delhi,Tier 1,2024-08-03
CUST-26308,Hyderabad,Telangana,Tier 1,2025-03-12
CUST-26309,Chennai,Tamil Nadu,Tier 1,2025-11-18
CUST-26310,Pune,Maharashtra,Tier 1,2025-04-20
CUST-26311,Nagpur,Maharashtra,Tier 2,2025-01-18
CUST-26312,Mumbai,Maharashtra,Tier 1,2025-10-18
CUST-26313,Bangalore,Karnataka,Tier 1,2025-06-30
CUST-26314,Bangalore,Karnataka,Tier 1,2025-02-18
CUST-26315,Kolkata,West Bengal,Tier 1,2024-05-11
CUST-26316,Chennai,Tamil Nadu,Tier 1,2025-02-01
CUST-26317,Ahmedabad,Gujarat,Tier 2,2025-05-21
CUST-26318,Bangalore,Karnataka,Tier 1,2024-06-01
CUST-26319,Pune,Maharashtra,Tier 1,2025-07-13
CUST-26320,Coimbatore,Tamil Nadu,Tier 2,2024-06-16
CUST-26321,Coimbatore,Tamil Nadu,Tier 2,2025-11-20
CUST-26322,Bhubaneswar,Odisha,Tier 2,2025-08-29
CUST-26323,Kochi,Kerala,Tier 2,2024-08-17
CUST-26324,Coimbatore,Tamil Nadu,Tier 2,2025-02-07
CUST-26325,Bangalore,Karnataka,Tier 1,2024-05-23
CUST-26326,Bangalore,Karnataka,Tier 1,2025-11-06
CUST-26327,Mumbai,Maharashtra,Tier 1,2025-06-14
CUST-26328,Lucknow,Uttar Pradesh,Tier 2,2024-03-08
CUST-26329,Nagpur,Maharashtra,Tier 2,2024-04-07
CUST-26330,Bangalore,Karnataka,Tier 1,2024-01-07
CUST-26331,Pune,Maharashtra,Tier 1,2024-06-25
CUST-26332,Chandigarh,Punjab,Tier 2,2024-07-24
CUST-26333,Nagpur,Maharashtra,Tier 2,2024-10-25
CUST-26334,Pune,Maharashtra,Tier 1,2024-08-16
CUST-26335,Bhubaneswar,Odisha,Tier 2,2025-09-22
CUST-26336,Hyderabad,Telangana,Tier 1,2024-09-26
CUST-26337,Hyderabad,Telangana,Tier 1,2024-03-21
CUST-26338,Kolkata,West Bengal,Tier 1,2025-11-02
CUST-26339,Chennai,Tamil Nadu,Tier 1,2024-07-06
CUST-26340,Mumbai,Maharashtra,Tier 1,2025-11-30
CUST-26341,Ahmedabad,Gujarat,Tier 2,2025-05-15
CUST-26342,Chandigarh,Punjab,Tier 2,2025-05-01
CUST-26343,Chandigarh,Punjab,Tier 2,2025-05-02
CUST-26344,Hyderabad,Telangana,Tier 1,2025-04-22
CUST-26345,Kolkata,West Bengal,Tier 1,2024-10-15
CUST-26346,Hyderabad,Telangana,Tier 1,2024-04-15
CUST-26347,Mumbai,Maharashtra,Tier 1,2025-10-02
CUST-26348,Pune,Maharashtra,Tier 1,2025-08-31
CUST-26349,Delhi NCR,Delhi,Tier 1,2025-07-29
CUST-26350,Mumbai,Maharashtra,Tier 1,2025-10-01
CUST-26351,Chandigarh,Punjab,Tier 2,2024-08-10
CUST-26352,Mumbai,Maharashtra,Tier 1,2025-01-16
CUST-26353,Bhubaneswar,Odisha,Tier 2,2024-04-13
CUST-26354,Kolkata,West Bengal,Tier 1,2025-10-25
CUST-26355,Visakhapatnam,Andhra Pradesh,Tier 2,2024-04-23
CUST-26356,Mumbai,Maharashtra,Tier 1,2025-05-22
CUST-26357,Pune,Maharashtra,Tier 1,2024-02-24
CUST-26358,Hyderabad,Telangana,Tier 1,2024-04-30
CUST-26359,Patna,Bihar,Tier 2,2024-08-04
CUST-26360,Hyderabad,Telangana,Tier 1,2025-09-26
CUST-26361,Bangalore,Karnataka,Tier 1,2024-01-03
CUST-26362,Bhopal,Madhya Pradesh,Tier 2,2024-04-01
CUST-26363,Chennai,Tamil Nadu,Tier 1,2025-02-10
CUST-26364,Mumbai,Maharashtra,Tier 1,2025-11-06
CUST-26365,Chennai,Tamil Nadu,Tier 1,2025-03-16
CUST-26366,Jaipur,Rajasthan,Tier 2,2025-09-22
CUST-26367,Bangalore,Karnataka,Tier 1,2025-03-07
CUST-26368,Chennai,Tamil Nadu,Tier 1,2024-03-01
CUST-26369,Mumbai,Maharashtra,Tier 1,2025-04-17
CUST-26370,Pune,Maharashtra,Tier 1,2024-09-03
CUST-26371,Chandigarh,Punjab,Tier 2,2025-01-06
CUST-26372,Chennai,Tamil Nadu,Tier 1,2024-10-15
CUST-26373,Chennai,Tamil Nadu,Tier 1,2025-08-12
CUST-26374,Mumbai,Maharashtra,Tier 1,2024-01-24
CUST-26375,Bangalore,Karnataka,Tier 1,2025-02-09
CUST-26376,Delhi NCR,Delhi,Tier 1,2024-11-03
CUST-26377,Kolkata,West Bengal,Tier 1,2025-09-04
CUST-26378,Kolkata,West Bengal,Tier 1,2025-01-06
CUST-26379,Bhubaneswar,Odisha,Tier 2,2025-09-26
CUST-26380,Mumbai,Maharashtra,Tier 1,2024-08-02
CUST-26381,Pune,Maharashtra,Tier 1,2024-09-18
CUST-26382,Kolkata,West Bengal,Tier 1,2024-12-11
CUST-26383,Kolkata,West Bengal,Tier 1,2025-02-16
CUST-26384,Bhopal,Madhya Pradesh,Tier 2,2024-05-02
CUST-26385,Bangalore,Karnataka,Tier 1,2024-11-15
CUST-26386,Mumbai,Maharashtra,Tier 1,2024-12-02
CUST-26387,Jaipur,Rajasthan,Tier 2,2024-06-06
CUST-26388,Hyderabad,Telangana,Tier 1,2024-11-22
CUST-26389,Mumbai,Maharashtra,Tier 1,2025-10-22
CUST-26390,Bangalore,Karnataka,Tier 1,2024-03-05
CUST-26391,Hyderabad,Telangana,Tier 1,2025-01-03
CUST-26392,Pune,Maharashtra,Tier 1,2024-01-04
CUST-26393,Delhi NCR,Delhi,Tier 1,2025-11-16
CUST-26394,Chennai,Tamil Nadu,Tier 1,2025-10-09
CUST-26395,Kolkata,West Bengal,Tier 1,2024-02-29
CUST-26396,Chennai,Tamil Nadu,Tier 1,2024-02-14
CUST-26397,Visakhapatnam,Andhra Pradesh,Tier 2,2025-08-06
CUST-26398,Mumbai,Maharashtra,Tier 1,2025-08-29
CUST-26399,Bhubaneswar,Odisha,Tier 2,2025-06-26
CUST-26400,Pune,Maharashtra,Tier 1,2024-06-04
CUST-26401,Kochi,Kerala,Tier 2,2024-03-04
CUST-26402,Chennai,Tamil Nadu,Tier 1,2025-02-24
CUST-26403,Chennai,Tamil Nadu,Tier 1,2024-11-18
CUST-26404,Bhopal,Madhya Pradesh,Tier 2,2024-04-18
CUST-26405,Coimbatore,Tamil Nadu,Tier 2,2025-04-07
CUST-26406,Bangalore,Karnataka,Tier 1,2025-08-02
CUST-26407,Bangalore,Karnataka,Tier 1,2025-06-30
CUST-26408,Kolkata,West Bengal,Tier 1,2024-09-07
CUST-26409,Coimbatore,Tamil Nadu,Tier 2,2025-05-24
CUST-26410,Hyderabad,Telangana,Tier 1,2025-07-01
CUST-26411,Jaipur,Rajasthan,Tier 2,2025-03-16
CUST-26412,Lucknow,Uttar Pradesh,Tier 2,2025-03-29
CUST-26413,Kochi,Kerala,Tier 2,2025-10-05
CUST-26414,Pune,Maharashtra,Tier 1,2025-11-09
CUST-26415,Chennai,Tamil Nadu,Tier 1,2024-09-30
CUST-26416,Bhubaneswar,Odisha,Tier 2,2024-02-29
CUST-26417,Pune,Maharashtra,Tier 1,2024-12-07
CUST-26418,Ahmedabad,Gujarat,Tier 2,2025-01-28
CUST-26419,Hyderabad,Telangana,Tier 1,2024-04-22
CUST-26420,Jaipur,Rajasthan,Tier 2,2024-08-08
CUST-26421,Bangalore,Karnataka,Tier 1,2024-03-08
CUST-26422,Bangalore,Karnataka,Tier 1,2024-11-10
CUST-26423,Ahmedabad,Gujarat,Tier 2,2025-04-11
CUST-26424,Kolkata,West Bengal,Tier 1,2024-09-19
CUST-26425,Lucknow,Uttar Pradesh,Tier 2,2024-05-10
CUST-26426,Bangalore,Karnataka,Tier 1,2025-02-27
CUST-26427,Pune,Maharashtra,Tier 1,2024-09-23
CUST-26428,Chennai,Tamil Nadu,Tier 1,2024-07-30
CUST-26429,Pune,Maharashtra,Tier 1,2025-07-16
CUST-26430,Hyderabad,Telangana,Tier 1,2024-10-14
CUST-26431,Ahmedabad,Gujarat,Tier 2,2025-02-28
CUST-26432,Indore,Madhya Pradesh,Tier 2,2025-07-07
CUST-26433,Bangalore,Karnataka,Tier 1,2024-08-31
CUST-26434,Hyderabad,Telangana,Tier 1,2025-09-24
CUST-26435,Jaipur,Rajasthan,Tier 2,2024-11-29
CUST-26436,Lucknow,Uttar Pradesh,Tier 2,2024-11-23
CUST-26437,Lucknow,Uttar Pradesh,Tier 2,2024-04-15
CUST-26438,Lucknow,Uttar Pradesh,Tier 2,2024-03-19
CUST-26439,Chennai,Tamil Nadu,Tier 1,2024-06-13
CUST-26440,Chennai,Tamil Nadu,Tier 1,2025-09-22
CUST-26441,Bangalore,Karnataka,Tier 1,2024-02-26
CUST-26442,Delhi NCR,Delhi,Tier 1,2024-07-06
CUST-26443,Lucknow,Uttar Pradesh,Tier 2,2024-02-21
CUST-26444,Delhi NCR,Delhi,Tier 1,2024-03-12
CUST-26445,Nagpur,Maharashtra,Tier 2,2024-11-19
CUST-26446,Patna,Bihar,Tier 2,2025-09-03
CUST-26447,Bhopal,Madhya Pradesh,Tier 2,2024-12-03
CUST-26448,Coimbatore,Tamil Nadu,Tier 2,2024-06-03
CUST-26449,Chennai,Tamil Nadu,Tier 1,2024-02-28
CUST-26450,Patna,Bihar,Tier 2,2024-10-01
CUST-26451,Delhi NCR,Delhi,Tier 1,2024-07-19
CUST-26452,Mumbai,Maharashtra,Tier 1,2024-10-21
CUST-26453,Kochi,Kerala,Tier 2,2024-11-17
CUST-26454,Mumbai,Maharashtra,Tier 1,2024-11-24
CUST-26455,Visakhapatnam,Andhra Pradesh,Tier 2,2025-01-24
CUST-26456,Jaipur,Rajasthan,Tier 2,2024-10-10
CUST-26457,Chandigarh,Punjab,Tier 2,2024-06-24
CUST-26458,Bangalore,Karnataka,Tier 1,2025-09-01
CUST-26459,Jaipur,Rajasthan,Tier 2,2024-12-14
CUST-26460,Mumbai,Maharashtra,Tier 1,2025-03-07
CUST-26461,Patna,Bihar,Tier 2,2025-11-24
CUST-26462,Delhi NCR,Delhi,Tier 1,2025-01-16
CUST-26463,Lucknow,Uttar Pradesh,Tier 2,2024-09-28
CUST-26464,Bangalore,Karnataka,Tier 1,2025-05-06
CUST-26465,Mumbai,Maharashtra,Tier 1,2025-06-30
CUST-26466,Kolkata,West Bengal,Tier 1,2024-11-26
CUST-26467,Delhi NCR,Delhi,Tier 1,2025-08-21
CUST-26468,Ahmedabad,Gujarat,Tier 2,2024-06-06
CUST-26469,Bangalore,Karnataka,Tier 1,2025-03-07
CUST-26470,Hyderabad,Telangana,Tier 1,2024-11-20
CUST-26471,Pune,Maharashtra,Tier 1,2024-04-25
CUST-26472,Hyderabad,Telangana,Tier 1,2025-06-03
CUST-26473,Chennai,Tamil Nadu,Tier 1,2025-09-10
CUST-26474,Indore,Madhya Pradesh,Tier 2,2025-09-10
CUST-26475,Delhi NCR,Delhi,Tier 1,2025-09-17
CUST-26476,Mumbai,Maharashtra,Tier 1,2025-03-10
CUST-26477,Hyderabad,Telangana,Tier 1,2025-06-05
CUST-26478,Chennai,Tamil Nadu,Tier 1,2025-07-25
CUST-26479,Kolkata,West Bengal,Tier 1,2024-09-22
CUST-26480,Chennai,Tamil Nadu,Tier 1,2025-02-01
CUST-26481,Kochi,Kerala,Tier 2,2024-04-11
CUST-26482,Mumbai,Maharashtra,Tier 1,2024-03-03
CUST-26483,Chennai,Tamil Nadu,Tier 1,2025-11-17
CUST-26484,Chennai,Tamil Nadu,Tier 1,2025-05-25
CUST-26485,Pune,Maharashtra,Tier 1,2024-08-09
CUST-26486,Bhubaneswar,Odisha,Tier 2,2025-03-11
CUST-26487,Kolkata,West Bengal,Tier 1,2024-07-08
CUST-26488,Visakhapatnam,Andhra Pradesh,Tier 2,2025-10-01
CUST-26489,Hyderabad,Telangana,Tier 1,2024-11-29
CUST-26490,Mumbai,Maharashtra,Tier 1,2025-07-11
CUST-26491,Delhi NCR,Delhi,Tier 1,2025-08-03
CUST-26492,Chennai,Tamil Nadu,Tier 1,2024-10-27
CUST-26493,Hyderabad,Telangana,Tier 1,2024-12-16
CUST-26494,Delhi NCR,Delhi,Tier 1,2025-07-23
CUST-26495,Chennai,Tamil Nadu,Tier 1,2024-04-24
CUST-26496,Hyderabad,Telangana,Tier 1,2025-06-05
CUST-26497,Delhi NCR,Delhi,Tier 1,2025-01-01
CUST-26498,Hyderabad,Telangana,Tier 1,2024-09-25
CUST-26499,Coimbatore,Tamil Nadu,Tier 2,2024-03-26
CUST-26500,Hyderabad,Telangana,Tier 1,2025-01-12
CUST-26501,Ahmedabad,Gujarat,Tier 2,2024-05-26
CUST-26502,Pune,Maharashtra,Tier 1,2024-04-27
CUST-26503,Chennai,Tamil Nadu,Tier 1,2024-05-14
CUST-26504,Bangalore,Karnataka,Tier 1,2025-06-10
CUST-26505,Hyderabad,Telangana,Tier 1,2024-07-24
CUST-26506,Pune,Maharashtra,Tier 1,2024-08-20
CUST-26507,Hyderabad,Telangana,Tier 1,2024-03-06
CUST-26508,Bangalore,Karnataka,Tier 1,2024-01-04
CUST-26509,Delhi NCR,Delhi,Tier 1,2024-01-03
CUST-26510,Bhopal,Madhya Pradesh,Tier 2,2024-09-15
CUST-26511,Chennai,Tamil Nadu,Tier 1,2024-11-20
CUST-26512,Pune,Maharashtra,Tier 1,2024-08-27
CUST-26513,Kolkata,West Bengal,Tier 1,2025-08-27
CUST-26514,Bhopal,Madhya Pradesh,Tier 2,2025-06-18
CUST-26515,Kolkata,West Bengal,Tier 1,2024-11-13
CUST-26516,Kolkata,West Bengal,Tier 1,2025-08-21
CUST-26517,Nagpur,Maharashtra,Tier 2,2024-02-20
CUST-26518,Ahmedabad,Gujarat,Tier 2,2025-04-14
CUST-26519,Delhi NCR,Delhi,Tier 1,2024-02-12
CUST-26520,Delhi NCR,Delhi,Tier 1,2024-07-22
CUST-26521,Kochi,Kerala,Tier 2,2024-12-12
CUST-26522,Patna,Bihar,Tier 2,2024-02-27
CUST-26523,Kolkata,West Bengal,Tier 1,2024-02-28
CUST-26524,Kolkata,West Bengal,Tier 1,2025-11-10
CUST-26525,Pune,Maharashtra,Tier 1,2025-11-16
CUST-26526,Chennai,Tamil Nadu,Tier 1,2025-05-25
CUST-26527,Lucknow,Uttar Pradesh,Tier 2,2024-11-13
CUST-26528,Delhi NCR,Delhi,Tier 1,2025-03-08
CUST-26529,Bhubaneswar,Odisha,Tier 2,2025-01-06
CUST-26530,Chandigarh,Punjab,Tier 2,2024-07-25
CUST-26531,Pune,Maharashtra,Tier 1,2024-04-20
CUST-26532,Hyderabad,Telangana,Tier 1,2024-01-23
CUST-26533,Delhi NCR,Delhi,Tier 1,2025-03-03
CUST-26534,Chennai,Tamil Nadu,Tier 1,2025-11-14
CUST-26535,Jaipur,Rajasthan,Tier 2,2024-01-11
CUST-26536,Pune,Maharashtra,Tier 1,2025-07-25
CUST-26537,Chennai,Tamil Nadu,Tier 1,2025-05-29
CUST-26538,Pune,Maharashtra,Tier 1,2024-05-23
CUST-26539,Indore,Madhya Pradesh,Tier 2,2025-06-04
CUST-26540,Mumbai,Maharashtra,Tier 1,2024-10-20
CUST-26541,Chennai,Tamil Nadu,Tier 1,2024-11-20
CUST-26542,Chandigarh,Punjab,Tier 2,2024-07-11
CUST-26543,Kolkata,West Bengal,Tier 1,2024-10-17
CUST-26544,Jaipur,Rajasthan,Tier 2,2025-09-30
CUST-26545,Kolkata,West Bengal,Tier 1,2025-02-22
CUST-26546,Visakhapatnam,Andhra Pradesh,Tier 2,2025-04-04
CUST-26547,Mumbai,Maharashtra,Tier 1,2024-02-17
CUST-26548,Kolkata,West Bengal,Tier 1,2024-04-16
CUST-26549,Mumbai,Maharashtra,Tier 1,2024-09-20
CUST-26550,Delhi NCR,Delhi,Tier 1,2024-09-09
CUST-26551,Chennai,Tamil Nadu,Tier 1,2025-06-22
CUST-26552,Delhi NCR,Delhi,Tier 1,2025-06-04
CUST-26553,Bhubaneswar,Odisha,Tier 2,2024-06-06
CUST-26554,Bhubaneswar,Odisha,Tier 2,2025-06-09
CUST-26555,Hyderabad,Telangana,Tier 1,2024-01-29
CUST-26556,Pune,Maharashtra,Tier 1,2025-06-21
CUST-26557,Kolkata,West Bengal,Tier 1,2024-05-22
CUST-26558,Indore,Madhya Pradesh,Tier 2,2025-09-18
CUST-26559,Pune,Maharashtra,Tier 1,2024-08-05
CUST-26560,Mumbai,Maharashtra,Tier 1,2025-08-15
CUST-26561,Chandigarh,Punjab,Tier 2,2024-03-07
CUST-26562,Chandigarh,Punjab,Tier 2,2024-05-23
CUST-26563,Kolkata,West Bengal,Tier 1,2024-05-20
CUST-26564,Coimbatore,Tamil Nadu,Tier 2,2024-12-11
CUST-26565,Coimbatore,Tamil Nadu,Tier 2,2025-04-09
CUST-26566,Kolkata,West Bengal,Tier 1,2024-04-05
CUST-26567,Pune,Maharashtra,Tier 1,2025-02-11
CUST-26568,Visakhapatnam,Andhra Pradesh,Tier 2,2024-04-27
CUST-26569,Hyderabad,Telangana,Tier 1,2025-11-27
CUST-26570,Hyderabad,Telangana,Tier 1,2025-03-19
CUST-26571,Delhi NCR,Delhi,Tier 1,2025-01-14
CUST-26572,Coimbatore,Tamil Nadu,Tier 2,2024-10-04
CUST-26573,Chandigarh,Punjab,Tier 2,2024-12-26
CUST-26574,Delhi NCR,Delhi,Tier 1,2025-01-04
CUST-26575,Visakhapatnam,Andhra Pradesh,Tier 2,2025-09-13
CUST-26576,Ahmedabad,Gujarat,Tier 2,2024-07-30
CUST-26577,Patna,Bihar,Tier 2,2024-09-15
CUST-26578,Mumbai,Maharashtra,Tier 1,2025-11-06
CUST-26579,Kolkata,West Bengal,Tier 1,2024-04-06
CUST-26580,Lucknow,Uttar Pradesh,Tier 2,2024-07-28
CUST-26581,Kolkata,West Bengal,Tier 1,2025-07-01
CUST-26582,Jaipur,Rajasthan,Tier 2,2025-09-03
CUST-26583,Indore,Madhya Pradesh,Tier 2,2024-01-21
CUST-26584,Chennai,Tamil Nadu,Tier 1,2025-03-08
CUST-26585,Patna,Bihar,Tier 2,2025-09-07
CUST-26586,Delhi NCR,Delhi,Tier 1,2025-01-05
CUST-26587,Bangalore,Karnataka,Tier 1,2025-01-27
CUST-26588,Mumbai,Maharashtra,Tier 1,2025-09-15
CUST-26589,Hyderabad,Telangana,Tier 1,2024-08-06
CUST-26590,Chennai,Tamil Nadu,Tier 1,2025-05-18
CUST-26591,Indore,Madhya Pradesh,Tier 2,2025-09-23
CUST-26592,Jaipur,Rajasthan,Tier 2,2024-04-05
CUST-26593,Chennai,Tamil Nadu,Tier 1,2025-03-07
CUST-26594,Jaipur,Rajasthan,Tier 2,2024-07-06
CUST-26595,Mumbai,Maharashtra,Tier 1,2025-05-15
CUST-26596,Delhi NCR,Delhi,Tier 1,2025-01-09
CUST-26597,Pune,Maharashtra,Tier 1,2025-03-09
CUST-26598,Pune,Maharashtra,Tier 1,2025-02-26
CUST-26599,Kochi,Kerala,Tier 2,2024-05-23
CUST-26600,Chennai,Tamil Nadu,Tier 1,2025-06-23
CUST-26601,Ahmedabad,Gujarat,Tier 2,2025-05-13
CUST-26602,Lucknow,Uttar Pradesh,Tier 2,2024-01-06
CUST-26603,Bhubaneswar,Odisha,Tier 2,2024-11-12
CUST-26604,Bangalore,Karnataka,Tier 1,2024-08-17
CUST-26605,Kolkata,West Bengal,Tier 1,2024-05-01
CUST-26606,Pune,Maharashtra,Tier 1,2025-05-09
CUST-26607,Visakhapatnam,Andhra Pradesh,Tier 2,2025-09-08
CUST-26608,Bangalore,Karnataka,Tier 1,2025-04-19
CUST-26609,Kolkata,West Bengal,Tier 1,2025-07-27
CUST-26610,Hyderabad,Telangana,Tier 1,2025-05-22
CUST-26611,Kolkata,West Bengal,Tier 1,2025-08-14
CUST-26612,Bangalore,Karnataka,Tier 1,2024-06-23
CUST-26613,Mumbai,Maharashtra,Tier 1,2025-06-04
CUST-26614,Pune,Maharashtra,Tier 1,2025-11-22
CUST-26615,Hyderabad,Telangana,Tier 1,2024-09-27
CUST-26616,Delhi NCR,Delhi,Tier 1,2025-11-04
CUST-26617,Hyderabad,Telangana,Tier 1,2025-07-25
CUST-26618,Mumbai,Maharashtra,Tier 1,2024-07-04
CUST-26619,Bhubaneswar,Odisha,Tier 2,2025-08-09
CUST-26620,Pune,Maharashtra,Tier 1,2024-04-03
CUST-26621,Indore,Madhya Pradesh,Tier 2,2025-08-01
CUST-26622,Chennai,Tamil Nadu,Tier 1,2025-05-28
CUST-26623,Coimbatore,Tamil Nadu,Tier 2,2024-06-26
CUST-26624,Kolkata,West Bengal,Tier 1,2025-10-15
CUST-26625,Pune,Maharashtra,Tier 1,2025-07-09
CUST-26626,Kolkata,West Bengal,Tier 1,2025-11-16
CUST-26627,Ahmedabad,Gujarat,Tier 2,2024-10-21
CUST-26628,Pune,Maharashtra,Tier 1,2024-08-18
CUST-26629,Bangalore,Karnataka,Tier 1,2024-08-23
CUST-26630,Delhi NCR,Delhi,Tier 1,2024-04-02
CUST-26631,Pune,Maharashtra,Tier 1,2025-05-01
CUST-26632,Kolkata,West Bengal,Tier 1,2024-02-13
CUST-26633,Delhi NCR,Delhi,Tier 1,2025-06-22
CUST-26634,Chennai,Tamil Nadu,Tier 1,2025-04-19
CUST-26635,Kolkata,West Bengal,Tier 1,2024-02-08
CUST-26636,Patna,Bihar,Tier 2,2025-01-19
CUST-26637,Mumbai,Maharashtra,Tier 1,2025-03-10
CUST-26638,Hyderabad,Telangana,Tier 1,2024-10-15
CUST-26639,Indore,Madhya Pradesh,Tier 2,2024-09-04
CUST-26640,Pune,Maharashtra,Tier 1,2025-07-15
CUST-26641,Hyderabad,Telangana,Tier 1,2024-12-24
CUST-26642,Patna,Bihar,Tier 2,2025-03-13
CUST-26643,Kolkata,West Bengal,Tier 1,2024-07-27
CUST-26644,Kolkata,West Bengal,Tier 1,2024-05-03
CUST-26645,Visakhapatnam,Andhra Pradesh,Tier 2,2025-02-06
CUST-26646,Bhubaneswar,Odisha,Tier 2,2024-10-10
CUST-26647,Hyderabad,Telangana,Tier 1,2025-10-24
CUST-26648,Delhi NCR,Delhi,Tier 1,2025-07-29
CUST-26649,Hyderabad,Telangana,Tier 1,2024-08-28
CUST-26650,Mumbai,Maharashtra,Tier 1,2024-06-15
CUST-26651,Mumbai,Maharashtra,Tier 1,2025-07-14
CUST-26652,Chennai,Tamil Nadu,Tier 1,2025-11-29
CUST-26653,Nagpur,Maharashtra,Tier 2,2024-05-27
CUST-26654,Bhopal,Madhya Pradesh,Tier 2,2025-09-14
CUST-26655,Kolkata,West Bengal,Tier 1,2024-09-21
CUST-26656,Pune,Maharashtra,Tier 1,2025-05-15
CUST-26657,Mumbai,Maharashtra,Tier 1,2024-10-05
CUST-26658,Bangalore,Karnataka,Tier 1,2024-06-07
CUST-26659,Mumbai,Maharashtra,Tier 1,2024-02-29
CUST-26660,Chandigarh,Punjab,Tier 2,2025-05-13
CUST-26661,Delhi NCR,Delhi,Tier 1,2024-11-12
CUST-26662,Bhopal,Madhya Pradesh,Tier 2,2025-08-09
CUST-26663,Pune,Maharashtra,Tier 1,2025-05-02
CUST-26664,Bangalore,Karnataka,Tier 1,2025-04-09
CUST-26665,Delhi NCR,Delhi,Tier 1,2024-08-15
CUST-26666,Pune,Maharashtra,Tier 1,2025-10-27
CUST-26667,Coimbatore,Tamil Nadu,Tier 2,2024-12-21
CUST-26668,Ahmedabad,Gujarat,Tier 2,2025-04-10
CUST-26669,Hyderabad,Telangana,Tier 1,2024-08-14
CUST-26670,Pune,Maharashtra,Tier 1,2024-06-17
CUST-26671,Hyderabad,Telangana,Tier 1,2024-10-10
CUST-26672,Visakhapatnam,Andhra Pradesh,Tier 2,2024-09-18
CUST-26673,Chandigarh,Punjab,Tier 2,2024-12-29
CUST-26674,Pune,Maharashtra,Tier 1,2025-06-04
CUST-26675,Chennai,Tamil Nadu,Tier 1,2024-04-07
CUST-26676,Pune,Maharashtra,Tier 1,2024-01-12
CUST-26677,Hyderabad,Telangana,Tier 1,2025-08-05
CUST-26678,Mumbai,Maharashtra,Tier 1,2025-02-20
CUST-26679,Chennai,Tamil Nadu,Tier 1,2025-05-15
CUST-26680,Nagpur,Maharashtra,Tier 2,2024-05-14
CUST-26681,Pune,Maharashtra,Tier 1,2024-09-15
CUST-26682,Mumbai,Maharashtra,Tier 1,2025-05-31
CUST-26683,Coimbatore,Tamil Nadu,Tier 2,2024-10-20
CUST-26684,Bangalore,Karnataka,Tier 1,2025-09-02
CUST-26685,Bangalore,Karnataka,Tier 1,2025-03-15
CUST-26686,Hyderabad,Telangana,Tier 1,2024-05-30
CUST-26687,Pune,Maharashtra,Tier 1,2025-04-25
CUST-26688,Kolkata,West Bengal,Tier 1,2024-09-14
CUST-26689,Kolkata,West Bengal,Tier 1,2024-05-28
CUST-26690,Ahmedabad,Gujarat,Tier 2,2024-05-21
CUST-26691,Hyderabad,Telangana,Tier 1,2024-09-07
CUST-26692,Kochi,Kerala,Tier 2,2025-10-05
CUST-26693,Delhi NCR,Delhi,Tier 1,2024-02-16
CUST-26694,Kochi,Kerala,Tier 2,2025-01-06
CUST-26695,Jaipur,Rajasthan,Tier 2,2024-04-03
CUST-26696,Lucknow,Uttar Pradesh,Tier 2,2024-12-21
CUST-26697,Kolkata,West Bengal,Tier 1,2025-06-15
CUST-26698,Jaipur,Rajasthan,Tier 2,2025-11-22
CUST-26699,Mumbai,Maharashtra,Tier 1,2024-09-28
CUST-26700,Patna,Bihar,Tier 2,2025-03-04
CUST-26701,Mumbai,Maharashtra,Tier 1,2025-10-09
CUST-26702,Delhi NCR,Delhi,Tier 1,2024-03-04
CUST-26703,Pune,Maharashtra,Tier 1,2024-06-12
CUST-26704,Chandigarh,Punjab,Tier 2,2025-01-23
CUST-26705,Mumbai,Maharashtra,Tier 1,2025-04-13
CUST-26706,Nagpur,Maharashtra,Tier 2,2025-07-03
CUST-26707,Visakhapatnam,Andhra Pradesh,Tier 2,2025-06-14
CUST-26708,Pune,Maharashtra,Tier 1,2025-08-08
CUST-26709,Kolkata,West Bengal,Tier 1,2025-10-14
CUST-26710,Chandigarh,Punjab,Tier 2,2024-01-17
CUST-26711,Hyderabad,Telangana,Tier 1,2025-08-29
CUST-26712,Kolkata,West Bengal,Tier 1,2024-10-27
CUST-26713,Nagpur,Maharashtra,Tier 2,2024-03-28
CUST-26714,Bhubaneswar,Odisha,Tier 2,2025-07-16
CUST-26715,Nagpur,Maharashtra,Tier 2,2024-09-01
CUST-26716,Bangalore,Karnataka,Tier 1,2025-04-11
CUST-26717,Bangalore,Karnataka,Tier 1,2025-03-17
CUST-26718,Hyderabad,Telangana,Tier 1,2024-04-22
CUST-26719,Chennai,Tamil Nadu,Tier 1,2025-03-17
CUST-26720,Hyderabad,Telangana,Tier 1,2024-01-08
CUST-26721,Chennai,Tamil Nadu,Tier 1,2025-07-02
CUST-26722,Pune,Maharashtra,Tier 1,2025-07-12
CUST-26723,Chandigarh,Punjab,Tier 2,2024-04-09
CUST-26724,Ahmedabad,Gujarat,Tier 2,2024-12-10
CUST-26725,Indore,Madhya Pradesh,Tier 2,2025-11-15
CUST-26726,Mumbai,Maharashtra,Tier 1,2025-04-25
CUST-26727,Mumbai,Maharashtra,Tier 1,2024-12-07
CUST-26728,Kochi,Kerala,Tier 2,2024-08-21
CUST-26729,Kolkata,West Bengal,Tier 1,2024-08-22
CUST-26730,Pune,Maharashtra,Tier 1,2024-05-05
CUST-26731,Mumbai,Maharashtra,Tier 1,2025-11-20
CUST-26732,Bangalore,Karnataka,Tier 1,2025-04-21
CUST-26733,Pune,Maharashtra,Tier 1,2025-11-15
CUST-26734,Bhopal,Madhya Pradesh,Tier 2,2025-01-06
CUST-26735,Nagpur,Maharashtra,Tier 2,2024-04-29
CUST-26736,Kolkata,West Bengal,Tier 1,2025-06-25
CUST-26737,Kolkata,West Bengal,Tier 1,2025-07-13
CUST-26738,Patna,Bihar,Tier 2,2024-06-27
CUST-26739,Kolkata,West Bengal,Tier 1,2024-04-03
CUST-26740,Kolkata,West Bengal,Tier 1,2025-07-20
CUST-26741,Coimbatore,Tamil Nadu,Tier 2,2024-10-28
CUST-26742,Kochi,Kerala,Tier 2,2025-02-21
CUST-26743,Coimbatore,Tamil Nadu,Tier 2,2025-08-08
CUST-26744,Bangalore,Karnataka,Tier 1,2025-03-27
CUST-26745,Kolkata,West Bengal,Tier 1,2025-02-20
CUST-26746,Patna,Bihar,Tier 2,2024-05-01
CUST-26747,Delhi NCR,Delhi,Tier 1,2024-02-26
CUST-26748,Kochi,Kerala,Tier 2,2024-05-18
CUST-26749,Delhi NCR,Delhi,Tier 1,2024-07-17
CUST-26750,Indore,Madhya Pradesh,Tier 2,2024-12-26
CUST-26751,Pune,Maharashtra,Tier 1,2025-10-11
CUST-26752,Bangalore,Karnataka,Tier 1,2025-02-13
CUST-26753,Kolkata,West Bengal,Tier 1,2025-10-07
CUST-26754,Lucknow,Uttar Pradesh,Tier 2,2025-06-11
CUST-26755,Pune,Maharashtra,Tier 1,2025-09-06
CUST-26756,Chennai,Tamil Nadu,Tier 1,2024-08-30
CUST-26757,Coimbatore,Tamil Nadu,Tier 2,2024-03-30
CUST-26758,Kolkata,West Bengal,Tier 1,2025-05-30
CUST-26759,Kolkata,West Bengal,Tier 1,2024-03-02
CUST-26760,Mumbai,Maharashtra,Tier 1,2024-07-30
CUST-26761,Nagpur,Maharashtra,Tier 2,2024-09-04
CUST-26762,Delhi NCR,Delhi,Tier 1,2025-05-11
CUST-26763,Kolkata,West Bengal,Tier 1,2024-02-25
CUST-26764,Indore,Madhya Pradesh,Tier 2,2025-04-03
CUST-26765,Bangalore,Karnataka,Tier 1,2024-10-15
CUST-26766,Kolkata,West Bengal,Tier 1,2025-06-26
CUST-26767,Bangalore,Karnataka,Tier 1,2025-04-14
CUST-26768,Chandigarh,Punjab,Tier 2,2025-01-23
CUST-26769,Pune,Maharashtra,Tier 1,2025-02-24
CUST-26770,Bhopal,Madhya Pradesh,Tier 2,2025-05-27
CUST-26771,Coimbatore,Tamil Nadu,Tier 2,2025-07-10
CUST-26772,Pune,Maharashtra,Tier 1,2025-07-12
CUST-26773,Ahmedabad,Gujarat,Tier 2,2024-03-21
CUST-26774,Kolkata,West Bengal,Tier 1,2025-03-19
CUST-26775,Chennai,Tamil Nadu,Tier 1,2024-10-13
CUST-26776,Pune,Maharashtra,Tier 1,2024-10-10
CUST-26777,Coimbatore,Tamil Nadu,Tier 2,2025-05-05
CUST-26778,Chennai,Tamil Nadu,Tier 1,2025-01-22
CUST-26779,Hyderabad,Telangana,Tier 1,2025-07-04
CUST-26780,Chennai,Tamil Nadu,Tier 1,2025-08-17
CUST-26781,Chennai,Tamil Nadu,Tier 1,2025-02-11
CUST-26782,Mumbai,Maharashtra,Tier 1,2024-11-22
CUST-26783,Kolkata,West Bengal,Tier 1,2024-06-24
CUST-26784,Kolkata,West Bengal,Tier 1,2025-06-04
CUST-26785,Pune,Maharashtra,Tier 1,2025-01-17
CUST-26786,Hyderabad,Telangana,Tier 1,2024-09-14
CUST-26787,Pune,Maharashtra,Tier 1,2024-12-12
CUST-26788,Bhopal,Madhya Pradesh,Tier 2,2024-09-28
CUST-26789,Bhubaneswar,Odisha,Tier 2,2024-09-17
CUST-26790,Pune,Maharashtra,Tier 1,2025-01-30
CUST-26791,Mumbai,Maharashtra,Tier 1,2025-11-22
CUST-26792,Bhubaneswar,Odisha,Tier 2,2024-06-02
CUST-26793,Lucknow,Uttar Pradesh,Tier 2,2025-06-10
CUST-26794,Hyderabad,Telangana,Tier 1,2024-03-07
CUST-26795,Delhi NCR,Delhi,Tier 1,2025-11-29
CUST-26796,Delhi NCR,Delhi,Tier 1,2024-12-13
CUST-26797,Delhi NCR,Delhi,Tier 1,2024-03-03
CUST-26798,Mumbai,Maharashtra,Tier 1,2024-12-21
CUST-26799,Coimbatore,Tamil Nadu,Tier 2,2024-10-07
CUST-26800,Kolkata,West Bengal,Tier 1,2024-02-10
CUST-26801,Lucknow,Uttar Pradesh,Tier 2,2025-06-23
CUST-26802,Patna,Bihar,Tier 2,2025-01-01
CUST-26803,Kochi,Kerala,Tier 2,2024-10-03
CUST-26804,Bhopal,Madhya Pradesh,Tier 2,2024-08-08
CUST-26805,Bhubaneswar,Odisha,Tier 2,2024-03-01
CUST-26806,Chennai,Tamil Nadu,Tier 1,2024-04-12
CUST-26807,Bhubaneswar,Odisha,Tier 2,2024-07-03
CUST-26808,Ahmedabad,Gujarat,Tier 2,2024-05-26
CUST-26809,Mumbai,Maharashtra,Tier 1,2024-03-15
CUST-26810,Lucknow,Uttar Pradesh,Tier 2,2025-04-17
CUST-26811,Lucknow,Uttar Pradesh,Tier 2,2024-01-01
CUST-26812,Coimbatore,Tamil Nadu,Tier 2,2025-02-19
CUST-26813,Chennai,Tamil Nadu,Tier 1,2025-04-13
CUST-26814,Pune,Maharashtra,Tier 1,2024-12-30
CUST-26815,Mumbai,Maharashtra,Tier 1,2025-11-04
CUST-26816,Hyderabad,Telangana,Tier 1,2024-01-17
CUST-26817,Mumbai,Maharashtra,Tier 1,2025-05-24
CUST-26818,Kolkata,West Bengal,Tier 1,2025-03-14
CUST-26819,Indore,Madhya Pradesh,Tier 2,2025-06-14
CUST-26820,Bangalore,Karnataka,Tier 1,2024-02-28
CUST-26821,Kolkata,West Bengal,Tier 1,2024-04-24
CUST-26822,Bangalore,Karnataka,Tier 1,2024-07-21
CUST-26823,Delhi NCR,Delhi,Tier 1,2025-06-26
CUST-26824,Kolkata,West Bengal,Tier 1,2024-07-12
CUST-26825,Mumbai,Maharashtra,Tier 1,2025-04-16
CUST-26826,Pune,Maharashtra,Tier 1,2024-04-15
CUST-26827,Mumbai,Maharashtra,Tier 1,2024-05-05
CUST-26828,Delhi NCR,Delhi,Tier 1,2025-02-17
CUST-26829,Kolkata,West Bengal,Tier 1,2025-09-06
CUST-26830,Pune,Maharashtra,Tier 1,2025-11-05
CUST-26831,Mumbai,Maharashtra,Tier 1,2025-05-24
CUST-26832,Pune,Maharashtra,Tier 1,2025-05-15
CUST-26833,Patna,Bihar,Tier 2,2024-04-30
CUST-26834,Ahmedabad,Gujarat,Tier 2,2025-08-29
CUST-26835,Delhi NCR,Delhi,Tier 1,2024-07-26
CUST-26836,Pune,Maharashtra,Tier 1,2025-10-22
CUST-26837,Jaipur,Rajasthan,Tier 2,2024-12-15
CUST-26838,Mumbai,Maharashtra,Tier 1,2024-07-11
CUST-26839,Bhopal,Madhya Pradesh,Tier 2,2025-10-15
CUST-26840,Coimbatore,Tamil Nadu,Tier 2,2025-01-27
CUST-26841,Patna,Bihar,Tier 2,2025-05-11
CUST-26842,Indore,Madhya Pradesh,Tier 2,2025-01-26
CUST-26843,Chandigarh,Punjab,Tier 2,2025-11-04
CUST-26844,Pune,Maharashtra,Tier 1,2024-04-18
CUST-26845,Jaipur,Rajasthan,Tier 2,2025-04-14
CUST-26846,Indore,Madhya Pradesh,Tier 2,2024-12-15
CUST-26847,Jaipur,Rajasthan,Tier 2,2024-05-28
CUST-26848,Hyderabad,Telangana,Tier 1,2024-09-12
CUST-26849,Chennai,Tamil Nadu,Tier 1,2025-01-23
CUST-26850,Coimbatore,Tamil Nadu,Tier 2,2024-07-17
CUST-26851,Mumbai,Maharashtra,Tier 1,2025-03-18
CUST-26852,Lucknow,Uttar Pradesh,Tier 2,2024-07-04
CUST-26853,Bhubaneswar,Odisha,Tier 2,2024-12-09
CUST-26854,Lucknow,Uttar Pradesh,Tier 2,2025-11-07
CUST-26855,Visakhapatnam,Andhra Pradesh,Tier 2,2024-04-17
CUST-26856,Lucknow,Uttar Pradesh,Tier 2,2025-08-17
CUST-26857,Mumbai,Maharashtra,Tier 1,2024-03-20
CUST-26858,Patna,Bihar,Tier 2,2024-09-09
CUST-26859,Hyderabad,Telangana,Tier 1,2024-01-25
CUST-26860,Chennai,Tamil Nadu,Tier 1,2024-10-09
CUST-26861,Hyderabad,Telangana,Tier 1,2025-07-16
CUST-26862,Bangalore,Karnataka,Tier 1,2025-09-11
CUST-26863,Chennai,Tamil Nadu,Tier 1,2024-08-25
CUST-26864,Chennai,Tamil Nadu,Tier 1,2024-11-11
CUST-26865,Pune,Maharashtra,Tier 1,2025-04-07
CUST-26866,Indore,Madhya Pradesh,Tier 2,2025-11-28
CUST-26867,Hyderabad,Telangana,Tier 1,2025-08-14
CUST-26868,Bangalore,Karnataka,Tier 1,2025-08-30
CUST-26869,Jaipur,Rajasthan,Tier 2,2025-01-16
CUST-26870,Jaipur,Rajasthan,Tier 2,2025-04-09
CUST-26871,Coimbatore,Tamil Nadu,Tier 2,2024-05-29
CUST-26872,Mumbai,Maharashtra,Tier 1,2024-12-17
CUST-26873,Patna,Bihar,Tier 2,2025-03-17
CUST-26874,Kolkata,West Bengal,Tier 1,2025-01-29
CUST-26875,Pune,Maharashtra,Tier 1,2024-12-30
CUST-26876,Mumbai,Maharashtra,Tier 1,2024-01-06
CUST-26877,Chennai,Tamil Nadu,Tier 1,2025-06-17
CUST-26878,Bangalore,Karnataka,Tier 1,2024-08-07
CUST-26879,Bangalore,Karnataka,Tier 1,2024-01-12
CUST-26880,Kolkata,West Bengal,Tier 1,2025-01-19
CUST-26881,Indore,Madhya Pradesh,Tier 2,2025-04-02
CUST-26882,Chandigarh,Punjab,Tier 2,2024-08-12
CUST-26883,Pune,Maharashtra,Tier 1,2024-12-01
CUST-26884,Kolkata,West Bengal,Tier 1,2024-06-15
CUST-26885,Chennai,Tamil Nadu,Tier 1,2024-11-11
CUST-26886,Visakhapatnam,Andhra Pradesh,Tier 2,2024-04-25
CUST-26887,Pune,Maharashtra,Tier 1,2025-05-12
CUST-26888,Bangalore,Karnataka,Tier 1,2024-05-27
CUST-26889,Bangalore,Karnataka,Tier 1,2024-02-05
CUST-26890,Pune,Maharashtra,Tier 1,2025-02-10
CUST-26891,Kolkata,West Bengal,Tier 1,2025-01-19
CUST-26892,Mumbai,Maharashtra,Tier 1,2025-02-14
CUST-26893,Patna,Bihar,Tier 2,2024-11-03
CUST-26894,Lucknow,Uttar Pradesh,Tier 2,2025-10-03
CUST-26895,Jaipur,Rajasthan,Tier 2,2024-08-27
CUST-26896,Mumbai,Maharashtra,Tier 1,2025-01-01
CUST-26897,Hyderabad,Telangana,Tier 1,2024-10-30
CUST-26898,Nagpur,Maharashtra,Tier 2,2025-09-08
CUST-26899,Bhopal,Madhya Pradesh,Tier 2,2024-06-15
CUST-26900,Hyderabad,Telangana,Tier 1,2025-07-07
CUST-26901,Delhi NCR,Delhi,Tier 1,2024-10-27
CUST-26902,Chennai,Tamil Nadu,Tier 1,2024-07-23
CUST-26903,Hyderabad,Telangana,Tier 1,2024-07-13
CUST-26904,Lucknow,Uttar Pradesh,Tier 2,2024-06-19
CUST-26905,Bhubaneswar,Odisha,Tier 2,2025-09-07
CUST-26906,Hyderabad,Telangana,Tier 1,2025-02-05
CUST-26907,Mumbai,Maharashtra,Tier 1,2024-02-08
CUST-26908,Coimbatore,Tamil Nadu,Tier 2,2025-10-07
CUST-26909,Mumbai,Maharashtra,Tier 1,2024-09-08
CUST-26910,Bhubaneswar,Odisha,Tier 2,2025-11-12
CUST-26911,Jaipur,Rajasthan,Tier 2,2024-10-09
CUST-26912,Bhubaneswar,Odisha,Tier 2,2024-07-25
CUST-26913,Bangalore,Karnataka,Tier 1,2025-05-14
CUST-26914,Mumbai,Maharashtra,Tier 1,2024-05-22
CUST-26915,Kolkata,West Bengal,Tier 1,2024-01-19
CUST-26916,Chennai,Tamil Nadu,Tier 1,2025-07-29
CUST-26917,Hyderabad,Telangana,Tier 1,2025-11-17
CUST-26918,Bhubaneswar,Odisha,Tier 2,2024-01-20
CUST-26919,Indore,Madhya Pradesh,Tier 2,2025-03-23
CUST-26920,Jaipur,Rajasthan,Tier 2,2024-08-13
CUST-26921,Delhi NCR,Delhi,Tier 1,2024-04-10
CUST-26922,Ahmedabad,Gujarat,Tier 2,2024-10-20
CUST-26923,Ahmedabad,Gujarat,Tier 2,2025-07-03
CUST-26924,Chennai,Tamil Nadu,Tier 1,2024-03-05
CUST-26925,Nagpur,Maharashtra,Tier 2,2025-05-13
CUST-26926,Delhi NCR,Delhi,Tier 1,2024-03-16
CUST-26927,Bangalore,Karnataka,Tier 1,2025-09-26
CUST-26928,Mumbai,Maharashtra,Tier 1,2024-05-04
CUST-26929,Kochi,Kerala,Tier 2,2024-01-27
CUST-26930,Pune,Maharashtra,Tier 1,2025-09-06
CUST-26931,Hyderabad,Telangana,Tier 1,2024-10-02
CUST-26932,Delhi NCR,Delhi,Tier 1,2025-07-25
CUST-26933,Mumbai,Maharashtra,Tier 1,2025-11-10
CUST-26934,Delhi NCR,Delhi,Tier 1,2024-03-23
CUST-26935,Chennai,Tamil Nadu,Tier 1,2025-04-30
CUST-26936,Bangalore,Karnataka,Tier 1,2025-04-07
CUST-26937,Bangalore,Karnataka,Tier 1,2024-01-06
CUST-26938,Bhopal,Madhya Pradesh,Tier 2,2025-11-06
CUST-26939,Kolkata,West Bengal,Tier 1,2025-01-02
CUST-26940,Ahmedabad,Gujarat,Tier 2,2025-04-15
CUST-26941,Mumbai,Maharashtra,Tier 1,2025-03-24
CUST-26942,Hyderabad,Telangana,Tier 1,2025-11-19
CUST-26943,Kolkata,West Bengal,Tier 1,2025-01-04
CUST-26944,Bangalore,Karnataka,Tier 1,2024-12-05
CUST-26945,Delhi NCR,Delhi,Tier 1,2025-10-29
CUST-26946,Bhopal,Madhya Pradesh,Tier 2,2024-10-04
CUST-26947,Nagpur,Maharashtra,Tier 2,2024-12-05
CUST-26948,Mumbai,Maharashtra,Tier 1,2025-09-05
CUST-26949,Hyderabad,Telangana,Tier 1,2024-03-20
CUST-26950,Bhubaneswar,Odisha,Tier 2,2025-08-25
CUST-26951,Mumbai,Maharashtra,Tier 1,2024-03-07
CUST-26952,Pune,Maharashtra,Tier 1,2024-08-02
CUST-26953,Visakhapatnam,Andhra Pradesh,Tier 2,2025-02-19
CUST-26954,Visakhapatnam,Andhra Pradesh,Tier 2,2024-05-24
CUST-26955,Kolkata,West Bengal,Tier 1,2025-07-05
CUST-26956,Delhi NCR,Delhi,Tier 1,2024-10-12
CUST-26957,Bangalore,Karnataka,Tier 1,2025-07-24
CUST-26958,Coimbatore,Tamil Nadu,Tier 2,2025-06-23
CUST-26959,Coimbatore,Tamil Nadu,Tier 2,2024-02-16
CUST-26960,Pune,Maharashtra,Tier 1,2024-08-24
CUST-26961,Chandigarh,Punjab,Tier 2,2024-04-26
CUST-26962,Chandigarh,Punjab,Tier 2,2024-05-30
CUST-26963,Jaipur,Rajasthan,Tier 2,2024-03-23
CUST-26964,Patna,Bihar,Tier 2,2024-02-26
CUST-26965,Lucknow,Uttar Pradesh,Tier 2,2025-01-19
CUST-26966,Kolkata,West Bengal,Tier 1,2024-08-07
CUST-26967,Bangalore,Karnataka,Tier 1,2024-10-11
CUST-26968,Chandigarh,Punjab,Tier 2,2025-03-09
CUST-26969,Kolkata,West Bengal,Tier 1,2024-11-15
CUST-26970,Hyderabad,Telangana,Tier 1,2025-09-02
CUST-26971,Indore,Madhya Pradesh,Tier 2,2024-08-29
CUST-26972,Lucknow,Uttar Pradesh,Tier 2,2025-04-09
CUST-26973,Nagpur,Maharashtra,Tier 2,2024-07-21
CUST-26974,Delhi NCR,Delhi,Tier 1,2025-07-02
CUST-26975,Pune,Maharashtra,Tier 1,2025-03-20
CUST-26976,Bangalore,Karnataka,Tier 1,2025-10-01
CUST-26977,Coimbatore,Tamil Nadu,Tier 2,2024-05-14
CUST-26978,Delhi NCR,Delhi,Tier 1,2025-07-29
CUST-26979,Jaipur,Rajasthan,Tier 2,2025-06-24
CUST-26980,Kochi,Kerala,Tier 2,2025-05-01
CUST-26981,Hyderabad,Telangana,Tier 1,2025-07-25
CUST-26982,Bhubaneswar,Odisha,Tier 2,2025-04-30
CUST-26983,Patna,Bihar,Tier 2,2025-07-19
CUST-26984,Hyderabad,Telangana,Tier 1,2025-10-22
CUST-26985,Mumbai,Maharashtra,Tier 1,2025-02-08
CUST-26986,Hyderabad,Telangana,Tier 1,2025-07-23
CUST-26987,Hyderabad,Telangana,Tier 1,2025-03-08
CUST-26988,Coimbatore,Tamil Nadu,Tier 2,2025-07-01
CUST-26989,Bhubaneswar,Odisha,Tier 2,2025-10-18
CUST-26990,Mumbai,Maharashtra,Tier 1,2024-09-06
CUST-26991,Kolkata,West Bengal,Tier 1,2024-03-20
CUST-26992,Kolkata,West Bengal,Tier 1,2024-01-15
CUST-26993,Delhi NCR,Delhi,Tier 1,2024-02-09
CUST-26994,Chennai,Tamil Nadu,Tier 1,2024-03-21
CUST-26995,Hyderabad,Telangana,Tier 1,2025-05-24
CUST-26996,Kolkata,West Bengal,Tier 1,2024-11-02
CUST-26997,Jaipur,Rajasthan,Tier 2,2025-01-31
CUST-26998,Lucknow,Uttar Pradesh,Tier 2,2025-11-08
CUST-26999,Delhi NCR,Delhi,Tier 1,2024-07-22
CUST-27000,Indore,Madhya Pradesh,Tier 2,2024-07-29
CUST-27001,Jaipur,Rajasthan,Tier 2,2025-02-02
CUST-27002,Coimbatore,Tamil Nadu,Tier 2,2025-01-07
CUST-27003,Chennai,Tamil Nadu,Tier 1,2025-01-23
CUST-27004,Coimbatore,Tamil Nadu,Tier 2,2024-09-14
CUST-27005,Bhopal,Madhya Pradesh,Tier 2,2024-04-24
CUST-27006,Chennai,Tamil Nadu,Tier 1,2024-11-29
CUST-27007,Chennai,Tamil Nadu,Tier 1,2024-12-14
CUST-27008,Nagpur,Maharashtra,Tier 2,2024-08-20
CUST-27009,Ahmedabad,Gujarat,Tier 2,2025-05-23
CUST-27010,Nagpur,Maharashtra,Tier 2,2025-03-24
CUST-27011,Indore,Madhya Pradesh,Tier 2,2024-03-17
CUST-27012,Pune,Maharashtra,Tier 1,2025-08-30
CUST-27013,Delhi NCR,Delhi,Tier 1,2024-04-07
CUST-27014,Hyderabad,Telangana,Tier 1,2025-07-21
CUST-27015,Bhubaneswar,Odisha,Tier 2,2025-09-21
CUST-27016,Hyderabad,Telangana,Tier 1,2025-04-06
CUST-27017,Delhi NCR,Delhi,Tier 1,2025-05-14
CUST-27018,Lucknow,Uttar Pradesh,Tier 2,2025-09-22
CUST-27019,Ahmedabad,Gujarat,Tier 2,2024-02-07
CUST-27020,Hyderabad,Telangana,Tier 1,2025-11-27
CUST-27021,Hyderabad,Telangana,Tier 1,2024-12-23
CUST-27022,Kolkata,West Bengal,Tier 1,2024-08-29
CUST-27023,Mumbai,Maharashtra,Tier 1,2024-02-20
CUST-27024,Kochi,Kerala,Tier 2,2025-02-28
CUST-27025,Hyderabad,Telangana,Tier 1,2024-05-06
CUST-27026,Patna,Bihar,Tier 2,2024-04-12
CUST-27027,Indore,Madhya Pradesh,Tier 2,2025-04-21
CUST-27028,Jaipur,Rajasthan,Tier 2,2024-08-16
CUST-27029,Hyderabad,Telangana,Tier 1,2025-03-11
CUST-27030,Kolkata,West Bengal,Tier 1,2025-01-19
CUST-27031,Chennai,Tamil Nadu,Tier 1,2024-03-25
CUST-27032,Hyderabad,Telangana,Tier 1,2024-12-24
CUST-27033,Patna,Bihar,Tier 2,2024-01-27
CUST-27034,Kolkata,West Bengal,Tier 1,2024-03-12
CUST-27035,Patna,Bihar,Tier 2,2024-04-04
CUST-27036,Delhi NCR,Delhi,Tier 1,2025-08-10
CUST-27037,Delhi NCR,Delhi,Tier 1,2025-03-01
CUST-27038,Visakhapatnam,Andhra Pradesh,Tier 2,2024-01-06
CUST-27039,Pune,Maharashtra,Tier 1,2024-03-30
CUST-27040,Kolkata,West Bengal,Tier 1,2025-08-14
CUST-27041,Kolkata,West Bengal,Tier 1,2024-08-09
CUST-27042,Bangalore,Karnataka,Tier 1,2025-08-17
CUST-27043,Ahmedabad,Gujarat,Tier 2,2025-08-16
CUST-27044,Mumbai,Maharashtra,Tier 1,2024-05-31
CUST-27045,Pune,Maharashtra,Tier 1,2025-07-10
CUST-27046,Pune,Maharashtra,Tier 1,2024-07-30
CUST-27047,Nagpur,Maharashtra,Tier 2,2025-08-05
CUST-27048,Kolkata,West Bengal,Tier 1,2024-09-19
CUST-27049,Delhi NCR,Delhi,Tier 1,2025-01-16
CUST-27050,Pune,Maharashtra,Tier 1,2025-07-23
CUST-27051,Mumbai,Maharashtra,Tier 1,2024-02-26
CUST-27052,Bangalore,Karnataka,Tier 1,2025-03-01
CUST-27053,Mumbai,Maharashtra,Tier 1,2025-09-14
CUST-27054,Kolkata,West Bengal,Tier 1,2024-05-21
CUST-27055,Mumbai,Maharashtra,Tier 1,2025-07-21
CUST-27056,Kolkata,West Bengal,Tier 1,2025-06-07
CUST-27057,Nagpur,Maharashtra,Tier 2,2024-01-15
CUST-27058,Ahmedabad,Gujarat,Tier 2,2024-01-08
CUST-27059,Mumbai,Maharashtra,Tier 1,2024-08-18
CUST-27060,Bangalore,Karnataka,Tier 1,2024-07-04
CUST-27061,Jaipur,Rajasthan,Tier 2,2024-02-22
CUST-27062,Coimbatore,Tamil Nadu,Tier 2,2024-05-16
CUST-27063,Mumbai,Maharashtra,Tier 1,2024-06-22
CUST-27064,Indore,Madhya Pradesh,Tier 2,2024-08-06
CUST-27065,Pune,Maharashtra,Tier 1,2024-09-19
CUST-27066,Kolkata,West Bengal,Tier 1,2024-09-11
CUST-27067,Bhubaneswar,Odisha,Tier 2,2024-09-26
CUST-27068,Chandigarh,Punjab,Tier 2,2025-08-09
CUST-27069,Patna,Bihar,Tier 2,2024-08-11
CUST-27070,Hyderabad,Telangana,Tier 1,2025-08-26
CUST-27071,Kolkata,West Bengal,Tier 1,2024-05-13
CUST-27072,Pune,Maharashtra,Tier 1,2024-06-11
CUST-27073,Hyderabad,Telangana,Tier 1,2024-03-13
CUST-27074,Pune,Maharashtra,Tier 1,2025-06-26
CUST-27075,Bangalore,Karnataka,Tier 1,2025-09-22
CUST-27076,Delhi NCR,Delhi,Tier 1,2025-04-28
CUST-27077,Chennai,Tamil Nadu,Tier 1,2025-11-01
CUST-27078,Chandigarh,Punjab,Tier 2,2024-09-11
CUST-27079,Nagpur,Maharashtra,Tier 2,2025-09-09
CUST-27080,Chennai,Tamil Nadu,Tier 1,2024-07-16
CUST-27081,Pune,Maharashtra,Tier 1,2025-03-02
CUST-27082,Delhi NCR,Delhi,Tier 1,2025-05-07
CUST-27083,Coimbatore,Tamil Nadu,Tier 2,2025-09-23
CUST-27084,Pune,Maharashtra,Tier 1,2024-03-22
CUST-27085,Kochi,Kerala,Tier 2,2024-11-03
CUST-27086,Kochi,Kerala,Tier 2,2025-11-29
CUST-27087,Bangalore,Karnataka,Tier 1,2025-01-08
CUST-27088,Kolkata,West Bengal,Tier 1,2025-07-17
CUST-27089,Bhubaneswar,Odisha,Tier 2,2025-04-03
CUST-27090,Mumbai,Maharashtra,Tier 1,2025-05-15
CUST-27091,Lucknow,Uttar Pradesh,Tier 2,2024-12-22
CUST-27092,Bhubaneswar,Odisha,Tier 2,2024-10-22
CUST-27093,Hyderabad,Telangana,Tier 1,2025-08-02
CUST-27094,Bhopal,Madhya Pradesh,Tier 2,2024-10-26
CUST-27095,Nagpur,Maharashtra,Tier 2,2025-10-07
CUST-27096,Chandigarh,Punjab,Tier 2,2024-12-08
CUST-27097,Bangalore,Karnataka,Tier 1,2024-04-29
CUST-27098,Hyderabad,Telangana,Tier 1,2025-07-22
CUST-27099,Mumbai,Maharashtra,Tier 1,2024-07-04
CUST-27100,Patna,Bihar,Tier 2,2025-08-06
CUST-27101,Patna,Bihar,Tier 2,2024-06-06
CUST-27102,Pune,Maharashtra,Tier 1,2024-08-15
CUST-27103,Hyderabad,Telangana,Tier 1,2024-11-03
CUST-27104,Mumbai,Maharashtra,Tier 1,2024-08-21
CUST-27105,Chandigarh,Punjab,Tier 2,2024-01-11
CUST-27106,Ahmedabad,Gujarat,Tier 2,2024-06-23
CUST-27107,Nagpur,Maharashtra,Tier 2,2025-10-04
CUST-27108,Ahmedabad,Gujarat,Tier 2,2024-01-02
CUST-27109,Patna,Bihar,Tier 2,2024-06-30
CUST-27110,Chandigarh,Punjab,Tier 2,2024-12-15
CUST-27111,Pune,Maharashtra,Tier 1,2025-09-30
CUST-27112,Chennai,Tamil Nadu,Tier 1,2025-01-16
CUST-27113,Coimbatore,Tamil Nadu,Tier 2,2024-10-23
CUST-27114,Jaipur,Rajasthan,Tier 2,2024-07-15
CUST-27115,Chennai,Tamil Nadu,Tier 1,2024-10-12
CUST-27116,Mumbai,Maharashtra,Tier 1,2025-07-09
CUST-27117,Hyderabad,Telangana,Tier 1,2025-06-05
CUST-27118,Kolkata,West Bengal,Tier 1,2024-08-12
CUST-27119,Bangalore,Karnataka,Tier 1,2024-10-12
CUST-27120,Bangalore,Karnataka,Tier 1,2024-11-26
CUST-27121,Kolkata,West Bengal,Tier 1,2025-07-14
CUST-27122,Delhi NCR,Delhi,Tier 1,2024-06-11
CUST-27123,Indore,Madhya Pradesh,Tier 2,2024-07-11
CUST-27124,Kolkata,West Bengal,Tier 1,2024-05-24
CUST-27125,Pune,Maharashtra,Tier 1,2025-11-01
CUST-27126,Delhi NCR,Delhi,Tier 1,2025-11-22
CUST-27127,Hyderabad,Telangana,Tier 1,2025-06-21
CUST-27128,Chennai,Tamil Nadu,Tier 1,2025-09-03
CUST-27129,Indore,Madhya Pradesh,Tier 2,2025-09-14
CUST-27130,Kochi,Kerala,Tier 2,2024-09-26
CUST-27131,Bangalore,Karnataka,Tier 1,2024-02-20
CUST-27132,Pune,Maharashtra,Tier 1,2025-06-10
CUST-27133,Bangalore,Karnataka,Tier 1,2024-05-07
CUST-27134,Visakhapatnam,Andhra Pradesh,Tier 2,2025-10-13
CUST-27135,Bhubaneswar,Odisha,Tier 2,2024-02-15
CUST-27136,Pune,Maharashtra,Tier 1,2024-08-21
CUST-27137,Lucknow,Uttar Pradesh,Tier 2,2025-03-23
CUST-27138,Indore,Madhya Pradesh,Tier 2,2025-08-06
CUST-27139,Ahmedabad,Gujarat,Tier 2,2025-03-18
CUST-27140,Lucknow,Uttar Pradesh,Tier 2,2025-05-17
CUST-27141,Bhubaneswar,Odisha,Tier 2,2025-08-29
CUST-27142,Pune,Maharashtra,Tier 1,2024-10-11
CUST-27143,Pune,Maharashtra,Tier 1,2024-05-11
CUST-27144,Patna,Bihar,Tier 2,2025-04-20
CUST-27145,Jaipur,Rajasthan,Tier 2,2025-06-27
CUST-27146,Ahmedabad,Gujarat,Tier 2,2024-12-21
CUST-27147,Bangalore,Karnataka,Tier 1,2024-02-06
CUST-27148,Hyderabad,Telangana,Tier 1,2025-09-29
CUST-27149,Delhi NCR,Delhi,Tier 1,2024-05-17
CUST-27150,Kolkata,West Bengal,Tier 1,2025-02-25
CUST-27151,Chennai,Tamil Nadu,Tier 1,2025-03-20
CUST-27152,Visakhapatnam,Andhra Pradesh,Tier 2,2025-09-03
CUST-27153,Pune,Maharashtra,Tier 1,2024-08-29
CUST-27154,Kochi,Kerala,Tier 2,2024-09-01
CUST-27155,Hyderabad,Telangana,Tier 1,2025-06-22
CUST-27156,Patna,Bihar,Tier 2,2024-07-27
CUST-27157,Pune,Maharashtra,Tier 1,2025-04-01
CUST-27158,Lucknow,Uttar Pradesh,Tier 2,2024-04-08
CUST-27159,Hyderabad,Telangana,Tier 1,2025-05-16
CUST-27160,Kolkata,West Bengal,Tier 1,2024-05-16
CUST-27161,Pune,Maharashtra,Tier 1,2024-07-05
CUST-27162,Pune,Maharashtra,Tier 1,2024-02-05
CUST-27163,Nagpur,Maharashtra,Tier 2,2025-09-21
CUST-27164,Coimbatore,Tamil Nadu,Tier 2,2025-10-31
CUST-27165,Visakhapatnam,Andhra Pradesh,Tier 2,2025-04-23
CUST-27166,Jaipur,Rajasthan,Tier 2,2025-11-11
CUST-27167,Visakhapatnam,Andhra Pradesh,Tier 2,2024-02-24
CUST-27168,Patna,Bihar,Tier 2,2025-04-15
CUST-27169,Bangalore,Karnataka,Tier 1,2024-03-24
CUST-27170,Chennai,Tamil Nadu,Tier 1,2024-01-06
CUST-27171,Bangalore,Karnataka,Tier 1,2024-12-28
CUST-27172,Mumbai,Maharashtra,Tier 1,2025-10-25
CUST-27173,Bangalore,Karnataka,Tier 1,2024-06-18
CUST-27174,Mumbai,Maharashtra,Tier 1,2024-09-05
CUST-27175,Ahmedabad,Gujarat,Tier 2,2025-10-23
CUST-27176,Chennai,Tamil Nadu,Tier 1,2024-07-28
CUST-27177,Hyderabad,Telangana,Tier 1,2024-08-31
CUST-27178,Chandigarh,Punjab,Tier 2,2024-05-20
CUST-27179,Patna,Bihar,Tier 2,2025-09-23
CUST-27180,Visakhapatnam,Andhra Pradesh,Tier 2,2024-06-28
CUST-27181,Pune,Maharashtra,Tier 1,2025-09-28
CUST-27182,Chennai,Tamil Nadu,Tier 1,2024-01-17
CUST-27183,Hyderabad,Telangana,Tier 1,2024-01-16
CUST-27184,Bangalore,Karnataka,Tier 1,2025-01-19
CUST-27185,Bangalore,Karnataka,Tier 1,2024-12-06
CUST-27186,Chennai,Tamil Nadu,Tier 1,2024-02-15
CUST-27187,Visakhapatnam,Andhra Pradesh,Tier 2,2025-05-18
CUST-27188,Mumbai,Maharashtra,Tier 1,2024-05-22
CUST-27189,Bangalore,Karnataka,Tier 1,2024-10-11
CUST-27190,Bangalore,Karnataka,Tier 1,2024-12-20
CUST-27191,Ahmedabad,Gujarat,Tier 2,2025-06-08
CUST-27192,Hyderabad,Telangana,Tier 1,2025-07-10
CUST-27193,Chennai,Tamil Nadu,Tier 1,2024-02-16
CUST-27194,Delhi NCR,Delhi,Tier 1,2025-06-11
CUST-27195,Chennai,Tamil Nadu,Tier 1,2024-04-16
CUST-27196,Delhi NCR,Delhi,Tier 1,2024-01-03
CUST-27197,Kolkata,West Bengal,Tier 1,2025-09-07
CUST-27198,Delhi NCR,Delhi,Tier 1,2024-04-04
CUST-27199,Kochi,Kerala,Tier 2,2024-05-12
CUST-27200,Pune,Maharashtra,Tier 1,2024-07-19
CUST-27201,Ahmedabad,Gujarat,Tier 2,2024-09-10
CUST-27202,Chennai,Tamil Nadu,Tier 1,2024-07-01
CUST-27203,Chennai,Tamil Nadu,Tier 1,2024-05-29
CUST-27204,Delhi NCR,Delhi,Tier 1,2025-07-02
CUST-27205,Kolkata,West Bengal,Tier 1,2025-05-04
CUST-27206,Kolkata,West Bengal,Tier 1,2025-05-19
CUST-27207,Kolkata,West Bengal,Tier 1,2025-02-16
CUST-27208,Chandigarh,Punjab,Tier 2,2025-05-22
CUST-27209,Patna,Bihar,Tier 2,2025-10-12
CUST-27210,Chandigarh,Punjab,Tier 2,2025-09-03
CUST-27211,Delhi NCR,Delhi,Tier 1,2025-02-07
CUST-27212,Pune,Maharashtra,Tier 1,2024-08-23
CUST-27213,Mumbai,Maharashtra,Tier 1,2025-08-18
CUST-27214,Lucknow,Uttar Pradesh,Tier 2,2025-06-28
CUST-27215,Chennai,Tamil Nadu,Tier 1,2025-09-24
CUST-27216,Delhi NCR,Delhi,Tier 1,2025-06-25
CUST-27217,Bhopal,Madhya Pradesh,Tier 2,2025-03-09
CUST-27218,Pune,Maharashtra,Tier 1,2025-06-29
CUST-27219,Hyderabad,Telangana,Tier 1,2025-10-06
CUST-27220,Mumbai,Maharashtra,Tier 1,2024-07-26
CUST-27221,Kolkata,West Bengal,Tier 1,2024-05-19
CUST-27222,Nagpur,Maharashtra,Tier 2,2025-08-10
CUST-27223,Pune,Maharashtra,Tier 1,2025-08-09
CUST-27224,Visakhapatnam,Andhra Pradesh,Tier 2,2024-11-02
CUST-27225,Delhi NCR,Delhi,Tier 1,2025-07-23
CUST-27226,Pune,Maharashtra,Tier 1,2024-04-07
CUST-27227,Indore,Madhya Pradesh,Tier 2,2024-05-04
CUST-27228,Kolkata,West Bengal,Tier 1,2024-12-14
CUST-27229,Mumbai,Maharashtra,Tier 1,2024-05-13
CUST-27230,Pune,Maharashtra,Tier 1,2024-08-13
CUST-27231,Pune,Maharashtra,Tier 1,2025-07-02
CUST-27232,Ahmedabad,Gujarat,Tier 2,2025-10-11
CUST-27233,Chandigarh,Punjab,Tier 2,2025-07-21
CUST-27234,Kochi,Kerala,Tier 2,2024-12-04
CUST-27235,Jaipur,Rajasthan,Tier 2,2024-11-17
CUST-27236,Bangalore,Karnataka,Tier 1,2024-03-27
CUST-27237,Chennai,Tamil Nadu,Tier 1,2024-04-04
CUST-27238,Kochi,Kerala,Tier 2,2024-07-14
CUST-27239,Bhubaneswar,Odisha,Tier 2,2024-07-10
CUST-27240,Mumbai,Maharashtra,Tier 1,2025-10-17
CUST-27241,Kolkata,West Bengal,Tier 1,2025-06-05
CUST-27242,Hyderabad,Telangana,Tier 1,2025-10-22
CUST-27243,Bangalore,Karnataka,Tier 1,2025-10-13
CUST-27244,Kolkata,West Bengal,Tier 1,2024-01-13
CUST-27245,Pune,Maharashtra,Tier 1,2024-09-10
CUST-27246,Mumbai,Maharashtra,Tier 1,2024-03-21
CUST-27247,Kochi,Kerala,Tier 2,2025-01-07
CUST-27248,Indore,Madhya Pradesh,Tier 2,2025-01-28
CUST-27249,Bhubaneswar,Odisha,Tier 2,2025-02-21
CUST-27250,Delhi NCR,Delhi,Tier 1,2024-02-28
CUST-27251,Pune,Maharashtra,Tier 1,2024-05-07
CUST-27252,Chennai,Tamil Nadu,Tier 1,2025-06-24
CUST-27253,Hyderabad,Telangana,Tier 1,2024-11-28
CUST-27254,Pune,Maharashtra,Tier 1,2024-10-08
CUST-27255,Kochi,Kerala,Tier 2,2025-08-02
CUST-27256,Mumbai,Maharashtra,Tier 1,2024-07-25
CUST-27257,Bhubaneswar,Odisha,Tier 2,2024-09-28
CUST-27258,Indore,Madhya Pradesh,Tier 2,2024-11-04
CUST-27259,Chandigarh,Punjab,Tier 2,2025-02-06
CUST-27260,Chandigarh,Punjab,Tier 2,2024-06-23
CUST-27261,Chennai,Tamil Nadu,Tier 1,2024-08-05
CUST-27262,Chandigarh,Punjab,Tier 2,2025-11-02
CUST-27263,Chennai,Tamil Nadu,Tier 1,2024-11-21
CUST-27264,Coimbatore,Tamil Nadu,Tier 2,2024-09-09
CUST-27265,Delhi NCR,Delhi,Tier 1,2025-03-29
CUST-27266,Hyderabad,Telangana,Tier 1,2024-07-07
CUST-27267,Kolkata,West Bengal,Tier 1,2025-03-18
CUST-27268,Hyderabad,Telangana,Tier 1,2024-05-09
CUST-27269,Chennai,Tamil Nadu,Tier 1,2025-04-29
CUST-27270,Kolkata,West Bengal,Tier 1,2024-01-03
CUST-27271,Bhopal,Madhya Pradesh,Tier 2,2024-12-16
CUST-27272,Kolkata,West Bengal,Tier 1,2025-07-08
CUST-27273,Hyderabad,Telangana,Tier 1,2024-05-12
CUST-27274,Bangalore,Karnataka,Tier 1,2025-11-20
CUST-27275,Chennai,Tamil Nadu,Tier 1,2025-05-08
CUST-27276,Kolkata,West Bengal,Tier 1,2024-09-22
CUST-27277,Chandigarh,Punjab,Tier 2,2024-01-24
CUST-27278,Delhi NCR,Delhi,Tier 1,2025-06-17
CUST-27279,Bangalore,Karnataka,Tier 1,2024-01-03
CUST-27280,Chennai,Tamil Nadu,Tier 1,2025-10-31
CUST-27281,Hyderabad,Telangana,Tier 1,2025-03-02
CUST-27282,Chennai,Tamil Nadu,Tier 1,2024-01-04
CUST-27283,Kochi,Kerala,Tier 2,2025-09-10
CUST-27284,Hyderabad,Telangana,Tier 1,2025-05-17
CUST-27285,Kolkata,West Bengal,Tier 1,2024-08-19
CUST-27286,Pune,Maharashtra,Tier 1,2024-03-12
CUST-27287,Bangalore,Karnataka,Tier 1,2024-03-28
CUST-27288,Ahmedabad,Gujarat,Tier 2,2025-06-11
CUST-27289,Kolkata,West Bengal,Tier 1,2025-08-25
CUST-27290,Chennai,Tamil Nadu,Tier 1,2025-03-25
CUST-27291,Indore,Madhya Pradesh,Tier 2,2025-03-14
CUST-27292,Bangalore,Karnataka,Tier 1,2025-06-15
CUST-27293,Bhopal,Madhya Pradesh,Tier 2,2025-03-10
CUST-27294,Pune,Maharashtra,Tier 1,2024-03-24
CUST-27295,Pune,Maharashtra,Tier 1,2024-12-04
CUST-27296,Bhopal,Madhya Pradesh,Tier 2,2024-05-05
CUST-27297,Indore,Madhya Pradesh,Tier 2,2025-07-16
CUST-27298,Pune,Maharashtra,Tier 1,2024-01-18
CUST-27299,Chandigarh,Punjab,Tier 2,2025-09-20
CUST-27300,Chennai,Tamil Nadu,Tier 1,2025-09-27
CUST-27301,Kolkata,West Bengal,Tier 1,2025-06-23
CUST-27302,Mumbai,Maharashtra,Tier 1,2024-12-10
CUST-27303,Mumbai,Maharashtra,Tier 1,2025-04-12
CUST-27304,Patna,Bihar,Tier 2,2024-05-20
CUST-27305,Mumbai,Maharashtra,Tier 1,2024-01-06
CUST-27306,Delhi NCR,Delhi,Tier 1,2025-10-30
CUST-27307,Kochi,Kerala,Tier 2,2025-09-09
CUST-27308,Mumbai,Maharashtra,Tier 1,2025-09-22
CUST-27309,Hyderabad,Telangana,Tier 1,2025-10-10
CUST-27310,Pune,Maharashtra,Tier 1,2025-06-24
CUST-27311,Pune,Maharashtra,Tier 1,2025-11-08
CUST-27312,Kochi,Kerala,Tier 2,2024-03-05
CUST-27313,Kolkata,West Bengal,Tier 1,2024-02-25
CUST-27314,Kolkata,West Bengal,Tier 1,2024-04-05
CUST-27315,Ahmedabad,Gujarat,Tier 2,2024-08-02
CUST-27316,Kolkata,West Bengal,Tier 1,2024-02-27
CUST-27317,Pune,Maharashtra,Tier 1,2025-05-06
CUST-27318,Coimbatore,Tamil Nadu,Tier 2,2025-02-08
CUST-27319,Chennai,Tamil Nadu,Tier 1,2024-07-02
CUST-27320,Chennai,Tamil Nadu,Tier 1,2024-10-08
CUST-27321,Mumbai,Maharashtra,Tier 1,2024-06-11
CUST-27322,Pune,Maharashtra,Tier 1,2024-03-29
CUST-27323,Mumbai,Maharashtra,Tier 1,2024-04-06
CUST-27324,Kolkata,West Bengal,Tier 1,2025-08-09
CUST-27325,Indore,Madhya Pradesh,Tier 2,2024-03-28
CUST-27326,Kolkata,West Bengal,Tier 1,2025-06-01
CUST-27327,Bangalore,Karnataka,Tier 1,2025-10-29
CUST-27328,Kochi,Kerala,Tier 2,2024-03-03
CUST-27329,Bangalore,Karnataka,Tier 1,2025-06-24
CUST-27330,Ahmedabad,Gujarat,Tier 2,2024-07-09
CUST-27331,Pune,Maharashtra,Tier 1,2024-10-04
CUST-27332,Delhi NCR,Delhi,Tier 1,2025-06-22
CUST-27333,Coimbatore,Tamil Nadu,Tier 2,2024-03-25
CUST-27334,Bangalore,Karnataka,Tier 1,2024-11-30
CUST-27335,Visakhapatnam,Andhra Pradesh,Tier 2,2025-03-16
CUST-27336,Mumbai,Maharashtra,Tier 1,2025-10-11
CUST-27337,Bangalore,Karnataka,Tier 1,2024-06-20
CUST-27338,Bangalore,Karnataka,Tier 1,2024-12-04
CUST-27339,Mumbai,Maharashtra,Tier 1,2025-10-29
CUST-27340,Ahmedabad,Gujarat,Tier 2,2024-08-16
CUST-27341,Lucknow,Uttar Pradesh,Tier 2,2024-06-27
CUST-27342,Kochi,Kerala,Tier 2,2024-09-03
CUST-27343,Bangalore,Karnataka,Tier 1,2025-11-04
CUST-27344,Chennai,Tamil Nadu,Tier 1,2025-11-05
CUST-27345,Jaipur,Rajasthan,Tier 2,2024-11-12
CUST-27346,Chennai,Tamil Nadu,Tier 1,2024-10-12
CUST-27347,Lucknow,Uttar Pradesh,Tier 2,2024-03-16
CUST-27348,Pune,Maharashtra,Tier 1,2025-03-27
CUST-27349,Delhi NCR,Delhi,Tier 1,2024-07-22
CUST-27350,Kochi,Kerala,Tier 2,2025-02-27
CUST-27351,Ahmedabad,Gujarat,Tier 2,2024-07-11
CUST-27352,Jaipur,Rajasthan,Tier 2,2024-10-19
CUST-27353,Delhi NCR,Delhi,Tier 1,2025-02-16
CUST-27354,Bangalore,Karnataka,Tier 1,2025-03-14
CUST-27355,Chennai,Tamil Nadu,Tier 1,2024-10-27
CUST-27356,Hyderabad,Telangana,Tier 1,2024-09-16
CUST-27357,Bangalore,Karnataka,Tier 1,2024-07-10
CUST-27358,Indore,Madhya Pradesh,Tier 2,2024-09-27
CUST-27359,Pune,Maharashtra,Tier 1,2025-09-07
CUST-27360,Pune,Maharashtra,Tier 1,2025-03-07
CUST-27361,Bangalore,Karnataka,Tier 1,2025-11-26
CUST-27362,Nagpur,Maharashtra,Tier 2,2024-08-04
CUST-27363,Bangalore,Karnataka,Tier 1,2024-03-31
CUST-27364,Kochi,Kerala,Tier 2,2024-07-16
CUST-27365,Bhubaneswar,Odisha,Tier 2,2025-02-02
CUST-27366,Ahmedabad,Gujarat,Tier 2,2024-02-08
CUST-27367,Visakhapatnam,Andhra Pradesh,Tier 2,2025-04-15
CUST-27368,Jaipur,Rajasthan,Tier 2,2024-03-19
CUST-27369,Bangalore,Karnataka,Tier 1,2024-04-03
CUST-27370,Bangalore,Karnataka,Tier 1,2025-11-14
CUST-27371,Hyderabad,Telangana,Tier 1,2024-02-12
CUST-27372,Mumbai,Maharashtra,Tier 1,2024-05-11
CUST-27373,Lucknow,Uttar Pradesh,Tier 2,2024-03-17
CUST-27374,Bangalore,Karnataka,Tier 1,2024-08-19
CUST-27375,Indore,Madhya Pradesh,Tier 2,2024-02-08
CUST-27376,Hyderabad,Telangana,Tier 1,2025-07-19
CUST-27377,Kolkata,West Bengal,Tier 1,2024-05-30
CUST-27378,Bhubaneswar,Odisha,Tier 2,2025-11-30
CUST-27379,Bangalore,Karnataka,Tier 1,2025-02-22
CUST-27380,Ahmedabad,Gujarat,Tier 2,2024-07-04
CUST-27381,Chandigarh,Punjab,Tier 2,2024-11-13
CUST-27382,Bangalore,Karnataka,Tier 1,2025-04-08
CUST-27383,Kolkata,West Bengal,Tier 1,2025-03-07
CUST-27384,Hyderabad,Telangana,Tier 1,2024-05-14
CUST-27385,Kochi,Kerala,Tier 2,2025-05-17
CUST-27386,Pune,Maharashtra,Tier 1,2025-11-15
CUST-27387,Kolkata,West Bengal,Tier 1,2024-09-25
CUST-27388,Kochi,Kerala,Tier 2,2025-03-12
CUST-27389,Bangalore,Karnataka,Tier 1,2025-09-18
CUST-27390,Chandigarh,Punjab,Tier 2,2025-05-12
CUST-27391,Bhopal,Madhya Pradesh,Tier 2,2025-07-04
CUST-27392,Bhopal,Madhya Pradesh,Tier 2,2024-12-05
CUST-27393,Kochi,Kerala,Tier 2,2024-08-29
CUST-27394,Chennai,Tamil Nadu,Tier 1,2024-08-08
CUST-27395,Visakhapatnam,Andhra Pradesh,Tier 2,2025-10-19
CUST-27396,Chennai,Tamil Nadu,Tier 1,2025-11-06
CUST-27397,Pune,Maharashtra,Tier 1,2024-12-26
CUST-27398,Delhi NCR,Delhi,Tier 1,2024-07-08
CUST-27399,Visakhapatnam,Andhra Pradesh,Tier 2,2025-02-16
CUST-27400,Lucknow,Uttar Pradesh,Tier 2,2024-11-24
CUST-27401,Chandigarh,Punjab,Tier 2,2024-08-09
CUST-27402,Mumbai,Maharashtra,Tier 1,2025-11-16
CUST-27403,Chandigarh,Punjab,Tier 2,2024-04-01
CUST-27404,Kochi,Kerala,Tier 2,2025-03-15
CUST-27405,Jaipur,Rajasthan,Tier 2,2024-04-15
CUST-27406,Hyderabad,Telangana,Tier 1,2024-09-01
CUST-27407,Kolkata,West Bengal,Tier 1,2024-10-31
CUST-27408,Delhi NCR,Delhi,Tier 1,2025-07-08
CUST-27409,Kolkata,West Bengal,Tier 1,2025-08-20
CUST-27410,Bangalore,Karnataka,Tier 1,2024-04-06
CUST-27411,Hyderabad,Telangana,Tier 1,2025-04-21
CUST-27412,Delhi NCR,Delhi,Tier 1,2024-09-22
CUST-27413,Bangalore,Karnataka,Tier 1,2025-07-28
CUST-27414,Mumbai,Maharashtra,Tier 1,2024-04-12
CUST-27415,Nagpur,Maharashtra,Tier 2,2024-09-10
CUST-27416,Kolkata,West Bengal,Tier 1,2025-03-30
CUST-27417,Chennai,Tamil Nadu,Tier 1,2025-05-27
CUST-27418,Kolkata,West Bengal,Tier 1,2025-10-27
CUST-27419,Pune,Maharashtra,Tier 1,2025-05-07
CUST-27420,Nagpur,Maharashtra,Tier 2,2024-09-17
CUST-27421,Delhi NCR,Delhi,Tier 1,2024-02-04
CUST-27422,Hyderabad,Telangana,Tier 1,2025-01-15
CUST-27423,Visakhapatnam,Andhra Pradesh,Tier 2,2025-01-31
CUST-27424,Hyderabad,Telangana,Tier 1,2024-01-27
CUST-27425,Mumbai,Maharashtra,Tier 1,2024-11-01
CUST-27426,Delhi NCR,Delhi,Tier 1,2025-11-29
CUST-27427,Mumbai,Maharashtra,Tier 1,2025-11-01
CUST-27428,Visakhapatnam,Andhra Pradesh,Tier 2,2025-08-03
CUST-27429,Hyderabad,Telangana,Tier 1,2024-06-13
CUST-27430,Nagpur,Maharashtra,Tier 2,2024-09-14
CUST-27431,Visakhapatnam,Andhra Pradesh,Tier 2,2024-04-11
CUST-27432,Pune,Maharashtra,Tier 1,2025-03-30
CUST-27433,Mumbai,Maharashtra,Tier 1,2024-07-11
CUST-27434,Mumbai,Maharashtra,Tier 1,2024-10-25
CUST-27435,Kolkata,West Bengal,Tier 1,2024-01-21
CUST-27436,Chennai,Tamil Nadu,Tier 1,2024-02-14
CUST-27437,Pune,Maharashtra,Tier 1,2025-04-24
CUST-27438,Chennai,Tamil Nadu,Tier 1,2025-05-10
CUST-27439,Nagpur,Maharashtra,Tier 2,2025-11-13
CUST-27440,Kolkata,West Bengal,Tier 1,2025-11-20
CUST-27441,Lucknow,Uttar Pradesh,Tier 2,2024-08-10
CUST-27442,Coimbatore,Tamil Nadu,Tier 2,2024-10-25
CUST-27443,Delhi NCR,Delhi,Tier 1,2025-04-25
CUST-27444,Bangalore,Karnataka,Tier 1,2024-01-24
CUST-27445,Delhi NCR,Delhi,Tier 1,2024-12-03
CUST-27446,Delhi NCR,Delhi,Tier 1,2024-03-24
CUST-27447,Kolkata,West Bengal,Tier 1,2024-02-29
CUST-27448,Hyderabad,Telangana,Tier 1,2024-10-14
CUST-27449,Chennai,Tamil Nadu,Tier 1,2025-09-25
CUST-27450,Visakhapatnam,Andhra Pradesh,Tier 2,2025-05-31
CUST-27451,Delhi NCR,Delhi,Tier 1,2024-06-02
CUST-27452,Kolkata,West Bengal,Tier 1,2024-10-07
CUST-27453,Delhi NCR,Delhi,Tier 1,2025-03-09
CUST-27454,Hyderabad,Telangana,Tier 1,2024-12-07
CUST-27455,Kolkata,West Bengal,Tier 1,2024-03-26
CUST-27456,Bhubaneswar,Odisha,Tier 2,2025-08-09
CUST-27457,Chennai,Tamil Nadu,Tier 1,2024-07-09
CUST-27458,Mumbai,Maharashtra,Tier 1,2024-09-08
CUST-27459,Chennai,Tamil Nadu,Tier 1,2024-03-08
CUST-27460,Delhi NCR,Delhi,Tier 1,2024-05-25
CUST-27461,Bangalore,Karnataka,Tier 1,2025-09-25
CUST-27462,Pune,Maharashtra,Tier 1,2025-07-07
CUST-27463,Mumbai,Maharashtra,Tier 1,2025-10-23
CUST-27464,Kolkata,West Bengal,Tier 1,2025-07-27
CUST-27465,Pune,Maharashtra,Tier 1,2024-09-11
CUST-27466,Chennai,Tamil Nadu,Tier 1,2024-05-10
CUST-27467,Mumbai,Maharashtra,Tier 1,2025-01-11
CUST-27468,Visakhapatnam,Andhra Pradesh,Tier 2,2025-06-15
CUST-27469,Hyderabad,Telangana,Tier 1,2024-07-17
CUST-27470,Kochi,Kerala,Tier 2,2024-08-08
CUST-27471,Hyderabad,Telangana,Tier 1,2025-02-13
CUST-27472,Kolkata,West Bengal,Tier 1,2025-10-04
CUST-27473,Chennai,Tamil Nadu,Tier 1,2024-06-19
CUST-27474,Hyderabad,Telangana,Tier 1,2024-05-24
CUST-27475,Mumbai,Maharashtra,Tier 1,2025-05-02
CUST-27476,Hyderabad,Telangana,Tier 1,2024-12-19
CUST-27477,Coimbatore,Tamil Nadu,Tier 2,2024-06-29
CUST-27478,Lucknow,Uttar Pradesh,Tier 2,2024-06-09
CUST-27479,Delhi NCR,Delhi,Tier 1,2025-04-08
CUST-27480,Pune,Maharashtra,Tier 1,2024-02-29
CUST-27481,Coimbatore,Tamil Nadu,Tier 2,2024-08-02
CUST-27482,Lucknow,Uttar Pradesh,Tier 2,2025-08-02
CUST-27483,Delhi NCR,Delhi,Tier 1,2024-07-10
CUST-27484,Bhopal,Madhya Pradesh,Tier 2,2025-05-02
CUST-27485,Hyderabad,Telangana,Tier 1,2024-08-12
CUST-27486,Chennai,Tamil Nadu,Tier 1,2025-01-26
CUST-27487,Kolkata,West Bengal,Tier 1,2024-06-09
CUST-27488,Patna,Bihar,Tier 2,2025-03-30
CUST-27489,Nagpur,Maharashtra,Tier 2,2024-04-20
CUST-27490,Nagpur,Maharashtra,Tier 2,2024-02-28
CUST-27491,Mumbai,Maharashtra,Tier 1,2025-06-28
CUST-27492,Nagpur,Maharashtra,Tier 2,2025-07-06
CUST-27493,Mumbai,Maharashtra,Tier 1,2025-11-03
CUST-27494,Bangalore,Karnataka,Tier 1,2024-01-29
CUST-27495,Kolkata,West Bengal,Tier 1,2024-07-03
CUST-27496,Kolkata,West Bengal,Tier 1,2024-08-11
CUST-27497,Pune,Maharashtra,Tier 1,2024-12-22
CUST-27498,Kolkata,West Bengal,Tier 1,2025-05-06
CUST-27499,Nagpur,Maharashtra,Tier 2,2025-08-20
CUST-27500,Bangalore,Karnataka,Tier 1,2025-07-31
CUST-27501,Bangalore,Karnataka,Tier 1,2024-04-23
CUST-27502,Nagpur,Maharashtra,Tier 2,2025-01-12
CUST-27503,Mumbai,Maharashtra,Tier 1,2024-10-11
CUST-27504,Pune,Maharashtra,Tier 1,2024-04-06
CUST-27505,Lucknow,Uttar Pradesh,Tier 2,2024-05-03
CUST-27506,Kolkata,West Bengal,Tier 1,2024-06-04
CUST-27507,Lucknow,Uttar Pradesh,Tier 2,2024-04-19
CUST-27508,Delhi NCR,Delhi,Tier 1,2024-02-22
CUST-27509,Patna,Bihar,Tier 2,2024-06-22
CUST-27510,Delhi NCR,Delhi,Tier 1,2025-11-09
CUST-27511,Chennai,Tamil Nadu,Tier 1,2025-08-10
CUST-27512,Mumbai,Maharashtra,Tier 1,2024-11-09
CUST-27513,Kolkata,West Bengal,Tier 1,2025-11-24
CUST-27514,Jaipur,Rajasthan,Tier 2,2025-01-24
CUST-27515,Nagpur,Maharashtra,Tier 2,2024-02-14
CUST-27516,Chandigarh,Punjab,Tier 2,2025-10-24
CUST-27517,Kolkata,West Bengal,Tier 1,2024-04-26
CUST-27518,Nagpur,Maharashtra,Tier 2,2024-05-01
CUST-27519,Kolkata,West Bengal,Tier 1,2025-04-26
CUST-27520,Pune,Maharashtra,Tier 1,2024-06-18
CUST-27521,Pune,Maharashtra,Tier 1,2025-11-08
CUST-27522,Chennai,Tamil Nadu,Tier 1,2025-02-03
CUST-27523,Patna,Bihar,Tier 2,2025-10-22
CUST-27524,Delhi NCR,Delhi,Tier 1,2025-05-14
CUST-27525,Kolkata,West Bengal,Tier 1,2024-03-14
CUST-27526,Ahmedabad,Gujarat,Tier 2,2024-05-28
CUST-27527,Coimbatore,Tamil Nadu,Tier 2,2025-06-20
CUST-27528,Coimbatore,Tamil Nadu,Tier 2,2024-03-01
CUST-27529,Kolkata,West Bengal,Tier 1,2024-02-23
CUST-27530,Pune,Maharashtra,Tier 1,2024-08-10
CUST-27531,Chennai,Tamil Nadu,Tier 1,2025-04-17
CUST-27532,Kolkata,West Bengal,Tier 1,2024-11-11
CUST-27533,Coimbatore,Tamil Nadu,Tier 2,2024-06-18
CUST-27534,Nagpur,Maharashtra,Tier 2,2024-02-01
CUST-27535,Coimbatore,Tamil Nadu,Tier 2,2024-02-22
CUST-27536,Delhi NCR,Delhi,Tier 1,2024-05-18
CUST-27537,Patna,Bihar,Tier 2,2025-01-08
CUST-27538,Bhubaneswar,Odisha,Tier 2,2024-02-16
CUST-27539,Hyderabad,Telangana,Tier 1,2024-03-30
CUST-27540,Kolkata,West Bengal,Tier 1,2024-02-05
CUST-27541,Kochi,Kerala,Tier 2,2024-08-12
CUST-27542,Pune,Maharashtra,Tier 1,2025-07-07
CUST-27543,Visakhapatnam,Andhra Pradesh,Tier 2,2024-09-25
CUST-27544,Chennai,Tamil Nadu,Tier 1,2024-07-04
CUST-27545,Ahmedabad,Gujarat,Tier 2,2025-01-05
CUST-27546,Kochi,Kerala,Tier 2,2024-08-22
CUST-27547,Kolkata,West Bengal,Tier 1,2024-05-01
CUST-27548,Bhopal,Madhya Pradesh,Tier 2,2025-02-27
CUST-27549,Kolkata,West Bengal,Tier 1,2025-01-23
CUST-27550,Chennai,Tamil Nadu,Tier 1,2024-04-26
CUST-27551,Delhi NCR,Delhi,Tier 1,2025-04-10
CUST-27552,Chennai,Tamil Nadu,Tier 1,2025-03-04
CUST-27553,Ahmedabad,Gujarat,Tier 2,2025-03-17
CUST-27554,Nagpur,Maharashtra,Tier 2,2024-02-08
CUST-27555,Bangalore,Karnataka,Tier 1,2024-06-10
CUST-27556,Hyderabad,Telangana,Tier 1,2025-09-12
CUST-27557,Delhi NCR,Delhi,Tier 1,2025-06-09
CUST-27558,Lucknow,Uttar Pradesh,Tier 2,2024-06-14
CUST-27559,Bhubaneswar,Odisha,Tier 2,2025-03-20
CUST-27560,Pune,Maharashtra,Tier 1,2025-03-18
CUST-27561,Pune,Maharashtra,Tier 1,2024-11-26
CUST-27562,Kolkata,West Bengal,Tier 1,2024-11-30
CUST-27563,Mumbai,Maharashtra,Tier 1,2024-04-21
CUST-27564,Ahmedabad,Gujarat,Tier 2,2024-05-18
CUST-27565,Pune,Maharashtra,Tier 1,2024-06-14
CUST-27566,Jaipur,Rajasthan,Tier 2,2025-02-17
CUST-27567,Coimbatore,Tamil Nadu,Tier 2,2024-06-17
CUST-27568,Kochi,Kerala,Tier 2,2024-05-03
CUST-27569,Kochi,Kerala,Tier 2,2025-07-03
CUST-27570,Nagpur,Maharashtra,Tier 2,2024-04-07
CUST-27571,Visakhapatnam,Andhra Pradesh,Tier 2,2024-02-29
CUST-27572,Pune,Maharashtra,Tier 1,2024-01-19
CUST-27573,Delhi NCR,Delhi,Tier 1,2024-05-03
CUST-27574,Chennai,Tamil Nadu,Tier 1,2024-08-13
CUST-27575,Kochi,Kerala,Tier 2,2025-09-03
CUST-27576,Mumbai,Maharashtra,Tier 1,2024-11-19
CUST-27577,Mumbai,Maharashtra,Tier 1,2024-01-17
CUST-27578,Mumbai,Maharashtra,Tier 1,2024-03-20
CUST-27579,Ahmedabad,Gujarat,Tier 2,2025-08-19
CUST-27580,Kolkata,West Bengal,Tier 1,2025-03-31
CUST-27581,Hyderabad,Telangana,Tier 1,2025-06-24
CUST-27582,Delhi NCR,Delhi,Tier 1,2025-10-07
CUST-27583,Ahmedabad,Gujarat,Tier 2,2025-09-22
CUST-27584,Hyderabad,Telangana,Tier 1,2025-01-12
CUST-27585,Bangalore,Karnataka,Tier 1,2024-07-09
CUST-27586,Jaipur,Rajasthan,Tier 2,2025-10-26
CUST-27587,Pune,Maharashtra,Tier 1,2025-05-05
CUST-27588,Hyderabad,Telangana,Tier 1,2025-02-08
CUST-27589,Pune,Maharashtra,Tier 1,2024-09-28
CUST-27590,Bangalore,Karnataka,Tier 1,2025-10-05
CUST-27591,Kochi,Kerala,Tier 2,2025-03-05
CUST-27592,Bangalore,Karnataka,Tier 1,2025-06-03
CUST-27593,Delhi NCR,Delhi,Tier 1,2025-10-07
CUST-27594,Kochi,Kerala,Tier 2,2025-01-18
CUST-27595,Lucknow,Uttar Pradesh,Tier 2,2024-07-10
CUST-27596,Delhi NCR,Delhi,Tier 1,2025-08-25
CUST-27597,Delhi NCR,Delhi,Tier 1,2025-03-10
CUST-27598,Patna,Bihar,Tier 2,2024-03-03
CUST-27599,Kochi,Kerala,Tier 2,2024-08-03
CUST-27600,Hyderabad,Telangana,Tier 1,2024-05-13
CUST-27601,Jaipur,Rajasthan,Tier 2,2025-09-10
CUST-27602,Delhi NCR,Delhi,Tier 1,2024-06-09
CUST-27603,Kolkata,West Bengal,Tier 1,2024-09-14
CUST-27604,Mumbai,Maharashtra,Tier 1,2025-02-28
CUST-27605,Chennai,Tamil Nadu,Tier 1,2025-06-11
CUST-27606,Mumbai,Maharashtra,Tier 1,2024-12-23
CUST-27607,Kolkata,West Bengal,Tier 1,2025-01-09
CUST-27608,Chennai,Tamil Nadu,Tier 1,2025-07-24
CUST-27609,Chennai,Tamil Nadu,Tier 1,2024-01-09
CUST-27610,Mumbai,Maharashtra,Tier 1,2024-07-15
CUST-27611,Hyderabad,Telangana,Tier 1,2024-04-26
CUST-27612,Chandigarh,Punjab,Tier 2,2024-01-10
CUST-27613,Hyderabad,Telangana,Tier 1,2025-06-02
CUST-27614,Ahmedabad,Gujarat,Tier 2,2024-12-14
CUST-27615,Hyderabad,Telangana,Tier 1,2025-02-07
CUST-27616,Chennai,Tamil Nadu,Tier 1,2025-09-26
CUST-27617,Pune,Maharashtra,Tier 1,2025-07-28
CUST-27618,Bhubaneswar,Odisha,Tier 2,2024-01-04
CUST-27619,Delhi NCR,Delhi,Tier 1,2024-11-23
CUST-27620,Mumbai,Maharashtra,Tier 1,2025-05-26
CUST-27621,Pune,Maharashtra,Tier 1,2024-05-09
CUST-27622,Bhubaneswar,Odisha,Tier 2,2025-08-09
CUST-27623,Visakhapatnam,Andhra Pradesh,Tier 2,2025-04-28
CUST-27624,Kolkata,West Bengal,Tier 1,2024-12-23
CUST-27625,Kolkata,West Bengal,Tier 1,2025-01-19
CUST-27626,Pune,Maharashtra,Tier 1,2024-09-10
CUST-27627,Kolkata,West Bengal,Tier 1,2024-06-15
CUST-27628,Pune,Maharashtra,Tier 1,2025-11-10
CUST-27629,Bhopal,Madhya Pradesh,Tier 2,2025-04-13
CUST-27630,Chandigarh,Punjab,Tier 2,2025-05-07
CUST-27631,Kolkata,West Bengal,Tier 1,2024-12-03
CUST-27632,Chennai,Tamil Nadu,Tier 1,2024-02-20
CUST-27633,Pune,Maharashtra,Tier 1,2024-02-25
CUST-27634,Chennai,Tamil Nadu,Tier 1,2024-03-13
CUST-27635,Chennai,Tamil Nadu,Tier 1,2025-08-22
CUST-27636,Mumbai,Maharashtra,Tier 1,2024-02-21
CUST-27637,Delhi NCR,Delhi,Tier 1,2024-05-04
CUST-27638,Kolkata,West Bengal,Tier 1,2024-09-18
CUST-27639,Indore,Madhya Pradesh,Tier 2,2025-07-28
CUST-27640,Hyderabad,Telangana,Tier 1,2025-07-01
CUST-27641,Kolkata,West Bengal,Tier 1,2025-06-04
CUST-27642,Hyderabad,Telangana,Tier 1,2024-11-25
CUST-27643,Delhi NCR,Delhi,Tier 1,2024-11-18
CUST-27644,Bhubaneswar,Odisha,Tier 2,2024-08-28
CUST-27645,Bhopal,Madhya Pradesh,Tier 2,2024-10-11
CUST-27646,Mumbai,Maharashtra,Tier 1,2025-08-24
CUST-27647,Ahmedabad,Gujarat,Tier 2,2024-09-20
CUST-27648,Hyderabad,Telangana,Tier 1,2024-10-25
CUST-27649,Visakhapatnam,Andhra Pradesh,Tier 2,2024-07-23
CUST-27650,Hyderabad,Telangana,Tier 1,2024-10-17
CUST-27651,Bangalore,Karnataka,Tier 1,2024-07-29
CUST-27652,Pune,Maharashtra,Tier 1,2024-12-31
CUST-27653,Patna,Bihar,Tier 2,2025-04-08
CUST-27654,Bangalore,Karnataka,Tier 1,2024-11-17
CUST-27655,Ahmedabad,Gujarat,Tier 2,2024-12-23
CUST-27656,Mumbai,Maharashtra,Tier 1,2024-04-03
CUST-27657,Nagpur,Maharashtra,Tier 2,2024-06-17
CUST-27658,Mumbai,Maharashtra,Tier 1,2024-10-23
CUST-27659,Nagpur,Maharashtra,Tier 2,2025-05-30
CUST-27660,Kolkata,West Bengal,Tier 1,2024-04-07
CUST-27661,Chennai,Tamil Nadu,Tier 1,2024-12-15
CUST-27662,Visakhapatnam,Andhra Pradesh,Tier 2,2025-08-01
CUST-27663,Visakhapatnam,Andhra Pradesh,Tier 2,2025-10-11
CUST-27664,Jaipur,Rajasthan,Tier 2,2025-02-04
CUST-27665,Delhi NCR,Delhi,Tier 1,2025-03-26
CUST-27666,Kolkata,West Bengal,Tier 1,2025-04-19
CUST-27667,Kolkata,West Bengal,Tier 1,2025-02-22
CUST-27668,Kolkata,West Bengal,Tier 1,2024-01-04
CUST-27669,Pune,Maharashtra,Tier 1,2024-11-19
CUST-27670,Mumbai,Maharashtra,Tier 1,2025-01-03
CUST-27671,Ahmedabad,Gujarat,Tier 2,2025-09-05
CUST-27672,Ahmedabad,Gujarat,Tier 2,2025-01-29
CUST-27673,Delhi NCR,Delhi,Tier 1,2025-07-09
CUST-27674,Pune,Maharashtra,Tier 1,2024-04-28
CUST-27675,Pune,Maharashtra,Tier 1,2025-11-30
CUST-27676,Lucknow,Uttar Pradesh,Tier 2,2024-07-08
CUST-27677,Mumbai,Maharashtra,Tier 1,2025-09-13
CUST-27678,Pune,Maharashtra,Tier 1,2025-02-19
CUST-27679,Hyderabad,Telangana,Tier 1,2024-04-15
CUST-27680,Kolkata,West Bengal,Tier 1,2024-06-13
CUST-27681,Kochi,Kerala,Tier 2,2025-09-29
CUST-27682,Lucknow,Uttar Pradesh,Tier 2,2024-12-11
CUST-27683,Delhi NCR,Delhi,Tier 1,2024-04-07
CUST-27684,Pune,Maharashtra,Tier 1,2025-04-30
CUST-27685,Bhubaneswar,Odisha,Tier 2,2024-11-26
CUST-27686,Delhi NCR,Delhi,Tier 1,2025-01-04
CUST-27687,Patna,Bihar,Tier 2,2025-03-17
CUST-27688,Lucknow,Uttar Pradesh,Tier 2,2024-04-29
CUST-27689,Kochi,Kerala,Tier 2,2024-10-25
CUST-27690,Hyderabad,Telangana,Tier 1,2024-05-22
CUST-27691,Hyderabad,Telangana,Tier 1,2025-10-03
CUST-27692,Coimbatore,Tamil Nadu,Tier 2,2025-09-07
CUST-27693,Hyderabad,Telangana,Tier 1,2024-04-02
CUST-27694,Mumbai,Maharashtra,Tier 1,2024-10-23
CUST-27695,Pune,Maharashtra,Tier 1,2025-03-22
CUST-27696,Delhi NCR,Delhi,Tier 1,2025-04-24
CUST-27697,Indore,Madhya Pradesh,Tier 2,2024-09-14
CUST-27698,Pune,Maharashtra,Tier 1,2025-06-05
CUST-27699,Bhopal,Madhya Pradesh,Tier 2,2025-11-13
CUST-27700,Kochi,Kerala,Tier 2,2025-01-09
CUST-27701,Delhi NCR,Delhi,Tier 1,2025-03-02
CUST-27702,Chennai,Tamil Nadu,Tier 1,2024-04-10
CUST-27703,Kochi,Kerala,Tier 2,2025-09-13
CUST-27704,Chennai,Tamil Nadu,Tier 1,2024-08-31
CUST-27705,Visakhapatnam,Andhra Pradesh,Tier 2,2024-01-23
CUST-27706,Ahmedabad,Gujarat,Tier 2,2024-12-19
CUST-27707,Mumbai,Maharashtra,Tier 1,2025-04-10
CUST-27708,Bhopal,Madhya Pradesh,Tier 2,2024-08-12
CUST-27709,Delhi NCR,Delhi,Tier 1,2025-03-19
CUST-27710,Delhi NCR,Delhi,Tier 1,2024-09-25
CUST-27711,Ahmedabad,Gujarat,Tier 2,2025-06-16
CUST-27712,Bhopal,Madhya Pradesh,Tier 2,2024-11-09
CUST-27713,Kolkata,West Bengal,Tier 1,2024-04-29
CUST-27714,Hyderabad,Telangana,Tier 1,2025-04-25
CUST-27715,Hyderabad,Telangana,Tier 1,2024-04-29
CUST-27716,Hyderabad,Telangana,Tier 1,2024-05-15
CUST-27717,Hyderabad,Telangana,Tier 1,2024-03-17
CUST-27718,Bangalore,Karnataka,Tier 1,2024-12-19
CUST-27719,Pune,Maharashtra,Tier 1,2024-02-27
CUST-27720,Coimbatore,Tamil Nadu,Tier 2,2024-03-26
CUST-27721,Hyderabad,Telangana,Tier 1,2024-01-01
CUST-27722,Bangalore,Karnataka,Tier 1,2024-03-17
CUST-27723,Patna,Bihar,Tier 2,2025-06-05
CUST-27724,Chandigarh,Punjab,Tier 2,2025-03-19
CUST-27725,Nagpur,Maharashtra,Tier 2,2025-08-03
CUST-27726,Delhi NCR,Delhi,Tier 1,2024-05-27
CUST-27727,Delhi NCR,Delhi,Tier 1,2025-07-27
CUST-27728,Kolkata,West Bengal,Tier 1,2025-06-08
CUST-27729,Pune,Maharashtra,Tier 1,2024-07-04
CUST-27730,Kolkata,West Bengal,Tier 1,2025-11-07
CUST-27731,Pune,Maharashtra,Tier 1,2025-06-05
CUST-27732,Delhi NCR,Delhi,Tier 1,2024-06-10
CUST-27733,Kolkata,West Bengal,Tier 1,2024-10-16
CUST-27734,Jaipur,Rajasthan,Tier 2,2025-02-24
CUST-27735,Chennai,Tamil Nadu,Tier 1,2024-07-14
CUST-27736,Lucknow,Uttar Pradesh,Tier 2,2024-02-03
CUST-27737,Chennai,Tamil Nadu,Tier 1,2025-11-02
CUST-27738,Hyderabad,Telangana,Tier 1,2025-08-19
CUST-27739,Hyderabad,Telangana,Tier 1,2025-07-23
CUST-27740,Chennai,Tamil Nadu,Tier 1,2025-02-11
CUST-27741,Mumbai,Maharashtra,Tier 1,2024-10-23
CUST-27742,Jaipur,Rajasthan,Tier 2,2025-06-20
CUST-27743,Patna,Bihar,Tier 2,2024-02-05
CUST-27744,Hyderabad,Telangana,Tier 1,2024-09-20
CUST-27745,Mumbai,Maharashtra,Tier 1,2025-01-16
CUST-27746,Visakhapatnam,Andhra Pradesh,Tier 2,2024-04-23
CUST-27747,Bangalore,Karnataka,Tier 1,2025-09-08
CUST-27748,Delhi NCR,Delhi,Tier 1,2025-08-27
CUST-27749,Hyderabad,Telangana,Tier 1,2025-08-23
CUST-27750,Chandigarh,Punjab,Tier 2,2025-03-18
CUST-27751,Hyderabad,Telangana,Tier 1,2024-06-11
CUST-27752,Pune,Maharashtra,Tier 1,2024-02-07
CUST-27753,Chennai,Tamil Nadu,Tier 1,2024-04-01
CUST-27754,Delhi NCR,Delhi,Tier 1,2025-09-22
CUST-27755,Hyderabad,Telangana,Tier 1,2025-11-02
CUST-27756,Ahmedabad,Gujarat,Tier 2,2024-04-10
CUST-27757,Pune,Maharashtra,Tier 1,2025-05-21
CUST-27758,Delhi NCR,Delhi,Tier 1,2024-06-27
CUST-27759,Delhi NCR,Delhi,Tier 1,2024-10-10
CUST-27760,Pune,Maharashtra,Tier 1,2024-12-20
CUST-27761,Indore,Madhya Pradesh,Tier 2,2024-10-23
CUST-27762,Hyderabad,Telangana,Tier 1,2025-06-18
CUST-27763,Pune,Maharashtra,Tier 1,2025-05-02
CUST-27764,Delhi NCR,Delhi,Tier 1,2024-10-05
CUST-27765,Hyderabad,Telangana,Tier 1,2025-06-27
CUST-27766,Mumbai,Maharashtra,Tier 1,2025-10-11
CUST-27767,Kochi,Kerala,Tier 2,2025-08-15
CUST-27768,Chennai,Tamil Nadu,Tier 1,2024-12-20
CUST-27769,Indore,Madhya Pradesh,Tier 2,2024-11-14
CUST-27770,Ahmedabad,Gujarat,Tier 2,2024-07-13
CUST-27771,Patna,Bihar,Tier 2,2024-04-02
CUST-27772,Hyderabad,Telangana,Tier 1,2025-03-08
CUST-27773,Delhi NCR,Delhi,Tier 1,2025-07-11
CUST-27774,Visakhapatnam,Andhra Pradesh,Tier 2,2024-01-27
CUST-27775,Ahmedabad,Gujarat,Tier 2,2025-02-18
CUST-27776,Patna,Bihar,Tier 2,2024-06-10
CUST-27777,Mumbai,Maharashtra,Tier 1,2024-04-10
CUST-27778,Hyderabad,Telangana,Tier 1,2025-11-29
CUST-27779,Chandigarh,Punjab,Tier 2,2025-04-17
CUST-27780,Mumbai,Maharashtra,Tier 1,2024-06-06
CUST-27781,Pune,Maharashtra,Tier 1,2025-05-06
CUST-27782,Chennai,Tamil Nadu,Tier 1,2024-01-09
CUST-27783,Mumbai,Maharashtra,Tier 1,2024-07-30
CUST-27784,Bangalore,Karnataka,Tier 1,2025-03-14
CUST-27785,Hyderabad,Telangana,Tier 1,2025-11-09
CUST-27786,Delhi NCR,Delhi,Tier 1,2024-04-20
CUST-27787,Pune,Maharashtra,Tier 1,2024-07-21
CUST-27788,Bangalore,Karnataka,Tier 1,2024-03-05
CUST-27789,Bangalore,Karnataka,Tier 1,2024-06-09
CUST-27790,Coimbatore,Tamil Nadu,Tier 2,2025-02-17
CUST-27791,Kolkata,West Bengal,Tier 1,2025-10-06
CUST-27792,Chennai,Tamil Nadu,Tier 1,2025-11-20
CUST-27793,Ahmedabad,Gujarat,Tier 2,2024-09-22
CUST-27794,Coimbatore,Tamil Nadu,Tier 2,2025-07-25
CUST-27795,Mumbai,Maharashtra,Tier 1,2024-07-23
CUST-27796,Chennai,Tamil Nadu,Tier 1,2025-10-28
CUST-27797,Pune,Maharashtra,Tier 1,2025-08-06
CUST-27798,Hyderabad,Telangana,Tier 1,2024-06-04
CUST-27799,Kochi,Kerala,Tier 2,2024-06-21
CUST-27800,Visakhapatnam,Andhra Pradesh,Tier 2,2024-11-03
CUST-27801,Bhubaneswar,Odisha,Tier 2,2025-03-25
CUST-27802,Bangalore,Karnataka,Tier 1,2024-03-02
CUST-27803,Bangalore,Karnataka,Tier 1,2025-01-07
CUST-27804,Bhubaneswar,Odisha,Tier 2,2025-04-04
CUST-27805,Chennai,Tamil Nadu,Tier 1,2025-04-19
CUST-27806,Bangalore,Karnataka,Tier 1,2025-01-15
CUST-27807,Lucknow,Uttar Pradesh,Tier 2,2025-07-25
CUST-27808,Hyderabad,Telangana,Tier 1,2024-03-26
CUST-27809,Bangalore,Karnataka,Tier 1,2024-05-22
CUST-27810,Bhopal,Madhya Pradesh,Tier 2,2024-01-07
CUST-27811,Delhi NCR,Delhi,Tier 1,2024-10-21
CUST-27812,Mumbai,Maharashtra,Tier 1,2025-11-21
CUST-27813,Bangalore,Karnataka,Tier 1,2025-06-02
CUST-27814,Pune,Maharashtra,Tier 1,2025-10-13
CUST-27815,Delhi NCR,Delhi,Tier 1,2025-06-09
CUST-27816,Kolkata,West Bengal,Tier 1,2024-02-03
CUST-27817,Pune,Maharashtra,Tier 1,2024-11-24
CUST-27818,Patna,Bihar,Tier 2,2025-08-31
CUST-27819,Bangalore,Karnataka,Tier 1,2025-09-29
CUST-27820,Indore,Madhya Pradesh,Tier 2,2024-02-03
CUST-27821,Bangalore,Karnataka,Tier 1,2025-02-09
CUST-27822,Jaipur,Rajasthan,Tier 2,2024-01-18
CUST-27823,Chennai,Tamil Nadu,Tier 1,2025-03-05
CUST-27824,Delhi NCR,Delhi,Tier 1,2025-03-03
CUST-27825,Ahmedabad,Gujarat,Tier 2,2024-10-19
CUST-27826,Bangalore,Karnataka,Tier 1,2025-08-02
CUST-27827,Delhi NCR,Delhi,Tier 1,2024-03-20
CUST-27828,Hyderabad,Telangana,Tier 1,2024-03-26
CUST-27829,Jaipur,Rajasthan,Tier 2,2025-07-25
CUST-27830,Bangalore,Karnataka,Tier 1,2024-02-17
CUST-27831,Delhi NCR,Delhi,Tier 1,2025-11-21
CUST-27832,Mumbai,Maharashtra,Tier 1,2024-03-24
CUST-27833,Kolkata,West Bengal,Tier 1,2025-08-29
CUST-27834,Chennai,Tamil Nadu,Tier 1,2024-11-03
CUST-27835,Bangalore,Karnataka,Tier 1,2024-09-08
CUST-27836,Mumbai,Maharashtra,Tier 1,2025-04-25
CUST-27837,Chennai,Tamil Nadu,Tier 1,2024-06-28
CUST-27838,Kochi,Kerala,Tier 2,2025-08-18
CUST-27839,Ahmedabad,Gujarat,Tier 2,2024-11-05
CUST-27840,Bhopal,Madhya Pradesh,Tier 2,2025-03-01
CUST-27841,Mumbai,Maharashtra,Tier 1,2025-04-30
CUST-27842,Bhubaneswar,Odisha,Tier 2,2025-10-23
CUST-27843,Hyderabad,Telangana,Tier 1,2024-02-08
CUST-27844,Visakhapatnam,Andhra Pradesh,Tier 2,2024-10-05
CUST-27845,Bangalore,Karnataka,Tier 1,2025-09-16
CUST-27846,Kolkata,West Bengal,Tier 1,2025-01-10
CUST-27847,Hyderabad,Telangana,Tier 1,2025-09-30
CUST-27848,Hyderabad,Telangana,Tier 1,2024-02-10
CUST-27849,Patna,Bihar,Tier 2,2025-10-31
CUST-27850,Chandigarh,Punjab,Tier 2,2024-02-16
CUST-27851,Visakhapatnam,Andhra Pradesh,Tier 2,2025-04-28
CUST-27852,Pune,Maharashtra,Tier 1,2024-07-03
CUST-27853,Chennai,Tamil Nadu,Tier 1,2024-03-12
CUST-27854,Mumbai,Maharashtra,Tier 1,2025-07-22
CUST-27855,Visakhapatnam,Andhra Pradesh,Tier 2,2025-07-27
CUST-27856,Kolkata,West Bengal,Tier 1,2024-12-07
CUST-27857,Lucknow,Uttar Pradesh,Tier 2,2025-07-22
CUST-27858,Chennai,Tamil Nadu,Tier 1,2024-08-30
CUST-27859,Kolkata,West Bengal,Tier 1,2024-11-23
CUST-27860,Bhubaneswar,Odisha,Tier 2,2025-09-27
CUST-27861,Delhi NCR,Delhi,Tier 1,2024-06-01
CUST-27862,Hyderabad,Telangana,Tier 1,2024-09-11
CUST-27863,Delhi NCR,Delhi,Tier 1,2025-02-27
CUST-27864,Kochi,Kerala,Tier 2,2024-08-19
CUST-27865,Mumbai,Maharashtra,Tier 1,2025-06-12
CUST-27866,Mumbai,Maharashtra,Tier 1,2025-08-14
CUST-27867,Hyderabad,Telangana,Tier 1,2025-05-10
CUST-27868,Kolkata,West Bengal,Tier 1,2024-06-24
CUST-27869,Chennai,Tamil Nadu,Tier 1,2025-07-04
CUST-27870,Mumbai,Maharashtra,Tier 1,2024-05-22
CUST-27871,Bhubaneswar,Odisha,Tier 2,2024-01-17
CUST-27872,Bhubaneswar,Odisha,Tier 2,2024-09-05
CUST-27873,Hyderabad,Telangana,Tier 1,2024-02-04
CUST-27874,Ahmedabad,Gujarat,Tier 2,2024-05-25
CUST-27875,Pune,Maharashtra,Tier 1,2024-06-13
CUST-27876,Bangalore,Karnataka,Tier 1,2024-04-20
CUST-27877,Bangalore,Karnataka,Tier 1,2025-10-08
CUST-27878,Kolkata,West Bengal,Tier 1,2024-03-14
CUST-27879,Chennai,Tamil Nadu,Tier 1,2025-10-29
CUST-27880,Hyderabad,Telangana,Tier 1,2024-12-19
CUST-27881,Indore,Madhya Pradesh,Tier 2,2024-09-30
CUST-27882,Kolkata,West Bengal,Tier 1,2024-10-05
CUST-27883,Jaipur,Rajasthan,Tier 2,2025-10-21
CUST-27884,Bangalore,Karnataka,Tier 1,2024-01-31
CUST-27885,Kolkata,West Bengal,Tier 1,2025-06-09
CUST-27886,Hyderabad,Telangana,Tier 1,2025-06-18
CUST-27887,Kolkata,West Bengal,Tier 1,2025-05-24
CUST-27888,Kochi,Kerala,Tier 2,2025-05-28
CUST-27889,Kochi,Kerala,Tier 2,2024-06-26
CUST-27890,Hyderabad,Telangana,Tier 1,2024-11-24
CUST-27891,Lucknow,Uttar Pradesh,Tier 2,2025-07-24
CUST-27892,Nagpur,Maharashtra,Tier 2,2025-11-18
CUST-27893,Pune,Maharashtra,Tier 1,2024-06-20
CUST-27894,Delhi NCR,Delhi,Tier 1,2025-01-30
CUST-27895,Lucknow,Uttar Pradesh,Tier 2,2025-08-17
CUST-27896,Delhi NCR,Delhi,Tier 1,2024-02-04
CUST-27897,Bhopal,Madhya Pradesh,Tier 2,2024-10-23
CUST-27898,Kolkata,West Bengal,Tier 1,2025-04-13
CUST-27899,Chennai,Tamil Nadu,Tier 1,2025-05-09
CUST-27900,Mumbai,Maharashtra,Tier 1,2025-09-13
CUST-27901,Chennai,Tamil Nadu,Tier 1,2024-08-22
CUST-27902,Coimbatore,Tamil Nadu,Tier 2,2024-02-08
CUST-27903,Mumbai,Maharashtra,Tier 1,2024-08-06
CUST-27904,Kolkata,West Bengal,Tier 1,2024-08-04
CUST-27905,Nagpur,Maharashtra,Tier 2,2025-11-05
CUST-27906,Chennai,Tamil Nadu,Tier 1,2025-09-19
CUST-27907,Chennai,Tamil Nadu,Tier 1,2025-11-03
CUST-27908,Pune,Maharashtra,Tier 1,2025-08-23
CUST-27909,Chennai,Tamil Nadu,Tier 1,2025-02-23
CUST-27910,Delhi NCR,Delhi,Tier 1,2025-10-14
CUST-27911,Mumbai,Maharashtra,Tier 1,2024-06-22
CUST-27912,Pune,Maharashtra,Tier 1,2024-04-22
CUST-27913,Nagpur,Maharashtra,Tier 2,2024-06-22
CUST-27914,Delhi NCR,Delhi,Tier 1,2024-03-14
CUST-27915,Bangalore,Karnataka,Tier 1,2025-09-28
CUST-27916,Hyderabad,Telangana,Tier 1,2025-06-19
CUST-27917,Indore,Madhya Pradesh,Tier 2,2024-02-01
CUST-27918,Bangalore,Karnataka,Tier 1,2024-09-10
CUST-27919,Bhopal,Madhya Pradesh,Tier 2,2025-05-11
CUST-27920,Mumbai,Maharashtra,Tier 1,2024-04-22
CUST-27921,Nagpur,Maharashtra,Tier 2,2024-07-13
CUST-27922,Pune,Maharashtra,Tier 1,2025-06-11
CUST-27923,Jaipur,Rajasthan,Tier 2,2025-03-16
CUST-27924,Hyderabad,Telangana,Tier 1,2025-05-03
CUST-27925,Kochi,Kerala,Tier 2,2025-05-11
CUST-27926,Delhi NCR,Delhi,Tier 1,2025-09-11
CUST-27927,Mumbai,Maharashtra,Tier 1,2024-01-24
CUST-27928,Chennai,Tamil Nadu,Tier 1,2024-10-16
CUST-27929,Patna,Bihar,Tier 2,2024-11-03
CUST-27930,Chandigarh,Punjab,Tier 2,2024-10-30
CUST-27931,Kolkata,West Bengal,Tier 1,2025-09-22
CUST-27932,Pune,Maharashtra,Tier 1,2025-11-23
CUST-27933,Delhi NCR,Delhi,Tier 1,2024-02-07
CUST-27934,Patna,Bihar,Tier 2,2025-01-20
CUST-27935,Kochi,Kerala,Tier 2,2025-08-03
CUST-27936,Jaipur,Rajasthan,Tier 2,2024-03-22
CUST-27937,Kolkata,West Bengal,Tier 1,2024-04-27
CUST-27938,Bhubaneswar,Odisha,Tier 2,2024-02-19
CUST-27939,Bhopal,Madhya Pradesh,Tier 2,2025-10-30
CUST-27940,Pune,Maharashtra,Tier 1,2024-03-14
CUST-27941,Chennai,Tamil Nadu,Tier 1,2025-11-25
CUST-27942,Pune,Maharashtra,Tier 1,2024-04-15
CUST-27943,Pune,Maharashtra,Tier 1,2025-08-21
CUST-27944,Chennai,Tamil Nadu,Tier 1,2024-11-21
CUST-27945,Hyderabad,Telangana,Tier 1,2025-11-14
CUST-27946,Chennai,Tamil Nadu,Tier 1,2024-12-21
CUST-27947,Pune,Maharashtra,Tier 1,2025-04-12
CUST-27948,Chennai,Tamil Nadu,Tier 1,2025-10-17
CUST-27949,Bangalore,Karnataka,Tier 1,2024-10-10
CUST-27950,Chandigarh,Punjab,Tier 2,2024-07-03
CUST-27951,Kolkata,West Bengal,Tier 1,2024-06-02
CUST-27952,Mumbai,Maharashtra,Tier 1,2024-04-27
CUST-27953,Hyderabad,Telangana,Tier 1,2024-09-23
CUST-27954,Coimbatore,Tamil Nadu,Tier 2,2025-01-19
CUST-27955,Chandigarh,Punjab,Tier 2,2024-09-11
CUST-27956,Hyderabad,Telangana,Tier 1,2024-08-28
CUST-27957,Nagpur,Maharashtra,Tier 2,2024-06-19
CUST-27958,Mumbai,Maharashtra,Tier 1,2025-09-08
CUST-27959,Bhubaneswar,Odisha,Tier 2,2025-07-01
CUST-27960,Bangalore,Karnataka,Tier 1,2025-07-31
CUST-27961,Mumbai,Maharashtra,Tier 1,2024-07-03
CUST-27962,Chennai,Tamil Nadu,Tier 1,2025-10-28
CUST-27963,Hyderabad,Telangana,Tier 1,2025-02-13
CUST-27964,Kolkata,West Bengal,Tier 1,2025-10-14
CUST-27965,Indore,Madhya Pradesh,Tier 2,2025-08-10
CUST-27966,Patna,Bihar,Tier 2,2024-05-25
CUST-27967,Chennai,Tamil Nadu,Tier 1,2024-02-07
CUST-27968,Chennai,Tamil Nadu,Tier 1,2025-05-04
CUST-27969,Delhi NCR,Delhi,Tier 1,2024-09-18
CUST-27970,Mumbai,Maharashtra,Tier 1,2024-05-05
CUST-27971,Pune,Maharashtra,Tier 1,2025-08-26
CUST-27972,Mumbai,Maharashtra,Tier 1,2024-12-10
CUST-27973,Ahmedabad,Gujarat,Tier 2,2024-09-17
CUST-27974,Kolkata,West Bengal,Tier 1,2025-03-18
CUST-27975,Bangalore,Karnataka,Tier 1,2024-04-17
CUST-27976,Kolkata,West Bengal,Tier 1,2025-07-10
CUST-27977,Delhi NCR,Delhi,Tier 1,2025-03-12
CUST-27978,Chennai,Tamil Nadu,Tier 1,2025-05-28
CUST-27979,Indore,Madhya Pradesh,Tier 2,2024-03-30
CUST-27980,Chennai,Tamil Nadu,Tier 1,2024-08-02
CUST-27981,Delhi NCR,Delhi,Tier 1,2025-09-18
CUST-27982,Ahmedabad,Gujarat,Tier 2,2024-11-14
CUST-27983,Bangalore,Karnataka,Tier 1,2025-08-26
CUST-27984,Chandigarh,Punjab,Tier 2,2025-11-28
CUST-27985,Kolkata,West Bengal,Tier 1,2025-10-31
CUST-27986,Chennai,Tamil Nadu,Tier 1,2024-02-26
CUST-27987,Patna,Bihar,Tier 2,2025-07-12
CUST-27988,Ahmedabad,Gujarat,Tier 2,2025-02-05
CUST-27989,Mumbai,Maharashtra,Tier 1,2024-08-09
CUST-27990,Hyderabad,Telangana,Tier 1,2025-04-19
CUST-27991,Bhopal,Madhya Pradesh,Tier 2,2024-04-17
CUST-27992,Mumbai,Maharashtra,Tier 1,2024-06-28
CUST-27993,Kolkata,West Bengal,Tier 1,2024-06-25
CUST-27994,Ahmedabad,Gujarat,Tier 2,2025-05-01
CUST-27995,Pune,Maharashtra,Tier 1,2025-02-17
CUST-27996,Chandigarh,Punjab,Tier 2,2025-11-22
CUST-27997,Ahmedabad,Gujarat,Tier 2,2024-02-06
CUST-27998,Lucknow,Uttar Pradesh,Tier 2,2025-07-28
CUST-27999,Indore,Madhya Pradesh,Tier 2,2024-09-24
CUST-28000,Pune,Maharashtra,Tier 1,2025-01-22
CUST-28001,Chennai,Tamil Nadu,Tier 1,2024-12-19
CUST-28002,Kolkata,West Bengal,Tier 1,2024-09-26
CUST-28003,Ahmedabad,Gujarat,Tier 2,2024-09-25
CUST-28004,Bhopal,Madhya Pradesh,Tier 2,2025-03-17
CUST-28005,Bangalore,Karnataka,Tier 1,2024-10-31
CUST-28006,Hyderabad,Telangana,Tier 1,2024-09-02
CUST-28007,Nagpur,Maharashtra,Tier 2,2024-06-26
CUST-28008,Pune,Maharashtra,Tier 1,2024-03-07
CUST-28009,Delhi NCR,Delhi,Tier 1,2024-10-03
CUST-28010,Jaipur,Rajasthan,Tier 2,2024-07-26
CUST-28011,Visakhapatnam,Andhra Pradesh,Tier 2,2024-11-02
CUST-28012,Indore,Madhya Pradesh,Tier 2,2025-07-03
CUST-28013,Chandigarh,Punjab,Tier 2,2025-09-22
CUST-28014,Bangalore,Karnataka,Tier 1,2025-06-21
CUST-28015,Bhopal,Madhya Pradesh,Tier 2,2025-06-01
CUST-28016,Kolkata,West Bengal,Tier 1,2024-09-30
CUST-28017,Coimbatore,Tamil Nadu,Tier 2,2024-08-20
CUST-28018,Hyderabad,Telangana,Tier 1,2024-04-23
CUST-28019,Mumbai,Maharashtra,Tier 1,2024-05-13
CUST-28020,Kolkata,West Bengal,Tier 1,2025-02-28
CUST-28021,Bangalore,Karnataka,Tier 1,2025-11-20
CUST-28022,Ahmedabad,Gujarat,Tier 2,2024-01-25
CUST-28023,Bhubaneswar,Odisha,Tier 2,2025-07-13
CUST-28024,Lucknow,Uttar Pradesh,Tier 2,2024-10-06
CUST-28025,Coimbatore,Tamil Nadu,Tier 2,2024-12-08
CUST-28026,Chennai,Tamil Nadu,Tier 1,2024-03-12
CUST-28027,Kochi,Kerala,Tier 2,2024-07-19
CUST-28028,Patna,Bihar,Tier 2,2024-11-21
CUST-28029,Ahmedabad,Gujarat,Tier 2,2024-02-02
CUST-28030,Kolkata,West Bengal,Tier 1,2024-04-06
CUST-28031,Pune,Maharashtra,Tier 1,2025-07-10
CUST-28032,Lucknow,Uttar Pradesh,Tier 2,2024-09-19
CUST-28033,Bangalore,Karnataka,Tier 1,2024-03-10
CUST-28034,Indore,Madhya Pradesh,Tier 2,2024-10-19
CUST-28035,Bhubaneswar,Odisha,Tier 2,2024-07-25
CUST-28036,Kolkata,West Bengal,Tier 1,2024-06-20
CUST-28037,Lucknow,Uttar Pradesh,Tier 2,2025-01-29
CUST-28038,Ahmedabad,Gujarat,Tier 2,2024-09-12
CUST-28039,Jaipur,Rajasthan,Tier 2,2024-09-20
CUST-28040,Kolkata,West Bengal,Tier 1,2024-09-20
CUST-28041,Bhopal,Madhya Pradesh,Tier 2,2025-05-31
CUST-28042,Chennai,Tamil Nadu,Tier 1,2024-01-10
CUST-28043,Mumbai,Maharashtra,Tier 1,2024-09-27
CUST-28044,Patna,Bihar,Tier 2,2024-11-07
CUST-28045,Jaipur,Rajasthan,Tier 2,2025-01-04
CUST-28046,Patna,Bihar,Tier 2,2025-07-20
CUST-28047,Delhi NCR,Delhi,Tier 1,2025-07-06
CUST-28048,Mumbai,Maharashtra,Tier 1,2025-10-11
CUST-28049,Nagpur,Maharashtra,Tier 2,2025-01-25
CUST-28050,Delhi NCR,Delhi,Tier 1,2024-04-24
CUST-28051,Indore,Madhya Pradesh,Tier 2,2025-07-28
CUST-28052,Indore,Madhya Pradesh,Tier 2,2024-12-09
CUST-28053,Ahmedabad,Gujarat,Tier 2,2025-02-13
CUST-28054,Delhi NCR,Delhi,Tier 1,2025-06-29
CUST-28055,Jaipur,Rajasthan,Tier 2,2025-01-12
CUST-28056,Coimbatore,Tamil Nadu,Tier 2,2025-03-31
CUST-28057,Chennai,Tamil Nadu,Tier 1,2025-02-26
CUST-28058,Chennai,Tamil Nadu,Tier 1,2025-03-19
CUST-28059,Chennai,Tamil Nadu,Tier 1,2024-07-15
CUST-28060,Mumbai,Maharashtra,Tier 1,2024-12-28
CUST-28061,Coimbatore,Tamil Nadu,Tier 2,2025-02-13
CUST-28062,Bhopal,Madhya Pradesh,Tier 2,2025-07-27
CUST-28063,Visakhapatnam,Andhra Pradesh,Tier 2,2025-01-28
CUST-28064,Pune,Maharashtra,Tier 1,2025-05-23
CUST-28065,Chandigarh,Punjab,Tier 2,2025-07-19
CUST-28066,Bangalore,Karnataka,Tier 1,2025-11-01
CUST-28067,Jaipur,Rajasthan,Tier 2,2024-10-20
CUST-28068,Pune,Maharashtra,Tier 1,2024-01-25
CUST-28069,Coimbatore,Tamil Nadu,Tier 2,2024-08-24
CUST-28070,Patna,Bihar,Tier 2,2025-04-05
CUST-28071,Nagpur,Maharashtra,Tier 2,2024-11-16
CUST-28072,Bhopal,Madhya Pradesh,Tier 2,2024-04-09
CUST-28073,Bhopal,Madhya Pradesh,Tier 2,2025-11-20
CUST-28074,Mumbai,Maharashtra,Tier 1,2025-02-11
CUST-28075,Patna,Bihar,Tier 2,2024-06-03
CUST-28076,Pune,Maharashtra,Tier 1,2025-03-09
CUST-28077,Chennai,Tamil Nadu,Tier 1,2025-03-09
CUST-28078,Mumbai,Maharashtra,Tier 1,2024-05-22
CUST-28079,Jaipur,Rajasthan,Tier 2,2025-06-12
CUST-28080,Hyderabad,Telangana,Tier 1,2024-10-11
CUST-28081,Kolkata,West Bengal,Tier 1,2024-01-05
CUST-28082,Lucknow,Uttar Pradesh,Tier 2,2025-06-06
CUST-28083,Coimbatore,Tamil Nadu,Tier 2,2025-03-11
CUST-28084,Patna,Bihar,Tier 2,2025-02-21
CUST-28085,Chennai,Tamil Nadu,Tier 1,2024-03-21
CUST-28086,Chennai,Tamil Nadu,Tier 1,2025-06-28
CUST-28087,Bangalore,Karnataka,Tier 1,2025-01-11
CUST-28088,Chennai,Tamil Nadu,Tier 1,2024-06-07
CUST-28089,Delhi NCR,Delhi,Tier 1,2025-09-18
CUST-28090,Visakhapatnam,Andhra Pradesh,Tier 2,2024-08-04
CUST-28091,Pune,Maharashtra,Tier 1,2025-10-31
CUST-28092,Delhi NCR,Delhi,Tier 1,2024-02-14
CUST-28093,Hyderabad,Telangana,Tier 1,2025-09-23
CUST-28094,Kolkata,West Bengal,Tier 1,2024-08-02
CUST-28095,Kolkata,West Bengal,Tier 1,2025-05-25
CUST-28096,Mumbai,Maharashtra,Tier 1,2024-05-07
CUST-28097,Bhubaneswar,Odisha,Tier 2,2024-09-10
CUST-28098,Bangalore,Karnataka,Tier 1,2025-07-03
CUST-28099,Mumbai,Maharashtra,Tier 1,2024-12-17
CUST-28100,Mumbai,Maharashtra,Tier 1,2025-08-28
CUST-28101,Pune,Maharashtra,Tier 1,2025-06-24
CUST-28102,Delhi NCR,Delhi,Tier 1,2024-06-12
CUST-28103,Mumbai,Maharashtra,Tier 1,2025-10-10
CUST-28104,Chennai,Tamil Nadu,Tier 1,2025-06-18
CUST-28105,Pune,Maharashtra,Tier 1,2024-05-10
CUST-28106,Delhi NCR,Delhi,Tier 1,2025-08-20
CUST-28107,Hyderabad,Telangana,Tier 1,2025-11-26
CUST-28108,Chennai,Tamil Nadu,Tier 1,2025-05-18
CUST-28109,Delhi NCR,Delhi,Tier 1,2025-02-27
CUST-28110,Kolkata,West Bengal,Tier 1,2024-07-02
CUST-28111,Mumbai,Maharashtra,Tier 1,2025-11-01
CUST-28112,Mumbai,Maharashtra,Tier 1,2025-06-06
CUST-28113,Kolkata,West Bengal,Tier 1,2025-07-07
CUST-28114,Bangalore,Karnataka,Tier 1,2024-08-22
CUST-28115,Delhi NCR,Delhi,Tier 1,2024-05-10
CUST-28116,Chennai,Tamil Nadu,Tier 1,2025-11-27
CUST-28117,Nagpur,Maharashtra,Tier 2,2024-01-14
CUST-28118,Ahmedabad,Gujarat,Tier 2,2025-10-20
CUST-28119,Indore,Madhya Pradesh,Tier 2,2025-01-14
CUST-28120,Bhopal,Madhya Pradesh,Tier 2,2024-02-29
CUST-28121,Visakhapatnam,Andhra Pradesh,Tier 2,2024-10-18
CUST-28122,Chandigarh,Punjab,Tier 2,2024-06-08
CUST-28123,Pune,Maharashtra,Tier 1,2025-03-22
CUST-28124,Hyderabad,Telangana,Tier 1,2025-06-21
CUST-28125,Delhi NCR,Delhi,Tier 1,2025-07-30
CUST-28126,Lucknow,Uttar Pradesh,Tier 2,2025-01-20
CUST-28127,Visakhapatnam,Andhra Pradesh,Tier 2,2024-03-10
CUST-28128,Kolkata,West Bengal,Tier 1,2025-01-16
CUST-28129,Ahmedabad,Gujarat,Tier 2,2025-11-15
CUST-28130,Kolkata,West Bengal,Tier 1,2024-08-12
CUST-28131,Chennai,Tamil Nadu,Tier 1,2025-05-22
CUST-28132,Chennai,Tamil Nadu,Tier 1,2025-10-26
CUST-28133,Kolkata,West Bengal,Tier 1,2024-02-09
CUST-28134,Hyderabad,Telangana,Tier 1,2024-05-25
CUST-28135,Chandigarh,Punjab,Tier 2,2024-12-31
CUST-28136,Bhopal,Madhya Pradesh,Tier 2,2025-09-01
CUST-28137,Bhopal,Madhya Pradesh,Tier 2,2024-09-04
CUST-28138,Bangalore,Karnataka,Tier 1,2024-01-12
CUST-28139,Coimbatore,Tamil Nadu,Tier 2,2025-06-19
CUST-28140,Hyderabad,Telangana,Tier 1,2025-05-24
CUST-28141,Hyderabad,Telangana,Tier 1,2024-09-01
CUST-28142,Ahmedabad,Gujarat,Tier 2,2024-06-19
CUST-28143,Hyderabad,Telangana,Tier 1,2024-02-01
CUST-28144,Mumbai,Maharashtra,Tier 1,2025-09-17
CUST-28145,Chennai,Tamil Nadu,Tier 1,2025-03-04
CUST-28146,Ahmedabad,Gujarat,Tier 2,2024-02-04
CUST-28147,Hyderabad,Telangana,Tier 1,2024-07-23
CUST-28148,Pune,Maharashtra,Tier 1,2025-01-18
CUST-28149,Jaipur,Rajasthan,Tier 2,2024-09-22
CUST-28150,Ahmedabad,Gujarat,Tier 2,2025-07-30
CUST-28151,Coimbatore,Tamil Nadu,Tier 2,2025-03-18
CUST-28152,Chennai,Tamil Nadu,Tier 1,2025-09-01
CUST-28153,Delhi NCR,Delhi,Tier 1,2025-11-27
CUST-28154,Hyderabad,Telangana,Tier 1,2025-04-29
CUST-28155,Chennai,Tamil Nadu,Tier 1,2025-04-14
CUST-28156,Ahmedabad,Gujarat,Tier 2,2024-09-22
CUST-28157,Mumbai,Maharashtra,Tier 1,2024-04-18
CUST-28158,Hyderabad,Telangana,Tier 1,2025-05-03
CUST-28159,Kochi,Kerala,Tier 2,2024-06-26
CUST-28160,Jaipur,Rajasthan,Tier 2,2024-09-05
CUST-28161,Ahmedabad,Gujarat,Tier 2,2024-01-05
CUST-28162,Indore,Madhya Pradesh,Tier 2,2024-06-05
CUST-28163,Kochi,Kerala,Tier 2,2024-08-17
CUST-28164,Lucknow,Uttar Pradesh,Tier 2,2025-09-19
CUST-28165,Chennai,Tamil Nadu,Tier 1,2024-09-17
CUST-28166,Visakhapatnam,Andhra Pradesh,Tier 2,2024-11-16
CUST-28167,Pune,Maharashtra,Tier 1,2024-05-06
CUST-28168,Bangalore,Karnataka,Tier 1,2024-01-28
CUST-28169,Hyderabad,Telangana,Tier 1,2025-05-24
CUST-28170,Lucknow,Uttar Pradesh,Tier 2,2024-08-15
CUST-28171,Nagpur,Maharashtra,Tier 2,2025-10-02
CUST-28172,Delhi NCR,Delhi,Tier 1,2025-06-24
CUST-28173,Mumbai,Maharashtra,Tier 1,2024-06-27
CUST-28174,Bhopal,Madhya Pradesh,Tier 2,2025-11-06
CUST-28175,Nagpur,Maharashtra,Tier 2,2025-11-02
CUST-28176,Bangalore,Karnataka,Tier 1,2024-10-14
CUST-28177,Chennai,Tamil Nadu,Tier 1,2025-05-08
CUST-28178,Jaipur,Rajasthan,Tier 2,2024-09-21
CUST-28179,Hyderabad,Telangana,Tier 1,2025-04-11
CUST-28180,Bhopal,Madhya Pradesh,Tier 2,2025-01-29
CUST-28181,Delhi NCR,Delhi,Tier 1,2025-03-07
CUST-28182,Mumbai,Maharashtra,Tier 1,2025-03-10
CUST-28183,Bangalore,Karnataka,Tier 1,2025-01-22
CUST-28184,Hyderabad,Telangana,Tier 1,2025-06-20
CUST-28185,Delhi NCR,Delhi,Tier 1,2024-05-24
CUST-28186,Mumbai,Maharashtra,Tier 1,2024-06-23
CUST-28187,Chandigarh,Punjab,Tier 2,2025-06-03
CUST-28188,Delhi NCR,Delhi,Tier 1,2024-11-09
CUST-28189,Nagpur,Maharashtra,Tier 2,2025-09-12
CUST-28190,Hyderabad,Telangana,Tier 1,2024-05-08
CUST-28191,Jaipur,Rajasthan,Tier 2,2025-05-28
CUST-28192,Bangalore,Karnataka,Tier 1,2024-01-10
CUST-28193,Bangalore,Karnataka,Tier 1,2024-12-12
CUST-28194,Pune,Maharashtra,Tier 1,2024-04-26
CUST-28195,Pune,Maharashtra,Tier 1,2025-02-14
CUST-28196,Kochi,Kerala,Tier 2,2025-01-31
CUST-28197,Chandigarh,Punjab,Tier 2,2024-01-11
CUST-28198,Jaipur,Rajasthan,Tier 2,2025-02-01
CUST-28199,Chennai,Tamil Nadu,Tier 1,2025-08-30
CUST-28200,Coimbatore,Tamil Nadu,Tier 2,2024-04-02
CUST-28201,Pune,Maharashtra,Tier 1,2024-04-11
CUST-28202,Visakhapatnam,Andhra Pradesh,Tier 2,2024-04-07
CUST-28203,Indore,Madhya Pradesh,Tier 2,2024-10-08
CUST-28204,Mumbai,Maharashtra,Tier 1,2025-10-29
CUST-28205,Hyderabad,Telangana,Tier 1,2025-10-18
CUST-28206,Pune,Maharashtra,Tier 1,2025-02-24
CUST-28207,Ahmedabad,Gujarat,Tier 2,2024-12-29
CUST-28208,Kolkata,West Bengal,Tier 1,2024-07-29
CUST-28209,Kochi,Kerala,Tier 2,2025-10-28
CUST-28210,Hyderabad,Telangana,Tier 1,2025-05-22
CUST-28211,Delhi NCR,Delhi,Tier 1,2024-03-16
CUST-28212,Mumbai,Maharashtra,Tier 1,2024-11-18
CUST-28213,Pune,Maharashtra,Tier 1,2025-03-27
CUST-28214,Lucknow,Uttar Pradesh,Tier 2,2025-11-17
CUST-28215,Hyderabad,Telangana,Tier 1,2025-09-14
CUST-28216,Pune,Maharashtra,Tier 1,2024-01-18
CUST-28217,Mumbai,Maharashtra,Tier 1,2024-10-17
CUST-28218,Delhi NCR,Delhi,Tier 1,2024-07-16
CUST-28219,Lucknow,Uttar Pradesh,Tier 2,2024-06-10
CUST-28220,Hyderabad,Telangana,Tier 1,2025-02-20
CUST-28221,Jaipur,Rajasthan,Tier 2,2025-01-18
CUST-28222,Patna,Bihar,Tier 2,2024-07-18
CUST-28223,Patna,Bihar,Tier 2,2025-05-12
CUST-28224,Delhi NCR,Delhi,Tier 1,2024-02-12
CUST-28225,Kolkata,West Bengal,Tier 1,2024-03-22
CUST-28226,Ahmedabad,Gujarat,Tier 2,2025-06-22
CUST-28227,Kochi,Kerala,Tier 2,2024-10-30
CUST-28228,Kochi,Kerala,Tier 2,2025-08-03
CUST-28229,Bangalore,Karnataka,Tier 1,2024-07-17
CUST-28230,Bangalore,Karnataka,Tier 1,2025-02-09
CUST-28231,Pune,Maharashtra,Tier 1,2025-03-02
CUST-28232,Chandigarh,Punjab,Tier 2,2025-04-05
CUST-28233,Hyderabad,Telangana,Tier 1,2025-04-24
CUST-28234,Delhi NCR,Delhi,Tier 1,2024-05-03
CUST-28235,Ahmedabad,Gujarat,Tier 2,2025-06-11
CUST-28236,Hyderabad,Telangana,Tier 1,2025-09-29
CUST-28237,Delhi NCR,Delhi,Tier 1,2025-06-09
CUST-28238,Delhi NCR,Delhi,Tier 1,2024-02-08
CUST-28239,Hyderabad,Telangana,Tier 1,2024-07-17
CUST-28240,Pune,Maharashtra,Tier 1,2024-04-17
CUST-28241,Hyderabad,Telangana,Tier 1,2024-09-24
CUST-28242,Mumbai,Maharashtra,Tier 1,2024-12-18
CUST-28243,Delhi NCR,Delhi,Tier 1,2024-11-06
CUST-28244,Hyderabad,Telangana,Tier 1,2025-01-24
CUST-28245,Jaipur,Rajasthan,Tier 2,2024-02-09
CUST-28246,Delhi NCR,Delhi,Tier 1,2025-08-03
CUST-28247,Pune,Maharashtra,Tier 1,2024-05-31
CUST-28248,Delhi NCR,Delhi,Tier 1,2024-07-05
CUST-28249,Bangalore,Karnataka,Tier 1,2025-03-05
CUST-28250,Delhi NCR,Delhi,Tier 1,2025-04-01
CUST-28251,Mumbai,Maharashtra,Tier 1,2024-08-14
CUST-28252,Jaipur,Rajasthan,Tier 2,2025-03-03
CUST-28253,Chennai,Tamil Nadu,Tier 1,2024-07-22
CUST-28254,Patna,Bihar,Tier 2,2024-04-27
CUST-28255,Delhi NCR,Delhi,Tier 1,2025-01-28
CUST-28256,Delhi NCR,Delhi,Tier 1,2024-08-09
CUST-28257,Hyderabad,Telangana,Tier 1,2024-03-03
CUST-28258,Chandigarh,Punjab,Tier 2,2025-01-30
CUST-28259,Hyderabad,Telangana,Tier 1,2024-01-05
CUST-28260,Chennai,Tamil Nadu,Tier 1,2024-11-29
CUST-28261,Hyderabad,Telangana,Tier 1,2024-10-18
CUST-28262,Mumbai,Maharashtra,Tier 1,2025-05-22
CUST-28263,Nagpur,Maharashtra,Tier 2,2024-05-24
CUST-28264,Kolkata,West Bengal,Tier 1,2025-10-23
CUST-28265,Kochi,Kerala,Tier 2,2024-06-07
CUST-28266,Jaipur,Rajasthan,Tier 2,2024-01-11
CUST-28267,Kolkata,West Bengal,Tier 1,2024-03-09
CUST-28268,Mumbai,Maharashtra,Tier 1,2025-09-05
CUST-28269,Pune,Maharashtra,Tier 1,2025-06-27
CUST-28270,Delhi NCR,Delhi,Tier 1,2024-07-20
CUST-28271,Chennai,Tamil Nadu,Tier 1,2024-09-22
CUST-28272,Pune,Maharashtra,Tier 1,2024-04-17
CUST-28273,Kochi,Kerala,Tier 2,2024-02-23
CUST-28274,Lucknow,Uttar Pradesh,Tier 2,2024-12-03
CUST-28275,Jaipur,Rajasthan,Tier 2,2024-07-08
CUST-28276,Delhi NCR,Delhi,Tier 1,2024-08-26
CUST-28277,Hyderabad,Telangana,Tier 1,2024-12-08
CUST-28278,Mumbai,Maharashtra,Tier 1,2024-10-17
CUST-28279,Ahmedabad,Gujarat,Tier 2,2024-11-18
CUST-28280,Bhubaneswar,Odisha,Tier 2,2024-11-16
CUST-28281,Bangalore,Karnataka,Tier 1,2024-02-11
CUST-28282,Mumbai,Maharashtra,Tier 1,2024-07-16
CUST-28283,Kolkata,West Bengal,Tier 1,2025-09-24
CUST-28284,Bhopal,Madhya Pradesh,Tier 2,2024-10-10
CUST-28285,Kolkata,West Bengal,Tier 1,2024-06-30
CUST-28286,Mumbai,Maharashtra,Tier 1,2025-09-03
CUST-28287,Visakhapatnam,Andhra Pradesh,Tier 2,2024-01-11
CUST-28288,Patna,Bihar,Tier 2,2025-03-17
CUST-28289,Delhi NCR,Delhi,Tier 1,2025-09-20
CUST-28290,Nagpur,Maharashtra,Tier 2,2025-02-27
CUST-28291,Chennai,Tamil Nadu,Tier 1,2025-05-14
CUST-28292,Chennai,Tamil Nadu,Tier 1,2025-01-22
CUST-28293,Chennai,Tamil Nadu,Tier 1,2025-07-29
CUST-28294,Patna,Bihar,Tier 2,2025-11-18
CUST-28295,Jaipur,Rajasthan,Tier 2,2025-03-29
CUST-28296,Mumbai,Maharashtra,Tier 1,2025-08-17
CUST-28297,Bhubaneswar,Odisha,Tier 2,2024-01-02
CUST-28298,Delhi NCR,Delhi,Tier 1,2024-08-29
CUST-28299,Chandigarh,Punjab,Tier 2,2024-02-29
CUST-28300,Pune,Maharashtra,Tier 1,2025-01-02
CUST-28301,Bangalore,Karnataka,Tier 1,2024-02-09
CUST-28302,Delhi NCR,Delhi,Tier 1,2024-11-10
CUST-28303,Bhopal,Madhya Pradesh,Tier 2,2025-07-10
CUST-28304,Chennai,Tamil Nadu,Tier 1,2024-10-24
CUST-28305,Jaipur,Rajasthan,Tier 2,2025-09-22
CUST-28306,Kolkata,West Bengal,Tier 1,2025-10-04
CUST-28307,Ahmedabad,Gujarat,Tier 2,2025-03-25
CUST-28308,Kolkata,West Bengal,Tier 1,2025-01-29
CUST-28309,Hyderabad,Telangana,Tier 1,2025-07-15
CUST-28310,Hyderabad,Telangana,Tier 1,2024-03-28
CUST-28311,Bhopal,Madhya Pradesh,Tier 2,2025-06-16
CUST-28312,Kolkata,West Bengal,Tier 1,2025-01-22
CUST-28313,Bangalore,Karnataka,Tier 1,2025-01-15
CUST-28314,Nagpur,Maharashtra,Tier 2,2025-07-08
CUST-28315,Indore,Madhya Pradesh,Tier 2,2025-03-06
CUST-28316,Mumbai,Maharashtra,Tier 1,2025-06-18
CUST-28317,Visakhapatnam,Andhra Pradesh,Tier 2,2024-08-03
CUST-28318,Lucknow,Uttar Pradesh,Tier 2,2024-10-03
CUST-28319,Delhi NCR,Delhi,Tier 1,2024-07-12
CUST-28320,Bangalore,Karnataka,Tier 1,2024-06-27
CUST-28321,Lucknow,Uttar Pradesh,Tier 2,2024-05-22
CUST-28322,Kochi,Kerala,Tier 2,2025-06-21
CUST-28323,Bangalore,Karnataka,Tier 1,2024-08-05
CUST-28324,Bangalore,Karnataka,Tier 1,2025-05-25
CUST-28325,Hyderabad,Telangana,Tier 1,2024-02-28
CUST-28326,Pune,Maharashtra,Tier 1,2024-12-11
CUST-28327,Delhi NCR,Delhi,Tier 1,2025-07-10
CUST-28328,Delhi NCR,Delhi,Tier 1,2025-02-22
CUST-28329,Jaipur,Rajasthan,Tier 2,2024-08-11
CUST-28330,Kochi,Kerala,Tier 2,2024-12-15
CUST-28331,Kolkata,West Bengal,Tier 1,2025-09-13
CUST-28332,Hyderabad,Telangana,Tier 1,2024-03-17
CUST-28333,Chennai,Tamil Nadu,Tier 1,2025-08-21
CUST-28334,Chennai,Tamil Nadu,Tier 1,2024-07-26
CUST-28335,Bhubaneswar,Odisha,Tier 2,2024-06-07
CUST-28336,Kochi,Kerala,Tier 2,2025-06-07
CUST-28337,Bangalore,Karnataka,Tier 1,2024-08-12
CUST-28338,Chennai,Tamil Nadu,Tier 1,2024-12-23
CUST-28339,Kolkata,West Bengal,Tier 1,2025-01-18
CUST-28340,Pune,Maharashtra,Tier 1,2025-06-27
CUST-28341,Kolkata,West Bengal,Tier 1,2025-07-19
CUST-28342,Indore,Madhya Pradesh,Tier 2,2025-05-18
CUST-28343,Kochi,Kerala,Tier 2,2025-03-25
CUST-28344,Kolkata,West Bengal,Tier 1,2024-08-29
CUST-28345,Bhopal,Madhya Pradesh,Tier 2,2025-01-03
CUST-28346,Chandigarh,Punjab,Tier 2,2025-09-18
CUST-28347,Kochi,Kerala,Tier 2,2025-04-15
CUST-28348,Bhubaneswar,Odisha,Tier 2,2024-10-14
CUST-28349,Bangalore,Karnataka,Tier 1,2025-02-02
CUST-28350,Bangalore,Karnataka,Tier 1,2024-04-13
CUST-28351,Coimbatore,Tamil Nadu,Tier 2,2024-11-06
CUST-28352,Kochi,Kerala,Tier 2,2024-05-06
CUST-28353,Nagpur,Maharashtra,Tier 2,2024-02-09
CUST-28354,Mumbai,Maharashtra,Tier 1,2024-03-12
CUST-28355,Pune,Maharashtra,Tier 1,2024-09-03
CUST-28356,Delhi NCR,Delhi,Tier 1,2024-09-03
CUST-28357,Kolkata,West Bengal,Tier 1,2024-11-07
CUST-28358,Delhi NCR,Delhi,Tier 1,2024-02-03
CUST-28359,Delhi NCR,Delhi,Tier 1,2024-05-08
CUST-28360,Mumbai,Maharashtra,Tier 1,2024-01-10
CUST-28361,Pune,Maharashtra,Tier 1,2024-06-16
CUST-28362,Hyderabad,Telangana,Tier 1,2024-08-03
CUST-28363,Delhi NCR,Delhi,Tier 1,2025-02-11
CUST-28364,Hyderabad,Telangana,Tier 1,2025-06-09
CUST-28365,Delhi NCR,Delhi,Tier 1,2025-08-24
CUST-28366,Bhubaneswar,Odisha,Tier 2,2024-01-18
CUST-28367,Hyderabad,Telangana,Tier 1,2024-12-05
CUST-28368,Hyderabad,Telangana,Tier 1,2025-11-11
CUST-28369,Patna,Bihar,Tier 2,2025-07-21
CUST-28370,Pune,Maharashtra,Tier 1,2025-11-06
CUST-28371,Ahmedabad,Gujarat,Tier 2,2025-10-25
CUST-28372,Pune,Maharashtra,Tier 1,2024-03-30
CUST-28373,Bhubaneswar,Odisha,Tier 2,2024-10-11
CUST-28374,Bangalore,Karnataka,Tier 1,2025-06-17
CUST-28375,Visakhapatnam,Andhra Pradesh,Tier 2,2024-09-23
CUST-28376,Patna,Bihar,Tier 2,2025-03-08
CUST-28377,Pune,Maharashtra,Tier 1,2025-10-12
CUST-28378,Jaipur,Rajasthan,Tier 2,2024-02-21
CUST-28379,Pune,Maharashtra,Tier 1,2024-03-07
CUST-28380,Mumbai,Maharashtra,Tier 1,2025-08-19
CUST-28381,Bangalore,Karnataka,Tier 1,2024-09-06
CUST-28382,Bhubaneswar,Odisha,Tier 2,2024-11-26
CUST-28383,Kolkata,West Bengal,Tier 1,2025-02-18
CUST-28384,Chennai,Tamil Nadu,Tier 1,2024-05-02
CUST-28385,Chandigarh,Punjab,Tier 2,2024-07-20
CUST-28386,Kolkata,West Bengal,Tier 1,2024-01-06
CUST-28387,Mumbai,Maharashtra,Tier 1,2025-04-30
CUST-28388,Ahmedabad,Gujarat,Tier 2,2024-07-17
CUST-28389,Ahmedabad,Gujarat,Tier 2,2024-01-13
CUST-28390,Delhi NCR,Delhi,Tier 1,2024-01-06
CUST-28391,Bhubaneswar,Odisha,Tier 2,2025-02-14
CUST-28392,Bangalore,Karnataka,Tier 1,2024-04-30
CUST-28393,Chennai,Tamil Nadu,Tier 1,2025-07-10
CUST-28394,Delhi NCR,Delhi,Tier 1,2024-12-27
CUST-28395,Pune,Maharashtra,Tier 1,2025-06-21
CUST-28396,Chennai,Tamil Nadu,Tier 1,2024-01-04
CUST-28397,Hyderabad,Telangana,Tier 1,2024-10-10
CUST-28398,Patna,Bihar,Tier 2,2024-12-24
CUST-28399,Mumbai,Maharashtra,Tier 1,2025-11-23
CUST-28400,Indore,Madhya Pradesh,Tier 2,2024-10-08
CUST-28401,Pune,Maharashtra,Tier 1,2025-10-18
CUST-28402,Visakhapatnam,Andhra Pradesh,Tier 2,2025-09-19
CUST-28403,Pune,Maharashtra,Tier 1,2024-12-14
CUST-28404,Mumbai,Maharashtra,Tier 1,2024-01-30
CUST-28405,Mumbai,Maharashtra,Tier 1,2025-05-31
CUST-28406,Bhopal,Madhya Pradesh,Tier 2,2025-01-08
CUST-28407,Patna,Bihar,Tier 2,2025-09-09
CUST-28408,Hyderabad,Telangana,Tier 1,2024-05-03
CUST-28409,Pune,Maharashtra,Tier 1,2025-03-21
CUST-28410,Kolkata,West Bengal,Tier 1,2025-01-28
CUST-28411,Bhubaneswar,Odisha,Tier 2,2025-10-11
CUST-28412,Bhubaneswar,Odisha,Tier 2,2025-09-09
CUST-28413,Visakhapatnam,Andhra Pradesh,Tier 2,2024-02-25
CUST-28414,Bhopal,Madhya Pradesh,Tier 2,2024-05-11
CUST-28415,Coimbatore,Tamil Nadu,Tier 2,2024-05-01
CUST-28416,Bangalore,Karnataka,Tier 1,2024-07-20
CUST-28417,Patna,Bihar,Tier 2,2025-08-24
CUST-28418,Ahmedabad,Gujarat,Tier 2,2024-09-21
CUST-28419,Bhubaneswar,Odisha,Tier 2,2025-07-11
CUST-28420,Pune,Maharashtra,Tier 1,2024-02-09
CUST-28421,Mumbai,Maharashtra,Tier 1,2025-08-01
CUST-28422,Pune,Maharashtra,Tier 1,2024-04-22
CUST-28423,Lucknow,Uttar Pradesh,Tier 2,2024-12-04
CUST-28424,Bangalore,Karnataka,Tier 1,2024-03-02
CUST-28425,Chennai,Tamil Nadu,Tier 1,2024-08-14
CUST-28426,Pune,Maharashtra,Tier 1,2024-06-22
CUST-28427,Chennai,Tamil Nadu,Tier 1,2024-05-13
CUST-28428,Chennai,Tamil Nadu,Tier 1,2024-10-11
CUST-28429,Delhi NCR,Delhi,Tier 1,2025-09-17
CUST-28430,Nagpur,Maharashtra,Tier 2,2024-04-17
CUST-28431,Chandigarh,Punjab,Tier 2,2024-05-22
CUST-28432,Mumbai,Maharashtra,Tier 1,2025-07-22
CUST-28433,Chandigarh,Punjab,Tier 2,2024-10-20
CUST-28434,Chandigarh,Punjab,Tier 2,2024-10-03
CUST-28435,Mumbai,Maharashtra,Tier 1,2025-05-06
CUST-28436,Hyderabad,Telangana,Tier 1,2025-07-16
CUST-28437,Pune,Maharashtra,Tier 1,2025-04-15
CUST-28438,Chennai,Tamil Nadu,Tier 1,2024-10-02
CUST-28439,Kochi,Kerala,Tier 2,2024-08-21
CUST-28440,Chennai,Tamil Nadu,Tier 1,2024-08-29
CUST-28441,Delhi NCR,Delhi,Tier 1,2024-09-14
CUST-28442,Visakhapatnam,Andhra Pradesh,Tier 2,2024-02-01
CUST-28443,Bangalore,Karnataka,Tier 1,2025-01-01
CUST-28444,Ahmedabad,Gujarat,Tier 2,2024-12-13
CUST-28445,Delhi NCR,Delhi,Tier 1,2024-05-11
CUST-28446,Hyderabad,Telangana,Tier 1,2025-01-02
CUST-28447,Chennai,Tamil Nadu,Tier 1,2024-09-21
CUST-28448,Bangalore,Karnataka,Tier 1,2024-08-02
CUST-28449,Chennai,Tamil Nadu,Tier 1,2024-08-02
CUST-28450,Delhi NCR,Delhi,Tier 1,2024-10-08
CUST-28451,Pune,Maharashtra,Tier 1,2025-06-13
CUST-28452,Jaipur,Rajasthan,Tier 2,2024-01-02
CUST-28453,Mumbai,Maharashtra,Tier 1,2025-05-27
CUST-28454,Bhopal,Madhya Pradesh,Tier 2,2025-04-08
CUST-28455,Delhi NCR,Delhi,Tier 1,2025-03-22
CUST-28456,Bangalore,Karnataka,Tier 1,2024-12-28
CUST-28457,Jaipur,Rajasthan,Tier 2,2024-08-03
CUST-28458,Kolkata,West Bengal,Tier 1,2024-06-12
CUST-28459,Kolkata,West Bengal,Tier 1,2025-08-09
CUST-28460,Delhi NCR,Delhi,Tier 1,2025-06-21
CUST-28461,Indore,Madhya Pradesh,Tier 2,2025-05-25
CUST-28462,Pune,Maharashtra,Tier 1,2024-08-08
CUST-28463,Delhi NCR,Delhi,Tier 1,2025-07-08
CUST-28464,Chennai,Tamil Nadu,Tier 1,2025-09-25
CUST-28465,Indore,Madhya Pradesh,Tier 2,2025-10-02
CUST-28466,Pune,Maharashtra,Tier 1,2024-10-09
CUST-28467,Delhi NCR,Delhi,Tier 1,2024-03-11
CUST-28468,Chennai,Tamil Nadu,Tier 1,2025-01-08
CUST-28469,Bangalore,Karnataka,Tier 1,2024-09-15
CUST-28470,Kolkata,West Bengal,Tier 1,2025-03-20
CUST-28471,Patna,Bihar,Tier 2,2024-07-19
CUST-28472,Chennai,Tamil Nadu,Tier 1,2025-10-03
CUST-28473,Chennai,Tamil Nadu,Tier 1,2025-01-14
CUST-28474,Coimbatore,Tamil Nadu,Tier 2,2025-08-15
CUST-28475,Pune,Maharashtra,Tier 1,2025-02-18
CUST-28476,Pune,Maharashtra,Tier 1,2024-03-05
CUST-28477,Bangalore,Karnataka,Tier 1,2025-01-12
CUST-28478,Pune,Maharashtra,Tier 1,2025-10-19
CUST-28479,Pune,Maharashtra,Tier 1,2025-10-07
CUST-28480,Chennai,Tamil Nadu,Tier 1,2024-04-11
CUST-28481,Visakhapatnam,Andhra Pradesh,Tier 2,2024-02-11
CUST-28482,Bhopal,Madhya Pradesh,Tier 2,2024-07-14
CUST-28483,Chandigarh,Punjab,Tier 2,2024-12-25
CUST-28484,Kolkata,West Bengal,Tier 1,2024-04-08
CUST-28485,Chennai,Tamil Nadu,Tier 1,2025-01-22
CUST-28486,Delhi NCR,Delhi,Tier 1,2024-03-05
CUST-28487,Hyderabad,Telangana,Tier 1,2024-10-23
CUST-28488,Kochi,Kerala,Tier 2,2025-03-02
CUST-28489,Chennai,Tamil Nadu,Tier 1,2024-08-10
CUST-28490,Bhopal,Madhya Pradesh,Tier 2,2025-11-25
CUST-28491,Delhi NCR,Delhi,Tier 1,2024-05-28
CUST-28492,Kolkata,West Bengal,Tier 1,2025-05-23
CUST-28493,Pune,Maharashtra,Tier 1,2025-03-17
CUST-28494,Kolkata,West Bengal,Tier 1,2025-02-17
CUST-28495,Coimbatore,Tamil Nadu,Tier 2,2024-04-25
CUST-28496,Visakhapatnam,Andhra Pradesh,Tier 2,2025-03-28
CUST-28497,Delhi NCR,Delhi,Tier 1,2024-11-15
CUST-28498,Delhi NCR,Delhi,Tier 1,2025-03-26
CUST-28499,Delhi NCR,Delhi,Tier 1,2024-03-19
CUST-28500,Lucknow,Uttar Pradesh,Tier 2,2024-12-22
CUST-28501,Chennai,Tamil Nadu,Tier 1,2024-04-28
CUST-28502,Ahmedabad,Gujarat,Tier 2,2025-08-08
CUST-28503,Chennai,Tamil Nadu,Tier 1,2025-06-04
CUST-28504,Pune,Maharashtra,Tier 1,2024-10-05
CUST-28505,Kochi,Kerala,Tier 2,2025-07-19
CUST-28506,Kolkata,West Bengal,Tier 1,2024-02-14
CUST-28507,Kolkata,West Bengal,Tier 1,2024-08-12
CUST-28508,Mumbai,Maharashtra,Tier 1,2025-06-11
CUST-28509,Chennai,Tamil Nadu,Tier 1,2024-08-28
CUST-28510,Kolkata,West Bengal,Tier 1,2025-09-05
CUST-28511,Chennai,Tamil Nadu,Tier 1,2025-04-26
CUST-28512,Coimbatore,Tamil Nadu,Tier 2,2024-04-04
CUST-28513,Coimbatore,Tamil Nadu,Tier 2,2024-12-30
CUST-28514,Indore,Madhya Pradesh,Tier 2,2024-07-03
CUST-28515,Chennai,Tamil Nadu,Tier 1,2024-05-15
CUST-28516,Ahmedabad,Gujarat,Tier 2,2024-01-25
CUST-28517,Chennai,Tamil Nadu,Tier 1,2024-11-13
CUST-28518,Bangalore,Karnataka,Tier 1,2024-11-28
CUST-28519,Hyderabad,Telangana,Tier 1,2025-07-15
CUST-28520,Mumbai,Maharashtra,Tier 1,2025-11-11
CUST-28521,Hyderabad,Telangana,Tier 1,2024-04-09
CUST-28522,Chennai,Tamil Nadu,Tier 1,2025-01-04
CUST-28523,Bhubaneswar,Odisha,Tier 2,2025-08-15
CUST-28524,Hyderabad,Telangana,Tier 1,2024-01-12
CUST-28525,Coimbatore,Tamil Nadu,Tier 2,2024-03-17
CUST-28526,Bangalore,Karnataka,Tier 1,2025-08-09
CUST-28527,Bangalore,Karnataka,Tier 1,2025-11-12
CUST-28528,Kolkata,West Bengal,Tier 1,2024-12-13
CUST-28529,Jaipur,Rajasthan,Tier 2,2025-03-18
CUST-28530,Mumbai,Maharashtra,Tier 1,2025-11-21
CUST-28531,Bangalore,Karnataka,Tier 1,2024-03-28
CUST-28532,Chennai,Tamil Nadu,Tier 1,2025-04-09
CUST-28533,Hyderabad,Telangana,Tier 1,2025-05-08
CUST-28534,Ahmedabad,Gujarat,Tier 2,2024-08-09
CUST-28535,Kolkata,West Bengal,Tier 1,2025-05-29
CUST-28536,Delhi NCR,Delhi,Tier 1,2024-04-27
CUST-28537,Coimbatore,Tamil Nadu,Tier 2,2024-05-15
CUST-28538,Hyderabad,Telangana,Tier 1,2024-07-05
CUST-28539,Ahmedabad,Gujarat,Tier 2,2025-06-25
CUST-28540,Kochi,Kerala,Tier 2,2025-08-01
CUST-28541,Bhubaneswar,Odisha,Tier 2,2024-11-06
CUST-28542,Kolkata,West Bengal,Tier 1,2025-01-13
CUST-28543,Pune,Maharashtra,Tier 1,2025-02-15
CUST-28544,Hyderabad,Telangana,Tier 1,2025-02-24
CUST-28545,Jaipur,Rajasthan,Tier 2,2024-08-04
CUST-28546,Chennai,Tamil Nadu,Tier 1,2025-10-31
CUST-28547,Chennai,Tamil Nadu,Tier 1,2024-03-11
CUST-28548,Bhopal,Madhya Pradesh,Tier 2,2024-04-19
CUST-28549,Mumbai,Maharashtra,Tier 1,2024-10-11
CUST-28550,Bhopal,Madhya Pradesh,Tier 2,2025-08-24
CUST-28551,Patna,Bihar,Tier 2,2025-07-22
CUST-28552,Kolkata,West Bengal,Tier 1,2024-10-24
CUST-28553,Kolkata,West Bengal,Tier 1,2025-05-13
CUST-28554,Hyderabad,Telangana,Tier 1,2025-07-14
CUST-28555,Visakhapatnam,Andhra Pradesh,Tier 2,2025-11-27
CUST-28556,Delhi NCR,Delhi,Tier 1,2025-06-13
CUST-28557,Pune,Maharashtra,Tier 1,2024-07-16
CUST-28558,Lucknow,Uttar Pradesh,Tier 2,2025-05-21
CUST-28559,Nagpur,Maharashtra,Tier 2,2025-05-03
CUST-28560,Kochi,Kerala,Tier 2,2024-01-27
CUST-28561,Pune,Maharashtra,Tier 1,2024-04-27
CUST-28562,Delhi NCR,Delhi,Tier 1,2024-02-23
CUST-28563,Chennai,Tamil Nadu,Tier 1,2025-05-18
CUST-28564,Delhi NCR,Delhi,Tier 1,2024-05-31
CUST-28565,Bhopal,Madhya Pradesh,Tier 2,2025-04-23
CUST-28566,Chandigarh,Punjab,Tier 2,2024-06-10
CUST-28567,Chandigarh,Punjab,Tier 2,2025-10-23
CUST-28568,Jaipur,Rajasthan,Tier 2,2024-08-03
CUST-28569,Kolkata,West Bengal,Tier 1,2025-02-23
CUST-28570,Delhi NCR,Delhi,Tier 1,2024-12-13
CUST-28571,Hyderabad,Telangana,Tier 1,2024-12-05
CUST-28572,Delhi NCR,Delhi,Tier 1,2025-07-07
CUST-28573,Ahmedabad,Gujarat,Tier 2,2024-12-17
CUST-28574,Delhi NCR,Delhi,Tier 1,2025-11-03
CUST-28575,Lucknow,Uttar Pradesh,Tier 2,2025-08-08
CUST-28576,Lucknow,Uttar Pradesh,Tier 2,2025-01-09
CUST-28577,Chennai,Tamil Nadu,Tier 1,2025-06-20
CUST-28578,Delhi NCR,Delhi,Tier 1,2024-10-29
CUST-28579,Hyderabad,Telangana,Tier 1,2024-08-29
CUST-28580,Hyderabad,Telangana,Tier 1,2025-01-12
CUST-28581,Lucknow,Uttar Pradesh,Tier 2,2025-11-15
CUST-28582,Delhi NCR,Delhi,Tier 1,2025-01-23
CUST-28583,Patna,Bihar,Tier 2,2024-10-13
CUST-28584,Chandigarh,Punjab,Tier 2,2024-06-07
CUST-28585,Bangalore,Karnataka,Tier 1,2024-12-19
CUST-28586,Ahmedabad,Gujarat,Tier 2,2025-03-30
CUST-28587,Jaipur,Rajasthan,Tier 2,2025-09-18
CUST-28588,Chandigarh,Punjab,Tier 2,2024-08-28
CUST-28589,Bangalore,Karnataka,Tier 1,2024-07-30
CUST-28590,Delhi NCR,Delhi,Tier 1,2024-12-28
CUST-28591,Bangalore,Karnataka,Tier 1,2025-08-20
CUST-28592,Hyderabad,Telangana,Tier 1,2024-05-12
CUST-28593,Kochi,Kerala,Tier 2,2025-05-23
CUST-28594,Chandigarh,Punjab,Tier 2,2024-10-03
CUST-28595,Nagpur,Maharashtra,Tier 2,2024-09-21
CUST-28596,Mumbai,Maharashtra,Tier 1,2025-08-27
CUST-28597,Mumbai,Maharashtra,Tier 1,2025-08-25
CUST-28598,Lucknow,Uttar Pradesh,Tier 2,2025-10-18
CUST-28599,Hyderabad,Telangana,Tier 1,2024-12-25
CUST-28600,Hyderabad,Telangana,Tier 1,2025-10-25
CUST-28601,Kolkata,West Bengal,Tier 1,2025-10-28
CUST-28602,Delhi NCR,Delhi,Tier 1,2024-05-15
CUST-28603,Pune,Maharashtra,Tier 1,2025-03-03
CUST-28604,Hyderabad,Telangana,Tier 1,2024-01-29
CUST-28605,Pune,Maharashtra,Tier 1,2025-08-17
CUST-28606,Patna,Bihar,Tier 2,2024-11-25
CUST-28607,Delhi NCR,Delhi,Tier 1,2024-02-03
CUST-28608,Nagpur,Maharashtra,Tier 2,2025-05-18
CUST-28609,Kolkata,West Bengal,Tier 1,2024-04-13
CUST-28610,Nagpur,Maharashtra,Tier 2,2025-05-08
CUST-28611,Bangalore,Karnataka,Tier 1,2025-01-05
CUST-28612,Pune,Maharashtra,Tier 1,2025-01-22
CUST-28613,Chennai,Tamil Nadu,Tier 1,2024-08-24
CUST-28614,Kochi,Kerala,Tier 2,2024-03-30
CUST-28615,Pune,Maharashtra,Tier 1,2024-11-28
CUST-28616,Kolkata,West Bengal,Tier 1,2025-01-11
CUST-28617,Nagpur,Maharashtra,Tier 2,2024-08-27
CUST-28618,Chennai,Tamil Nadu,Tier 1,2024-06-30
CUST-28619,Bangalore,Karnataka,Tier 1,2024-09-13
CUST-28620,Pune,Maharashtra,Tier 1,2024-07-07
CUST-28621,Pune,Maharashtra,Tier 1,2025-02-18
CUST-28622,Chennai,Tamil Nadu,Tier 1,2024-09-11
CUST-28623,Kolkata,West Bengal,Tier 1,2024-02-14
CUST-28624,Bhubaneswar,Odisha,Tier 2,2025-08-20
CUST-28625,Ahmedabad,Gujarat,Tier 2,2024-07-19
CUST-28626,Delhi NCR,Delhi,Tier 1,2024-12-24
CUST-28627,Bangalore,Karnataka,Tier 1,2024-12-08
CUST-28628,Visakhapatnam,Andhra Pradesh,Tier 2,2024-07-30
CUST-28629,Ahmedabad,Gujarat,Tier 2,2025-09-22
CUST-28630,Nagpur,Maharashtra,Tier 2,2024-10-24
CUST-28631,Hyderabad,Telangana,Tier 1,2024-06-03
CUST-28632,Chandigarh,Punjab,Tier 2,2025-11-28
CUST-28633,Ahmedabad,Gujarat,Tier 2,2024-07-15
CUST-28634,Hyderabad,Telangana,Tier 1,2025-04-26
CUST-28635,Kolkata,West Bengal,Tier 1,2025-01-13
CUST-28636,Pune,Maharashtra,Tier 1,2025-01-01
CUST-28637,Kolkata,West Bengal,Tier 1,2025-06-20
CUST-28638,Patna,Bihar,Tier 2,2024-03-11
CUST-28639,Patna,Bihar,Tier 2,2024-01-28
CUST-28640,Patna,Bihar,Tier 2,2025-01-27
CUST-28641,Indore,Madhya Pradesh,Tier 2,2025-06-06
CUST-28642,Kolkata,West Bengal,Tier 1,2024-12-14
CUST-28643,Chennai,Tamil Nadu,Tier 1,2024-04-27
CUST-28644,Patna,Bihar,Tier 2,2025-01-14
CUST-28645,Kolkata,West Bengal,Tier 1,2024-07-26
CUST-28646,Bangalore,Karnataka,Tier 1,2025-02-26
CUST-28647,Kolkata,West Bengal,Tier 1,2024-04-02
CUST-28648,Delhi NCR,Delhi,Tier 1,2024-05-20
CUST-28649,Lucknow,Uttar Pradesh,Tier 2,2024-12-20
CUST-28650,Hyderabad,Telangana,Tier 1,2025-06-06
CUST-28651,Bangalore,Karnataka,Tier 1,2024-03-09
CUST-28652,Bhubaneswar,Odisha,Tier 2,2025-08-04
CUST-28653,Kochi,Kerala,Tier 2,2025-11-27
CUST-28654,Kochi,Kerala,Tier 2,2024-05-03
CUST-28655,Pune,Maharashtra,Tier 1,2025-02-22
CUST-28656,Patna,Bihar,Tier 2,2025-06-06
CUST-28657,Chandigarh,Punjab,Tier 2,2025-11-08
CUST-28658,Pune,Maharashtra,Tier 1,2025-08-25
CUST-28659,Bhubaneswar,Odisha,Tier 2,2024-12-06
CUST-28660,Bangalore,Karnataka,Tier 1,2024-10-31
CUST-28661,Bhubaneswar,Odisha,Tier 2,2024-06-05
CUST-28662,Chennai,Tamil Nadu,Tier 1,2024-03-28
CUST-28663,Kolkata,West Bengal,Tier 1,2024-08-15
CUST-28664,Delhi NCR,Delhi,Tier 1,2024-12-30
CUST-28665,Kolkata,West Bengal,Tier 1,2025-10-07
CUST-28666,Pune,Maharashtra,Tier 1,2024-09-22
CUST-28667,Visakhapatnam,Andhra Pradesh,Tier 2,2024-03-24
CUST-28668,Visakhapatnam,Andhra Pradesh,Tier 2,2024-07-30
CUST-28669,Bhubaneswar,Odisha,Tier 2,2024-08-05
CUST-28670,Hyderabad,Telangana,Tier 1,2024-05-30
CUST-28671,Visakhapatnam,Andhra Pradesh,Tier 2,2025-11-16
CUST-28672,Chennai,Tamil Nadu,Tier 1,2024-05-19
CUST-28673,Patna,Bihar,Tier 2,2024-02-24
CUST-28674,Bangalore,Karnataka,Tier 1,2024-05-20
CUST-28675,Kolkata,West Bengal,Tier 1,2024-03-14
CUST-28676,Bhubaneswar,Odisha,Tier 2,2024-05-14
CUST-28677,Bhubaneswar,Odisha,Tier 2,2025-10-03
CUST-28678,Lucknow,Uttar Pradesh,Tier 2,2024-01-26
CUST-28679,Indore,Madhya Pradesh,Tier 2,2025-05-02
CUST-28680,Delhi NCR,Delhi,Tier 1,2025-03-10
CUST-28681,Ahmedabad,Gujarat,Tier 2,2025-08-03
CUST-28682,Pune,Maharashtra,Tier 1,2024-03-02
CUST-28683,Mumbai,Maharashtra,Tier 1,2024-07-18
CUST-28684,Delhi NCR,Delhi,Tier 1,2025-05-04
CUST-28685,Delhi NCR,Delhi,Tier 1,2025-05-07
CUST-28686,Ahmedabad,Gujarat,Tier 2,2025-11-09
CUST-28687,Delhi NCR,Delhi,Tier 1,2025-04-12
CUST-28688,Kolkata,West Bengal,Tier 1,2024-04-25
CUST-28689,Hyderabad,Telangana,Tier 1,2025-01-05
CUST-28690,Kolkata,West Bengal,Tier 1,2025-10-12
CUST-28691,Lucknow,Uttar Pradesh,Tier 2,2024-08-19
CUST-28692,Lucknow,Uttar Pradesh,Tier 2,2025-03-23
CUST-28693,Kolkata,West Bengal,Tier 1,2024-08-01
CUST-28694,Kolkata,West Bengal,Tier 1,2024-07-26
CUST-28695,Chennai,Tamil Nadu,Tier 1,2024-04-11
CUST-28696,Bhopal,Madhya Pradesh,Tier 2,2024-01-10
CUST-28697,Hyderabad,Telangana,Tier 1,2025-04-17
CUST-28698,Bangalore,Karnataka,Tier 1,2024-05-02
CUST-28699,Chandigarh,Punjab,Tier 2,2024-01-04
CUST-28700,Hyderabad,Telangana,Tier 1,2025-04-11
CUST-28701,Patna,Bihar,Tier 2,2024-09-15
CUST-28702,Hyderabad,Telangana,Tier 1,2024-10-13
CUST-28703,Lucknow,Uttar Pradesh,Tier 2,2024-01-31
CUST-28704,Mumbai,Maharashtra,Tier 1,2025-11-18
CUST-28705,Chennai,Tamil Nadu,Tier 1,2025-06-04
CUST-28706,Hyderabad,Telangana,Tier 1,2025-09-11
CUST-28707,Indore,Madhya Pradesh,Tier 2,2024-05-03
CUST-28708,Bhubaneswar,Odisha,Tier 2,2024-05-09
CUST-28709,Chennai,Tamil Nadu,Tier 1,2025-05-30
CUST-28710,Indore,Madhya Pradesh,Tier 2,2025-04-24
CUST-28711,Lucknow,Uttar Pradesh,Tier 2,2025-06-25
CUST-28712,Bhubaneswar,Odisha,Tier 2,2024-03-17
CUST-28713,Indore,Madhya Pradesh,Tier 2,2024-07-01
CUST-28714,Mumbai,Maharashtra,Tier 1,2024-12-31
CUST-28715,Ahmedabad,Gujarat,Tier 2,2024-10-18
CUST-28716,Kolkata,West Bengal,Tier 1,2025-01-23
CUST-28717,Mumbai,Maharashtra,Tier 1,2024-06-05
CUST-28718,Bangalore,Karnataka,Tier 1,2024-04-09
CUST-28719,Nagpur,Maharashtra,Tier 2,2025-09-25
CUST-28720,Nagpur,Maharashtra,Tier 2,2024-04-19
CUST-28721,Indore,Madhya Pradesh,Tier 2,2025-11-09
CUST-28722,Visakhapatnam,Andhra Pradesh,Tier 2,2025-10-03
CUST-28723,Indore,Madhya Pradesh,Tier 2,2024-09-26
CUST-28724,Mumbai,Maharashtra,Tier 1,2024-05-17
CUST-28725,Hyderabad,Telangana,Tier 1,2025-11-18
CUST-28726,Mumbai,Maharashtra,Tier 1,2024-03-04
CUST-28727,Delhi NCR,Delhi,Tier 1,2025-10-04
CUST-28728,Bangalore,Karnataka,Tier 1,2025-05-21
CUST-28729,Kolkata,West Bengal,Tier 1,2025-11-30
CUST-28730,Patna,Bihar,Tier 2,2024-12-15
CUST-28731,Bhopal,Madhya Pradesh,Tier 2,2024-05-26
CUST-28732,Pune,Maharashtra,Tier 1,2024-11-30
CUST-28733,Nagpur,Maharashtra,Tier 2,2025-06-15
CUST-28734,Kolkata,West Bengal,Tier 1,2025-07-07
CUST-28735,Coimbatore,Tamil Nadu,Tier 2,2025-02-10
CUST-28736,Chennai,Tamil Nadu,Tier 1,2024-12-09
CUST-28737,Bangalore,Karnataka,Tier 1,2025-10-13
CUST-28738,Nagpur,Maharashtra,Tier 2,2025-06-04
CUST-28739,Chennai,Tamil Nadu,Tier 1,2025-08-13
CUST-28740,Kolkata,West Bengal,Tier 1,2025-10-21
CUST-28741,Hyderabad,Telangana,Tier 1,2024-05-15
CUST-28742,Jaipur,Rajasthan,Tier 2,2024-02-08
CUST-28743,Visakhapatnam,Andhra Pradesh,Tier 2,2024-11-15
CUST-28744,Mumbai,Maharashtra,Tier 1,2024-10-13
CUST-28745,Coimbatore,Tamil Nadu,Tier 2,2025-04-07
CUST-28746,Mumbai,Maharashtra,Tier 1,2025-10-23
CUST-28747,Hyderabad,Telangana,Tier 1,2024-12-17
CUST-28748,Delhi NCR,Delhi,Tier 1,2024-01-05
CUST-28749,Chandigarh,Punjab,Tier 2,2024-08-23
CUST-28750,Mumbai,Maharashtra,Tier 1,2024-08-23
CUST-28751,Kolkata,West Bengal,Tier 1,2025-05-15
CUST-28752,Hyderabad,Telangana,Tier 1,2024-04-14
CUST-28753,Delhi NCR,Delhi,Tier 1,2024-07-25
CUST-28754,Kochi,Kerala,Tier 2,2024-08-26
CUST-28755,Bangalore,Karnataka,Tier 1,2024-02-21
CUST-28756,Bangalore,Karnataka,Tier 1,2024-04-17
CUST-28757,Bangalore,Karnataka,Tier 1,2024-12-22
CUST-28758,Pune,Maharashtra,Tier 1,2024-02-02
CUST-28759,Jaipur,Rajasthan,Tier 2,2024-01-22
CUST-28760,Mumbai,Maharashtra,Tier 1,2024-11-02
CUST-28761,Bangalore,Karnataka,Tier 1,2024-01-11
CUST-28762,Chennai,Tamil Nadu,Tier 1,2025-09-30
CUST-28763,Hyderabad,Telangana,Tier 1,2025-03-17
CUST-28764,Coimbatore,Tamil Nadu,Tier 2,2025-07-15
CUST-28765,Kochi,Kerala,Tier 2,2024-07-16
CUST-28766,Pune,Maharashtra,Tier 1,2025-06-12
CUST-28767,Hyderabad,Telangana,Tier 1,2024-02-13
CUST-28768,Lucknow,Uttar Pradesh,Tier 2,2024-07-03
CUST-28769,Patna,Bihar,Tier 2,2025-01-23
CUST-28770,Pune,Maharashtra,Tier 1,2025-07-04
CUST-28771,Kochi,Kerala,Tier 2,2025-05-21
CUST-28772,Chandigarh,Punjab,Tier 2,2025-03-17
CUST-28773,Pune,Maharashtra,Tier 1,2025-05-10
CUST-28774,Hyderabad,Telangana,Tier 1,2025-05-19
CUST-28775,Chandigarh,Punjab,Tier 2,2024-05-16
CUST-28776,Bangalore,Karnataka,Tier 1,2024-10-05
CUST-28777,Kochi,Kerala,Tier 2,2024-06-12
CUST-28778,Indore,Madhya Pradesh,Tier 2,2025-06-26
CUST-28779,Indore,Madhya Pradesh,Tier 2,2024-01-23
CUST-28780,Kolkata,West Bengal,Tier 1,2025-05-21
CUST-28781,Bangalore,Karnataka,Tier 1,2025-11-16
CUST-28782,Delhi NCR,Delhi,Tier 1,2025-05-24
CUST-28783,Chandigarh,Punjab,Tier 2,2025-07-23
CUST-28784,Coimbatore,Tamil Nadu,Tier 2,2025-08-22
CUST-28785,Jaipur,Rajasthan,Tier 2,2025-03-19
CUST-28786,Delhi NCR,Delhi,Tier 1,2024-05-21
CUST-28787,Nagpur,Maharashtra,Tier 2,2024-10-07
CUST-28788,Visakhapatnam,Andhra Pradesh,Tier 2,2024-07-25
CUST-28789,Chennai,Tamil Nadu,Tier 1,2025-11-14
CUST-28790,Pune,Maharashtra,Tier 1,2024-10-28
CUST-28791,Kochi,Kerala,Tier 2,2025-01-31
CUST-28792,Ahmedabad,Gujarat,Tier 2,2024-11-13
CUST-28793,Bhubaneswar,Odisha,Tier 2,2024-02-17
CUST-28794,Delhi NCR,Delhi,Tier 1,2025-11-03
CUST-28795,Pune,Maharashtra,Tier 1,2025-11-07
CUST-28796,Lucknow,Uttar Pradesh,Tier 2,2025-01-24
CUST-28797,Coimbatore,Tamil Nadu,Tier 2,2025-01-13
CUST-28798,Bhopal,Madhya Pradesh,Tier 2,2024-08-04
CUST-28799,Visakhapatnam,Andhra Pradesh,Tier 2,2025-09-20
CUST-28800,Kolkata,West Bengal,Tier 1,2024-09-07
CUST-28801,Patna,Bihar,Tier 2,2025-03-09
CUST-28802,Chennai,Tamil Nadu,Tier 1,2025-08-07
CUST-28803,Chennai,Tamil Nadu,Tier 1,2024-10-10
CUST-28804,Bangalore,Karnataka,Tier 1,2025-04-27
CUST-28805,Indore,Madhya Pradesh,Tier 2,2024-09-23
CUST-28806,Visakhapatnam,Andhra Pradesh,Tier 2,2025-08-21
CUST-28807,Bangalore,Karnataka,Tier 1,2024-09-02
CUST-28808,Mumbai,Maharashtra,Tier 1,2024-06-06
CUST-28809,Indore,Madhya Pradesh,Tier 2,2024-12-22
CUST-28810,Pune,Maharashtra,Tier 1,2025-07-01
CUST-28811,Bhubaneswar,Odisha,Tier 2,2024-08-23
CUST-28812,Bangalore,Karnataka,Tier 1,2025-04-04
CUST-28813,Mumbai,Maharashtra,Tier 1,2024-04-09
CUST-28814,Kolkata,West Bengal,Tier 1,2024-04-28
CUST-28815,Mumbai,Maharashtra,Tier 1,2024-12-19
CUST-28816,Bangalore,Karnataka,Tier 1,2024-03-28
CUST-28817,Delhi NCR,Delhi,Tier 1,2024-02-05
CUST-28818,Bangalore,Karnataka,Tier 1,2024-11-09
CUST-28819,Delhi NCR,Delhi,Tier 1,2025-06-23
CUST-28820,Bhubaneswar,Odisha,Tier 2,2025-07-04
CUST-28821,Bangalore,Karnataka,Tier 1,2024-11-17
CUST-28822,Chennai,Tamil Nadu,Tier 1,2025-03-02
CUST-28823,Coimbatore,Tamil Nadu,Tier 2,2025-05-31
CUST-28824,Jaipur,Rajasthan,Tier 2,2025-10-14
CUST-28825,Pune,Maharashtra,Tier 1,2024-01-09
CUST-28826,Lucknow,Uttar Pradesh,Tier 2,2024-12-24
CUST-28827,Patna,Bihar,Tier 2,2025-04-22
CUST-28828,Bhopal,Madhya Pradesh,Tier 2,2024-02-26
CUST-28829,Pune,Maharashtra,Tier 1,2024-10-09
CUST-28830,Coimbatore,Tamil Nadu,Tier 2,2025-03-20
CUST-28831,Kolkata,West Bengal,Tier 1,2025-04-05
CUST-28832,Bangalore,Karnataka,Tier 1,2025-05-04
CUST-28833,Bhopal,Madhya Pradesh,Tier 2,2024-12-24
CUST-28834,Kolkata,West Bengal,Tier 1,2025-11-20
CUST-28835,Coimbatore,Tamil Nadu,Tier 2,2025-08-16
CUST-28836,Mumbai,Maharashtra,Tier 1,2025-08-19
CUST-28837,Chennai,Tamil Nadu,Tier 1,2024-03-05
CUST-28838,Bhubaneswar,Odisha,Tier 2,2025-03-04
CUST-28839,Bangalore,Karnataka,Tier 1,2025-04-01
CUST-28840,Nagpur,Maharashtra,Tier 2,2024-05-15
CUST-28841,Bhubaneswar,Odisha,Tier 2,2025-08-28
CUST-28842,Bhopal,Madhya Pradesh,Tier 2,2024-02-17
CUST-28843,Pune,Maharashtra,Tier 1,2025-09-03
CUST-28844,Pune,Maharashtra,Tier 1,2024-07-12
CUST-28845,Bhopal,Madhya Pradesh,Tier 2,2024-04-26
CUST-28846,Kochi,Kerala,Tier 2,2024-06-12
CUST-28847,Pune,Maharashtra,Tier 1,2025-04-23
CUST-28848,Visakhapatnam,Andhra Pradesh,Tier 2,2024-10-13
CUST-28849,Lucknow,Uttar Pradesh,Tier 2,2025-06-19
CUST-28850,Visakhapatnam,Andhra Pradesh,Tier 2,2025-05-08
CUST-28851,Mumbai,Maharashtra,Tier 1,2025-02-08
CUST-28852,Delhi NCR,Delhi,Tier 1,2024-04-05
CUST-28853,Chennai,Tamil Nadu,Tier 1,2025-05-11
CUST-28854,Chennai,Tamil Nadu,Tier 1,2024-09-10
CUST-28855,Kochi,Kerala,Tier 2,2025-02-17
CUST-28856,Delhi NCR,Delhi,Tier 1,2025-09-24
CUST-28857,Visakhapatnam,Andhra Pradesh,Tier 2,2025-08-06
CUST-28858,Hyderabad,Telangana,Tier 1,2025-01-05
CUST-28859,Chennai,Tamil Nadu,Tier 1,2025-07-29
CUST-28860,Bangalore,Karnataka,Tier 1,2024-08-30
CUST-28861,Pune,Maharashtra,Tier 1,2025-09-30
CUST-28862,Mumbai,Maharashtra,Tier 1,2025-01-07
CUST-28863,Delhi NCR,Delhi,Tier 1,2024-02-08
CUST-28864,Chandigarh,Punjab,Tier 2,2024-12-18
CUST-28865,Bangalore,Karnataka,Tier 1,2025-03-01
CUST-28866,Bangalore,Karnataka,Tier 1,2024-03-17
CUST-28867,Kochi,Kerala,Tier 2,2025-05-24
CUST-28868,Delhi NCR,Delhi,Tier 1,2025-05-31
CUST-28869,Chennai,Tamil Nadu,Tier 1,2024-05-19
CUST-28870,Mumbai,Maharashtra,Tier 1,2024-09-08
CUST-28871,Hyderabad,Telangana,Tier 1,2025-10-30
CUST-28872,Lucknow,Uttar Pradesh,Tier 2,2024-11-12
CUST-28873,Mumbai,Maharashtra,Tier 1,2025-02-23
CUST-28874,Coimbatore,Tamil Nadu,Tier 2,2024-03-15
CUST-28875,Coimbatore,Tamil Nadu,Tier 2,2024-01-29
CUST-28876,Delhi NCR,Delhi,Tier 1,2024-02-10
CUST-28877,Visakhapatnam,Andhra Pradesh,Tier 2,2025-06-24
CUST-28878,Hyderabad,Telangana,Tier 1,2025-05-06
CUST-28879,Mumbai,Maharashtra,Tier 1,2024-04-09
CUST-28880,Mumbai,Maharashtra,Tier 1,2024-11-15
CUST-28881,Chennai,Tamil Nadu,Tier 1,2025-07-23
CUST-28882,Pune,Maharashtra,Tier 1,2025-10-11
CUST-28883,Hyderabad,Telangana,Tier 1,2025-06-06
CUST-28884,Patna,Bihar,Tier 2,2024-07-07
CUST-28885,Ahmedabad,Gujarat,Tier 2,2025-03-25
CUST-28886,Hyderabad,Telangana,Tier 1,2024-04-03
CUST-28887,Ahmedabad,Gujarat,Tier 2,2024-06-29
CUST-28888,Nagpur,Maharashtra,Tier 2,2024-11-16
CUST-28889,Delhi NCR,Delhi,Tier 1,2024-10-09
CUST-28890,Hyderabad,Telangana,Tier 1,2025-01-25
CUST-28891,Chennai,Tamil Nadu,Tier 1,2024-11-16
CUST-28892,Kolkata,West Bengal,Tier 1,2025-07-23
CUST-28893,Kolkata,West Bengal,Tier 1,2024-01-25
CUST-28894,Hyderabad,Telangana,Tier 1,2024-09-16
CUST-28895,Jaipur,Rajasthan,Tier 2,2025-05-11
CUST-28896,Pune,Maharashtra,Tier 1,2024-07-31
CUST-28897,Pune,Maharashtra,Tier 1,2024-04-24
CUST-28898,Delhi NCR,Delhi,Tier 1,2025-03-27
CUST-28899,Kolkata,West Bengal,Tier 1,2025-11-30
CUST-28900,Hyderabad,Telangana,Tier 1,2025-10-09
CUST-28901,Kolkata,West Bengal,Tier 1,2025-05-04
CUST-28902,Nagpur,Maharashtra,Tier 2,2025-08-24
CUST-28903,Kolkata,West Bengal,Tier 1,2025-06-11
CUST-28904,Mumbai,Maharashtra,Tier 1,2025-10-20
CUST-28905,Chennai,Tamil Nadu,Tier 1,2025-01-19
CUST-28906,Indore,Madhya Pradesh,Tier 2,2025-09-04
CUST-28907,Kochi,Kerala,Tier 2,2025-02-21
CUST-28908,Kolkata,West Bengal,Tier 1,2024-08-06
CUST-28909,Bangalore,Karnataka,Tier 1,2025-07-10
CUST-28910,Kolkata,West Bengal,Tier 1,2024-03-03
CUST-28911,Pune,Maharashtra,Tier 1,2024-12-15
CUST-28912,Visakhapatnam,Andhra Pradesh,Tier 2,2025-01-24
CUST-28913,Pune,Maharashtra,Tier 1,2025-01-11
CUST-28914,Lucknow,Uttar Pradesh,Tier 2,2024-03-06
CUST-28915,Kolkata,West Bengal,Tier 1,2024-04-28
CUST-28916,Hyderabad,Telangana,Tier 1,2024-01-08
CUST-28917,Indore,Madhya Pradesh,Tier 2,2024-01-27
CUST-28918,Kolkata,West Bengal,Tier 1,2024-10-16
CUST-28919,Visakhapatnam,Andhra Pradesh,Tier 2,2024-01-28
CUST-28920,Chennai,Tamil Nadu,Tier 1,2024-06-07
CUST-28921,Mumbai,Maharashtra,Tier 1,2024-05-24
CUST-28922,Lucknow,Uttar Pradesh,Tier 2,2025-04-11
CUST-28923,Mumbai,Maharashtra,Tier 1,2024-04-17
CUST-28924,Bangalore,Karnataka,Tier 1,2025-03-14
CUST-28925,Hyderabad,Telangana,Tier 1,2024-07-21
CUST-28926,Chandigarh,Punjab,Tier 2,2024-10-27
CUST-28927,Kolkata,West Bengal,Tier 1,2025-03-13
CUST-28928,Mumbai,Maharashtra,Tier 1,2024-01-11
CUST-28929,Pune,Maharashtra,Tier 1,2025-08-29
CUST-28930,Chennai,Tamil Nadu,Tier 1,2025-10-03
CUST-28931,Nagpur,Maharashtra,Tier 2,2024-04-12
CUST-28932,Kolkata,West Bengal,Tier 1,2025-04-30
CUST-28933,Ahmedabad,Gujarat,Tier 2,2024-04-19
CUST-28934,Bangalore,Karnataka,Tier 1,2025-10-04
CUST-28935,Chandigarh,Punjab,Tier 2,2024-04-02
CUST-28936,Ahmedabad,Gujarat,Tier 2,2025-06-24
CUST-28937,Coimbatore,Tamil Nadu,Tier 2,2025-11-29
CUST-28938,Mumbai,Maharashtra,Tier 1,2025-05-21
CUST-28939,Chennai,Tamil Nadu,Tier 1,2024-06-25
CUST-28940,Jaipur,Rajasthan,Tier 2,2025-03-14
CUST-28941,Delhi NCR,Delhi,Tier 1,2025-10-29
CUST-28942,Chennai,Tamil Nadu,Tier 1,2025-05-25
CUST-28943,Bhubaneswar,Odisha,Tier 2,2024-04-18
CUST-28944,Chennai,Tamil Nadu,Tier 1,2024-03-12
CUST-28945,Visakhapatnam,Andhra Pradesh,Tier 2,2025-05-03
CUST-28946,Mumbai,Maharashtra,Tier 1,2024-10-07
CUST-28947,Ahmedabad,Gujarat,Tier 2,2024-08-01
CUST-28948,Pune,Maharashtra,Tier 1,2025-04-01
CUST-28949,Kolkata,West Bengal,Tier 1,2025-08-09
CUST-28950,Visakhapatnam,Andhra Pradesh,Tier 2,2025-02-21
CUST-28951,Delhi NCR,Delhi,Tier 1,2025-05-24
CUST-28952,Coimbatore,Tamil Nadu,Tier 2,2025-10-23
CUST-28953,Lucknow,Uttar Pradesh,Tier 2,2024-11-18
CUST-28954,Bangalore,Karnataka,Tier 1,2024-06-26
CUST-28955,Coimbatore,Tamil Nadu,Tier 2,2025-11-18
CUST-28956,Chennai,Tamil Nadu,Tier 1,2024-04-13
CUST-28957,Indore,Madhya Pradesh,Tier 2,2024-04-28
CUST-28958,Chennai,Tamil Nadu,Tier 1,2025-08-04
CUST-28959,Patna,Bihar,Tier 2,2024-02-26
CUST-28960,Pune,Maharashtra,Tier 1,2025-02-12
CUST-28961,Delhi NCR,Delhi,Tier 1,2025-07-31
CUST-28962,Pune,Maharashtra,Tier 1,2024-02-27
CUST-28963,Bangalore,Karnataka,Tier 1,2024-04-26
CUST-28964,Chennai,Tamil Nadu,Tier 1,2025-02-28
CUST-28965,Delhi NCR,Delhi,Tier 1,2024-01-21
CUST-28966,Mumbai,Maharashtra,Tier 1,2024-03-19
CUST-28967,Bangalore,Karnataka,Tier 1,2025-07-12
CUST-28968,Kolkata,West Bengal,Tier 1,2025-11-13
CUST-28969,Kolkata,West Bengal,Tier 1,2025-08-18
CUST-28970,Kolkata,West Bengal,Tier 1,2024-04-17
CUST-28971,Bangalore,Karnataka,Tier 1,2024-09-27
CUST-28972,Lucknow,Uttar Pradesh,Tier 2,2025-11-18
CUST-28973,Lucknow,Uttar Pradesh,Tier 2,2025-04-20
CUST-28974,Hyderabad,Telangana,Tier 1,2024-03-10
CUST-28975,Bhopal,Madhya Pradesh,Tier 2,2025-01-21
CUST-28976,Pune,Maharashtra,Tier 1,2024-06-14
CUST-28977,Ahmedabad,Gujarat,Tier 2,2024-02-27
CUST-28978,Bangalore,Karnataka,Tier 1,2025-03-26
CUST-28979,Mumbai,Maharashtra,Tier 1,2024-09-01
CUST-28980,Bhopal,Madhya Pradesh,Tier 2,2024-02-14
CUST-28981,Indore,Madhya Pradesh,Tier 2,2025-11-14
CUST-28982,Delhi NCR,Delhi,Tier 1,2025-01-17
CUST-28983,Chennai,Tamil Nadu,Tier 1,2025-07-31
CUST-28984,Jaipur,Rajasthan,Tier 2,2024-03-11
CUST-28985,Jaipur,Rajasthan,Tier 2,2025-07-01
CUST-28986,Bhopal,Madhya Pradesh,Tier 2,2024-08-26
CUST-28987,Delhi NCR,Delhi,Tier 1,2025-08-02
CUST-28988,Chennai,Tamil Nadu,Tier 1,2024-04-17
CUST-28989,Delhi NCR,Delhi,Tier 1,2024-07-26
CUST-28990,Chennai,Tamil Nadu,Tier 1,2024-10-28
CUST-28991,Mumbai,Maharashtra,Tier 1,2025-03-05
CUST-28992,Coimbatore,Tamil Nadu,Tier 2,2024-12-13
CUST-28993,Kolkata,West Bengal,Tier 1,2024-04-16
CUST-28994,Patna,Bihar,Tier 2,2025-06-11
CUST-28995,Mumbai,Maharashtra,Tier 1,2025-02-09
CUST-28996,Bangalore,Karnataka,Tier 1,2024-09-12
CUST-28997,Bangalore,Karnataka,Tier 1,2024-10-27
CUST-28998,Chennai,Tamil Nadu,Tier 1,2024-05-24
CUST-28999,Indore,Madhya Pradesh,Tier 2,2025-11-06
CUST-29000,Chennai,Tamil Nadu,Tier 1,2025-06-07
CUST-29001,Bangalore,Karnataka,Tier 1,2025-07-15
CUST-29002,Mumbai,Maharashtra,Tier 1,2024-12-25
CUST-29003,Mumbai,Maharashtra,Tier 1,2025-06-07
CUST-29004,Chandigarh,Punjab,Tier 2,2025-04-28
CUST-29005,Chennai,Tamil Nadu,Tier 1,2024-07-08
CUST-29006,Ahmedabad,Gujarat,Tier 2,2024-10-22
CUST-29007,Lucknow,Uttar Pradesh,Tier 2,2024-04-02
CUST-29008,Delhi NCR,Delhi,Tier 1,2024-05-09
CUST-29009,Delhi NCR,Delhi,Tier 1,2025-04-28
CUST-29010,Chandigarh,Punjab,Tier 2,2025-02-12
CUST-29011,Ahmedabad,Gujarat,Tier 2,2024-12-06
CUST-29012,Chennai,Tamil Nadu,Tier 1,2024-08-01
CUST-29013,Mumbai,Maharashtra,Tier 1,2024-11-25
CUST-29014,Mumbai,Maharashtra,Tier 1,2024-06-23
CUST-29015,Hyderabad,Telangana,Tier 1,2025-03-19
CUST-29016,Mumbai,Maharashtra,Tier 1,2024-07-19
CUST-29017,Bangalore,Karnataka,Tier 1,2025-09-08
CUST-29018,Chennai,Tamil Nadu,Tier 1,2024-04-07
CUST-29019,Delhi NCR,Delhi,Tier 1,2024-04-12
CUST-29020,Delhi NCR,Delhi,Tier 1,2025-07-06
CUST-29021,Coimbatore,Tamil Nadu,Tier 2,2024-05-30
CUST-29022,Pune,Maharashtra,Tier 1,2024-09-24
CUST-29023,Nagpur,Maharashtra,Tier 2,2024-12-17
CUST-29024,Hyderabad,Telangana,Tier 1,2025-04-11
CUST-29025,Jaipur,Rajasthan,Tier 2,2024-10-04
CUST-29026,Bangalore,Karnataka,Tier 1,2025-07-21
CUST-29027,Pune,Maharashtra,Tier 1,2024-01-16
CUST-29028,Delhi NCR,Delhi,Tier 1,2025-03-31
CUST-29029,Mumbai,Maharashtra,Tier 1,2024-06-27
CUST-29030,Nagpur,Maharashtra,Tier 2,2024-05-13
CUST-29031,Kolkata,West Bengal,Tier 1,2024-09-14
CUST-29032,Nagpur,Maharashtra,Tier 2,2024-03-02
CUST-29033,Hyderabad,Telangana,Tier 1,2025-04-26
CUST-29034,Hyderabad,Telangana,Tier 1,2025-04-21
CUST-29035,Chennai,Tamil Nadu,Tier 1,2025-09-26
CUST-29036,Lucknow,Uttar Pradesh,Tier 2,2024-02-11
CUST-29037,Pune,Maharashtra,Tier 1,2025-01-07
CUST-29038,Nagpur,Maharashtra,Tier 2,2025-01-07
CUST-29039,Mumbai,Maharashtra,Tier 1,2024-10-25
CUST-29040,Lucknow,Uttar Pradesh,Tier 2,2024-02-21
CUST-29041,Hyderabad,Telangana,Tier 1,2025-01-13
CUST-29042,Delhi NCR,Delhi,Tier 1,2024-11-07
CUST-29043,Kolkata,West Bengal,Tier 1,2025-08-01
CUST-29044,Kolkata,West Bengal,Tier 1,2024-02-28
CUST-29045,Delhi NCR,Delhi,Tier 1,2024-10-30
CUST-29046,Bangalore,Karnataka,Tier 1,2024-02-04
CUST-29047,Chennai,Tamil Nadu,Tier 1,2025-10-09
CUST-29048,Chennai,Tamil Nadu,Tier 1,2025-08-10
CUST-29049,Hyderabad,Telangana,Tier 1,2025-05-07
CUST-29050,Delhi NCR,Delhi,Tier 1,2025-05-05
CUST-29051,Mumbai,Maharashtra,Tier 1,2024-08-08
CUST-29052,Bhubaneswar,Odisha,Tier 2,2025-08-19
CUST-29053,Bhubaneswar,Odisha,Tier 2,2024-05-02
CUST-29054,Kolkata,West Bengal,Tier 1,2024-04-11
CUST-29055,Visakhapatnam,Andhra Pradesh,Tier 2,2025-05-29
CUST-29056,Jaipur,Rajasthan,Tier 2,2024-11-08
CUST-29057,Mumbai,Maharashtra,Tier 1,2025-05-20
CUST-29058,Delhi NCR,Delhi,Tier 1,2025-05-08
CUST-29059,Nagpur,Maharashtra,Tier 2,2025-10-21
CUST-29060,Pune,Maharashtra,Tier 1,2024-07-17
CUST-29061,Patna,Bihar,Tier 2,2025-09-24
CUST-29062,Coimbatore,Tamil Nadu,Tier 2,2025-11-11
CUST-29063,Chennai,Tamil Nadu,Tier 1,2025-05-27
CUST-29064,Mumbai,Maharashtra,Tier 1,2024-11-25
CUST-29065,Bangalore,Karnataka,Tier 1,2025-09-12
CUST-29066,Mumbai,Maharashtra,Tier 1,2024-11-22
CUST-29067,Bangalore,Karnataka,Tier 1,2024-01-10
CUST-29068,Chennai,Tamil Nadu,Tier 1,2024-05-06
CUST-29069,Delhi NCR,Delhi,Tier 1,2025-10-30
CUST-29070,Delhi NCR,Delhi,Tier 1,2024-08-18
CUST-29071,Chennai,Tamil Nadu,Tier 1,2024-01-15
CUST-29072,Hyderabad,Telangana,Tier 1,2025-05-01
CUST-29073,Kolkata,West Bengal,Tier 1,2025-03-17
CUST-29074,Chennai,Tamil Nadu,Tier 1,2025-07-11
CUST-29075,Pune,Maharashtra,Tier 1,2024-09-30
CUST-29076,Nagpur,Maharashtra,Tier 2,2025-09-09
CUST-29077,Delhi NCR,Delhi,Tier 1,2024-01-03
CUST-29078,Delhi NCR,Delhi,Tier 1,2024-11-21
CUST-29079,Patna,Bihar,Tier 2,2024-09-09
CUST-29080,Kolkata,West Bengal,Tier 1,2025-06-17
CUST-29081,Chandigarh,Punjab,Tier 2,2024-02-24
CUST-29082,Bangalore,Karnataka,Tier 1,2025-03-23
CUST-29083,Patna,Bihar,Tier 2,2024-10-23
CUST-29084,Nagpur,Maharashtra,Tier 2,2025-09-13
CUST-29085,Pune,Maharashtra,Tier 1,2025-01-07
CUST-29086,Delhi NCR,Delhi,Tier 1,2025-04-13
CUST-29087,Coimbatore,Tamil Nadu,Tier 2,2024-05-15
CUST-29088,Kochi,Kerala,Tier 2,2024-09-02
CUST-29089,Chandigarh,Punjab,Tier 2,2024-03-10
CUST-29090,Mumbai,Maharashtra,Tier 1,2025-04-25
CUST-29091,Indore,Madhya Pradesh,Tier 2,2025-06-13
CUST-29092,Delhi NCR,Delhi,Tier 1,2025-05-04
CUST-29093,Bangalore,Karnataka,Tier 1,2025-05-17
CUST-29094,Pune,Maharashtra,Tier 1,2025-11-28
CUST-29095,Bangalore,Karnataka,Tier 1,2024-04-26
CUST-29096,Jaipur,Rajasthan,Tier 2,2024-09-13
CUST-29097,Pune,Maharashtra,Tier 1,2025-08-29
CUST-29098,Delhi NCR,Delhi,Tier 1,2025-03-03
CUST-29099,Jaipur,Rajasthan,Tier 2,2024-04-24
CUST-29100,Nagpur,Maharashtra,Tier 2,2025-05-08
CUST-29101,Delhi NCR,Delhi,Tier 1,2024-03-02
CUST-29102,Pune,Maharashtra,Tier 1,2025-05-11
CUST-29103,Hyderabad,Telangana,Tier 1,2025-09-27
CUST-29104,Chennai,Tamil Nadu,Tier 1,2024-03-20
CUST-29105,Hyderabad,Telangana,Tier 1,2025-10-20
CUST-29106,Hyderabad,Telangana,Tier 1,2025-04-29
CUST-29107,Mumbai,Maharashtra,Tier 1,2024-01-22
CUST-29108,Visakhapatnam,Andhra Pradesh,Tier 2,2025-08-17
CUST-29109,Pune,Maharashtra,Tier 1,2024-11-19
CUST-29110,Kolkata,West Bengal,Tier 1,2025-05-31
CUST-29111,Chennai,Tamil Nadu,Tier 1,2024-09-17
CUST-29112,Kolkata,West Bengal,Tier 1,2024-05-08
CUST-29113,Chennai,Tamil Nadu,Tier 1,2025-09-17
CUST-29114,Hyderabad,Telangana,Tier 1,2024-10-10
CUST-29115,Chennai,Tamil Nadu,Tier 1,2024-02-16
CUST-29116,Bangalore,Karnataka,Tier 1,2024-07-06
CUST-29117,Delhi NCR,Delhi,Tier 1,2024-01-19
CUST-29118,Kolkata,West Bengal,Tier 1,2025-08-21
CUST-29119,Patna,Bihar,Tier 2,2025-10-15
CUST-29120,Delhi NCR,Delhi,Tier 1,2024-01-08
CUST-29121,Mumbai,Maharashtra,Tier 1,2024-02-06
CUST-29122,Bangalore,Karnataka,Tier 1,2025-08-20
CUST-29123,Visakhapatnam,Andhra Pradesh,Tier 2,2024-03-12
CUST-29124,Patna,Bihar,Tier 2,2025-01-15
CUST-29125,Pune,Maharashtra,Tier 1,2024-09-22
CUST-29126,Nagpur,Maharashtra,Tier 2,2024-03-07
CUST-29127,Chennai,Tamil Nadu,Tier 1,2025-10-14
CUST-29128,Visakhapatnam,Andhra Pradesh,Tier 2,2024-03-04
CUST-29129,Hyderabad,Telangana,Tier 1,2024-01-30
CUST-29130,Bangalore,Karnataka,Tier 1,2025-07-10
CUST-29131,Pune,Maharashtra,Tier 1,2025-10-07
CUST-29132,Chennai,Tamil Nadu,Tier 1,2024-01-16
CUST-29133,Pune,Maharashtra,Tier 1,2024-10-04
CUST-29134,Hyderabad,Telangana,Tier 1,2024-10-03
CUST-29135,Pune,Maharashtra,Tier 1,2024-08-08
CUST-29136,Bangalore,Karnataka,Tier 1,2024-07-11
CUST-29137,Mumbai,Maharashtra,Tier 1,2025-10-31
CUST-29138,Coimbatore,Tamil Nadu,Tier 2,2024-01-24
CUST-29139,Bhopal,Madhya Pradesh,Tier 2,2024-05-20
CUST-29140,Bhubaneswar,Odisha,Tier 2,2024-01-26
CUST-29141,Ahmedabad,Gujarat,Tier 2,2024-04-07
CUST-29142,Lucknow,Uttar Pradesh,Tier 2,2024-10-02
CUST-29143,Pune,Maharashtra,Tier 1,2025-07-26
CUST-29144,Delhi NCR,Delhi,Tier 1,2024-08-30
CUST-29145,Bangalore,Karnataka,Tier 1,2025-03-08
CUST-29146,Hyderabad,Telangana,Tier 1,2024-01-09
CUST-29147,Coimbatore,Tamil Nadu,Tier 2,2024-09-28
CUST-29148,Delhi NCR,Delhi,Tier 1,2024-02-01
CUST-29149,Nagpur,Maharashtra,Tier 2,2025-08-27
CUST-29150,Kolkata,West Bengal,Tier 1,2025-04-23
CUST-29151,Ahmedabad,Gujarat,Tier 2,2024-05-07
CUST-29152,Delhi NCR,Delhi,Tier 1,2024-01-17
CUST-29153,Bangalore,Karnataka,Tier 1,2025-07-06
CUST-29154,Bhubaneswar,Odisha,Tier 2,2025-04-17
CUST-29155,Bangalore,Karnataka,Tier 1,2024-10-27
CUST-29156,Hyderabad,Telangana,Tier 1,2024-02-11
CUST-29157,Bangalore,Karnataka,Tier 1,2024-02-21
CUST-29158,Delhi NCR,Delhi,Tier 1,2024-07-06
CUST-29159,Bangalore,Karnataka,Tier 1,2024-05-30
CUST-29160,Pune,Maharashtra,Tier 1,2024-08-31
CUST-29161,Chennai,Tamil Nadu,Tier 1,2025-05-05
CUST-29162,Kolkata,West Bengal,Tier 1,2024-05-06
CUST-29163,Delhi NCR,Delhi,Tier 1,2025-02-12
CUST-29164,Indore,Madhya Pradesh,Tier 2,2025-09-03
CUST-29165,Kochi,Kerala,Tier 2,2024-12-09
CUST-29166,Mumbai,Maharashtra,Tier 1,2025-08-13
CUST-29167,Chennai,Tamil Nadu,Tier 1,2025-11-25
CUST-29168,Mumbai,Maharashtra,Tier 1,2024-04-07
CUST-29169,Kochi,Kerala,Tier 2,2024-03-08
CUST-29170,Ahmedabad,Gujarat,Tier 2,2024-01-28
CUST-29171,Coimbatore,Tamil Nadu,Tier 2,2024-01-29
CUST-29172,Bangalore,Karnataka,Tier 1,2025-09-25
CUST-29173,Chennai,Tamil Nadu,Tier 1,2024-07-30
CUST-29174,Delhi NCR,Delhi,Tier 1,2025-11-18
CUST-29175,Hyderabad,Telangana,Tier 1,2025-09-08
CUST-29176,Kolkata,West Bengal,Tier 1,2025-04-24
CUST-29177,Mumbai,Maharashtra,Tier 1,2024-03-12
CUST-29178,Ahmedabad,Gujarat,Tier 2,2025-05-05
CUST-29179,Kolkata,West Bengal,Tier 1,2024-04-19
CUST-29180,Patna,Bihar,Tier 2,2024-04-22
CUST-29181,Bangalore,Karnataka,Tier 1,2025-01-31
CUST-29182,Coimbatore,Tamil Nadu,Tier 2,2024-08-19
CUST-29183,Visakhapatnam,Andhra Pradesh,Tier 2,2024-02-12
CUST-29184,Nagpur,Maharashtra,Tier 2,2024-09-21
CUST-29185,Kochi,Kerala,Tier 2,2024-02-15
CUST-29186,Indore,Madhya Pradesh,Tier 2,2025-07-23
CUST-29187,Pune,Maharashtra,Tier 1,2024-08-12
CUST-29188,Bangalore,Karnataka,Tier 1,2025-10-13
CUST-29189,Jaipur,Rajasthan,Tier 2,2024-04-10
CUST-29190,Ahmedabad,Gujarat,Tier 2,2024-10-07
CUST-29191,Visakhapatnam,Andhra Pradesh,Tier 2,2024-08-25
CUST-29192,Kolkata,West Bengal,Tier 1,2025-08-23
CUST-29193,Bangalore,Karnataka,Tier 1,2024-09-02
CUST-29194,Lucknow,Uttar Pradesh,Tier 2,2025-11-21
CUST-29195,Visakhapatnam,Andhra Pradesh,Tier 2,2024-04-08
CUST-29196,Delhi NCR,Delhi,Tier 1,2024-07-18
CUST-29197,Hyderabad,Telangana,Tier 1,2024-09-12
CUST-29198,Kolkata,West Bengal,Tier 1,2025-03-12
CUST-29199,Delhi NCR,Delhi,Tier 1,2025-05-08
CUST-29200,Mumbai,Maharashtra,Tier 1,2025-03-11
CUST-29201,Hyderabad,Telangana,Tier 1,2024-01-24
CUST-29202,Bhopal,Madhya Pradesh,Tier 2,2024-12-28
CUST-29203,Mumbai,Maharashtra,Tier 1,2024-09-26
CUST-29204,Chennai,Tamil Nadu,Tier 1,2024-08-15
CUST-29205,Chandigarh,Punjab,Tier 2,2024-05-07
CUST-29206,Bhubaneswar,Odisha,Tier 2,2025-06-26
CUST-29207,Visakhapatnam,Andhra Pradesh,Tier 2,2024-02-27
CUST-29208,Chennai,Tamil Nadu,Tier 1,2024-11-20
CUST-29209,Bhubaneswar,Odisha,Tier 2,2025-10-20
CUST-29210,Mumbai,Maharashtra,Tier 1,2024-04-15
CUST-29211,Chandigarh,Punjab,Tier 2,2025-03-12
CUST-29212,Pune,Maharashtra,Tier 1,2024-03-25
CUST-29213,Bangalore,Karnataka,Tier 1,2024-01-02
CUST-29214,Kolkata,West Bengal,Tier 1,2025-03-12
CUST-29215,Delhi NCR,Delhi,Tier 1,2025-03-26
CUST-29216,Bhopal,Madhya Pradesh,Tier 2,2025-07-18
CUST-29217,Hyderabad,Telangana,Tier 1,2025-03-16
CUST-29218,Pune,Maharashtra,Tier 1,2024-08-09
CUST-29219,Delhi NCR,Delhi,Tier 1,2024-01-25
CUST-29220,Bangalore,Karnataka,Tier 1,2024-02-04
CUST-29221,Visakhapatnam,Andhra Pradesh,Tier 2,2025-10-30
CUST-29222,Chandigarh,Punjab,Tier 2,2024-12-08
CUST-29223,Bhubaneswar,Odisha,Tier 2,2024-12-31
CUST-29224,Hyderabad,Telangana,Tier 1,2025-10-18
CUST-29225,Delhi NCR,Delhi,Tier 1,2024-12-01
CUST-29226,Kolkata,West Bengal,Tier 1,2025-03-08
CUST-29227,Kolkata,West Bengal,Tier 1,2025-04-01
CUST-29228,Delhi NCR,Delhi,Tier 1,2025-04-23
CUST-29229,Ahmedabad,Gujarat,Tier 2,2025-02-01
CUST-29230,Hyderabad,Telangana,Tier 1,2024-12-08
CUST-29231,Bangalore,Karnataka,Tier 1,2025-11-21
CUST-29232,Hyderabad,Telangana,Tier 1,2024-10-06
CUST-29233,Pune,Maharashtra,Tier 1,2024-12-17
CUST-29234,Ahmedabad,Gujarat,Tier 2,2024-07-15
CUST-29235,Kolkata,West Bengal,Tier 1,2024-08-12
CUST-29236,Kolkata,West Bengal,Tier 1,2024-02-16
CUST-29237,Delhi NCR,Delhi,Tier 1,2024-07-03
CUST-29238,Nagpur,Maharashtra,Tier 2,2024-06-10
CUST-29239,Nagpur,Maharashtra,Tier 2,2025-10-04
CUST-29240,Lucknow,Uttar Pradesh,Tier 2,2024-10-21
CUST-29241,Mumbai,Maharashtra,Tier 1,2024-04-01
CUST-29242,Kolkata,West Bengal,Tier 1,2025-08-09
CUST-29243,Pune,Maharashtra,Tier 1,2025-10-11
CUST-29244,Visakhapatnam,Andhra Pradesh,Tier 2,2024-06-16
CUST-29245,Visakhapatnam,Andhra Pradesh,Tier 2,2024-09-14
CUST-29246,Bhopal,Madhya Pradesh,Tier 2,2025-07-10
CUST-29247,Mumbai,Maharashtra,Tier 1,2024-11-04
CUST-29248,Bhubaneswar,Odisha,Tier 2,2025-10-10
CUST-29249,Pune,Maharashtra,Tier 1,2025-09-06
CUST-29250,Indore,Madhya Pradesh,Tier 2,2024-05-08
CUST-29251,Chennai,Tamil Nadu,Tier 1,2025-11-03
CUST-29252,Hyderabad,Telangana,Tier 1,2025-07-03
CUST-29253,Chennai,Tamil Nadu,Tier 1,2025-07-22
CUST-29254,Delhi NCR,Delhi,Tier 1,2024-06-09
CUST-29255,Hyderabad,Telangana,Tier 1,2024-06-24
CUST-29256,Bhopal,Madhya Pradesh,Tier 2,2024-10-14
CUST-29257,Mumbai,Maharashtra,Tier 1,2025-02-08
CUST-29258,Delhi NCR,Delhi,Tier 1,2025-10-18
CUST-29259,Delhi NCR,Delhi,Tier 1,2025-08-02
CUST-29260,Chennai,Tamil Nadu,Tier 1,2024-12-05
CUST-29261,Visakhapatnam,Andhra Pradesh,Tier 2,2024-09-24
CUST-29262,Delhi NCR,Delhi,Tier 1,2024-08-05
CUST-29263,Delhi NCR,Delhi,Tier 1,2024-06-12
CUST-29264,Nagpur,Maharashtra,Tier 2,2025-11-21
CUST-29265,Bhopal,Madhya Pradesh,Tier 2,2025-01-25
CUST-29266,Mumbai,Maharashtra,Tier 1,2025-02-20
CUST-29267,Chandigarh,Punjab,Tier 2,2024-02-17
CUST-29268,Jaipur,Rajasthan,Tier 2,2024-07-12
CUST-29269,Kochi,Kerala,Tier 2,2024-03-24
CUST-29270,Kolkata,West Bengal,Tier 1,2025-09-04
CUST-29271,Visakhapatnam,Andhra Pradesh,Tier 2,2025-10-28
CUST-29272,Mumbai,Maharashtra,Tier 1,2024-02-16
CUST-29273,Bangalore,Karnataka,Tier 1,2024-08-21
CUST-29274,Chennai,Tamil Nadu,Tier 1,2024-10-25
CUST-29275,Chennai,Tamil Nadu,Tier 1,2024-05-26
CUST-29276,Nagpur,Maharashtra,Tier 2,2024-07-14
CUST-29277,Pune,Maharashtra,Tier 1,2024-01-22
CUST-29278,Mumbai,Maharashtra,Tier 1,2024-07-12
CUST-29279,Chennai,Tamil Nadu,Tier 1,2025-01-20
CUST-29280,Chennai,Tamil Nadu,Tier 1,2024-12-29
CUST-29281,Bhubaneswar,Odisha,Tier 2,2024-09-30
CUST-29282,Pune,Maharashtra,Tier 1,2025-01-18
CUST-29283,Pune,Maharashtra,Tier 1,2024-07-26
CUST-29284,Ahmedabad,Gujarat,Tier 2,2024-10-01
CUST-29285,Kochi,Kerala,Tier 2,2025-05-10
CUST-29286,Pune,Maharashtra,Tier 1,2025-06-22
CUST-29287,Bangalore,Karnataka,Tier 1,2025-06-10
CUST-29288,Bhopal,Madhya Pradesh,Tier 2,2024-06-07
CUST-29289,Ahmedabad,Gujarat,Tier 2,2025-04-04
CUST-29290,Chandigarh,Punjab,Tier 2,2025-01-28
CUST-29291,Visakhapatnam,Andhra Pradesh,Tier 2,2025-03-14
CUST-29292,Indore,Madhya Pradesh,Tier 2,2025-01-13
CUST-29293,Patna,Bihar,Tier 2,2024-06-12
CUST-29294,Bhubaneswar,Odisha,Tier 2,2025-09-30
CUST-29295,Delhi NCR,Delhi,Tier 1,2024-11-25
CUST-29296,Kolkata,West Bengal,Tier 1,2025-07-23
CUST-29297,Pune,Maharashtra,Tier 1,2024-05-26
CUST-29298,Hyderabad,Telangana,Tier 1,2024-04-19
CUST-29299,Patna,Bihar,Tier 2,2025-01-28
CUST-29300,Chandigarh,Punjab,Tier 2,2025-07-14
CUST-29301,Ahmedabad,Gujarat,Tier 2,2024-06-30
CUST-29302,Visakhapatnam,Andhra Pradesh,Tier 2,2025-07-26
CUST-29303,Bangalore,Karnataka,Tier 1,2025-03-18
CUST-29304,Ahmedabad,Gujarat,Tier 2,2024-05-09
CUST-29305,Kolkata,West Bengal,Tier 1,2025-02-06
CUST-29306,Hyderabad,Telangana,Tier 1,2025-05-19
CUST-29307,Delhi NCR,Delhi,Tier 1,2025-10-15
CUST-29308,Coimbatore,Tamil Nadu,Tier 2,2024-01-22
CUST-29309,Pune,Maharashtra,Tier 1,2024-01-17
CUST-29310,Indore,Madhya Pradesh,Tier 2,2025-09-25
CUST-29311,Kolkata,West Bengal,Tier 1,2024-10-08
CUST-29312,Bangalore,Karnataka,Tier 1,2024-08-14
CUST-29313,Hyderabad,Telangana,Tier 1,2025-02-23
CUST-29314,Chennai,Tamil Nadu,Tier 1,2025-01-07
CUST-29315,Visakhapatnam,Andhra Pradesh,Tier 2,2024-10-27
CUST-29316,Mumbai,Maharashtra,Tier 1,2024-10-12
CUST-29317,Visakhapatnam,Andhra Pradesh,Tier 2,2024-04-25
CUST-29318,Visakhapatnam,Andhra Pradesh,Tier 2,2024-05-28
CUST-29319,Visakhapatnam,Andhra Pradesh,Tier 2,2025-02-07
CUST-29320,Kolkata,West Bengal,Tier 1,2025-11-12
CUST-29321,Bhubaneswar,Odisha,Tier 2,2024-03-30
CUST-29322,Chennai,Tamil Nadu,Tier 1,2024-04-28
CUST-29323,Mumbai,Maharashtra,Tier 1,2025-11-26
CUST-29324,Bangalore,Karnataka,Tier 1,2024-04-02
CUST-29325,Bhubaneswar,Odisha,Tier 2,2025-09-20
CUST-29326,Mumbai,Maharashtra,Tier 1,2025-03-22
CUST-29327,Kolkata,West Bengal,Tier 1,2024-11-07
CUST-29328,Mumbai,Maharashtra,Tier 1,2024-11-13
CUST-29329,Hyderabad,Telangana,Tier 1,2024-04-30
CUST-29330,Mumbai,Maharashtra,Tier 1,2024-11-12
CUST-29331,Bhopal,Madhya Pradesh,Tier 2,2024-05-17
CUST-29332,Pune,Maharashtra,Tier 1,2025-10-21
CUST-29333,Coimbatore,Tamil Nadu,Tier 2,2024-10-10
CUST-29334,Lucknow,Uttar Pradesh,Tier 2,2025-10-15
CUST-29335,Visakhapatnam,Andhra Pradesh,Tier 2,2025-06-03
CUST-29336,Kolkata,West Bengal,Tier 1,2025-05-19
CUST-29337,Pune,Maharashtra,Tier 1,2025-01-25
CUST-29338,Pune,Maharashtra,Tier 1,2024-01-05
CUST-29339,Kolkata,West Bengal,Tier 1,2025-01-01
CUST-29340,Patna,Bihar,Tier 2,2025-05-06
CUST-29341,Pune,Maharashtra,Tier 1,2025-04-10
CUST-29342,Indore,Madhya Pradesh,Tier 2,2024-08-22
CUST-29343,Kochi,Kerala,Tier 2,2024-12-27
CUST-29344,Bangalore,Karnataka,Tier 1,2025-06-05
CUST-29345,Jaipur,Rajasthan,Tier 2,2024-08-29
CUST-29346,Bangalore,Karnataka,Tier 1,2025-03-17
CUST-29347,Pune,Maharashtra,Tier 1,2024-07-06
CUST-29348,Jaipur,Rajasthan,Tier 2,2025-02-07
CUST-29349,Visakhapatnam,Andhra Pradesh,Tier 2,2025-03-02
CUST-29350,Mumbai,Maharashtra,Tier 1,2025-02-16
CUST-29351,Mumbai,Maharashtra,Tier 1,2025-05-28
CUST-29352,Mumbai,Maharashtra,Tier 1,2024-06-02
CUST-29353,Chennai,Tamil Nadu,Tier 1,2024-07-21
CUST-29354,Indore,Madhya Pradesh,Tier 2,2024-08-04
CUST-29355,Patna,Bihar,Tier 2,2025-04-26
CUST-29356,Ahmedabad,Gujarat,Tier 2,2024-11-10
CUST-29357,Coimbatore,Tamil Nadu,Tier 2,2025-09-08
CUST-29358,Hyderabad,Telangana,Tier 1,2024-01-01
CUST-29359,Mumbai,Maharashtra,Tier 1,2025-05-17
CUST-29360,Mumbai,Maharashtra,Tier 1,2024-10-04
CUST-29361,Patna,Bihar,Tier 2,2024-07-12
CUST-29362,Ahmedabad,Gujarat,Tier 2,2024-09-04
CUST-29363,Lucknow,Uttar Pradesh,Tier 2,2024-03-28
CUST-29364,Hyderabad,Telangana,Tier 1,2025-03-09
CUST-29365,Chennai,Tamil Nadu,Tier 1,2025-02-23
CUST-29366,Bhubaneswar,Odisha,Tier 2,2024-09-09
CUST-29367,Mumbai,Maharashtra,Tier 1,2025-03-04
CUST-29368,Kochi,Kerala,Tier 2,2024-06-12
CUST-29369,Hyderabad,Telangana,Tier 1,2025-05-09
CUST-29370,Mumbai,Maharashtra,Tier 1,2024-06-10
CUST-29371,Chandigarh,Punjab,Tier 2,2025-05-21
CUST-29372,Hyderabad,Telangana,Tier 1,2024-09-21
CUST-29373,Ahmedabad,Gujarat,Tier 2,2024-04-19
CUST-29374,Lucknow,Uttar Pradesh,Tier 2,2024-11-14
CUST-29375,Kolkata,West Bengal,Tier 1,2024-05-11
CUST-29376,Kochi,Kerala,Tier 2,2024-05-12
CUST-29377,Pune,Maharashtra,Tier 1,2025-01-28
CUST-29378,Hyderabad,Telangana,Tier 1,2025-09-11
CUST-29379,Ahmedabad,Gujarat,Tier 2,2025-11-14
CUST-29380,Pune,Maharashtra,Tier 1,2025-07-05
CUST-29381,Mumbai,Maharashtra,Tier 1,2024-02-04
CUST-29382,Coimbatore,Tamil Nadu,Tier 2,2025-07-24
CUST-29383,Kolkata,West Bengal,Tier 1,2025-01-06
CUST-29384,Bhopal,Madhya Pradesh,Tier 2,2024-01-31
CUST-29385,Bhopal,Madhya Pradesh,Tier 2,2024-06-22
CUST-29386,Chennai,Tamil Nadu,Tier 1,2025-01-24
CUST-29387,Kolkata,West Bengal,Tier 1,2024-04-15
CUST-29388,Chennai,Tamil Nadu,Tier 1,2024-10-01
CUST-29389,Chennai,Tamil Nadu,Tier 1,2024-04-05
CUST-29390,Coimbatore,Tamil Nadu,Tier 2,2025-11-12
CUST-29391,Kochi,Kerala,Tier 2,2024-01-30
CUST-29392,Delhi NCR,Delhi,Tier 1,2024-06-09
CUST-29393,Pune,Maharashtra,Tier 1,2024-11-01
CUST-29394,Visakhapatnam,Andhra Pradesh,Tier 2,2025-09-14
CUST-29395,Pune,Maharashtra,Tier 1,2024-07-14
CUST-29396,Kochi,Kerala,Tier 2,2025-08-30
CUST-29397,Kochi,Kerala,Tier 2,2024-12-03
CUST-29398,Hyderabad,Telangana,Tier 1,2024-05-17
CUST-29399,Chennai,Tamil Nadu,Tier 1,2025-03-22
CUST-29400,Ahmedabad,Gujarat,Tier 2,2024-11-05
CUST-29401,Kolkata,West Bengal,Tier 1,2024-06-27
CUST-29402,Pune,Maharashtra,Tier 1,2024-12-02
CUST-29403,Ahmedabad,Gujarat,Tier 2,2024-08-21
CUST-29404,Kochi,Kerala,Tier 2,2024-09-05
CUST-29405,Bangalore,Karnataka,Tier 1,2024-05-11
CUST-29406,Delhi NCR,Delhi,Tier 1,2024-09-05
CUST-29407,Hyderabad,Telangana,Tier 1,2025-03-30
CUST-29408,Kolkata,West Bengal,Tier 1,2025-05-13
CUST-29409,Hyderabad,Telangana,Tier 1,2024-03-03
CUST-29410,Pune,Maharashtra,Tier 1,2025-01-26
CUST-29411,Mumbai,Maharashtra,Tier 1,2024-09-13
CUST-29412,Kolkata,West Bengal,Tier 1,2024-09-04
CUST-29413,Hyderabad,Telangana,Tier 1,2024-09-20
CUST-29414,Kolkata,West Bengal,Tier 1,2025-04-11
CUST-29415,Chennai,Tamil Nadu,Tier 1,2024-12-26
CUST-29416,Hyderabad,Telangana,Tier 1,2025-01-27
CUST-29417,Coimbatore,Tamil Nadu,Tier 2,2024-06-27
CUST-29418,Delhi NCR,Delhi,Tier 1,2025-05-20
CUST-29419,Lucknow,Uttar Pradesh,Tier 2,2025-05-13
CUST-29420,Nagpur,Maharashtra,Tier 2,2025-11-07
CUST-29421,Kolkata,West Bengal,Tier 1,2025-08-25
CUST-29422,Bhopal,Madhya Pradesh,Tier 2,2024-10-18
CUST-29423,Delhi NCR,Delhi,Tier 1,2025-08-10
CUST-29424,Kolkata,West Bengal,Tier 1,2024-04-08
CUST-29425,Chennai,Tamil Nadu,Tier 1,2025-08-29
CUST-29426,Mumbai,Maharashtra,Tier 1,2024-06-29
CUST-29427,Chennai,Tamil Nadu,Tier 1,2025-02-06
CUST-29428,Hyderabad,Telangana,Tier 1,2025-10-27
CUST-29429,Jaipur,Rajasthan,Tier 2,2025-01-08
CUST-29430,Nagpur,Maharashtra,Tier 2,2025-09-15
CUST-29431,Mumbai,Maharashtra,Tier 1,2025-11-13
CUST-29432,Hyderabad,Telangana,Tier 1,2024-09-09
CUST-29433,Chennai,Tamil Nadu,Tier 1,2024-05-01
CUST-29434,Chennai,Tamil Nadu,Tier 1,2025-03-17
CUST-29435,Kochi,Kerala,Tier 2,2024-09-01
CUST-29436,Chennai,Tamil Nadu,Tier 1,2025-09-30
CUST-29437,Mumbai,Maharashtra,Tier 1,2025-05-05
CUST-29438,Ahmedabad,Gujarat,Tier 2,2024-02-15
CUST-29439,Coimbatore,Tamil Nadu,Tier 2,2025-03-27
CUST-29440,Kolkata,West Bengal,Tier 1,2024-10-22
CUST-29441,Pune,Maharashtra,Tier 1,2024-05-20
CUST-29442,Delhi NCR,Delhi,Tier 1,2025-09-24
CUST-29443,Bangalore,Karnataka,Tier 1,2025-06-04
CUST-29444,Bangalore,Karnataka,Tier 1,2024-03-06
CUST-29445,Chennai,Tamil Nadu,Tier 1,2025-04-27
CUST-29446,Nagpur,Maharashtra,Tier 2,2024-11-04
CUST-29447,Kolkata,West Bengal,Tier 1,2025-04-04
CUST-29448,Bangalore,Karnataka,Tier 1,2025-08-15
CUST-29449,Bangalore,Karnataka,Tier 1,2025-02-01
CUST-29450,Chennai,Tamil Nadu,Tier 1,2025-04-13
CUST-29451,Pune,Maharashtra,Tier 1,2025-09-08
CUST-29452,Chennai,Tamil Nadu,Tier 1,2025-01-26
CUST-29453,Chennai,Tamil Nadu,Tier 1,2024-04-06
CUST-29454,Pune,Maharashtra,Tier 1,2024-07-08
CUST-29455,Bangalore,Karnataka,Tier 1,2024-07-13
CUST-29456,Mumbai,Maharashtra,Tier 1,2024-11-29
CUST-29457,Mumbai,Maharashtra,Tier 1,2024-03-23
CUST-29458,Bangalore,Karnataka,Tier 1,2024-09-07
CUST-29459,Mumbai,Maharashtra,Tier 1,2024-03-10
CUST-29460,Hyderabad,Telangana,Tier 1,2024-10-18
CUST-29461,Kochi,Kerala,Tier 2,2024-12-05
CUST-29462,Ahmedabad,Gujarat,Tier 2,2025-01-19
CUST-29463,Pune,Maharashtra,Tier 1,2025-11-30
CUST-29464,Patna,Bihar,Tier 2,2025-04-02
CUST-29465,Hyderabad,Telangana,Tier 1,2024-05-20
CUST-29466,Coimbatore,Tamil Nadu,Tier 2,2024-05-19
CUST-29467,Chennai,Tamil Nadu,Tier 1,2024-03-15
CUST-29468,Chennai,Tamil Nadu,Tier 1,2024-04-09
CUST-29469,Chennai,Tamil Nadu,Tier 1,2025-10-18
CUST-29470,Delhi NCR,Delhi,Tier 1,2024-06-23
CUST-29471,Visakhapatnam,Andhra Pradesh,Tier 2,2024-11-18
CUST-29472,Delhi NCR,Delhi,Tier 1,2025-04-21
CUST-29473,Hyderabad,Telangana,Tier 1,2024-01-10
CUST-29474,Hyderabad,Telangana,Tier 1,2024-02-15
CUST-29475,Mumbai,Maharashtra,Tier 1,2025-09-20
CUST-29476,Delhi NCR,Delhi,Tier 1,2025-05-30
CUST-29477,Mumbai,Maharashtra,Tier 1,2024-11-08
CUST-29478,Hyderabad,Telangana,Tier 1,2024-08-25
CUST-29479,Bhopal,Madhya Pradesh,Tier 2,2024-01-31
CUST-29480,Hyderabad,Telangana,Tier 1,2025-05-24
CUST-29481,Delhi NCR,Delhi,Tier 1,2024-05-09
CUST-29482,Pune,Maharashtra,Tier 1,2025-01-19
CUST-29483,Visakhapatnam,Andhra Pradesh,Tier 2,2025-08-15
CUST-29484,Bangalore,Karnataka,Tier 1,2024-01-25
CUST-29485,Hyderabad,Telangana,Tier 1,2024-09-17
CUST-29486,Visakhapatnam,Andhra Pradesh,Tier 2,2025-07-13
CUST-29487,Delhi NCR,Delhi,Tier 1,2025-02-01
CUST-29488,Kolkata,West Bengal,Tier 1,2025-07-17
CUST-29489,Bangalore,Karnataka,Tier 1,2024-11-25
CUST-29490,Nagpur,Maharashtra,Tier 2,2024-05-28
CUST-29491,Visakhapatnam,Andhra Pradesh,Tier 2,2025-02-12
CUST-29492,Indore,Madhya Pradesh,Tier 2,2025-09-02
CUST-29493,Hyderabad,Telangana,Tier 1,2025-08-01
CUST-29494,Chennai,Tamil Nadu,Tier 1,2024-04-28
CUST-29495,Bangalore,Karnataka,Tier 1,2025-03-09
CUST-29496,Coimbatore,Tamil Nadu,Tier 2,2024-08-15
CUST-29497,Nagpur,Maharashtra,Tier 2,2025-09-06
CUST-29498,Chennai,Tamil Nadu,Tier 1,2024-08-27
CUST-29499,Jaipur,Rajasthan,Tier 2,2024-08-19
CUST-29500,Delhi NCR,Delhi,Tier 1,2024-10-16
CUST-29501,Chennai,Tamil Nadu,Tier 1,2024-06-02
CUST-29502,Pune,Maharashtra,Tier 1,2025-11-12
CUST-29503,Chennai,Tamil Nadu,Tier 1,2024-06-07
CUST-29504,Hyderabad,Telangana,Tier 1,2025-09-16
CUST-29505,Mumbai,Maharashtra,Tier 1,2025-07-16
CUST-29506,Indore,Madhya Pradesh,Tier 2,2025-04-20
CUST-29507,Coimbatore,Tamil Nadu,Tier 2,2025-07-01
CUST-29508,Bhubaneswar,Odisha,Tier 2,2024-01-13
CUST-29509,Ahmedabad,Gujarat,Tier 2,2025-05-21
CUST-29510,Kolkata,West Bengal,Tier 1,2024-08-05
CUST-29511,Bangalore,Karnataka,Tier 1,2024-08-09
CUST-29512,Visakhapatnam,Andhra Pradesh,Tier 2,2024-10-14
CUST-29513,Pune,Maharashtra,Tier 1,2025-06-07
CUST-29514,Lucknow,Uttar Pradesh,Tier 2,2025-05-01
CUST-29515,Lucknow,Uttar Pradesh,Tier 2,2025-11-29
CUST-29516,Patna,Bihar,Tier 2,2025-11-11
CUST-29517,Mumbai,Maharashtra,Tier 1,2024-11-19
CUST-29518,Bangalore,Karnataka,Tier 1,2025-09-09
CUST-29519,Jaipur,Rajasthan,Tier 2,2024-06-24
CUST-29520,Coimbatore,Tamil Nadu,Tier 2,2024-02-10
CUST-29521,Lucknow,Uttar Pradesh,Tier 2,2024-11-20
CUST-29522,Chennai,Tamil Nadu,Tier 1,2024-09-23
CUST-29523,Hyderabad,Telangana,Tier 1,2025-01-27
CUST-29524,Chandigarh,Punjab,Tier 2,2024-04-22
CUST-29525,Chandigarh,Punjab,Tier 2,2024-10-10
CUST-29526,Pune,Maharashtra,Tier 1,2024-07-21
CUST-29527,Hyderabad,Telangana,Tier 1,2024-05-23
CUST-29528,Nagpur,Maharashtra,Tier 2,2024-08-30
CUST-29529,Kolkata,West Bengal,Tier 1,2024-02-04
CUST-29530,Kochi,Kerala,Tier 2,2024-02-22
CUST-29531,Bangalore,Karnataka,Tier 1,2025-05-17
CUST-29532,Hyderabad,Telangana,Tier 1,2024-12-21
CUST-29533,Bhopal,Madhya Pradesh,Tier 2,2024-05-29
CUST-29534,Mumbai,Maharashtra,Tier 1,2025-03-12
CUST-29535,Kolkata,West Bengal,Tier 1,2025-03-25
CUST-29536,Kolkata,West Bengal,Tier 1,2025-06-08
CUST-29537,Chandigarh,Punjab,Tier 2,2024-09-23
CUST-29538,Hyderabad,Telangana,Tier 1,2025-08-31
CUST-29539,Bangalore,Karnataka,Tier 1,2024-03-26
CUST-29540,Nagpur,Maharashtra,Tier 2,2024-11-04
CUST-29541,Pune,Maharashtra,Tier 1,2024-09-21
CUST-29542,Delhi NCR,Delhi,Tier 1,2025-05-06
CUST-29543,Bangalore,Karnataka,Tier 1,2025-08-05
CUST-29544,Visakhapatnam,Andhra Pradesh,Tier 2,2024-01-17
CUST-29545,Bangalore,Karnataka,Tier 1,2024-07-07
CUST-29546,Pune,Maharashtra,Tier 1,2025-06-05
CUST-29547,Chennai,Tamil Nadu,Tier 1,2024-06-14
CUST-29548,Coimbatore,Tamil Nadu,Tier 2,2025-07-04
CUST-29549,Chandigarh,Punjab,Tier 2,2024-12-10
CUST-29550,Pune,Maharashtra,Tier 1,2024-08-06
CUST-29551,Mumbai,Maharashtra,Tier 1,2024-04-03
CUST-29552,Bhopal,Madhya Pradesh,Tier 2,2024-06-06
CUST-29553,Chennai,Tamil Nadu,Tier 1,2024-02-03
CUST-29554,Nagpur,Maharashtra,Tier 2,2025-02-19
CUST-29555,Kolkata,West Bengal,Tier 1,2025-05-20
CUST-29556,Lucknow,Uttar Pradesh,Tier 2,2025-05-04
CUST-29557,Mumbai,Maharashtra,Tier 1,2025-06-07
CUST-29558,Chandigarh,Punjab,Tier 2,2024-08-20
CUST-29559,Hyderabad,Telangana,Tier 1,2025-08-21
CUST-29560,Hyderabad,Telangana,Tier 1,2025-08-27
CUST-29561,Delhi NCR,Delhi,Tier 1,2024-04-16
CUST-29562,Delhi NCR,Delhi,Tier 1,2024-07-11
CUST-29563,Bangalore,Karnataka,Tier 1,2025-04-12
CUST-29564,Hyderabad,Telangana,Tier 1,2025-06-05
CUST-29565,Coimbatore,Tamil Nadu,Tier 2,2025-09-28
CUST-29566,Hyderabad,Telangana,Tier 1,2024-10-05
CUST-29567,Ahmedabad,Gujarat,Tier 2,2024-05-07
CUST-29568,Mumbai,Maharashtra,Tier 1,2024-12-06
CUST-29569,Pune,Maharashtra,Tier 1,2025-11-27
CUST-29570,Kolkata,West Bengal,Tier 1,2024-02-28
CUST-29571,Visakhapatnam,Andhra Pradesh,Tier 2,2024-06-30
CUST-29572,Patna,Bihar,Tier 2,2025-08-08
CUST-29573,Chennai,Tamil Nadu,Tier 1,2025-05-28
CUST-29574,Kochi,Kerala,Tier 2,2024-08-30
CUST-29575,Bangalore,Karnataka,Tier 1,2024-08-15
CUST-29576,Pune,Maharashtra,Tier 1,2025-07-13
CUST-29577,Mumbai,Maharashtra,Tier 1,2025-06-01
CUST-29578,Hyderabad,Telangana,Tier 1,2025-07-08
CUST-29579,Bangalore,Karnataka,Tier 1,2024-05-24
CUST-29580,Ahmedabad,Gujarat,Tier 2,2024-05-06
CUST-29581,Kolkata,West Bengal,Tier 1,2024-11-30
CUST-29582,Chandigarh,Punjab,Tier 2,2025-02-11
CUST-29583,Kolkata,West Bengal,Tier 1,2024-04-30
CUST-29584,Mumbai,Maharashtra,Tier 1,2024-10-11
CUST-29585,Ahmedabad,Gujarat,Tier 2,2024-08-29
CUST-29586,Patna,Bihar,Tier 2,2024-03-18
CUST-29587,Coimbatore,Tamil Nadu,Tier 2,2025-07-23
CUST-29588,Pune,Maharashtra,Tier 1,2025-03-25
CUST-29589,Chandigarh,Punjab,Tier 2,2025-04-14
CUST-29590,Chandigarh,Punjab,Tier 2,2024-06-29
CUST-29591,Delhi NCR,Delhi,Tier 1,2025-08-04
CUST-29592,Delhi NCR,Delhi,Tier 1,2024-09-21
CUST-29593,Mumbai,Maharashtra,Tier 1,2025-11-12
CUST-29594,Hyderabad,Telangana,Tier 1,2024-10-21
CUST-29595,Kolkata,West Bengal,Tier 1,2024-09-03
CUST-29596,Visakhapatnam,Andhra Pradesh,Tier 2,2025-02-27
CUST-29597,Chennai,Tamil Nadu,Tier 1,2024-02-28
CUST-29598,Ahmedabad,Gujarat,Tier 2,2025-04-02
CUST-29599,Lucknow,Uttar Pradesh,Tier 2,2024-01-11
CUST-29600,Bangalore,Karnataka,Tier 1,2024-12-12
CUST-29601,Mumbai,Maharashtra,Tier 1,2024-01-05
CUST-29602,Kolkata,West Bengal,Tier 1,2025-01-04
CUST-29603,Lucknow,Uttar Pradesh,Tier 2,2025-04-02
CUST-29604,Visakhapatnam,Andhra Pradesh,Tier 2,2024-09-01
CUST-29605,Hyderabad,Telangana,Tier 1,2024-09-05
CUST-29606,Coimbatore,Tamil Nadu,Tier 2,2025-03-10
CUST-29607,Chennai,Tamil Nadu,Tier 1,2025-02-23
CUST-29608,Lucknow,Uttar Pradesh,Tier 2,2024-04-14
CUST-29609,Pune,Maharashtra,Tier 1,2024-08-29
CUST-29610,Mumbai,Maharashtra,Tier 1,2024-09-28
CUST-29611,Mumbai,Maharashtra,Tier 1,2025-06-02
CUST-29612,Mumbai,Maharashtra,Tier 1,2024-02-13
CUST-29613,Hyderabad,Telangana,Tier 1,2024-01-26
CUST-29614,Chandigarh,Punjab,Tier 2,2024-06-29
CUST-29615,Delhi NCR,Delhi,Tier 1,2025-08-26
CUST-29616,Pune,Maharashtra,Tier 1,2025-03-03
CUST-29617,Hyderabad,Telangana,Tier 1,2024-09-24
CUST-29618,Indore,Madhya Pradesh,Tier 2,2025-08-02
CUST-29619,Indore,Madhya Pradesh,Tier 2,2024-05-30
CUST-29620,Kochi,Kerala,Tier 2,2025-09-07
CUST-29621,Kolkata,West Bengal,Tier 1,2025-08-22
CUST-29622,Hyderabad,Telangana,Tier 1,2024-04-04
CUST-29623,Indore,Madhya Pradesh,Tier 2,2025-01-16
CUST-29624,Bangalore,Karnataka,Tier 1,2025-05-29
CUST-29625,Hyderabad,Telangana,Tier 1,2025-09-05
CUST-29626,Delhi NCR,Delhi,Tier 1,2025-11-19
CUST-29627,Jaipur,Rajasthan,Tier 2,2025-03-03
CUST-29628,Lucknow,Uttar Pradesh,Tier 2,2025-02-28
CUST-29629,Jaipur,Rajasthan,Tier 2,2024-07-17
CUST-29630,Chennai,Tamil Nadu,Tier 1,2024-01-08
CUST-29631,Delhi NCR,Delhi,Tier 1,2024-11-22
CUST-29632,Coimbatore,Tamil Nadu,Tier 2,2025-11-20
CUST-29633,Kolkata,West Bengal,Tier 1,2025-08-16
CUST-29634,Chennai,Tamil Nadu,Tier 1,2025-09-15
CUST-29635,Pune,Maharashtra,Tier 1,2024-01-21
CUST-29636,Bangalore,Karnataka,Tier 1,2025-06-29
CUST-29637,Delhi NCR,Delhi,Tier 1,2024-09-11
CUST-29638,Chennai,Tamil Nadu,Tier 1,2025-03-08
CUST-29639,Bangalore,Karnataka,Tier 1,2025-05-19
CUST-29640,Bangalore,Karnataka,Tier 1,2024-01-27
CUST-29641,Coimbatore,Tamil Nadu,Tier 2,2025-06-03
CUST-29642,Kolkata,West Bengal,Tier 1,2025-06-13
CUST-29643,Kolkata,West Bengal,Tier 1,2025-05-14
CUST-29644,Lucknow,Uttar Pradesh,Tier 2,2024-08-20
CUST-29645,Bhubaneswar,Odisha,Tier 2,2025-01-30
CUST-29646,Delhi NCR,Delhi,Tier 1,2024-11-02
CUST-29647,Patna,Bihar,Tier 2,2025-05-24
CUST-29648,Pune,Maharashtra,Tier 1,2025-02-27
CUST-29649,Delhi NCR,Delhi,Tier 1,2024-05-29
CUST-29650,Hyderabad,Telangana,Tier 1,2025-01-26
CUST-29651,Kolkata,West Bengal,Tier 1,2025-05-04
CUST-29652,Lucknow,Uttar Pradesh,Tier 2,2025-10-29
CUST-29653,Bangalore,Karnataka,Tier 1,2024-02-16
CUST-29654,Kolkata,West Bengal,Tier 1,2024-11-07
CUST-29655,Lucknow,Uttar Pradesh,Tier 2,2024-05-18
CUST-29656,Chennai,Tamil Nadu,Tier 1,2025-02-08
CUST-29657,Bhopal,Madhya Pradesh,Tier 2,2025-10-15
CUST-29658,Bhopal,Madhya Pradesh,Tier 2,2024-01-14
CUST-29659,Kolkata,West Bengal,Tier 1,2025-06-02
CUST-29660,Visakhapatnam,Andhra Pradesh,Tier 2,2025-07-04
CUST-29661,Mumbai,Maharashtra,Tier 1,2024-07-03
CUST-29662,Mumbai,Maharashtra,Tier 1,2024-04-24
CUST-29663,Chennai,Tamil Nadu,Tier 1,2024-04-19
CUST-29664,Pune,Maharashtra,Tier 1,2025-07-30
CUST-29665,Pune,Maharashtra,Tier 1,2024-10-07
CUST-29666,Kolkata,West Bengal,Tier 1,2025-06-26
CUST-29667,Delhi NCR,Delhi,Tier 1,2024-03-26
CUST-29668,Delhi NCR,Delhi,Tier 1,2024-05-17
CUST-29669,Patna,Bihar,Tier 2,2025-04-10
CUST-29670,Bhopal,Madhya Pradesh,Tier 2,2024-03-17
CUST-29671,Jaipur,Rajasthan,Tier 2,2024-05-16
CUST-29672,Jaipur,Rajasthan,Tier 2,2025-09-25
CUST-29673,Pune,Maharashtra,Tier 1,2024-04-06
CUST-29674,Bangalore,Karnataka,Tier 1,2025-06-14
CUST-29675,Chennai,Tamil Nadu,Tier 1,2024-01-09
CUST-29676,Lucknow,Uttar Pradesh,Tier 2,2024-03-23
CUST-29677,Kolkata,West Bengal,Tier 1,2024-02-16
CUST-29678,Mumbai,Maharashtra,Tier 1,2025-05-26
CUST-29679,Bhubaneswar,Odisha,Tier 2,2025-03-05
CUST-29680,Patna,Bihar,Tier 2,2024-03-30
CUST-29681,Bangalore,Karnataka,Tier 1,2025-05-27
CUST-29682,Pune,Maharashtra,Tier 1,2025-11-04
CUST-29683,Nagpur,Maharashtra,Tier 2,2025-10-26
CUST-29684,Delhi NCR,Delhi,Tier 1,2025-02-17
CUST-29685,Kolkata,West Bengal,Tier 1,2025-05-27
CUST-29686,Chennai,Tamil Nadu,Tier 1,2025-10-19
CUST-29687,Chennai,Tamil Nadu,Tier 1,2025-11-03
CUST-29688,Patna,Bihar,Tier 2,2025-10-08
CUST-29689,Chennai,Tamil Nadu,Tier 1,2024-03-17
CUST-29690,Mumbai,Maharashtra,Tier 1,2024-03-21
CUST-29691,Mumbai,Maharashtra,Tier 1,2025-07-07
CUST-29692,Mumbai,Maharashtra,Tier 1,2025-09-27
CUST-29693,Chennai,Tamil Nadu,Tier 1,2024-07-20
CUST-29694,Ahmedabad,Gujarat,Tier 2,2025-03-22
CUST-29695,Bangalore,Karnataka,Tier 1,2024-04-16
CUST-29696,Pune,Maharashtra,Tier 1,2024-10-18
CUST-29697,Lucknow,Uttar Pradesh,Tier 2,2025-11-16
CUST-29698,Bangalore,Karnataka,Tier 1,2024-11-07
CUST-29699,Pune,Maharashtra,Tier 1,2025-08-21
CUST-29700,Lucknow,Uttar Pradesh,Tier 2,2025-05-31
CUST-29701,Kolkata,West Bengal,Tier 1,2025-11-14
CUST-29702,Hyderabad,Telangana,Tier 1,2025-09-24
CUST-29703,Pune,Maharashtra,Tier 1,2025-10-29
CUST-29704,Visakhapatnam,Andhra Pradesh,Tier 2,2025-08-21
CUST-29705,Chennai,Tamil Nadu,Tier 1,2025-03-01
CUST-29706,Chennai,Tamil Nadu,Tier 1,2025-09-01
CUST-29707,Chennai,Tamil Nadu,Tier 1,2025-02-18
CUST-29708,Mumbai,Maharashtra,Tier 1,2024-05-14
CUST-29709,Kolkata,West Bengal,Tier 1,2025-06-02
CUST-29710,Hyderabad,Telangana,Tier 1,2024-12-29
CUST-29711,Delhi NCR,Delhi,Tier 1,2025-01-18
CUST-29712,Kolkata,West Bengal,Tier 1,2024-02-01
CUST-29713,Mumbai,Maharashtra,Tier 1,2025-06-23
CUST-29714,Chennai,Tamil Nadu,Tier 1,2025-05-01
CUST-29715,Delhi NCR,Delhi,Tier 1,2024-12-30
CUST-29716,Mumbai,Maharashtra,Tier 1,2024-09-20
CUST-29717,Indore,Madhya Pradesh,Tier 2,2024-05-21
CUST-29718,Nagpur,Maharashtra,Tier 2,2024-01-30
CUST-29719,Bangalore,Karnataka,Tier 1,2024-05-09
CUST-29720,Kolkata,West Bengal,Tier 1,2024-03-10
CUST-29721,Bangalore,Karnataka,Tier 1,2024-04-28
CUST-29722,Kolkata,West Bengal,Tier 1,2024-11-22
CUST-29723,Chennai,Tamil Nadu,Tier 1,2024-03-10
CUST-29724,Bangalore,Karnataka,Tier 1,2024-07-26
CUST-29725,Lucknow,Uttar Pradesh,Tier 2,2024-03-31
CUST-29726,Delhi NCR,Delhi,Tier 1,2024-04-29
CUST-29727,Mumbai,Maharashtra,Tier 1,2024-07-25
CUST-29728,Kochi,Kerala,Tier 2,2025-02-09
CUST-29729,Jaipur,Rajasthan,Tier 2,2025-06-30
CUST-29730,Kolkata,West Bengal,Tier 1,2024-05-03
CUST-29731,Kolkata,West Bengal,Tier 1,2024-04-21
CUST-29732,Kolkata,West Bengal,Tier 1,2024-07-25
CUST-29733,Chennai,Tamil Nadu,Tier 1,2025-09-05
CUST-29734,Chennai,Tamil Nadu,Tier 1,2025-01-20
CUST-29735,Kolkata,West Bengal,Tier 1,2024-05-26
CUST-29736,Kolkata,West Bengal,Tier 1,2024-05-11
CUST-29737,Lucknow,Uttar Pradesh,Tier 2,2024-04-13
CUST-29738,Ahmedabad,Gujarat,Tier 2,2025-07-06
CUST-29739,Chennai,Tamil Nadu,Tier 1,2025-07-21
CUST-29740,Chennai,Tamil Nadu,Tier 1,2024-08-29
CUST-29741,Chennai,Tamil Nadu,Tier 1,2025-09-30
CUST-29742,Kolkata,West Bengal,Tier 1,2025-10-23
CUST-29743,Chennai,Tamil Nadu,Tier 1,2024-11-26
CUST-29744,Coimbatore,Tamil Nadu,Tier 2,2024-05-28
CUST-29745,Lucknow,Uttar Pradesh,Tier 2,2024-06-17
CUST-29746,Coimbatore,Tamil Nadu,Tier 2,2025-07-10
CUST-29747,Ahmedabad,Gujarat,Tier 2,2024-03-24
CUST-29748,Visakhapatnam,Andhra Pradesh,Tier 2,2025-06-03
CUST-29749,Pune,Maharashtra,Tier 1,2024-04-16
CUST-29750,Bhubaneswar,Odisha,Tier 2,2024-09-21
CUST-29751,Delhi NCR,Delhi,Tier 1,2025-10-19
CUST-29752,Mumbai,Maharashtra,Tier 1,2024-01-31
CUST-29753,Pune,Maharashtra,Tier 1,2025-06-30
CUST-29754,Visakhapatnam,Andhra Pradesh,Tier 2,2024-09-03
CUST-29755,Chennai,Tamil Nadu,Tier 1,2025-06-13
CUST-29756,Bangalore,Karnataka,Tier 1,2024-01-24
CUST-29757,Kolkata,West Bengal,Tier 1,2025-05-12
CUST-29758,Pune,Maharashtra,Tier 1,2024-10-30
CUST-29759,Hyderabad,Telangana,Tier 1,2025-02-01
CUST-29760,Ahmedabad,Gujarat,Tier 2,2025-02-06
CUST-29761,Visakhapatnam,Andhra Pradesh,Tier 2,2024-11-11
CUST-29762,Coimbatore,Tamil Nadu,Tier 2,2024-10-04
CUST-29763,Hyderabad,Telangana,Tier 1,2025-06-25
CUST-29764,Hyderabad,Telangana,Tier 1,2024-05-22
CUST-29765,Chennai,Tamil Nadu,Tier 1,2025-02-13
CUST-29766,Chennai,Tamil Nadu,Tier 1,2024-12-21
CUST-29767,Delhi NCR,Delhi,Tier 1,2025-06-07
CUST-29768,Chandigarh,Punjab,Tier 2,2024-07-21
CUST-29769,Hyderabad,Telangana,Tier 1,2024-09-06
CUST-29770,Bhopal,Madhya Pradesh,Tier 2,2024-04-12
CUST-29771,Nagpur,Maharashtra,Tier 2,2025-04-12
CUST-29772,Mumbai,Maharashtra,Tier 1,2024-02-04
CUST-29773,Visakhapatnam,Andhra Pradesh,Tier 2,2024-11-19
CUST-29774,Ahmedabad,Gujarat,Tier 2,2025-06-15
CUST-29775,Kolkata,West Bengal,Tier 1,2025-07-12
CUST-29776,Chennai,Tamil Nadu,Tier 1,2025-08-18
CUST-29777,Kolkata,West Bengal,Tier 1,2024-09-24
CUST-29778,Hyderabad,Telangana,Tier 1,2024-02-22
CUST-29779,Pune,Maharashtra,Tier 1,2024-01-18
CUST-29780,Delhi NCR,Delhi,Tier 1,2024-04-13
CUST-29781,Pune,Maharashtra,Tier 1,2024-05-31
CUST-29782,Bangalore,Karnataka,Tier 1,2025-11-07
CUST-29783,Mumbai,Maharashtra,Tier 1,2025-02-17
CUST-29784,Kolkata,West Bengal,Tier 1,2024-03-24
CUST-29785,Pune,Maharashtra,Tier 1,2024-11-03
CUST-29786,Chennai,Tamil Nadu,Tier 1,2024-05-30
CUST-29787,Mumbai,Maharashtra,Tier 1,2025-07-02
CUST-29788,Coimbatore,Tamil Nadu,Tier 2,2025-01-13
CUST-29789,Pune,Maharashtra,Tier 1,2025-04-02
CUST-29790,Delhi NCR,Delhi,Tier 1,2024-12-18
CUST-29791,Kolkata,West Bengal,Tier 1,2025-10-25
CUST-29792,Kolkata,West Bengal,Tier 1,2025-01-10
CUST-29793,Mumbai,Maharashtra,Tier 1,2024-07-26
CUST-29794,Pune,Maharashtra,Tier 1,2025-07-15
CUST-29795,Indore,Madhya Pradesh,Tier 2,2025-04-04
CUST-29796,Chandigarh,Punjab,Tier 2,2025-02-07
CUST-29797,Bangalore,Karnataka,Tier 1,2025-07-12
CUST-29798,Bhopal,Madhya Pradesh,Tier 2,2025-06-13
CUST-29799,Hyderabad,Telangana,Tier 1,2025-04-29
CUST-29800,Bhubaneswar,Odisha,Tier 2,2024-05-01
CUST-29801,Mumbai,Maharashtra,Tier 1,2024-04-29
CUST-29802,Kolkata,West Bengal,Tier 1,2024-09-07
CUST-29803,Pune,Maharashtra,Tier 1,2024-10-25
CUST-29804,Bangalore,Karnataka,Tier 1,2024-02-16
CUST-29805,Kochi,Kerala,Tier 2,2025-08-19
CUST-29806,Pune,Maharashtra,Tier 1,2024-10-25
CUST-29807,Mumbai,Maharashtra,Tier 1,2025-11-02
CUST-29808,Pune,Maharashtra,Tier 1,2025-06-02
CUST-29809,Kolkata,West Bengal,Tier 1,2024-09-01
CUST-29810,Bangalore,Karnataka,Tier 1,2024-08-05
CUST-29811,Visakhapatnam,Andhra Pradesh,Tier 2,2024-12-09
CUST-29812,Coimbatore,Tamil Nadu,Tier 2,2024-11-09
CUST-29813,Hyderabad,Telangana,Tier 1,2025-11-23
CUST-29814,Kolkata,West Bengal,Tier 1,2025-08-26
CUST-29815,Hyderabad,Telangana,Tier 1,2024-10-16
CUST-29816,Kochi,Kerala,Tier 2,2025-08-24
CUST-29817,Nagpur,Maharashtra,Tier 2,2024-07-15
CUST-29818,Hyderabad,Telangana,Tier 1,2025-11-26
CUST-29819,Indore,Madhya Pradesh,Tier 2,2025-07-31
CUST-29820,Kolkata,West Bengal,Tier 1,2025-02-19
CUST-29821,Chennai,Tamil Nadu,Tier 1,2025-09-01
CUST-29822,Nagpur,Maharashtra,Tier 2,2024-11-01
CUST-29823,Kolkata,West Bengal,Tier 1,2025-04-22
CUST-29824,Kolkata,West Bengal,Tier 1,2025-06-19
CUST-29825,Jaipur,Rajasthan,Tier 2,2024-08-07
CUST-29826,Bangalore,Karnataka,Tier 1,2025-11-16
CUST-29827,Hyderabad,Telangana,Tier 1,2025-09-17
CUST-29828,Nagpur,Maharashtra,Tier 2,2024-12-19
CUST-29829,Jaipur,Rajasthan,Tier 2,2024-08-22
CUST-29830,Patna,Bihar,Tier 2,2024-11-01
CUST-29831,Bangalore,Karnataka,Tier 1,2024-04-19
CUST-29832,Kolkata,West Bengal,Tier 1,2024-11-09
CUST-29833,Visakhapatnam,Andhra Pradesh,Tier 2,2024-01-13
CUST-29834,Hyderabad,Telangana,Tier 1,2025-09-28
CUST-29835,Delhi NCR,Delhi,Tier 1,2024-06-15
CUST-29836,Kolkata,West Bengal,Tier 1,2024-02-22
CUST-29837,Chennai,Tamil Nadu,Tier 1,2024-07-04
CUST-29838,Delhi NCR,Delhi,Tier 1,2024-10-02
CUST-29839,Coimbatore,Tamil Nadu,Tier 2,2025-03-22
CUST-29840,Visakhapatnam,Andhra Pradesh,Tier 2,2024-12-17
CUST-29841,Pune,Maharashtra,Tier 1,2024-01-10
CUST-29842,Kochi,Kerala,Tier 2,2025-02-13
CUST-29843,Bhopal,Madhya Pradesh,Tier 2,2024-05-26
CUST-29844,Lucknow,Uttar Pradesh,Tier 2,2025-04-21
CUST-29845,Mumbai,Maharashtra,Tier 1,2025-09-21
CUST-29846,Delhi NCR,Delhi,Tier 1,2025-03-03
CUST-29847,Mumbai,Maharashtra,Tier 1,2025-05-02
CUST-29848,Mumbai,Maharashtra,Tier 1,2025-06-13
CUST-29849,Hyderabad,Telangana,Tier 1,2025-01-11
CUST-29850,Chennai,Tamil Nadu,Tier 1,2024-04-21
CUST-29851,Bangalore,Karnataka,Tier 1,2025-08-06
CUST-29852,Mumbai,Maharashtra,Tier 1,2025-10-17
CUST-29853,Kolkata,West Bengal,Tier 1,2025-09-07
CUST-29854,Bangalore,Karnataka,Tier 1,2024-08-02
CUST-29855,Indore,Madhya Pradesh,Tier 2,2025-05-24
CUST-29856,Mumbai,Maharashtra,Tier 1,2025-05-25
CUST-29857,Patna,Bihar,Tier 2,2025-08-11
CUST-29858,Bhubaneswar,Odisha,Tier 2,2024-01-26
CUST-29859,Ahmedabad,Gujarat,Tier 2,2024-07-11
CUST-29860,Ahmedabad,Gujarat,Tier 2,2024-04-12
CUST-29861,Nagpur,Maharashtra,Tier 2,2024-07-23
CUST-29862,Bangalore,Karnataka,Tier 1,2025-02-14
CUST-29863,Visakhapatnam,Andhra Pradesh,Tier 2,2024-02-20
CUST-29864,Kochi,Kerala,Tier 2,2024-05-10
CUST-29865,Ahmedabad,Gujarat,Tier 2,2024-12-08
CUST-29866,Hyderabad,Telangana,Tier 1,2025-07-31
CUST-29867,Kolkata,West Bengal,Tier 1,2025-02-03
CUST-29868,Jaipur,Rajasthan,Tier 2,2024-07-20
CUST-29869,Pune,Maharashtra,Tier 1,2024-10-26
CUST-29870,Lucknow,Uttar Pradesh,Tier 2,2024-05-25
CUST-29871,Mumbai,Maharashtra,Tier 1,2025-04-06
CUST-29872,Hyderabad,Telangana,Tier 1,2025-05-18
CUST-29873,Chennai,Tamil Nadu,Tier 1,2025-09-07
CUST-29874,Bangalore,Karnataka,Tier 1,2024-05-30
CUST-29875,Delhi NCR,Delhi,Tier 1,2025-09-21
CUST-29876,Delhi NCR,Delhi,Tier 1,2024-11-11
CUST-29877,Hyderabad,Telangana,Tier 1,2024-07-17
CUST-29878,Kolkata,West Bengal,Tier 1,2025-03-04
CUST-29879,Mumbai,Maharashtra,Tier 1,2024-10-29
CUST-29880,Bhubaneswar,Odisha,Tier 2,2025-05-12
CUST-29881,Chandigarh,Punjab,Tier 2,2024-04-14
CUST-29882,Ahmedabad,Gujarat,Tier 2,2024-01-10
CUST-29883,Delhi NCR,Delhi,Tier 1,2025-09-16
CUST-29884,Pune,Maharashtra,Tier 1,2024-01-27
CUST-29885,Kolkata,West Bengal,Tier 1,2025-09-02
CUST-29886,Visakhapatnam,Andhra Pradesh,Tier 2,2024-11-22
CUST-29887,Chandigarh,Punjab,Tier 2,2025-05-09
CUST-29888,Pune,Maharashtra,Tier 1,2025-10-09
CUST-29889,Patna,Bihar,Tier 2,2024-05-06
CUST-29890,Delhi NCR,Delhi,Tier 1,2024-04-25
CUST-29891,Mumbai,Maharashtra,Tier 1,2024-06-19
CUST-29892,Lucknow,Uttar Pradesh,Tier 2,2024-07-30
CUST-29893,Delhi NCR,Delhi,Tier 1,2024-07-07
CUST-29894,Delhi NCR,Delhi,Tier 1,2025-05-04
CUST-29895,Chandigarh,Punjab,Tier 2,2025-01-21
CUST-29896,Bangalore,Karnataka,Tier 1,2025-08-23
CUST-29897,Pune,Maharashtra,Tier 1,2024-05-09
CUST-29898,Nagpur,Maharashtra,Tier 2,2024-01-23
CUST-29899,Hyderabad,Telangana,Tier 1,2024-06-27
CUST-29900,Bangalore,Karnataka,Tier 1,2025-02-04
CUST-29901,Delhi NCR,Delhi,Tier 1,2025-05-19
CUST-29902,Delhi NCR,Delhi,Tier 1,2025-02-14
CUST-29903,Mumbai,Maharashtra,Tier 1,2025-06-15
CUST-29904,Mumbai,Maharashtra,Tier 1,2024-11-24
CUST-29905,Chennai,Tamil Nadu,Tier 1,2025-04-15
CUST-29906,Hyderabad,Telangana,Tier 1,2025-02-23
CUST-29907,Lucknow,Uttar Pradesh,Tier 2,2025-02-15
CUST-29908,Bhopal,Madhya Pradesh,Tier 2,2024-01-29
CUST-29909,Kochi,Kerala,Tier 2,2024-09-01
CUST-29910,Kolkata,West Bengal,Tier 1,2025-09-23
CUST-29911,Delhi NCR,Delhi,Tier 1,2025-06-27
CUST-29912,Ahmedabad,Gujarat,Tier 2,2025-10-13
CUST-29913,Hyderabad,Telangana,Tier 1,2025-10-31
CUST-29914,Mumbai,Maharashtra,Tier 1,2024-02-29
CUST-29915,Patna,Bihar,Tier 2,2024-05-18
CUST-29916,Hyderabad,Telangana,Tier 1,2024-12-22
CUST-29917,Bangalore,Karnataka,Tier 1,2024-07-30
CUST-29918,Bhopal,Madhya Pradesh,Tier 2,2024-05-18
CUST-29919,Coimbatore,Tamil Nadu,Tier 2,2025-01-02
CUST-29920,Hyderabad,Telangana,Tier 1,2025-09-14
CUST-29921,Hyderabad,Telangana,Tier 1,2025-04-30
CUST-29922,Pune,Maharashtra,Tier 1,2025-05-07
CUST-29923,Ahmedabad,Gujarat,Tier 2,2024-12-01
CUST-29924,Mumbai,Maharashtra,Tier 1,2025-09-02
CUST-29925,Pune,Maharashtra,Tier 1,2024-06-26
CUST-29926,Bhubaneswar,Odisha,Tier 2,2025-05-27
CUST-29927,Bangalore,Karnataka,Tier 1,2025-08-23
CUST-29928,Coimbatore,Tamil Nadu,Tier 2,2024-04-22
CUST-29929,Bhubaneswar,Odisha,Tier 2,2024-10-09
CUST-29930,Bangalore,Karnataka,Tier 1,2024-04-25
CUST-29931,Chandigarh,Punjab,Tier 2,2025-06-27
CUST-29932,Bangalore,Karnataka,Tier 1,2024-02-10
CUST-29933,Chandigarh,Punjab,Tier 2,2024-06-15
CUST-29934,Indore,Madhya Pradesh,Tier 2,2024-08-08
CUST-29935,Bangalore,Karnataka,Tier 1,2024-11-08
CUST-29936,Ahmedabad,Gujarat,Tier 2,2024-12-11
CUST-29937,Indore,Madhya Pradesh,Tier 2,2025-04-15
CUST-29938,Hyderabad,Telangana,Tier 1,2024-05-10
CUST-29939,Delhi NCR,Delhi,Tier 1,2024-02-17
CUST-29940,Mumbai,Maharashtra,Tier 1,2024-05-13
CUST-29941,Pune,Maharashtra,Tier 1,2025-06-02
CUST-29942,Visakhapatnam,Andhra Pradesh,Tier 2,2025-07-09
CUST-29943,Indore,Madhya Pradesh,Tier 2,2024-11-12
CUST-29944,Chennai,Tamil Nadu,Tier 1,2025-03-13
CUST-29945,Kolkata,West Bengal,Tier 1,2025-03-10
CUST-29946,Hyderabad,Telangana,Tier 1,2024-03-26
CUST-29947,Delhi NCR,Delhi,Tier 1,2024-02-17
CUST-29948,Kolkata,West Bengal,Tier 1,2025-05-04
CUST-29949,Chennai,Tamil Nadu,Tier 1,2025-02-27
CUST-29950,Kolkata,West Bengal,Tier 1,2025-01-21
CUST-29951,Bhubaneswar,Odisha,Tier 2,2024-08-27
CUST-29952,Pune,Maharashtra,Tier 1,2025-10-25
CUST-29953,Pune,Maharashtra,Tier 1,2025-03-26
CUST-29954,Delhi NCR,Delhi,Tier 1,2024-09-14
CUST-29955,Visakhapatnam,Andhra Pradesh,Tier 2,2024-02-13
CUST-29956,Kochi,Kerala,Tier 2,2024-06-16
CUST-29957,Bhopal,Madhya Pradesh,Tier 2,2024-07-09
CUST-29958,Chennai,Tamil Nadu,Tier 1,2025-10-25
CUST-29959,Kolkata,West Bengal,Tier 1,2025-07-15
CUST-29960,Kolkata,West Bengal,Tier 1,2024-10-02
CUST-29961,Bangalore,Karnataka,Tier 1,2025-01-03
CUST-29962,Lucknow,Uttar Pradesh,Tier 2,2024-11-01
CUST-29963,Coimbatore,Tamil Nadu,Tier 2,2025-08-29
CUST-29964,Delhi NCR,Delhi,Tier 1,2024-04-14
CUST-29965,Mumbai,Maharashtra,Tier 1,2025-02-24
CUST-29966,Chandigarh,Punjab,Tier 2,2024-12-14
CUST-29967,Bangalore,Karnataka,Tier 1,2025-10-11
CUST-29968,Pune,Maharashtra,Tier 1,2024-11-14
CUST-29969,Lucknow,Uttar Pradesh,Tier 2,2025-02-23
CUST-29970,Hyderabad,Telangana,Tier 1,2025-11-25
CUST-29971,Indore,Madhya Pradesh,Tier 2,2024-02-26
CUST-29972,Kolkata,West Bengal,Tier 1,2024-08-27
CUST-29973,Bhopal,Madhya Pradesh,Tier 2,2025-03-02
CUST-29974,Chandigarh,Punjab,Tier 2,2025-09-08
CUST-29975,Bhopal,Madhya Pradesh,Tier 2,2025-07-30
CUST-29976,Mumbai,Maharashtra,Tier 1,2024-05-19
CUST-29977,Bangalore,Karnataka,Tier 1,2024-03-02
CUST-29978,Mumbai,Maharashtra,Tier 1,2024-05-31
CUST-29979,Chennai,Tamil Nadu,Tier 1,2024-05-09
CUST-29980,Coimbatore,Tamil Nadu,Tier 2,2025-03-06
CUST-29981,Kolkata,West Bengal,Tier 1,2025-09-29
CUST-29982,Patna,Bihar,Tier 2,2025-03-15
CUST-29983,Hyderabad,Telangana,Tier 1,2024-07-30
CUST-29984,Hyderabad,Telangana,Tier 1,2025-02-03
CUST-29985,Coimbatore,Tamil Nadu,Tier 2,2025-11-04
CUST-29986,Chennai,Tamil Nadu,Tier 1,2025-06-24
CUST-29987,Kochi,Kerala,Tier 2,2024-06-30
CUST-29988,Bangalore,Karnataka,Tier 1,2024-02-20
CUST-29989,Bhubaneswar,Odisha,Tier 2,2025-06-09
CUST-29990,Pune,Maharashtra,Tier 1,2024-12-15
CUST-29991,Chandigarh,Punjab,Tier 2,2024-02-27
CUST-29992,Mumbai,Maharashtra,Tier 1,2025-02-22
CUST-29993,Kolkata,West Bengal,Tier 1,2024-05-16
CUST-29994,Coimbatore,Tamil Nadu,Tier 2,2025-10-01
CUST-29995,Bhopal,Madhya Pradesh,Tier 2,2024-02-06
CUST-29996,Mumbai,Maharashtra,Tier 1,2025-05-08
CUST-29997,Hyderabad,Telangana,Tier 1,2024-12-24
CUST-29998,Chennai,Tamil Nadu,Tier 1,2024-03-25
CUST-29999,Delhi NCR,Delhi,Tier 1,2025-10-12
