order_id,promised_delivery_date,actual_delivery_date,delivery_delay_days
ORD-100000,2025-06-06,2025-06-07,1.0
ORD-100001,2025-10-26,2025-10-26,0.0
ORD-100002,2025-06-06,2025-06-07,1.0
ORD-100003,2025-05-21,2025-05-21,0.0
ORD-100004,2025-11-20,2025-11-25,5.0
ORD-100005,2024-06-20,2024-06-20,0.0
ORD-100006,2025-12-19,2025-12-19,0.0
ORD-100007,2025-05-07,2025-05-08,1.0
ORD-100008,2025-12-14,,
ORD-100009,2025-04-25,2025-04-27,2.0
ORD-100010,2025-03-09,2025-03-10,1.0
ORD-100011,2024-10-29,2024-10-29,0.0
ORD-100012,2024-09-12,,
ORD-100013,2024-10-18,2024-10-19,1.0
ORD-100014,2025-05-07,,
ORD-100015,2025-02-02,2025-02-03,1.0
ORD-100016,2025-12-04,2025-12-04,0.0
ORD-100017,2025-08-24,2025-08-25,1.0
ORD-100018,2025-11-19,2025-11-20,1.0
ORD-100019,2025-07-12,2025-07-12,0.0
ORD-100020,2025-03-11,2025-03-11,0.0
ORD-100021,2024-12-12,2024-12-13,1.0
ORD-100022,2025-01-21,2025-01-21,0.0
ORD-100023,2025-07-10,2025-07-13,3.0
ORD-100024,2025-10-24,2025-10-24,0.0
ORD-100025,2024-10-13,2024-10-13,0.0
ORD-100026,2025-05-28,2025-05-28,0.0
ORD-100027,2025-04-12,2025-04-12,0.0
ORD-100028,2025-03-13,2025-03-13,0.0
ORD-100029,2025-02-24,2025-02-24,0.0
ORD-100030,2024-12-18,2024-12-18,0.0
ORD-100031,2025-09-27,2025-09-27,0.0
ORD-100032,2025-09-23,2025-09-24,1.0
ORD-100033,2025-01-10,2025-01-11,1.0
ORD-100034,2025-11-20,2025-11-21,1.0
ORD-100035,2025-10-16,2025-10-16,0.0
ORD-100036,2025-07-31,2025-08-02,2.0
ORD-100037,2025-05-03,2025-05-04,1.0
ORD-100038,2025-03-15,2025-03-15,0.0
ORD-100039,2024-09-21,2024-09-21,0.0
ORD-100040,2025-01-27,2025-01-28,1.0
ORD-100041,2025-04-22,2025-04-24,2.0
ORD-100042,2025-06-16,2025-06-18,2.0
ORD-100043,2025-11-19,2025-11-19,0.0
ORD-100044,2024-11-05,2024-11-05,0.0
ORD-100045,2025-12-06,2025-12-07,1.0
ORD-100046,2024-12-06,2024-12-08,2.0
ORD-100047,2025-06-13,2025-06-14,1.0
ORD-100048,2024-08-01,2024-08-01,0.0
ORD-100049,2025-01-18,2025-01-18,0.0
ORD-100050,2025-03-07,,
ORD-100051,2024-09-20,2024-09-20,0.0
ORD-100052,2025-04-24,2025-04-24,0.0
ORD-100053,2024-12-07,2024-12-07,0.0
ORD-100054,2024-10-15,2024-10-15,0.0
ORD-100055,2024-07-11,2024-07-13,2.0
ORD-100056,2025-07-23,,
ORD-100057,2024-11-08,2024-11-08,0.0
ORD-100058,2024-10-25,2024-10-25,0.0
ORD-100059,2025-06-15,2025-06-16,1.0
ORD-100060,2025-07-03,2025-07-05,2.0
ORD-100061,2025-10-08,2025-10-08,0.0
ORD-100062,2025-11-22,2025-11-22,0.0
ORD-100063,2025-12-01,2025-12-01,0.0
ORD-100064,2025-02-21,,
ORD-100065,2025-10-20,2025-10-23,3.0
ORD-100066,2025-09-23,2025-09-25,2.0
ORD-100067,2025-12-19,2025-12-19,0.0
ORD-100068,2024-10-28,2024-10-28,0.0
ORD-100069,2025-03-14,,
ORD-100070,2025-01-23,2025-01-23,0.0
ORD-100071,2025-03-16,2025-03-16,0.0
ORD-100072,2025-11-27,2025-11-27,0.0
ORD-100073,2025-08-11,2025-08-11,0.0
ORD-100074,2024-08-07,2024-08-07,0.0
ORD-100075,2025-12-11,2025-12-11,0.0
ORD-100076,2024-05-21,2024-05-22,1.0
ORD-100077,2025-06-16,2025-06-16,0.0
ORD-100078,2024-11-10,2024-11-10,0.0
ORD-100079,2024-11-27,2024-11-30,3.0
ORD-100080,2025-12-01,2025-12-01,0.0
ORD-100081,2025-10-17,2025-10-17,0.0
ORD-100082,2025-11-03,2025-11-04,1.0
ORD-100083,2025-01-17,2025-01-20,3.0
ORD-100084,2025-10-08,2025-10-08,0.0
ORD-100085,2024-11-19,2024-11-20,1.0
ORD-100086,2025-12-27,2025-12-27,0.0
ORD-100087,2025-05-01,2025-05-02,1.0
ORD-100088,2025-10-24,2025-10-24,0.0
ORD-100089,2025-07-15,2025-07-16,1.0
ORD-100090,2025-11-16,2025-11-17,1.0
ORD-100091,2025-06-16,2025-06-16,0.0
ORD-100092,2025-06-19,2025-06-19,0.0
ORD-100093,2025-08-08,2025-08-08,0.0
ORD-100094,2025-05-24,2025-05-24,0.0
ORD-100095,2025-09-30,2025-09-30,0.0
ORD-100096,2025-11-28,2025-11-30,2.0
ORD-100097,2025-10-24,2025-10-26,2.0
ORD-100098,2024-06-24,2024-06-24,0.0
ORD-100099,2025-02-24,2025-02-27,3.0
ORD-100100,2025-11-15,2025-11-15,0.0
ORD-100101,2025-10-17,2025-10-17,0.0
ORD-100102,2025-08-16,2025-08-18,2.0
ORD-100103,2025-09-28,2025-09-28,0.0
ORD-100104,2025-12-13,2025-12-13,0.0
ORD-100105,2025-10-09,2025-10-10,1.0
ORD-100106,2024-12-03,2024-12-05,2.0
ORD-100107,2024-05-01,2024-05-01,0.0
ORD-100108,2024-09-14,,
ORD-100109,2025-02-16,2025-02-16,0.0
ORD-100110,2024-11-08,,
ORD-100111,2024-10-27,2024-10-27,0.0
ORD-100112,2025-05-27,2025-05-27,0.0
ORD-100113,2025-04-30,2025-04-30,0.0
ORD-100114,2025-09-16,2025-09-17,1.0
ORD-100115,2024-10-25,2024-10-25,0.0
ORD-100116,2025-08-13,2025-08-15,2.0
ORD-100117,2025-11-14,2025-11-15,1.0
ORD-100118,2024-12-18,2024-12-18,0.0
ORD-100119,2024-09-10,2024-09-11,1.0
ORD-100120,2025-08-19,2025-08-19,0.0
ORD-100121,2025-10-07,2025-10-09,2.0
ORD-100122,2025-07-17,2025-07-17,0.0
ORD-100123,2025-07-04,2025-07-04,0.0
ORD-100124,2025-02-01,2025-02-01,0.0
ORD-100125,2025-06-20,2025-06-20,0.0
ORD-100126,2025-03-12,2025-03-12,0.0
ORD-100127,2025-03-31,2025-04-01,1.0
ORD-100128,2024-08-17,2024-08-17,0.0
ORD-100129,2025-03-22,2025-03-24,2.0
ORD-100130,2025-09-09,2025-09-09,0.0
ORD-100131,2025-11-08,2025-11-09,1.0
ORD-100132,2024-10-15,2024-10-15,0.0
ORD-100133,2025-04-28,2025-04-28,0.0
ORD-100134,2025-05-03,2025-05-03,0.0
ORD-100135,2024-02-20,2024-02-21,1.0
ORD-100136,2025-04-13,2025-04-13,0.0
ORD-100137,2025-09-13,2025-09-13,0.0
ORD-100138,2025-11-24,2025-11-24,0.0
ORD-100139,2026-01-02,2026-01-02,0.0
ORD-100140,2025-12-22,2025-12-22,0.0
ORD-100141,2025-07-25,2025-07-26,1.0
ORD-100142,2024-08-06,2024-08-06,0.0
ORD-100143,2025-03-16,2025-03-16,0.0
ORD-100144,2024-10-12,2024-10-12,0.0
ORD-100145,2025-11-19,,
ORD-100146,2025-03-02,2025-03-04,2.0
ORD-100147,2025-09-18,2025-09-20,2.0
ORD-100148,2025-05-09,2025-05-10,1.0
ORD-100149,2025-04-05,2025-04-05,0.0
ORD-100150,2024-10-09,2024-10-09,0.0
ORD-100151,2025-07-23,,
ORD-100152,2025-05-27,2025-05-27,0.0
ORD-100153,2025-07-14,2025-07-14,0.0
ORD-100154,2025-08-28,2025-08-29,1.0
ORD-100155,2025-12-02,2025-12-02,0.0
ORD-100156,2024-12-28,2024-12-28,0.0
ORD-100157,2025-02-15,2025-02-15,0.0
ORD-100158,2025-12-19,2025-12-19,0.0
ORD-100159,2025-11-24,2025-11-24,0.0
ORD-100160,2025-08-03,2025-08-03,0.0
ORD-100161,2025-10-01,2025-10-01,0.0
ORD-100162,2025-05-10,2025-05-12,2.0
ORD-100163,2025-09-13,2025-09-14,1.0
ORD-100164,2025-11-18,,
ORD-100165,2025-02-28,2025-03-01,1.0
ORD-100166,2025-07-21,2025-07-21,0.0
ORD-100167,2025-10-21,2025-10-22,1.0
ORD-100168,2025-10-24,2025-10-24,0.0
ORD-100169,2025-06-13,2025-06-14,1.0
ORD-100170,2025-10-22,2025-10-22,0.0
ORD-100171,2025-07-27,2025-07-29,2.0
ORD-100172,2025-11-25,2025-11-26,1.0
ORD-100173,2025-02-25,,
ORD-100174,2025-05-14,2025-05-16,2.0
ORD-100175,2025-06-07,2025-06-10,3.0
ORD-100176,2025-12-05,2025-12-07,2.0
ORD-100177,2025-01-01,2025-01-01,0.0
ORD-100178,2025-08-24,2025-08-24,0.0
ORD-100179,2025-03-28,2025-03-28,0.0
ORD-100180,2025-02-17,2025-02-20,3.0
ORD-100181,2024-10-22,2024-10-22,0.0
ORD-100182,2025-04-11,2025-04-11,0.0
ORD-100183,2025-05-13,2025-05-13,0.0
ORD-100184,2025-01-04,2025-01-05,1.0
ORD-100185,2025-09-16,2025-09-16,0.0
ORD-100186,2024-04-02,2024-04-02,0.0
ORD-100187,2025-01-10,2025-01-10,0.0
ORD-100188,2024-09-08,,
ORD-100189,2025-11-26,2025-11-26,0.0
ORD-100190,2025-08-26,2025-08-27,1.0
ORD-100191,2025-10-20,,
ORD-100192,2024-12-09,2024-12-12,3.0
ORD-100193,2025-03-22,2025-03-22,0.0
ORD-100194,2025-08-31,,
ORD-100195,2025-04-29,2025-04-29,0.0
ORD-100196,2025-09-01,,
ORD-100197,2025-07-21,2025-07-21,0.0
ORD-100198,2025-02-21,2025-02-22,1.0
ORD-100199,2025-07-15,,
ORD-100200,2025-11-04,2025-11-04,0.0
ORD-100201,2025-09-17,2025-09-17,0.0
ORD-100202,2025-06-24,2025-06-25,1.0
ORD-100203,2025-02-09,2025-02-10,1.0
ORD-100204,2025-02-11,2025-02-11,0.0
ORD-100205,2025-05-21,2025-05-21,0.0
ORD-100206,2025-10-11,2025-10-12,1.0
ORD-100207,2025-07-02,2025-07-03,1.0
ORD-100208,2025-12-08,2025-12-08,0.0
ORD-100209,2024-11-11,2024-11-11,0.0
ORD-100210,2025-12-16,,
ORD-100211,2025-11-16,2025-11-16,0.0
ORD-100212,2025-08-25,2025-08-25,0.0
ORD-100213,2024-08-01,2024-08-01,0.0
ORD-100214,2025-05-23,2025-05-23,0.0
ORD-100215,2024-11-05,2024-11-05,0.0
ORD-100216,2024-11-03,,
ORD-100217,2024-12-02,2024-12-02,0.0
ORD-100218,2025-10-14,2025-10-14,0.0
ORD-100219,2025-07-09,2025-07-10,1.0
ORD-100220,2025-11-10,2025-11-11,1.0
ORD-100221,2025-11-12,2025-11-12,0.0
ORD-100222,2025-09-29,2025-09-29,0.0
ORD-100223,2024-10-24,2024-10-25,1.0
ORD-100224,2025-02-16,,
ORD-100225,2024-11-04,,
ORD-100226,2025-11-10,2025-11-10,0.0
ORD-100227,2025-09-20,2025-09-20,0.0
ORD-100228,2025-04-10,2025-04-10,0.0
ORD-100229,2025-11-20,2025-11-20,0.0
ORD-100230,2024-09-20,2024-09-20,0.0
ORD-100231,2025-01-14,2025-01-14,0.0
ORD-100232,2024-08-22,2024-08-22,0.0
ORD-100233,2024-12-30,,
ORD-100234,2025-11-29,2025-11-29,0.0
ORD-100235,2024-11-12,2024-11-12,0.0
ORD-100236,2025-02-05,2025-02-07,2.0
ORD-100237,2025-07-28,2025-07-28,0.0
ORD-100238,2025-10-31,2025-10-31,0.0
ORD-100239,2025-11-15,2025-11-15,0.0
ORD-100240,2024-09-02,2024-09-02,0.0
ORD-100241,2025-01-27,2025-01-28,1.0
ORD-100242,2024-04-30,,
ORD-100243,2025-12-22,2025-12-22,0.0
ORD-100244,2025-07-12,2025-07-12,0.0
ORD-100245,2025-06-12,,
ORD-100246,2025-05-12,2025-05-12,0.0
ORD-100247,2025-09-01,2025-09-03,2.0
ORD-100248,2025-07-25,2025-07-26,1.0
ORD-100249,2024-12-03,2024-12-03,0.0
ORD-100250,2025-01-24,2025-01-24,0.0
ORD-100251,2025-08-01,2025-08-04,3.0
ORD-100252,2025-04-05,2025-04-08,3.0
ORD-100253,2025-11-02,2025-11-02,0.0
ORD-100254,2025-02-12,2025-02-13,1.0
ORD-100255,2025-03-12,2025-03-12,0.0
ORD-100256,2024-11-01,2024-11-02,1.0
ORD-100257,2024-11-18,2024-11-19,1.0
ORD-100258,2025-07-06,2025-07-06,0.0
ORD-100259,2025-11-11,2025-11-11,0.0
ORD-100260,2025-06-10,2025-06-11,1.0
ORD-100261,2025-06-27,2025-06-28,1.0
ORD-100262,2025-12-04,2025-12-04,0.0
ORD-100263,2025-07-07,2025-07-09,2.0
ORD-100264,2025-11-08,,
ORD-100265,2024-11-22,2024-11-22,0.0
ORD-100266,2025-11-02,,
ORD-100267,2025-11-02,2025-11-02,0.0
ORD-100268,2024-09-13,2024-09-13,0.0
ORD-100269,2024-10-31,2024-11-03,3.0
ORD-100270,2025-01-01,2025-01-02,1.0
ORD-100271,2025-11-18,2025-11-20,2.0
ORD-100272,2025-03-25,2025-03-26,1.0
ORD-100273,2025-04-25,2025-04-25,0.0
ORD-100274,2025-02-20,2025-02-20,0.0
ORD-100275,2025-06-09,2025-06-09,0.0
ORD-100276,2025-08-20,,
ORD-100277,2025-10-22,2025-10-22,0.0
ORD-100278,2025-08-31,2025-09-01,1.0
ORD-100279,2025-11-01,2025-11-02,1.0
ORD-100280,2025-02-26,,
ORD-100281,2025-04-08,,
ORD-100282,2024-11-13,2024-11-13,0.0
ORD-100283,2025-07-12,2025-07-12,0.0
ORD-100284,2025-11-08,2025-11-08,0.0
ORD-100285,2024-12-11,2024-12-14,3.0
ORD-100286,2025-07-12,2025-07-13,1.0
ORD-100287,2025-09-01,2025-09-01,0.0
ORD-100288,2024-11-27,2024-11-28,1.0
ORD-100289,2025-05-23,2025-05-23,0.0
ORD-100290,2025-04-03,2025-04-03,0.0
ORD-100291,2025-11-10,,
ORD-100292,2024-05-20,2024-05-20,0.0
ORD-100293,2025-11-24,2025-11-26,2.0
ORD-100294,2026-01-02,2026-01-03,1.0
ORD-100295,2025-09-03,2025-09-06,3.0
ORD-100296,2025-08-20,,
ORD-100297,2025-11-21,2025-11-21,0.0
ORD-100298,2024-09-09,2024-09-09,0.0
ORD-100299,2024-04-20,2024-04-21,1.0
ORD-100300,2025-10-10,2025-10-10,0.0
ORD-100301,2024-07-19,2024-07-19,0.0
ORD-100302,2024-07-25,2024-07-27,2.0
ORD-100303,2024-12-01,,
ORD-100304,2024-11-18,2024-11-18,0.0
ORD-100305,2024-12-29,2024-12-31,2.0
ORD-100306,2025-01-12,2025-01-15,3.0
ORD-100307,2024-11-19,2024-11-19,0.0
ORD-100308,2025-03-28,2025-03-28,0.0
ORD-100309,2025-11-16,,
ORD-100310,2024-12-08,2024-12-08,0.0
ORD-100311,2024-07-08,2024-07-08,0.0
ORD-100312,2024-11-05,2024-11-10,5.0
ORD-100313,2025-12-19,2025-12-19,0.0
ORD-100314,2024-10-19,2024-10-19,0.0
ORD-100315,2024-03-06,,
ORD-100316,2025-11-23,2025-11-24,1.0
ORD-100317,2025-06-15,2025-06-18,3.0
ORD-100318,2025-07-04,2025-07-04,0.0
ORD-100319,2025-11-06,2025-11-06,0.0
ORD-100320,2025-07-01,2025-07-01,0.0
ORD-100321,2025-05-31,2025-05-31,0.0
ORD-100322,2025-11-18,2025-11-19,1.0
ORD-100323,2025-02-07,2025-02-07,0.0
ORD-100324,2025-04-08,2025-04-10,2.0
ORD-100325,2024-06-09,2024-06-10,1.0
ORD-100326,2025-08-01,2025-08-01,0.0
ORD-100327,2024-11-03,2024-11-04,1.0
ORD-100328,2025-08-07,2025-08-07,0.0
ORD-100329,2025-06-17,2025-06-18,1.0
ORD-100330,2025-05-19,2025-05-20,1.0
ORD-100331,2025-12-17,2025-12-19,2.0
ORD-100332,2024-05-18,2024-05-18,0.0
ORD-100333,2025-11-03,2025-11-03,0.0
ORD-100334,2024-12-01,2024-12-03,2.0
ORD-100335,2025-01-23,2025-01-23,0.0
ORD-100336,2025-11-07,2025-11-08,1.0
ORD-100337,2025-10-04,,
ORD-100338,2025-05-17,2025-05-19,2.0
ORD-100339,2024-10-28,2024-10-29,1.0
ORD-100340,2024-04-30,2024-05-01,1.0
ORD-100341,2025-08-19,2025-08-19,0.0
ORD-100342,2025-09-17,2025-09-18,1.0
ORD-100343,2024-11-20,2024-11-20,0.0
ORD-100344,2025-04-16,2025-04-18,2.0
ORD-100345,2025-09-23,2025-09-23,0.0
ORD-100346,2024-08-18,2024-08-19,1.0
ORD-100347,2025-11-17,2025-11-17,0.0
ORD-100348,2025-03-03,2025-03-03,0.0
ORD-100349,2025-12-19,2025-12-19,0.0
ORD-100350,2025-06-26,2025-06-26,0.0
ORD-100351,2024-04-03,2024-04-03,0.0
ORD-100352,2024-12-16,2024-12-17,1.0
ORD-100353,2025-10-26,,
ORD-100354,2025-01-24,2025-01-25,1.0
ORD-100355,2025-11-02,2025-11-03,1.0
ORD-100356,2024-12-26,,
ORD-100357,2025-06-25,2025-06-25,0.0
ORD-100358,2025-07-10,2025-07-10,0.0
ORD-100359,2025-05-08,2025-05-08,0.0
ORD-100360,2024-11-09,2024-11-10,1.0
ORD-100361,2025-05-10,,
ORD-100362,2025-07-11,2025-07-11,0.0
ORD-100363,2024-11-29,2024-11-29,0.0
ORD-100364,2024-10-28,2024-10-28,0.0
ORD-100365,2025-05-04,2025-05-04,0.0
ORD-100366,2025-09-22,2025-09-25,3.0
ORD-100367,2025-01-11,2025-01-11,0.0
ORD-100368,2025-09-08,2025-09-08,0.0
ORD-100369,2024-10-16,2024-10-18,2.0
ORD-100370,2025-11-27,2025-11-28,1.0
ORD-100371,2025-10-27,2025-10-27,0.0
ORD-100372,2025-03-08,2025-03-08,0.0
ORD-100373,2025-10-22,2025-10-22,0.0
ORD-100374,2025-11-17,2025-11-17,0.0
ORD-100375,2025-12-29,2025-12-29,0.0
ORD-100376,2025-05-09,2025-05-09,0.0
ORD-100377,2024-07-12,2024-07-12,0.0
ORD-100378,2025-07-24,2025-07-24,0.0
ORD-100379,2025-05-05,2025-05-05,0.0
ORD-100380,2025-08-04,2025-08-04,0.0
ORD-100381,2025-04-22,2025-04-24,2.0
ORD-100382,2025-08-31,2025-08-31,0.0
ORD-100383,2025-11-24,,
ORD-100384,2025-10-24,2025-10-24,0.0
ORD-100385,2025-03-24,2025-03-24,0.0
ORD-100386,2025-01-28,2025-01-28,0.0
ORD-100387,2025-02-17,2025-02-17,0.0
ORD-100388,2025-02-04,2025-02-04,0.0
ORD-100389,2025-07-01,2025-07-01,0.0
ORD-100390,2025-11-17,2025-11-18,1.0
ORD-100391,2025-09-11,2025-09-13,2.0
ORD-100392,2025-06-03,2025-06-05,2.0
ORD-100393,2025-11-10,2025-11-10,0.0
ORD-100394,2024-08-14,2024-08-14,0.0
ORD-100395,2025-07-20,2025-07-20,0.0
ORD-100396,2025-04-11,2025-04-11,0.0
ORD-100397,2025-10-22,2025-10-23,1.0
ORD-100398,2025-09-28,2025-09-28,0.0
ORD-100399,2025-08-21,2025-08-21,0.0
ORD-100400,2025-10-26,2025-10-26,0.0
ORD-100401,2025-02-04,2025-02-04,0.0
ORD-100402,2024-11-08,2024-11-08,0.0
ORD-100403,2025-11-18,2025-11-18,0.0
ORD-100404,2024-08-28,2024-08-28,0.0
ORD-100405,2025-08-02,,
ORD-100406,2025-07-20,2025-07-20,0.0
ORD-100407,2025-06-10,2025-06-10,0.0
ORD-100408,2025-09-11,2025-09-13,2.0
ORD-100409,2025-07-14,,
ORD-100410,2024-11-10,2024-11-10,0.0
ORD-100411,2025-12-04,2025-12-04,0.0
ORD-100412,2025-02-10,2025-02-10,0.0
ORD-100413,2025-12-20,2025-12-21,1.0
ORD-100414,2025-11-13,,
ORD-100415,2025-11-11,2025-11-12,1.0
ORD-100416,2024-05-20,2024-05-20,0.0
ORD-100417,2024-04-11,2024-04-11,0.0
ORD-100418,2025-01-29,2025-01-30,1.0
ORD-100419,2025-10-20,,
ORD-100420,2025-05-15,2025-05-15,0.0
ORD-100421,2025-04-22,2025-04-22,0.0
ORD-100422,2025-07-02,2025-07-02,0.0
ORD-100423,2024-11-30,2024-11-30,0.0
ORD-100424,2025-07-18,2025-07-18,0.0
ORD-100425,2025-10-20,2025-10-21,1.0
ORD-100426,2025-05-13,2025-05-13,0.0
ORD-100427,2025-09-05,2025-09-05,0.0
ORD-100428,2025-08-26,2025-08-26,0.0
ORD-100429,2025-10-22,2025-10-24,2.0
ORD-100430,2024-11-07,,
ORD-100431,2025-09-26,2025-09-26,0.0
ORD-100432,2025-03-06,2025-03-06,0.0
ORD-100433,2025-09-29,2025-09-29,0.0
ORD-100434,2025-08-16,2025-08-18,2.0
ORD-100435,2024-07-13,2024-07-13,0.0
ORD-100436,2025-05-27,2025-05-30,3.0
ORD-100437,2025-11-30,2025-11-30,0.0
ORD-100438,2025-06-01,2025-06-01,0.0
ORD-100439,2025-07-13,2025-07-13,0.0
ORD-100440,2025-08-27,2025-08-27,0.0
ORD-100441,2025-05-09,2025-05-10,1.0
ORD-100442,2024-12-29,2024-12-30,1.0
ORD-100443,2025-03-10,2025-03-10,0.0
ORD-100444,2025-08-19,,
ORD-100445,2025-12-25,2025-12-25,0.0
ORD-100446,2025-08-03,2025-08-04,1.0
ORD-100447,2025-12-10,2025-12-10,0.0
ORD-100448,2025-01-21,2025-01-22,1.0
ORD-100449,2025-05-06,,
ORD-100450,2025-11-09,2025-11-09,0.0
ORD-100451,2025-11-03,2025-11-03,0.0
ORD-100452,2025-06-13,2025-06-14,1.0
ORD-100453,2025-04-02,2025-04-02,0.0
ORD-100454,2025-04-02,2025-04-02,0.0
ORD-100455,2025-10-02,2025-10-05,3.0
ORD-100456,2025-04-21,2025-04-21,0.0
ORD-100457,2024-06-03,2024-06-03,0.0
ORD-100458,2025-11-27,2025-11-27,0.0
ORD-100459,2025-04-01,,
ORD-100460,2025-11-08,2025-11-08,0.0
ORD-100461,2025-04-18,2025-04-19,1.0
ORD-100462,2025-09-27,2025-09-27,0.0
ORD-100463,2025-02-19,2025-02-21,2.0
ORD-100464,2025-10-27,2025-10-29,2.0
ORD-100465,2025-10-02,2025-10-02,0.0
ORD-100466,2025-08-25,2025-08-25,0.0
ORD-100467,2024-07-06,2024-07-08,2.0
ORD-100468,2025-09-05,2025-09-06,1.0
ORD-100469,2025-10-03,2025-10-04,1.0
ORD-100470,2025-11-13,2025-11-13,0.0
ORD-100471,2024-06-10,2024-06-10,0.0
ORD-100472,2025-06-02,2025-06-02,0.0
ORD-100473,2025-04-11,2025-04-11,0.0
ORD-100474,2024-11-11,,
ORD-100475,2025-07-07,2025-07-08,1.0
ORD-100476,2025-05-14,2025-05-14,0.0
ORD-100477,2025-09-30,2025-09-30,0.0
ORD-100478,2025-10-18,2025-10-18,0.0
ORD-100479,2025-12-29,2025-12-29,0.0
ORD-100480,2025-08-18,2025-08-18,0.0
ORD-100481,2024-09-01,2024-09-01,0.0
ORD-100482,2024-04-28,2024-04-28,0.0
ORD-100483,2024-08-19,2024-08-19,0.0
ORD-100484,2025-10-25,2025-10-25,0.0
ORD-100485,2025-04-19,2025-04-19,0.0
ORD-100486,2025-03-22,2025-03-23,1.0
ORD-100487,2025-03-10,2025-03-10,0.0
ORD-100488,2024-11-07,2024-11-07,0.0
ORD-100489,2024-12-27,2024-12-27,0.0
ORD-100490,2024-07-15,2024-07-16,1.0
ORD-100491,2025-05-11,2025-05-11,0.0
ORD-100492,2025-05-10,2025-05-11,1.0
ORD-100493,2025-03-30,2025-03-30,0.0
ORD-100494,2025-03-28,2025-03-28,0.0
ORD-100495,2024-10-21,2024-10-23,2.0
ORD-100496,2024-10-23,2024-10-24,1.0
ORD-100497,2025-11-16,2025-11-16,0.0
ORD-100498,2025-07-05,2025-07-05,0.0
ORD-100499,2025-04-29,2025-04-29,0.0
ORD-100500,2025-02-25,2025-02-25,0.0
ORD-100501,2025-10-05,2025-10-06,1.0
ORD-100502,2025-10-23,,
ORD-100503,2025-09-05,2025-09-06,1.0
ORD-100504,2025-11-01,2025-11-03,2.0
ORD-100505,2025-05-15,2025-05-16,1.0
ORD-100506,2025-11-07,2025-11-09,2.0
ORD-100507,2025-04-28,2025-04-28,0.0
ORD-100508,2025-11-12,2025-11-13,1.0
ORD-100509,2024-11-08,2024-11-08,0.0
ORD-100510,2025-01-18,2025-01-18,0.0
ORD-100511,2024-08-15,,
ORD-100512,2024-08-17,2024-08-18,1.0
ORD-100513,2025-10-30,2025-10-31,1.0
ORD-100514,2024-10-02,2024-10-02,0.0
ORD-100515,2025-01-24,2025-01-25,1.0
ORD-100516,2025-11-08,2025-11-08,0.0
ORD-100517,2025-12-07,2025-12-07,0.0
ORD-100518,2025-12-17,2025-12-17,0.0
ORD-100519,2024-12-08,2024-12-08,0.0
ORD-100520,2024-12-05,2024-12-05,0.0
ORD-100521,2025-11-29,2025-11-29,0.0
ORD-100522,2024-12-09,2024-12-09,0.0
ORD-100523,2025-10-01,2025-10-01,0.0
ORD-100524,2024-11-21,,
ORD-100525,2025-07-15,,
ORD-100526,2024-07-09,2024-07-14,5.0
ORD-100527,2025-11-12,2025-11-12,0.0
ORD-100528,2025-09-12,2025-09-14,2.0
ORD-100529,2025-12-12,2025-12-12,0.0
ORD-100530,2024-10-31,2024-11-01,1.0
ORD-100531,2024-06-11,2024-06-11,0.0
ORD-100532,2024-07-28,2024-07-28,0.0
ORD-100533,2024-10-27,2024-10-27,0.0
ORD-100534,2025-11-08,2025-11-09,1.0
ORD-100535,2025-12-20,,
ORD-100536,2025-11-27,2025-11-27,0.0
ORD-100537,2024-08-03,2024-08-03,0.0
ORD-100538,2025-05-19,2025-05-19,0.0
ORD-100539,2025-07-11,2025-07-13,2.0
ORD-100540,2025-10-10,2025-10-11,1.0
ORD-100541,2025-02-18,2025-02-18,0.0
ORD-100542,2024-10-08,2024-10-10,2.0
ORD-100543,2024-03-16,2024-03-16,0.0
ORD-100544,2025-09-14,2025-09-15,1.0
ORD-100545,2025-01-26,2025-01-26,0.0
ORD-100546,2025-01-27,2025-01-27,0.0
ORD-100547,2025-11-24,2025-11-27,3.0
ORD-100548,2024-12-21,2024-12-22,1.0
ORD-100549,2025-05-29,2025-05-29,0.0
ORD-100550,2024-12-26,2024-12-26,0.0
ORD-100551,2025-06-28,2025-06-29,1.0
ORD-100552,2025-11-18,2025-11-21,3.0
ORD-100553,2025-01-03,2025-01-03,0.0
ORD-100554,2024-08-05,2024-08-05,0.0
ORD-100555,2024-06-01,2024-06-01,0.0
ORD-100556,2024-10-17,2024-10-17,0.0
ORD-100557,2025-10-28,2025-10-30,2.0
ORD-100558,2025-11-10,2025-11-10,0.0
ORD-100559,2025-11-15,2025-11-15,0.0
ORD-100560,2025-10-14,2025-10-15,1.0
ORD-100561,2025-09-26,2025-09-26,0.0
ORD-100562,2025-08-05,2025-08-05,0.0
ORD-100563,2025-10-02,2025-10-02,0.0
ORD-100564,2025-04-30,2025-04-30,0.0
ORD-100565,2024-11-13,2024-11-14,1.0
ORD-100566,2025-11-01,2025-11-01,0.0
ORD-100567,2024-11-15,2024-11-16,1.0
ORD-100568,2024-11-04,2024-11-06,2.0
ORD-100569,2025-04-16,2025-04-16,0.0
ORD-100570,2025-11-18,2025-11-21,3.0
ORD-100571,2025-10-15,2025-10-15,0.0
ORD-100572,2025-03-01,2025-03-01,0.0
ORD-100573,2024-12-27,2024-12-27,0.0
ORD-100574,2025-11-11,2025-11-11,0.0
ORD-100575,2025-06-07,,
ORD-100576,2024-11-10,2024-11-10,0.0
ORD-100577,2025-06-05,2025-06-07,2.0
ORD-100578,2025-01-16,2025-01-17,1.0
ORD-100579,2024-12-06,2024-12-06,0.0
ORD-100580,2025-07-30,2025-07-30,0.0
ORD-100581,2025-02-17,2025-02-19,2.0
ORD-100582,2024-10-01,2024-10-03,2.0
ORD-100583,2024-10-26,2024-10-27,1.0
ORD-100584,2025-11-18,2025-11-18,0.0
ORD-100585,2025-01-30,2025-01-30,0.0
ORD-100586,2025-10-16,2025-10-16,0.0
ORD-100587,2025-11-10,2025-11-10,0.0
ORD-100588,2024-12-04,2024-12-04,0.0
ORD-100589,2025-11-07,2025-11-07,0.0
ORD-100590,2026-01-04,2026-01-04,0.0
ORD-100591,2024-09-07,2024-09-07,0.0
ORD-100592,2025-08-14,2025-08-15,1.0
ORD-100593,2025-04-09,2025-04-09,0.0
ORD-100594,2025-04-20,2025-04-21,1.0
ORD-100595,2025-12-06,2025-12-06,0.0
ORD-100596,2024-10-09,2024-10-09,0.0
ORD-100597,2024-06-04,2024-06-04,0.0
ORD-100598,2025-10-30,2025-10-30,0.0
ORD-100599,2025-11-02,2025-11-03,1.0
ORD-100600,2025-10-04,2025-10-05,1.0
ORD-100601,2025-08-25,2025-08-26,1.0
ORD-100602,2024-05-26,2024-05-28,2.0
ORD-100603,2025-01-11,2025-01-11,0.0
ORD-100604,2024-05-18,,
ORD-100605,2025-07-13,2025-07-13,0.0
ORD-100606,2024-08-14,,
ORD-100607,2025-06-11,2025-06-14,3.0
ORD-100608,2025-11-09,2025-11-09,0.0
ORD-100609,2025-09-23,2025-09-23,0.0
ORD-100610,2025-11-13,2025-11-13,0.0
ORD-100611,2025-02-14,2025-02-14,0.0
ORD-100612,2025-12-03,2025-12-03,0.0
ORD-100613,2025-03-25,2025-03-25,0.0
ORD-100614,2024-08-09,2024-08-10,1.0
ORD-100615,2025-07-30,2025-07-31,1.0
ORD-100616,2024-12-17,2024-12-18,1.0
ORD-100617,2024-06-03,2024-06-05,2.0
ORD-100618,2025-10-29,2025-10-30,1.0
ORD-100619,2025-09-04,2025-09-04,0.0
ORD-100620,2025-09-15,2025-09-15,0.0
ORD-100621,2025-07-16,,
ORD-100622,2024-08-03,2024-08-04,1.0
ORD-100623,2024-07-01,2024-07-01,0.0
ORD-100624,2025-07-04,,
ORD-100625,2025-08-27,2025-08-28,1.0
ORD-100626,2025-09-13,2025-09-14,1.0
ORD-100627,2025-05-03,2025-05-03,0.0
ORD-100628,2025-05-15,2025-05-15,0.0
ORD-100629,2025-09-22,2025-09-22,0.0
ORD-100630,2025-02-02,2025-02-03,1.0
ORD-100631,2025-11-06,2025-11-07,1.0
ORD-100632,2024-06-04,2024-06-04,0.0
ORD-100633,2025-01-18,2025-01-18,0.0
ORD-100634,2025-03-28,2025-03-28,0.0
ORD-100635,2025-09-21,2025-09-24,3.0
ORD-100636,2025-09-01,2025-09-01,0.0
ORD-100637,2024-04-25,,
ORD-100638,2025-01-21,,
ORD-100639,2024-12-30,2024-12-30,0.0
ORD-100640,2025-06-05,2025-06-06,1.0
ORD-100641,2025-12-30,2025-12-30,0.0
ORD-100642,2025-10-10,,
ORD-100643,2024-11-01,,
ORD-100644,2025-06-15,2025-06-16,1.0
ORD-100645,2025-07-14,2025-07-15,1.0
ORD-100646,2025-05-11,,
ORD-100647,2025-04-08,2025-04-08,0.0
ORD-100648,2025-11-01,2025-11-01,0.0
ORD-100649,2025-08-26,2025-08-26,0.0
ORD-100650,2025-02-02,2025-02-02,0.0
ORD-100651,2024-06-28,,
ORD-100652,2024-11-27,,
ORD-100653,2025-08-05,,
ORD-100654,2025-11-08,,
ORD-100655,2025-08-28,2025-08-28,0.0
ORD-100656,2025-11-06,2025-11-06,0.0
ORD-100657,2024-02-04,2024-02-04,0.0
ORD-100658,2025-03-22,2025-03-22,0.0
ORD-100659,2025-07-05,2025-07-06,1.0
ORD-100660,2025-01-29,2025-01-29,0.0
ORD-100661,2025-08-20,2025-08-20,0.0
ORD-100662,2025-09-22,2025-09-22,0.0
ORD-100663,2025-10-29,2025-10-30,1.0
ORD-100664,2025-04-27,2025-04-27,0.0
ORD-100665,2025-11-06,2025-11-06,0.0
ORD-100666,2025-06-17,2025-06-17,0.0
ORD-100667,2025-09-19,2025-09-19,0.0
ORD-100668,2025-06-12,,
ORD-100669,2025-10-28,2025-10-28,0.0
ORD-100670,2025-02-16,2025-02-17,1.0
ORD-100671,2025-08-17,2025-08-17,0.0
ORD-100672,2025-03-18,,
ORD-100673,2024-11-29,2024-11-29,0.0
ORD-100674,2024-12-26,2024-12-28,2.0
ORD-100675,2024-09-18,2024-09-19,1.0
ORD-100676,2025-02-18,2025-02-18,0.0
ORD-100677,2025-06-05,2025-06-05,0.0
ORD-100678,2025-07-08,2025-07-08,0.0
ORD-100679,2025-06-26,2025-06-26,0.0
ORD-100680,2025-12-30,2026-01-01,2.0
ORD-100681,2025-08-20,2025-08-21,1.0
ORD-100682,2025-05-29,2025-05-29,0.0
ORD-100683,2025-06-04,2025-06-07,3.0
ORD-100684,2025-12-29,2025-12-29,0.0
ORD-100685,2025-01-13,,
ORD-100686,2025-06-23,2025-06-23,0.0
ORD-100687,2025-12-09,,
ORD-100688,2025-07-31,2025-08-03,3.0
ORD-100689,2025-07-04,2025-07-04,0.0
ORD-100690,2025-01-30,,
ORD-100691,2025-01-18,,
ORD-100692,2025-12-27,2025-12-27,0.0
ORD-100693,2024-05-13,2024-05-13,0.0
ORD-100694,2025-06-01,2025-06-03,2.0
ORD-100695,2025-04-12,2025-04-12,0.0
ORD-100696,2024-12-11,2024-12-11,0.0
ORD-100697,2025-07-24,2025-07-24,0.0
ORD-100698,2024-10-20,2024-10-21,1.0
ORD-100699,2025-11-30,2025-11-30,0.0
ORD-100700,2025-06-11,2025-06-12,1.0
ORD-100701,2025-07-25,,
ORD-100702,2025-09-24,2025-09-26,2.0
ORD-100703,2025-11-08,2025-11-09,1.0
ORD-100704,2025-08-20,2025-08-20,0.0
ORD-100705,2024-04-19,2024-04-22,3.0
ORD-100706,2025-02-23,2025-02-23,0.0
ORD-100707,2025-12-24,2025-12-24,0.0
ORD-100708,2025-05-15,2025-05-15,0.0
ORD-100709,2025-06-16,,
ORD-100710,2024-12-03,2024-12-03,0.0
ORD-100711,2025-12-17,2025-12-18,1.0
ORD-100712,2025-12-28,2025-12-28,0.0
ORD-100713,2025-02-24,2025-02-24,0.0
ORD-100714,2025-11-03,2025-11-03,0.0
ORD-100715,2025-09-04,2025-09-04,0.0
ORD-100716,2025-06-11,2025-06-11,0.0
ORD-100717,2025-09-20,2025-09-22,2.0
ORD-100718,2025-11-03,,
ORD-100719,2025-04-16,2025-04-17,1.0
ORD-100720,2025-01-20,2025-01-20,0.0
ORD-100721,2024-12-26,2024-12-26,0.0
ORD-100722,2025-03-17,2025-03-17,0.0
ORD-100723,2024-11-21,2024-11-23,2.0
ORD-100724,2024-09-29,2024-09-29,0.0
ORD-100725,2025-04-24,2025-04-25,1.0
ORD-100726,2025-06-09,2025-06-09,0.0
ORD-100727,2025-11-01,2025-11-01,0.0
ORD-100728,2024-11-09,2024-11-09,0.0
ORD-100729,2025-09-19,2025-09-19,0.0
ORD-100730,2025-10-27,2025-10-27,0.0
ORD-100731,2025-07-10,2025-07-10,0.0
ORD-100732,2025-07-13,2025-07-13,0.0
ORD-100733,2025-02-17,2025-02-19,2.0
ORD-100734,2025-11-18,2025-11-18,0.0
ORD-100735,2025-08-05,2025-08-05,0.0
ORD-100736,2025-01-15,2025-01-15,0.0
ORD-100737,2025-12-28,2025-12-28,0.0
ORD-100738,2025-11-03,2025-11-06,3.0
ORD-100739,2025-02-05,2025-02-05,0.0
ORD-100740,2025-06-24,2025-06-24,0.0
ORD-100741,2024-11-19,,
ORD-100742,2025-04-21,2025-04-21,0.0
ORD-100743,2025-10-31,2025-10-31,0.0
ORD-100744,2025-05-24,2025-05-25,1.0
ORD-100745,2025-06-03,2025-06-03,0.0
ORD-100746,2024-10-16,2024-10-19,3.0
ORD-100747,2025-09-13,2025-09-13,0.0
ORD-100748,2025-07-02,2025-07-02,0.0
ORD-100749,2025-05-27,2025-05-27,0.0
ORD-100750,2025-11-02,2025-11-03,1.0
ORD-100751,2024-11-03,2024-11-03,0.0
ORD-100752,2024-06-16,2024-06-17,1.0
ORD-100753,2025-07-28,2025-07-28,0.0
ORD-100754,2024-04-09,2024-04-09,0.0
ORD-100755,2025-07-26,2025-07-26,0.0
ORD-100756,2024-03-26,2024-03-28,2.0
ORD-100757,2024-12-22,2024-12-23,1.0
ORD-100758,2024-08-08,2024-08-08,0.0
ORD-100759,2024-12-15,,
ORD-100760,2025-04-30,2025-05-03,3.0
ORD-100761,2025-09-19,2025-09-19,0.0
ORD-100762,2024-05-09,2024-05-09,0.0
ORD-100763,2025-09-09,2025-09-10,1.0
ORD-100764,2024-10-20,2024-10-23,3.0
ORD-100765,2025-08-04,2025-08-06,2.0
ORD-100766,2025-06-11,2025-06-13,2.0
ORD-100767,2025-11-12,2025-11-15,3.0
ORD-100768,2025-11-16,,
ORD-100769,2025-11-27,2025-11-27,0.0
ORD-100770,2024-10-21,2024-10-24,3.0
ORD-100771,2025-05-26,2025-05-26,0.0
ORD-100772,2024-06-11,2024-06-11,0.0
ORD-100773,2025-10-20,2025-10-20,0.0
ORD-100774,2024-11-26,2024-11-27,1.0
ORD-100775,2025-04-07,2025-04-07,0.0
ORD-100776,2025-11-12,2025-11-12,0.0
ORD-100777,2025-08-29,2025-08-30,1.0
ORD-100778,2025-12-19,2025-12-21,2.0
ORD-100779,2025-10-13,2025-10-13,0.0
ORD-100780,2025-10-06,2025-10-06,0.0
ORD-100781,2024-12-27,2024-12-28,1.0
ORD-100782,2025-06-05,2025-06-05,0.0
ORD-100783,2025-08-31,2025-08-31,0.0
ORD-100784,2025-09-22,2025-09-22,0.0
ORD-100785,2025-01-09,2025-01-09,0.0
ORD-100786,2025-04-29,2025-04-29,0.0
ORD-100787,2025-11-01,2025-11-01,0.0
ORD-100788,2025-10-26,2025-10-26,0.0
ORD-100789,2025-09-02,2025-09-02,0.0
ORD-100790,2025-12-25,2025-12-25,0.0
ORD-100791,2024-08-07,2024-08-08,1.0
ORD-100792,2024-12-04,2024-12-05,1.0
ORD-100793,2024-11-17,2024-11-17,0.0
ORD-100794,2025-09-07,,
ORD-100795,2025-10-26,2025-10-28,2.0
ORD-100796,2024-12-26,2024-12-26,0.0
ORD-100797,2025-04-27,,
ORD-100798,2025-04-01,2025-04-01,0.0
ORD-100799,2025-08-04,2025-08-04,0.0
ORD-100800,2024-11-18,,
ORD-100801,2025-11-29,2025-11-30,1.0
ORD-100802,2024-12-26,2024-12-26,0.0
ORD-100803,2025-02-22,2025-02-22,0.0
ORD-100804,2025-01-10,2025-01-10,0.0
ORD-100805,2025-06-27,2025-06-28,1.0
ORD-100806,2025-12-14,2025-12-14,0.0
ORD-100807,2025-11-17,2025-11-18,1.0
ORD-100808,2025-06-15,2025-06-15,0.0
ORD-100809,2025-11-06,2025-11-06,0.0
ORD-100810,2025-03-23,2025-03-25,2.0
ORD-100811,2025-12-05,2025-12-05,0.0
ORD-100812,2025-06-29,2025-06-30,1.0
ORD-100813,2024-12-14,2024-12-14,0.0
ORD-100814,2025-06-22,2025-06-23,1.0
ORD-100815,2025-12-16,2025-12-19,3.0
ORD-100816,2025-06-16,2025-06-16,0.0
ORD-100817,2025-05-04,2025-05-04,0.0
ORD-100818,2025-11-05,2025-11-07,2.0
ORD-100819,2025-12-30,2026-01-02,3.0
ORD-100820,2025-11-19,2025-11-19,0.0
ORD-100821,2025-11-20,2025-11-23,3.0
ORD-100822,2024-09-08,2024-09-08,0.0
ORD-100823,2025-06-27,2025-06-27,0.0
ORD-100824,2025-02-05,2025-02-05,0.0
ORD-100825,2025-08-12,2025-08-12,0.0
ORD-100826,2025-10-27,2025-10-29,2.0
ORD-100827,2024-07-20,2024-07-21,1.0
ORD-100828,2025-11-14,2025-11-16,2.0
ORD-100829,2025-06-08,2025-06-08,0.0
ORD-100830,2025-08-14,2025-08-14,0.0
ORD-100831,2024-12-28,,
ORD-100832,2025-10-26,2025-10-27,1.0
ORD-100833,2024-11-14,,
ORD-100834,2024-11-17,2024-11-18,1.0
ORD-100835,2025-11-14,2025-11-14,0.0
ORD-100836,2025-09-11,2025-09-11,0.0
ORD-100837,2025-09-05,2025-09-07,2.0
ORD-100838,2025-08-18,2025-08-19,1.0
ORD-100839,2025-06-12,2025-06-12,0.0
ORD-100840,2025-11-19,2025-11-19,0.0
ORD-100841,2025-10-18,,
ORD-100842,2024-11-16,2024-11-16,0.0
ORD-100843,2025-10-27,,
ORD-100844,2026-01-05,2026-01-05,0.0
ORD-100845,2025-11-11,2025-11-14,3.0
ORD-100846,2025-04-04,2025-04-05,1.0
ORD-100847,2025-07-31,2025-07-31,0.0
ORD-100848,2025-11-04,2025-11-05,1.0
ORD-100849,2025-08-29,,
ORD-100850,2025-12-16,2025-12-16,0.0
ORD-100851,2025-06-07,2025-06-08,1.0
ORD-100852,2024-11-10,2024-11-10,0.0
ORD-100853,2025-03-06,2025-03-06,0.0
ORD-100854,2024-03-20,2024-03-20,0.0
ORD-100855,2025-09-17,,
ORD-100856,2025-03-30,2025-03-30,0.0
ORD-100857,2024-10-27,2024-10-27,0.0
ORD-100858,2025-03-30,2025-03-30,0.0
ORD-100859,2024-11-03,2024-11-03,0.0
ORD-100860,2025-12-07,2025-12-07,0.0
ORD-100861,2025-11-24,2025-11-29,5.0
ORD-100862,2025-03-18,2025-03-18,0.0
ORD-100863,2025-10-20,2025-10-20,0.0
ORD-100864,2025-10-27,2025-10-29,2.0
ORD-100865,2025-08-04,2025-08-06,2.0
ORD-100866,2025-04-01,2025-04-01,0.0
ORD-100867,2024-05-14,,
ORD-100868,2025-11-10,2025-11-10,0.0
ORD-100869,2024-08-19,2024-08-19,0.0
ORD-100870,2024-10-17,2024-10-17,0.0
ORD-100871,2025-07-27,2025-07-27,0.0
ORD-100872,2025-09-05,2025-09-06,1.0
ORD-100873,2025-06-04,2025-06-07,3.0
ORD-100874,2025-06-03,2025-06-03,0.0
ORD-100875,2025-10-07,2025-10-08,1.0
ORD-100876,2025-10-20,2025-10-22,2.0
ORD-100877,2025-09-06,,
ORD-100878,2025-09-15,2025-09-15,0.0
ORD-100879,2025-08-02,2025-08-02,0.0
ORD-100880,2025-06-01,2025-06-01,0.0
ORD-100881,2025-09-06,2025-09-07,1.0
ORD-100882,2025-10-23,2025-10-23,0.0
ORD-100883,2025-10-25,2025-10-25,0.0
ORD-100884,2025-07-01,2025-07-02,1.0
ORD-100885,2025-04-06,2025-04-07,1.0
ORD-100886,2024-11-15,2024-11-15,0.0
ORD-100887,2025-03-19,2025-03-20,1.0
ORD-100888,2025-11-16,2025-11-18,2.0
ORD-100889,2024-06-15,2024-06-18,3.0
ORD-100890,2025-05-21,2025-05-21,0.0
ORD-100891,2025-01-28,2025-01-28,0.0
ORD-100892,2025-10-27,2025-10-30,3.0
ORD-100893,2025-09-08,2025-09-08,0.0
ORD-100894,2025-03-05,2025-03-05,0.0
ORD-100895,2025-06-24,2025-06-25,1.0
ORD-100896,2024-10-23,2024-10-25,2.0
ORD-100897,2025-11-19,2025-11-19,0.0
ORD-100898,2025-10-22,2025-10-24,2.0
ORD-100899,2024-03-27,2024-03-27,0.0
ORD-100900,2025-11-12,2025-11-12,0.0
ORD-100901,2025-11-17,2025-11-17,0.0
ORD-100902,2024-12-28,2024-12-29,1.0
ORD-100903,2025-03-05,2025-03-05,0.0
ORD-100904,2025-11-09,,
ORD-100905,2025-10-23,2025-10-23,0.0
ORD-100906,2025-10-26,2025-10-26,0.0
ORD-100907,2024-10-31,2024-10-31,0.0
ORD-100908,2025-10-20,2025-10-22,2.0
ORD-100909,2025-10-18,2025-10-18,0.0
ORD-100910,2025-11-27,2025-11-27,0.0
ORD-100911,2025-03-10,2025-03-11,1.0
ORD-100912,2025-09-21,2025-09-22,1.0
ORD-100913,2025-11-24,2025-11-27,3.0
ORD-100914,2025-06-15,2025-06-15,0.0
ORD-100915,2024-07-02,,
ORD-100916,2025-10-02,2025-10-03,1.0
ORD-100917,2025-12-11,2025-12-14,3.0
ORD-100918,2025-04-04,,
ORD-100919,2025-03-10,2025-03-12,2.0
ORD-100920,2025-05-15,2025-05-20,5.0
ORD-100921,2025-10-13,2025-10-13,0.0
ORD-100922,2025-04-04,2025-04-04,0.0
ORD-100923,2025-12-13,2025-12-14,1.0
ORD-100924,2024-10-22,,
ORD-100925,2024-12-08,2024-12-09,1.0
ORD-100926,2025-10-08,2025-10-08,0.0
ORD-100927,2025-09-15,,
ORD-100928,2024-07-08,2024-07-08,0.0
ORD-100929,2025-01-02,2025-01-02,0.0
ORD-100930,2025-12-12,2025-12-13,1.0
ORD-100931,2025-10-26,2025-10-26,0.0
ORD-100932,2024-06-18,2024-06-18,0.0
ORD-100933,2025-08-23,2025-08-23,0.0
ORD-100934,2025-10-15,2025-10-16,1.0
ORD-100935,2024-07-20,2024-07-21,1.0
ORD-100936,2025-09-23,2025-09-23,0.0
ORD-100937,2024-11-21,2024-11-21,0.0
ORD-100938,2025-08-13,2025-08-13,0.0
ORD-100939,2025-10-29,2025-11-01,3.0
ORD-100940,2025-10-13,2025-10-14,1.0
ORD-100941,2024-12-06,2024-12-06,0.0
ORD-100942,2025-06-28,2025-06-29,1.0
ORD-100943,2025-09-24,,
ORD-100944,2024-10-25,2024-10-25,0.0
ORD-100945,2025-05-24,2025-05-24,0.0
ORD-100946,2025-07-14,,
ORD-100947,2025-01-11,2025-01-12,1.0
ORD-100948,2025-01-31,2025-02-03,3.0
ORD-100949,2025-08-18,2025-08-18,0.0
ORD-100950,2025-10-18,2025-10-18,0.0
ORD-100951,2024-11-16,2024-11-19,3.0
ORD-100952,2025-06-11,2025-06-12,1.0
ORD-100953,2024-06-14,2024-06-14,0.0
ORD-100954,2025-08-11,2025-08-13,2.0
ORD-100955,2025-09-20,2025-09-20,0.0
ORD-100956,2025-05-06,2025-05-07,1.0
ORD-100957,2025-10-13,,
ORD-100958,2025-02-19,2025-02-20,1.0
ORD-100959,2025-01-12,2025-01-15,3.0
ORD-100960,2025-11-01,2025-11-01,0.0
ORD-100961,2025-06-05,,
ORD-100962,2024-08-15,2024-08-15,0.0
ORD-100963,2025-01-23,2025-01-23,0.0
ORD-100964,2025-08-01,2025-08-01,0.0
ORD-100965,2025-11-09,2025-11-09,0.0
ORD-100966,2025-10-29,2025-10-29,0.0
ORD-100967,2025-05-11,2025-05-11,0.0
ORD-100968,2024-04-13,2024-04-13,0.0
ORD-100969,2025-10-02,2025-10-03,1.0
ORD-100970,2025-01-03,2025-01-03,0.0
ORD-100971,2025-03-30,2025-03-30,0.0
ORD-100972,2025-12-12,2025-12-12,0.0
ORD-100973,2025-08-08,2025-08-09,1.0
ORD-100974,2025-10-02,2025-10-02,0.0
ORD-100975,2025-08-23,2025-08-26,3.0
ORD-100976,2024-09-03,2024-09-03,0.0
ORD-100977,2025-11-14,2025-11-14,0.0
ORD-100978,2025-09-14,2025-09-14,0.0
ORD-100979,2025-11-16,2025-11-16,0.0
ORD-100980,2025-06-24,2025-06-24,0.0
ORD-100981,2025-06-08,2025-06-10,2.0
ORD-100982,2025-06-17,2025-06-17,0.0
ORD-100983,2024-12-31,2024-12-31,0.0
ORD-100984,2025-03-24,,
ORD-100985,2025-11-03,2025-11-03,0.0
ORD-100986,2025-05-01,2025-05-01,0.0
ORD-100987,2024-07-10,2024-07-11,1.0
ORD-100988,2025-06-21,2025-06-22,1.0
ORD-100989,2025-07-20,2025-07-20,0.0
ORD-100990,2025-01-30,2025-02-01,2.0
ORD-100991,2025-10-06,2025-10-06,0.0
ORD-100992,2024-12-19,2024-12-19,0.0
ORD-100993,2024-11-07,2024-11-08,1.0
ORD-100994,2025-09-25,2025-09-25,0.0
ORD-100995,2025-10-27,2025-10-27,0.0
ORD-100996,2025-12-29,2025-12-29,0.0
ORD-100997,2024-05-12,,
ORD-100998,2024-09-07,2024-09-10,3.0
ORD-100999,2024-08-30,2024-08-30,0.0
ORD-101000,2025-12-12,,
ORD-101001,2025-10-28,2025-10-28,0.0
ORD-101002,2025-06-09,2025-06-11,2.0
ORD-101003,2025-09-20,2025-09-21,1.0
ORD-101004,2025-07-09,2025-07-09,0.0
ORD-101005,2025-04-27,2025-04-30,3.0
ORD-101006,2024-10-17,,
ORD-101007,2024-08-15,2024-08-17,2.0
ORD-101008,2025-01-23,2025-01-24,1.0
ORD-101009,2025-09-14,2025-09-14,0.0
ORD-101010,2025-04-13,2025-04-13,0.0
ORD-101011,2025-08-18,2025-08-21,3.0
ORD-101012,2024-11-20,2024-11-20,0.0
ORD-101013,2025-12-07,2025-12-07,0.0
ORD-101014,2024-11-17,2024-11-18,1.0
ORD-101015,2025-11-21,2025-11-22,1.0
ORD-101016,2024-12-01,2024-12-01,0.0
ORD-101017,2025-05-26,2025-05-27,1.0
ORD-101018,2025-01-11,2025-01-13,2.0
ORD-101019,2025-11-17,2025-11-17,0.0
ORD-101020,2025-02-04,2025-02-04,0.0
ORD-101021,2025-07-04,2025-07-04,0.0
ORD-101022,2025-10-20,2025-10-20,0.0
ORD-101023,2025-12-06,2025-12-06,0.0
ORD-101024,2025-12-27,2025-12-27,0.0
ORD-101025,2025-10-12,2025-10-13,1.0
ORD-101026,2025-10-04,2025-10-04,0.0
ORD-101027,2025-01-30,2025-01-30,0.0
ORD-101028,2025-04-17,2025-04-17,0.0
ORD-101029,2024-10-09,2024-10-14,5.0
ORD-101030,2025-12-05,2025-12-05,0.0
ORD-101031,2024-12-02,2024-12-03,1.0
ORD-101032,2025-12-18,,
ORD-101033,2024-10-12,2024-10-12,0.0
ORD-101034,2025-05-08,2025-05-08,0.0
ORD-101035,2025-05-02,2025-05-03,1.0
ORD-101036,2024-10-23,2024-10-23,0.0
ORD-101037,2025-08-06,2025-08-06,0.0
ORD-101038,2025-04-17,2025-04-17,0.0
ORD-101039,2025-09-23,2025-09-26,3.0
ORD-101040,2025-11-17,2025-11-19,2.0
ORD-101041,2025-06-22,2025-06-23,1.0
ORD-101042,2025-11-11,2025-11-12,1.0
ORD-101043,2025-10-30,2025-10-30,0.0
ORD-101044,2024-11-07,2024-11-07,0.0
ORD-101045,2025-09-22,,
ORD-101046,2025-10-24,2025-10-25,1.0
ORD-101047,2024-11-22,2024-11-23,1.0
ORD-101048,2025-08-15,2025-08-15,0.0
ORD-101049,2025-02-25,2025-02-25,0.0
ORD-101050,2024-07-18,2024-07-18,0.0
ORD-101051,2025-05-20,2025-05-20,0.0
ORD-101052,2025-08-22,2025-08-22,0.0
ORD-101053,2024-12-13,2024-12-13,0.0
ORD-101054,2025-08-13,2025-08-13,0.0
ORD-101055,2025-08-26,2025-08-26,0.0
ORD-101056,2025-12-16,2025-12-16,0.0
ORD-101057,2025-08-18,2025-08-18,0.0
ORD-101058,2025-11-18,2025-11-18,0.0
ORD-101059,2025-08-11,,
ORD-101060,2025-06-16,2025-06-16,0.0
ORD-101061,2024-10-25,2024-10-25,0.0
ORD-101062,2025-09-11,2025-09-11,0.0
ORD-101063,2025-04-21,2025-04-21,0.0
ORD-101064,2025-03-17,2025-03-18,1.0
ORD-101065,2025-08-17,2025-08-17,0.0
ORD-101066,2024-10-28,2024-10-28,0.0
ORD-101067,2025-01-22,2025-01-25,3.0
ORD-101068,2025-07-14,2025-07-15,1.0
ORD-101069,2024-11-19,2024-11-22,3.0
ORD-101070,2025-04-12,2025-04-13,1.0
ORD-101071,2025-06-20,2025-06-20,0.0
ORD-101072,2025-11-01,,
ORD-101073,2025-03-01,2025-03-01,0.0
ORD-101074,2025-07-25,2025-07-25,0.0
ORD-101075,2025-04-08,2025-04-08,0.0
ORD-101076,2024-08-19,2024-08-21,2.0
ORD-101077,2025-05-01,2025-05-01,0.0
ORD-101078,2025-10-31,2025-11-01,1.0
ORD-101079,2024-11-09,2024-11-09,0.0
ORD-101080,2025-01-29,2025-01-29,0.0
ORD-101081,2025-03-16,2025-03-16,0.0
ORD-101082,2024-12-13,2024-12-14,1.0
ORD-101083,2025-01-25,2025-01-25,0.0
ORD-101084,2025-10-10,2025-10-11,1.0
ORD-101085,2025-07-19,2025-07-21,2.0
ORD-101086,2025-02-14,2025-02-14,0.0
ORD-101087,2025-08-29,2025-08-31,2.0
ORD-101088,2024-01-12,2024-01-12,0.0
ORD-101089,2025-07-07,2025-07-07,0.0
ORD-101090,2025-08-07,2025-08-08,1.0
ORD-101091,2025-01-28,,
ORD-101092,2024-12-11,2024-12-11,0.0
ORD-101093,2025-06-26,2025-06-27,1.0
ORD-101094,2025-10-19,2025-10-19,0.0
ORD-101095,2024-10-26,2024-10-26,0.0
ORD-101096,2025-03-14,2025-03-16,2.0
ORD-101097,2025-02-01,2025-02-02,1.0
ORD-101098,2025-08-17,2025-08-17,0.0
ORD-101099,2025-10-22,2025-10-22,0.0
ORD-101100,2025-08-30,2025-08-30,0.0
ORD-101101,2025-04-03,2025-04-03,0.0
ORD-101102,2025-07-24,2025-07-24,0.0
ORD-101103,2025-11-02,2025-11-02,0.0
ORD-101104,2025-04-21,2025-04-21,0.0
ORD-101105,2025-10-09,2025-10-09,0.0
ORD-101106,2025-12-06,2025-12-06,0.0
ORD-101107,2024-04-14,2024-04-14,0.0
ORD-101108,2025-05-24,2025-05-29,5.0
ORD-101109,2025-04-28,2025-04-28,0.0
ORD-101110,2025-02-04,2025-02-04,0.0
ORD-101111,2025-11-07,2025-11-07,0.0
ORD-101112,2024-09-24,2024-09-24,0.0
ORD-101113,2024-09-08,2024-09-08,0.0
ORD-101114,2025-09-07,2025-09-07,0.0
ORD-101115,2024-06-23,2024-06-23,0.0
ORD-101116,2025-01-12,2025-01-12,0.0
ORD-101117,2025-12-25,2025-12-25,0.0
ORD-101118,2025-02-13,,
ORD-101119,2025-09-03,2025-09-03,0.0
ORD-101120,2025-07-06,2025-07-07,1.0
ORD-101121,2025-01-25,2025-01-25,0.0
ORD-101122,2025-08-28,2025-08-28,0.0
ORD-101123,2025-09-30,2025-09-30,0.0
ORD-101124,2024-09-19,2024-09-19,0.0
ORD-101125,2025-10-28,,
ORD-101126,2025-09-27,2025-09-27,0.0
ORD-101127,2025-11-09,2025-11-10,1.0
ORD-101128,2024-05-03,2024-05-03,0.0
ORD-101129,2025-01-27,2025-01-27,0.0
ORD-101130,2025-03-27,2025-03-27,0.0
ORD-101131,2024-11-17,2024-11-17,0.0
ORD-101132,2025-03-04,2025-03-04,0.0
ORD-101133,2025-04-18,,
ORD-101134,2025-02-01,2025-02-01,0.0
ORD-101135,2025-03-17,2025-03-17,0.0
ORD-101136,2025-11-29,2025-11-29,0.0
ORD-101137,2025-10-26,2025-10-26,0.0
ORD-101138,2025-02-20,2025-02-21,1.0
ORD-101139,2025-12-16,,
ORD-101140,2025-10-26,2025-10-26,0.0
ORD-101141,2025-02-19,2025-02-20,1.0
ORD-101142,2024-08-07,2024-08-07,0.0
ORD-101143,2024-07-08,,
ORD-101144,2025-08-19,2025-08-20,1.0
ORD-101145,2024-10-28,2024-10-28,0.0
ORD-101146,2025-07-27,2025-07-27,0.0
ORD-101147,2025-10-21,2025-10-21,0.0
ORD-101148,2025-12-24,,
ORD-101149,2025-10-29,,
ORD-101150,2025-12-14,2025-12-14,0.0
ORD-101151,2024-05-12,2024-05-13,1.0
ORD-101152,2025-10-19,2025-10-21,2.0
ORD-101153,2024-12-03,2024-12-03,0.0
ORD-101154,2025-08-19,2025-08-19,0.0
ORD-101155,2025-03-19,2025-03-19,0.0
ORD-101156,2024-05-31,2024-05-31,0.0
ORD-101157,2025-03-05,2025-03-05,0.0
ORD-101158,2025-12-23,2025-12-23,0.0
ORD-101159,2025-06-29,,
ORD-101160,2024-12-01,2024-12-01,0.0
ORD-101161,2024-08-15,2024-08-15,0.0
ORD-101162,2025-06-20,2025-06-20,0.0
ORD-101163,2024-07-08,2024-07-08,0.0
ORD-101164,2025-11-23,2025-11-23,0.0
ORD-101165,2025-11-23,2025-11-23,0.0
ORD-101166,2025-07-30,2025-07-31,1.0
ORD-101167,2025-08-13,2025-08-13,0.0
ORD-101168,2025-08-21,2025-08-22,1.0
ORD-101169,2025-12-03,2025-12-03,0.0
ORD-101170,2025-06-30,2025-06-30,0.0
ORD-101171,2025-06-11,2025-06-11,0.0
ORD-101172,2025-01-27,2025-01-28,1.0
ORD-101173,2025-11-17,2025-11-17,0.0
ORD-101174,2025-04-24,2025-04-24,0.0
ORD-101175,2025-10-29,2025-10-29,0.0
ORD-101176,2025-07-11,,
ORD-101177,2025-02-14,2025-02-15,1.0
ORD-101178,2025-01-08,2025-01-08,0.0
ORD-101179,2025-09-17,2025-09-17,0.0
ORD-101180,2025-09-15,2025-09-15,0.0
ORD-101181,2025-06-14,2025-06-14,0.0
ORD-101182,2025-10-24,2025-10-24,0.0
ORD-101183,2025-06-30,2025-06-30,0.0
ORD-101184,2025-04-13,2025-04-13,0.0
ORD-101185,2025-11-10,2025-11-11,1.0
ORD-101186,2025-11-15,2025-11-15,0.0
ORD-101187,2024-12-02,2024-12-07,5.0
ORD-101188,2025-08-12,2025-08-12,0.0
ORD-101189,2025-09-14,2025-09-14,0.0
ORD-101190,2024-07-27,2024-07-27,0.0
ORD-101191,2025-06-10,2025-06-12,2.0
ORD-101192,2025-09-26,2025-09-27,1.0
ORD-101193,2024-11-02,2024-11-03,1.0
ORD-101194,2025-11-24,,
ORD-101195,2024-12-30,2024-12-31,1.0
ORD-101196,2025-01-12,,
ORD-101197,2024-11-12,2024-11-13,1.0
ORD-101198,2025-03-28,2025-03-28,0.0
ORD-101199,2025-07-28,2025-07-28,0.0
ORD-101200,2025-10-22,2025-10-22,0.0
ORD-101201,2025-05-20,2025-05-21,1.0
ORD-101202,2025-04-27,2025-04-28,1.0
ORD-101203,2025-03-13,2025-03-13,0.0
ORD-101204,2025-08-02,2025-08-02,0.0
ORD-101205,2025-11-11,2025-11-16,5.0
ORD-101206,2025-04-15,2025-04-16,1.0
ORD-101207,2025-07-26,2025-07-27,1.0
ORD-101208,2025-11-01,2025-11-01,0.0
ORD-101209,2025-02-12,2025-02-12,0.0
ORD-101210,2024-11-02,2024-11-02,0.0
ORD-101211,2025-10-23,2025-10-24,1.0
ORD-101212,2024-12-02,2024-12-02,0.0
ORD-101213,2025-11-01,2025-11-04,3.0
ORD-101214,2024-10-06,2024-10-06,0.0
ORD-101215,2025-11-08,2025-11-08,0.0
ORD-101216,2025-11-16,2025-11-17,1.0
ORD-101217,2025-09-16,2025-09-16,0.0
ORD-101218,2025-08-14,2025-08-16,2.0
ORD-101219,2024-06-25,,
ORD-101220,2024-11-04,2024-11-06,2.0
ORD-101221,2025-11-08,,
ORD-101222,2025-12-10,2025-12-10,0.0
ORD-101223,2025-09-12,2025-09-12,0.0
ORD-101224,2025-11-13,2025-11-14,1.0
ORD-101225,2025-08-25,2025-08-25,0.0
ORD-101226,2024-03-13,2024-03-13,0.0
ORD-101227,2024-11-15,2024-11-15,0.0
ORD-101228,2025-01-06,2025-01-06,0.0
ORD-101229,2025-12-18,2025-12-19,1.0
ORD-101230,2025-11-20,2025-11-20,0.0
ORD-101231,2025-05-17,2025-05-17,0.0
ORD-101232,2025-06-22,2025-06-22,0.0
ORD-101233,2025-05-13,2025-05-14,1.0
ORD-101234,2025-01-15,2025-01-16,1.0
ORD-101235,2025-10-24,2025-10-24,0.0
ORD-101236,2025-08-20,2025-08-20,0.0
ORD-101237,2025-04-08,2025-04-08,0.0
ORD-101238,2024-10-30,2024-10-30,0.0
ORD-101239,2025-06-20,2025-06-21,1.0
ORD-101240,2025-04-05,2025-04-05,0.0
ORD-101241,2025-07-28,2025-07-28,0.0
ORD-101242,2025-11-04,2025-11-04,0.0
ORD-101243,2025-08-31,2025-08-31,0.0
ORD-101244,2025-04-16,,
ORD-101245,2025-11-03,2025-11-03,0.0
ORD-101246,2025-09-18,2025-09-20,2.0
ORD-101247,2025-12-10,2025-12-11,1.0
ORD-101248,2025-04-21,2025-04-22,1.0
ORD-101249,2025-04-20,2025-04-20,0.0
ORD-101250,2025-05-26,2025-05-26,0.0
ORD-101251,2025-09-22,2025-09-22,0.0
ORD-101252,2025-10-15,2025-10-15,0.0
ORD-101253,2025-03-23,2025-03-25,2.0
ORD-101254,2025-01-26,2025-01-31,5.0
ORD-101255,2025-04-08,2025-04-08,0.0
ORD-101256,2025-07-09,2025-07-10,1.0
ORD-101257,2025-08-02,2025-08-02,0.0
ORD-101258,2025-07-16,2025-07-16,0.0
ORD-101259,2025-09-15,2025-09-16,1.0
ORD-101260,2025-10-19,2025-10-19,0.0
ORD-101261,2025-04-01,2025-04-02,1.0
ORD-101262,2025-09-30,2025-09-30,0.0
ORD-101263,2024-11-15,2024-11-15,0.0
ORD-101264,2025-12-07,2025-12-09,2.0
ORD-101265,2024-08-17,2024-08-17,0.0
ORD-101266,2024-08-23,2024-08-23,0.0
ORD-101267,2025-01-31,2025-02-01,1.0
ORD-101268,2024-05-29,2024-05-31,2.0
ORD-101269,2025-12-09,2025-12-11,2.0
ORD-101270,2025-05-01,2025-05-02,1.0
ORD-101271,2025-02-28,2025-02-28,0.0
ORD-101272,2025-06-02,2025-06-02,0.0
ORD-101273,2025-09-01,2025-09-01,0.0
ORD-101274,2025-11-06,2025-11-06,0.0
ORD-101275,2025-03-03,2025-03-03,0.0
ORD-101276,2025-10-24,2025-10-24,0.0
ORD-101277,2025-07-18,2025-07-19,1.0
ORD-101278,2024-10-17,2024-10-17,0.0
ORD-101279,2025-05-25,2025-05-25,0.0
ORD-101280,2025-11-06,2025-11-06,0.0
ORD-101281,2025-04-22,2025-04-24,2.0
ORD-101282,2025-11-11,2025-11-11,0.0
ORD-101283,2025-11-07,,
ORD-101284,2024-12-03,2024-12-03,0.0
ORD-101285,2024-11-14,2024-11-15,1.0
ORD-101286,2025-11-21,2025-11-22,1.0
ORD-101287,2025-11-26,2025-11-26,0.0
ORD-101288,2025-10-29,2025-10-30,1.0
ORD-101289,2024-10-28,2024-10-28,0.0
ORD-101290,2025-06-08,2025-06-08,0.0
ORD-101291,2024-04-19,2024-04-21,2.0
ORD-101292,2024-01-30,2024-02-01,2.0
ORD-101293,2025-10-18,2025-10-18,0.0
ORD-101294,2024-11-23,2024-11-23,0.0
ORD-101295,2025-05-17,2025-05-17,0.0
ORD-101296,2025-11-11,2025-11-11,0.0
ORD-101297,2025-11-20,2025-11-20,0.0
ORD-101298,2025-08-15,2025-08-15,0.0
ORD-101299,2024-12-29,2024-12-29,0.0
ORD-101300,2025-02-07,2025-02-07,0.0
ORD-101301,2025-08-16,2025-08-17,1.0
ORD-101302,2025-09-07,2025-09-07,0.0
ORD-101303,2025-02-09,2025-02-09,0.0
ORD-101304,2025-09-27,2025-09-27,0.0
ORD-101305,2024-06-02,2024-06-02,0.0
ORD-101306,2025-01-04,2025-01-04,0.0
ORD-101307,2025-05-31,,
ORD-101308,2025-03-31,2025-04-01,1.0
ORD-101309,2025-05-13,2025-05-13,0.0
ORD-101310,2025-05-23,2025-05-23,0.0
ORD-101311,2025-08-02,2025-08-02,0.0
ORD-101312,2025-08-26,2025-08-28,2.0
ORD-101313,2025-06-01,2025-06-01,0.0
ORD-101314,2025-05-17,2025-05-17,0.0
ORD-101315,2024-08-23,2024-08-23,0.0
ORD-101316,2025-12-27,2025-12-27,0.0
ORD-101317,2025-05-07,2025-05-09,2.0
ORD-101318,2024-11-18,2024-11-18,0.0
ORD-101319,2025-12-09,2025-12-09,0.0
ORD-101320,2025-02-25,2025-02-26,1.0
ORD-101321,2025-12-06,2025-12-08,2.0
ORD-101322,2024-08-04,2024-08-07,3.0
ORD-101323,2024-03-03,,
ORD-101324,2024-05-13,2024-05-13,0.0
ORD-101325,2025-11-18,2025-11-18,0.0
ORD-101326,2025-04-27,2025-04-27,0.0
ORD-101327,2025-10-19,2025-10-19,0.0
ORD-101328,2025-12-04,,
ORD-101329,2025-05-17,2025-05-17,0.0
ORD-101330,2025-10-20,2025-10-20,0.0
ORD-101331,2024-11-14,,
ORD-101332,2025-07-30,2025-07-30,0.0
ORD-101333,2025-10-20,2025-10-20,0.0
ORD-101334,2025-08-18,2025-08-18,0.0
ORD-101335,2025-03-24,,
ORD-101336,2024-10-23,2024-10-23,0.0
ORD-101337,2025-11-04,2025-11-04,0.0
ORD-101338,2024-08-01,2024-08-02,1.0
ORD-101339,2025-04-07,2025-04-07,0.0
ORD-101340,2024-12-26,2024-12-27,1.0
ORD-101341,2025-12-01,2025-12-01,0.0
ORD-101342,2024-08-26,2024-08-27,1.0
ORD-101343,2025-10-03,2025-10-04,1.0
ORD-101344,2025-06-29,2025-06-29,0.0
ORD-101345,2025-10-16,2025-10-16,0.0
ORD-101346,2025-05-26,2025-05-26,0.0
ORD-101347,2025-11-03,,
ORD-101348,2025-08-30,2025-08-30,0.0
ORD-101349,2024-12-09,2024-12-10,1.0
ORD-101350,2025-04-01,2025-04-03,2.0
ORD-101351,2025-06-16,2025-06-16,0.0
ORD-101352,2025-11-12,2025-11-12,0.0
ORD-101353,2025-10-10,2025-10-10,0.0
ORD-101354,2025-07-31,2025-07-31,0.0
ORD-101355,2025-06-25,2025-06-26,1.0
ORD-101356,2025-05-17,2025-05-19,2.0
ORD-101357,2025-07-27,,
ORD-101358,2024-08-12,2024-08-12,0.0
ORD-101359,2024-09-24,,
ORD-101360,2024-11-25,2024-11-25,0.0
ORD-101361,2025-09-10,2025-09-11,1.0
ORD-101362,2025-09-08,2025-09-09,1.0
ORD-101363,2025-06-17,2025-06-17,0.0
ORD-101364,2024-05-11,2024-05-11,0.0
ORD-101365,2025-11-28,2025-11-28,0.0
ORD-101366,2025-02-10,2025-02-10,0.0
ORD-101367,2024-12-02,2024-12-03,1.0
ORD-101368,2025-03-06,2025-03-06,0.0
ORD-101369,2025-01-03,2025-01-03,0.0
ORD-101370,2025-10-09,2025-10-09,0.0
ORD-101371,2025-02-18,2025-02-20,2.0
ORD-101372,2025-12-03,2025-12-04,1.0
ORD-101373,2025-12-20,2025-12-23,3.0
ORD-101374,2025-05-29,2025-05-31,2.0
ORD-101375,2024-11-28,2024-11-28,0.0
ORD-101376,2024-11-04,2024-11-04,0.0
ORD-101377,2025-02-28,2025-03-01,1.0
ORD-101378,2025-09-28,2025-09-29,1.0
ORD-101379,2025-10-20,2025-10-20,0.0
ORD-101380,2024-11-19,2024-11-20,1.0
ORD-101381,2025-05-01,2025-05-02,1.0
ORD-101382,2024-05-22,2024-05-22,0.0
ORD-101383,2025-08-13,2025-08-14,1.0
ORD-101384,2025-11-16,2025-11-16,0.0
ORD-101385,2025-10-20,2025-10-20,0.0
ORD-101386,2025-09-12,2025-09-13,1.0
ORD-101387,2024-10-15,2024-10-15,0.0
ORD-101388,2025-02-17,2025-02-19,2.0
ORD-101389,2025-05-17,2025-05-17,0.0
ORD-101390,2025-11-24,2025-11-25,1.0
ORD-101391,2025-07-17,2025-07-18,1.0
ORD-101392,2025-11-18,2025-11-18,0.0
ORD-101393,2025-07-05,2025-07-07,2.0
ORD-101394,2024-11-11,,
ORD-101395,2024-08-19,2024-08-21,2.0
ORD-101396,2025-08-15,2025-08-16,1.0
ORD-101397,2025-10-10,,
ORD-101398,2024-11-30,2024-12-01,1.0
ORD-101399,2025-08-21,2025-08-22,1.0
ORD-101400,2025-04-21,2025-04-24,3.0
ORD-101401,2024-12-05,2024-12-05,0.0
ORD-101402,2025-07-19,2025-07-19,0.0
ORD-101403,2025-12-09,2025-12-09,0.0
ORD-101404,2025-09-23,2025-09-23,0.0
ORD-101405,2025-07-25,2025-07-26,1.0
ORD-101406,2025-04-13,2025-04-13,0.0
ORD-101407,2025-03-24,2025-03-24,0.0
ORD-101408,2024-11-10,2024-11-10,0.0
ORD-101409,2025-10-05,2025-10-06,1.0
ORD-101410,2024-10-21,2024-10-21,0.0
ORD-101411,2025-07-05,2025-07-05,0.0
ORD-101412,2025-12-29,2026-01-01,3.0
ORD-101413,2025-11-05,,
ORD-101414,2024-06-26,2024-06-26,0.0
ORD-101415,2025-08-13,2025-08-13,0.0
ORD-101416,2025-11-15,2025-11-15,0.0
ORD-101417,2025-09-18,2025-09-19,1.0
ORD-101418,2025-11-10,2025-11-10,0.0
ORD-101419,2025-07-10,2025-07-11,1.0
ORD-101420,2025-08-13,2025-08-13,0.0
ORD-101421,2025-04-07,2025-04-09,2.0
ORD-101422,2025-03-30,2025-03-30,0.0
ORD-101423,2025-11-11,2025-11-11,0.0
ORD-101424,2025-04-23,2025-04-25,2.0
ORD-101425,2024-04-17,,
ORD-101426,2025-02-15,2025-02-16,1.0
ORD-101427,2025-12-16,2025-12-17,1.0
ORD-101428,2025-03-10,2025-03-10,0.0
ORD-101429,2025-11-14,2025-11-14,0.0
ORD-101430,2024-10-03,2024-10-05,2.0
ORD-101431,2025-07-06,2025-07-06,0.0
ORD-101432,2025-08-15,2025-08-15,0.0
ORD-101433,2024-07-02,2024-07-02,0.0
ORD-101434,2025-10-05,2025-10-05,0.0
ORD-101435,2024-10-25,2024-10-25,0.0
ORD-101436,2025-10-21,2025-10-21,0.0
ORD-101437,2024-03-10,2024-03-10,0.0
ORD-101438,2024-11-08,2024-11-11,3.0
ORD-101439,2025-02-05,2025-02-05,0.0
ORD-101440,2024-09-06,2024-09-06,0.0
ORD-101441,2025-11-25,2025-11-25,0.0
ORD-101442,2025-11-08,2025-11-09,1.0
ORD-101443,2025-10-24,2025-10-24,0.0
ORD-101444,2024-07-02,2024-07-02,0.0
ORD-101445,2025-05-09,,
ORD-101446,2025-08-26,2025-08-26,0.0
ORD-101447,2025-04-15,2025-04-16,1.0
ORD-101448,2024-11-06,2024-11-07,1.0
ORD-101449,2025-04-01,2025-04-01,0.0
ORD-101450,2025-03-13,2025-03-13,0.0
ORD-101451,2025-08-27,2025-08-27,0.0
ORD-101452,2025-06-07,2025-06-09,2.0
ORD-101453,2024-11-08,2024-11-08,0.0
ORD-101454,2025-05-05,2025-05-06,1.0
ORD-101455,2025-06-27,2025-06-28,1.0
ORD-101456,2025-07-17,2025-07-17,0.0
ORD-101457,2025-01-24,2025-01-25,1.0
ORD-101458,2025-05-31,,
ORD-101459,2024-11-21,2024-11-23,2.0
ORD-101460,2025-09-01,2025-09-01,0.0
ORD-101461,2025-02-07,2025-02-08,1.0
ORD-101462,2025-08-16,2025-08-16,0.0
ORD-101463,2025-03-24,2025-03-27,3.0
ORD-101464,2025-04-19,2025-04-19,0.0
ORD-101465,2025-12-02,2025-12-03,1.0
ORD-101466,2025-10-06,2025-10-07,1.0
ORD-101467,2025-10-26,2025-10-26,0.0
ORD-101468,2025-12-23,2025-12-23,0.0
ORD-101469,2024-08-04,,
ORD-101470,2025-05-14,2025-05-14,0.0
ORD-101471,2024-10-29,,
ORD-101472,2025-11-13,2025-11-15,2.0
ORD-101473,2025-10-26,2025-10-26,0.0
ORD-101474,2024-08-09,2024-08-10,1.0
ORD-101475,2025-03-24,2025-03-25,1.0
ORD-101476,2025-03-14,2025-03-15,1.0
ORD-101477,2024-09-12,2024-09-13,1.0
ORD-101478,2025-07-21,2025-07-21,0.0
ORD-101479,2025-06-25,2025-06-25,0.0
ORD-101480,2025-09-08,2025-09-08,0.0
ORD-101481,2025-07-09,2025-07-09,0.0
ORD-101482,2025-09-04,,
ORD-101483,2025-08-18,,
ORD-101484,2025-11-26,2025-11-26,0.0
ORD-101485,2025-04-16,2025-04-16,0.0
ORD-101486,2024-04-26,,
ORD-101487,2025-06-20,2025-06-20,0.0
ORD-101488,2025-08-18,2025-08-18,0.0
ORD-101489,2025-06-29,2025-06-30,1.0
ORD-101490,2025-06-26,,
ORD-101491,2025-04-02,2025-04-02,0.0
ORD-101492,2025-07-01,2025-07-01,0.0
ORD-101493,2025-07-27,2025-07-30,3.0
ORD-101494,2025-11-18,2025-11-19,1.0
ORD-101495,2025-09-29,2025-09-30,1.0
ORD-101496,2024-09-09,2024-09-09,0.0
ORD-101497,2025-05-07,2025-05-07,0.0
ORD-101498,2025-10-22,2025-10-23,1.0
ORD-101499,2024-03-29,2024-03-29,0.0
ORD-101500,2025-09-07,,
ORD-101501,2025-12-23,2025-12-23,0.0
ORD-101502,2025-10-31,2025-10-31,0.0
ORD-101503,2025-11-03,2025-11-03,0.0
ORD-101504,2025-08-22,2025-08-22,0.0
ORD-101505,2025-03-26,,
ORD-101506,2024-06-29,2024-06-29,0.0
ORD-101507,2024-09-01,2024-09-01,0.0
ORD-101508,2025-03-03,2025-03-06,3.0
ORD-101509,2025-10-03,2025-10-03,0.0
ORD-101510,2025-06-13,2025-06-13,0.0
ORD-101511,2024-10-13,2024-10-13,0.0
ORD-101512,2024-10-19,,
ORD-101513,2025-04-20,2025-04-20,0.0
ORD-101514,2025-11-17,2025-11-17,0.0
ORD-101515,2025-06-24,2025-06-24,0.0
ORD-101516,2025-02-20,2025-02-22,2.0
ORD-101517,2025-06-27,2025-06-29,2.0
ORD-101518,2025-08-01,2025-08-02,1.0
ORD-101519,2025-10-31,2025-11-01,1.0
ORD-101520,2025-10-25,2025-10-25,0.0
ORD-101521,2025-06-02,2025-06-02,0.0
ORD-101522,2025-01-29,2025-01-29,0.0
ORD-101523,2025-12-19,,
ORD-101524,2025-07-01,2025-07-02,1.0
ORD-101525,2025-05-07,2025-05-08,1.0
ORD-101526,2025-10-30,2025-10-31,1.0
ORD-101527,2025-02-13,2025-02-13,0.0
ORD-101528,2024-11-30,2024-12-01,1.0
ORD-101529,2024-08-15,2024-08-15,0.0
ORD-101530,2025-06-13,2025-06-13,0.0
ORD-101531,2025-01-18,2025-01-18,0.0
ORD-101532,2025-10-17,2025-10-18,1.0
ORD-101533,2025-01-24,2025-01-25,1.0
ORD-101534,2025-06-08,2025-06-10,2.0
ORD-101535,2024-09-22,2024-09-22,0.0
ORD-101536,2025-11-18,2025-11-18,0.0
ORD-101537,2025-11-23,2025-11-24,1.0
ORD-101538,2025-04-17,2025-04-18,1.0
ORD-101539,2025-05-10,2025-05-10,0.0
ORD-101540,2024-10-28,,
ORD-101541,2025-10-26,2025-10-27,1.0
ORD-101542,2025-09-17,,
ORD-101543,2024-11-04,2024-11-04,0.0
ORD-101544,2025-05-31,2025-05-31,0.0
ORD-101545,2024-11-26,2024-11-26,0.0
ORD-101546,2025-07-12,2025-07-12,0.0
ORD-101547,2024-11-07,,
ORD-101548,2025-09-16,2025-09-17,1.0
ORD-101549,2025-07-20,2025-07-20,0.0
ORD-101550,2025-01-04,2025-01-04,0.0
ORD-101551,2025-01-25,2025-01-26,1.0
ORD-101552,2025-08-23,2025-08-23,0.0
ORD-101553,2025-02-06,2025-02-07,1.0
ORD-101554,2024-09-23,2024-09-24,1.0
ORD-101555,2025-11-20,2025-11-21,1.0
ORD-101556,2025-03-16,2025-03-16,0.0
ORD-101557,2024-09-07,2024-09-07,0.0
ORD-101558,2025-01-25,2025-01-25,0.0
ORD-101559,2025-01-29,2025-01-29,0.0
ORD-101560,2025-07-24,2025-07-27,3.0
ORD-101561,2025-11-05,2025-11-06,1.0
ORD-101562,2025-11-29,2025-11-29,0.0
ORD-101563,2025-07-12,2025-07-12,0.0
ORD-101564,2025-02-04,2025-02-05,1.0
ORD-101565,2025-08-13,2025-08-14,1.0
ORD-101566,2025-03-30,2025-03-30,0.0
ORD-101567,2024-12-24,2024-12-24,0.0
ORD-101568,2025-01-21,2025-01-21,0.0
ORD-101569,2025-09-30,2025-10-03,3.0
ORD-101570,2025-12-20,2025-12-20,0.0
ORD-101571,2025-08-15,2025-08-15,0.0
ORD-101572,2025-04-30,2025-04-30,0.0
ORD-101573,2025-05-06,2025-05-06,0.0
ORD-101574,2025-02-27,2025-02-28,1.0
ORD-101575,2025-02-04,2025-02-05,1.0
ORD-101576,2025-02-05,,
ORD-101577,2024-04-28,2024-04-28,0.0
ORD-101578,2025-11-26,2025-11-28,2.0
ORD-101579,2025-02-02,2025-02-03,1.0
ORD-101580,2025-10-15,2025-10-15,0.0
ORD-101581,2025-02-01,2025-02-01,0.0
ORD-101582,2024-11-02,2024-11-02,0.0
ORD-101583,2025-06-23,2025-06-23,0.0
ORD-101584,2025-09-28,2025-09-29,1.0
ORD-101585,2025-02-24,2025-02-24,0.0
ORD-101586,2025-04-10,,
ORD-101587,2025-06-25,,
ORD-101588,2024-11-18,2024-11-18,0.0
ORD-101589,2025-07-13,2025-07-16,3.0
ORD-101590,2025-09-19,2025-09-19,0.0
ORD-101591,2025-10-18,2025-10-18,0.0
ORD-101592,2024-05-13,2024-05-13,0.0
ORD-101593,2025-11-21,2025-11-22,1.0
ORD-101594,2025-11-16,2025-11-16,0.0
ORD-101595,2025-10-28,2025-10-28,0.0
ORD-101596,2024-11-11,2024-11-11,0.0
ORD-101597,2025-10-20,2025-10-20,0.0
ORD-101598,2025-06-26,2025-06-26,0.0
ORD-101599,2024-06-30,,
ORD-101600,2025-11-11,2025-11-12,1.0
ORD-101601,2025-03-28,2025-03-29,1.0
ORD-101602,2025-06-18,,
ORD-101603,2025-11-02,2025-11-03,1.0
ORD-101604,2025-10-29,2025-10-29,0.0
ORD-101605,2025-10-29,2025-10-29,0.0
ORD-101606,2025-10-25,2025-10-26,1.0
ORD-101607,2025-12-14,2025-12-14,0.0
ORD-101608,2025-04-09,2025-04-10,1.0
ORD-101609,2025-11-18,2025-11-18,0.0
ORD-101610,2025-01-22,2025-01-22,0.0
ORD-101611,2025-09-24,2025-09-25,1.0
ORD-101612,2025-01-25,2025-01-25,0.0
ORD-101613,2025-12-14,2025-12-14,0.0
ORD-101614,2025-05-03,2025-05-04,1.0
ORD-101615,2025-01-11,2025-01-13,2.0
ORD-101616,2025-10-03,2025-10-03,0.0
ORD-101617,2025-06-03,2025-06-03,0.0
ORD-101618,2025-02-15,2025-02-16,1.0
ORD-101619,2024-02-12,2024-02-12,0.0
ORD-101620,2025-01-31,2025-01-31,0.0
ORD-101621,2024-09-23,2024-09-25,2.0
ORD-101622,2025-10-27,2025-10-27,0.0
ORD-101623,2024-11-30,2024-11-30,0.0
ORD-101624,2025-05-22,,
ORD-101625,2025-06-11,2025-06-11,0.0
ORD-101626,2024-12-18,2024-12-18,0.0
ORD-101627,2024-06-08,,
ORD-101628,2025-01-06,2025-01-07,1.0
ORD-101629,2025-03-05,2025-03-06,1.0
ORD-101630,2025-03-06,2025-03-06,0.0
ORD-101631,2025-10-24,2025-10-24,0.0
ORD-101632,2025-05-15,2025-05-17,2.0
ORD-101633,2025-08-05,2025-08-06,1.0
ORD-101634,2024-10-10,2024-10-10,0.0
ORD-101635,2025-08-06,2025-08-07,1.0
ORD-101636,2025-05-24,2025-05-24,0.0
ORD-101637,2025-05-18,2025-05-18,0.0
ORD-101638,2025-08-09,2025-08-09,0.0
ORD-101639,2024-07-04,2024-07-07,3.0
ORD-101640,2025-09-30,2025-09-30,0.0
ORD-101641,2025-06-04,2025-06-04,0.0
ORD-101642,2025-12-07,2025-12-07,0.0
ORD-101643,2025-11-01,2025-11-01,0.0
ORD-101644,2025-12-14,2025-12-14,0.0
ORD-101645,2025-07-31,2025-07-31,0.0
ORD-101646,2025-04-30,2025-04-30,0.0
ORD-101647,2024-10-28,2024-10-28,0.0
ORD-101648,2025-12-01,2025-12-02,1.0
ORD-101649,2024-11-08,2024-11-08,0.0
ORD-101650,2024-04-08,2024-04-08,0.0
ORD-101651,2024-09-09,2024-09-10,1.0
ORD-101652,2024-11-11,2024-11-11,0.0
ORD-101653,2025-03-27,2025-03-28,1.0
ORD-101654,2025-11-18,2025-11-18,0.0
ORD-101655,2025-09-11,2025-09-11,0.0
ORD-101656,2025-05-11,2025-05-13,2.0
ORD-101657,2024-12-26,2024-12-26,0.0
ORD-101658,2025-12-13,,
ORD-101659,2025-06-21,,
ORD-101660,2024-08-21,2024-08-21,0.0
ORD-101661,2025-08-29,,
ORD-101662,2025-11-04,2025-11-04,0.0
ORD-101663,2025-03-21,2025-03-21,0.0
ORD-101664,2025-01-30,2025-01-30,0.0
ORD-101665,2025-09-26,2025-09-27,1.0
ORD-101666,2024-09-18,2024-09-18,0.0
ORD-101667,2025-03-03,2025-03-03,0.0
ORD-101668,2025-04-27,2025-04-27,0.0
ORD-101669,2025-11-29,2025-11-29,0.0
ORD-101670,2025-03-19,2025-03-20,1.0
ORD-101671,2025-10-24,2025-10-24,0.0
ORD-101672,2024-09-16,,
ORD-101673,2025-04-13,2025-04-13,0.0
ORD-101674,2024-11-24,2024-11-27,3.0
ORD-101675,2024-12-07,2024-12-07,0.0
ORD-101676,2024-03-20,2024-03-20,0.0
ORD-101677,2024-05-24,2024-05-24,0.0
ORD-101678,2025-09-23,2025-09-24,1.0
ORD-101679,2025-10-19,2025-10-19,0.0
ORD-101680,2024-07-15,2024-07-15,0.0
ORD-101681,2024-06-09,2024-06-09,0.0
ORD-101682,2025-09-26,,
ORD-101683,2025-12-07,2025-12-07,0.0
ORD-101684,2025-10-13,2025-10-14,1.0
ORD-101685,2024-11-28,2024-11-29,1.0
ORD-101686,2024-11-11,2024-11-13,2.0
ORD-101687,2025-09-04,2025-09-04,0.0
ORD-101688,2024-09-10,2024-09-12,2.0
ORD-101689,2024-11-17,2024-11-20,3.0
ORD-101690,2024-08-25,2024-08-25,0.0
ORD-101691,2025-06-18,2025-06-18,0.0
ORD-101692,2024-04-04,2024-04-05,1.0
ORD-101693,2024-11-12,2024-11-12,0.0
ORD-101694,2025-05-07,2025-05-07,0.0
ORD-101695,2025-12-14,2025-12-14,0.0
ORD-101696,2025-09-18,2025-09-19,1.0
ORD-101697,2025-10-05,2025-10-05,0.0
ORD-101698,2025-03-25,,
ORD-101699,2025-02-21,2025-02-21,0.0
ORD-101700,2025-07-20,2025-07-20,0.0
ORD-101701,2024-03-26,2024-03-26,0.0
ORD-101702,2024-08-25,2024-08-26,1.0
ORD-101703,2025-12-19,2025-12-19,0.0
ORD-101704,2025-09-08,2025-09-08,0.0
ORD-101705,2024-11-06,2024-11-06,0.0
ORD-101706,2024-12-02,2024-12-03,1.0
ORD-101707,2025-07-31,2025-08-01,1.0
ORD-101708,2025-01-16,2025-01-16,0.0
ORD-101709,2024-10-25,2024-10-25,0.0
ORD-101710,2025-12-07,2025-12-07,0.0
ORD-101711,2025-09-22,2025-09-22,0.0
ORD-101712,2025-11-01,2025-11-02,1.0
ORD-101713,2024-11-09,2024-11-10,1.0
ORD-101714,2025-11-18,2025-11-18,0.0
ORD-101715,2025-02-28,2025-02-28,0.0
ORD-101716,2025-08-23,2025-08-25,2.0
ORD-101717,2025-09-08,2025-09-08,0.0
ORD-101718,2025-08-16,,
ORD-101719,2025-09-09,2025-09-09,0.0
ORD-101720,2025-03-26,2025-03-26,0.0
ORD-101721,2024-05-07,2024-05-09,2.0
ORD-101722,2025-12-21,2025-12-21,0.0
ORD-101723,2025-03-22,2025-03-22,0.0
ORD-101724,2025-06-12,2025-06-12,0.0
ORD-101725,2025-08-12,2025-08-12,0.0
ORD-101726,2024-02-18,,
ORD-101727,2025-08-08,2025-08-08,0.0
ORD-101728,2024-11-10,2024-11-10,0.0
ORD-101729,2024-08-25,2024-08-25,0.0
ORD-101730,2025-05-24,2025-05-24,0.0
ORD-101731,2025-10-18,2025-10-18,0.0
ORD-101732,2025-03-02,2025-03-04,2.0
ORD-101733,2025-10-28,2025-10-28,0.0
ORD-101734,2024-04-21,2024-04-21,0.0
ORD-101735,2025-08-01,2025-08-04,3.0
ORD-101736,2025-11-08,2025-11-10,2.0
ORD-101737,2025-06-24,2025-06-24,0.0
ORD-101738,2025-02-26,2025-02-27,1.0
ORD-101739,2024-08-25,2024-08-26,1.0
ORD-101740,2024-12-23,2024-12-24,1.0
ORD-101741,2025-11-01,2025-11-01,0.0
ORD-101742,2025-11-07,2025-11-08,1.0
ORD-101743,2024-06-24,2024-06-24,0.0
ORD-101744,2025-01-03,2025-01-03,0.0
ORD-101745,2025-02-19,2025-02-19,0.0
ORD-101746,2025-10-26,2025-10-26,0.0
ORD-101747,2025-08-29,2025-08-30,1.0
ORD-101748,2025-03-03,2025-03-03,0.0
ORD-101749,2025-07-30,2025-07-31,1.0
ORD-101750,2024-02-11,2024-02-11,0.0
ORD-101751,2025-05-17,2025-05-17,0.0
ORD-101752,2025-07-22,,
ORD-101753,2025-12-06,2025-12-07,1.0
ORD-101754,2025-10-21,2025-10-22,1.0
ORD-101755,2025-11-02,2025-11-02,0.0
ORD-101756,2025-01-03,2025-01-03,0.0
ORD-101757,2025-11-26,2025-11-26,0.0
ORD-101758,2025-07-27,2025-07-28,1.0
ORD-101759,2025-05-04,2025-05-04,0.0
ORD-101760,2025-10-26,,
ORD-101761,2025-08-09,2025-08-09,0.0
ORD-101762,2025-08-02,2025-08-04,2.0
ORD-101763,2025-07-31,2025-08-02,2.0
ORD-101764,2025-09-22,,
ORD-101765,2025-11-21,2025-11-23,2.0
ORD-101766,2025-04-23,2025-04-23,0.0
ORD-101767,2026-01-03,2026-01-03,0.0
ORD-101768,2025-10-29,2025-10-29,0.0
ORD-101769,2024-11-16,2024-11-16,0.0
ORD-101770,2025-02-10,2025-02-11,1.0
ORD-101771,2025-03-02,,
ORD-101772,2025-08-29,2025-08-29,0.0
ORD-101773,2025-08-05,2025-08-05,0.0
ORD-101774,2025-12-16,2025-12-17,1.0
ORD-101775,2025-12-12,2025-12-12,0.0
ORD-101776,2025-11-22,2025-11-24,2.0
ORD-101777,2025-09-22,2025-09-22,0.0
ORD-101778,2024-09-13,2024-09-13,0.0
ORD-101779,2025-02-01,2025-02-01,0.0
ORD-101780,2025-11-13,2025-11-13,0.0
ORD-101781,2024-06-22,,
ORD-101782,2024-07-26,2024-07-26,0.0
ORD-101783,2025-07-11,2025-07-11,0.0
ORD-101784,2025-03-04,2025-03-06,2.0
ORD-101785,2024-09-12,2024-09-12,0.0
ORD-101786,2025-12-31,2025-12-31,0.0
ORD-101787,2025-03-05,2025-03-05,0.0
ORD-101788,2024-12-26,2024-12-27,1.0
ORD-101789,2024-11-18,2024-11-18,0.0
ORD-101790,2025-07-18,,
ORD-101791,2025-03-22,2025-03-22,0.0
ORD-101792,2025-05-18,2025-05-18,0.0
ORD-101793,2025-01-22,2025-01-22,0.0
ORD-101794,2025-12-21,2025-12-26,5.0
ORD-101795,2025-09-26,2025-09-28,2.0
ORD-101796,2025-10-07,2025-10-07,0.0
ORD-101797,2025-10-22,2025-10-22,0.0
ORD-101798,2025-05-26,2025-05-28,2.0
ORD-101799,2024-05-14,2024-05-14,0.0
ORD-101800,2025-10-19,2025-10-19,0.0
ORD-101801,2025-07-19,2025-07-20,1.0
ORD-101802,2024-08-30,2024-08-30,0.0
ORD-101803,2025-01-25,2025-01-25,0.0
ORD-101804,2025-10-24,2025-10-24,0.0
ORD-101805,2025-11-07,2025-11-07,0.0
ORD-101806,2025-04-19,,
ORD-101807,2025-12-03,2025-12-03,0.0
ORD-101808,2025-07-27,2025-07-27,0.0
ORD-101809,2025-07-26,,
ORD-101810,2024-04-25,,
ORD-101811,2025-01-14,2025-01-15,1.0
ORD-101812,2025-10-09,2025-10-10,1.0
ORD-101813,2025-07-28,,
ORD-101814,2025-03-07,2025-03-08,1.0
ORD-101815,2025-12-22,2025-12-22,0.0
ORD-101816,2024-12-26,2024-12-27,1.0
ORD-101817,2025-04-15,,
ORD-101818,2025-09-17,2025-09-17,0.0
ORD-101819,2024-04-08,2024-04-09,1.0
ORD-101820,2025-05-07,2025-05-07,0.0
ORD-101821,2024-10-19,,
ORD-101822,2025-07-18,2025-07-21,3.0
ORD-101823,2024-10-14,2024-10-15,1.0
ORD-101824,2024-10-16,2024-10-17,1.0
ORD-101825,2024-11-26,2024-11-26,0.0
ORD-101826,2024-07-28,2024-07-28,0.0
ORD-101827,2025-08-01,,
ORD-101828,2024-08-29,,
ORD-101829,2025-03-27,2025-03-27,0.0
ORD-101830,2025-02-07,2025-02-07,0.0
ORD-101831,2025-08-07,,
ORD-101832,2025-11-11,2025-11-11,0.0
ORD-101833,2024-11-04,2024-11-04,0.0
ORD-101834,2025-01-25,2025-01-25,0.0
ORD-101835,2025-04-19,2025-04-19,0.0
ORD-101836,2025-09-08,2025-09-08,0.0
ORD-101837,2025-12-29,,
ORD-101838,2025-08-01,2025-08-02,1.0
ORD-101839,2025-06-04,2025-06-04,0.0
ORD-101840,2025-06-22,2025-06-23,1.0
ORD-101841,2025-06-04,2025-06-05,1.0
ORD-101842,2025-11-28,2025-11-28,0.0
ORD-101843,2024-08-06,2024-08-06,0.0
ORD-101844,2025-08-20,2025-08-21,1.0
ORD-101845,2025-09-26,2025-09-26,0.0
ORD-101846,2025-08-18,2025-08-18,0.0
ORD-101847,2025-11-25,2025-11-25,0.0
ORD-101848,2025-11-15,2025-11-17,2.0
ORD-101849,2025-07-25,,
ORD-101850,2025-07-20,2025-07-20,0.0
ORD-101851,2025-10-06,2025-10-07,1.0
ORD-101852,2024-12-23,2024-12-24,1.0
ORD-101853,2024-09-14,2024-09-14,0.0
ORD-101854,2025-12-08,2025-12-08,0.0
ORD-101855,2025-11-18,2025-11-18,0.0
ORD-101856,2025-11-03,2025-11-03,0.0
ORD-101857,2024-12-19,2024-12-19,0.0
ORD-101858,2025-03-16,2025-03-16,0.0
ORD-101859,2025-12-17,2025-12-17,0.0
ORD-101860,2024-07-01,2024-07-03,2.0
ORD-101861,2024-11-18,,
ORD-101862,2025-06-06,2025-06-06,0.0
ORD-101863,2025-07-29,2025-07-29,0.0
ORD-101864,2025-11-22,2025-11-23,1.0
ORD-101865,2024-12-30,2024-12-31,1.0
ORD-101866,2025-01-27,2025-01-27,0.0
ORD-101867,2025-11-06,,
ORD-101868,2025-11-01,,
ORD-101869,2025-07-23,2025-07-23,0.0
ORD-101870,2025-12-14,2025-12-14,0.0
ORD-101871,2025-07-15,2025-07-18,3.0
ORD-101872,2025-03-27,2025-03-27,0.0
ORD-101873,2024-10-31,2024-10-31,0.0
ORD-101874,2025-05-07,2025-05-07,0.0
ORD-101875,2025-07-25,2025-07-25,0.0
ORD-101876,2025-07-10,2025-07-10,0.0
ORD-101877,2025-06-19,2025-06-22,3.0
ORD-101878,2024-12-10,2024-12-10,0.0
ORD-101879,2025-05-03,2025-05-03,0.0
ORD-101880,2025-04-18,2025-04-18,0.0
ORD-101881,2025-10-25,2025-10-25,0.0
ORD-101882,2024-12-04,2024-12-04,0.0
ORD-101883,2024-10-02,2024-10-02,0.0
ORD-101884,2025-06-17,2025-06-17,0.0
ORD-101885,2024-09-13,,
ORD-101886,2025-10-20,2025-10-20,0.0
ORD-101887,2025-07-25,2025-07-30,5.0
ORD-101888,2025-04-15,,
ORD-101889,2025-11-09,2025-11-09,0.0
ORD-101890,2024-04-26,2024-04-28,2.0
ORD-101891,2025-09-30,2025-09-30,0.0
ORD-101892,2024-11-22,2024-11-24,2.0
ORD-101893,2024-03-04,2024-03-05,1.0
ORD-101894,2024-10-25,2024-10-25,0.0
ORD-101895,2025-11-26,2025-11-28,2.0
ORD-101896,2025-09-09,2025-09-09,0.0
ORD-101897,2024-03-29,2024-03-30,1.0
ORD-101898,2025-11-04,2025-11-04,0.0
ORD-101899,2025-07-26,2025-07-26,0.0
ORD-101900,2025-09-03,2025-09-04,1.0
ORD-101901,2024-12-30,2025-01-02,3.0
ORD-101902,2024-10-05,2024-10-06,1.0
ORD-101903,2024-12-03,2024-12-03,0.0
ORD-101904,2025-10-17,2025-10-17,0.0
ORD-101905,2025-05-12,2025-05-12,0.0
ORD-101906,2025-02-03,,
ORD-101907,2024-11-23,2024-11-23,0.0
ORD-101908,2025-09-01,2025-09-01,0.0
ORD-101909,2024-03-23,2024-03-23,0.0
ORD-101910,2025-05-29,,
ORD-101911,2024-11-05,2024-11-05,0.0
ORD-101912,2024-08-03,2024-08-03,0.0
ORD-101913,2025-08-19,2025-08-19,0.0
ORD-101914,2025-10-20,2025-10-20,0.0
ORD-101915,2024-12-31,2024-12-31,0.0
ORD-101916,2026-01-02,2026-01-02,0.0
ORD-101917,2025-11-02,2025-11-03,1.0
ORD-101918,2025-11-27,2025-11-29,2.0
ORD-101919,2024-10-03,2024-10-05,2.0
ORD-101920,2025-10-11,2025-10-11,0.0
ORD-101921,2024-10-06,2024-10-06,0.0
ORD-101922,2024-10-18,2024-10-18,0.0
ORD-101923,2025-08-13,2025-08-15,2.0
ORD-101924,2025-04-06,2025-04-07,1.0
ORD-101925,2025-10-28,2025-10-28,0.0
ORD-101926,2025-09-27,2025-09-28,1.0
ORD-101927,2025-10-24,2025-10-27,3.0
ORD-101928,2024-06-04,2024-06-04,0.0
ORD-101929,2025-05-10,2025-05-10,0.0
ORD-101930,2025-11-27,2025-11-28,1.0
ORD-101931,2025-09-06,2025-09-07,1.0
ORD-101932,2025-04-21,2025-04-21,0.0
ORD-101933,2025-10-31,,
ORD-101934,2025-07-04,2025-07-07,3.0
ORD-101935,2024-04-13,2024-04-15,2.0
ORD-101936,2025-11-08,2025-11-10,2.0
ORD-101937,2024-04-30,,
ORD-101938,2025-07-24,2025-07-24,0.0
ORD-101939,2025-07-12,,
ORD-101940,2024-12-04,2024-12-05,1.0
ORD-101941,2026-01-03,2026-01-03,0.0
ORD-101942,2025-10-26,2025-10-26,0.0
ORD-101943,2025-12-10,2025-12-10,0.0
ORD-101944,2025-06-20,2025-06-20,0.0
ORD-101945,2025-10-27,2025-10-28,1.0
ORD-101946,2025-09-28,2025-09-29,1.0
ORD-101947,2025-11-01,2025-11-02,1.0
ORD-101948,2025-08-23,2025-08-24,1.0
ORD-101949,2024-06-08,2024-06-08,0.0
ORD-101950,2024-10-28,2024-10-30,2.0
ORD-101951,2025-09-04,2025-09-04,0.0
ORD-101952,2025-10-10,2025-10-10,0.0
ORD-101953,2025-04-20,2025-04-22,2.0
ORD-101954,2025-07-09,2025-07-09,0.0
ORD-101955,2024-06-01,2024-06-01,0.0
ORD-101956,2025-11-29,2025-11-29,0.0
ORD-101957,2025-04-20,2025-04-23,3.0
ORD-101958,2025-12-22,2025-12-23,1.0
ORD-101959,2025-11-18,,
ORD-101960,2025-12-03,2025-12-03,0.0
ORD-101961,2025-08-01,2025-08-01,0.0
ORD-101962,2024-07-14,2024-07-15,1.0
ORD-101963,2025-08-27,2025-08-27,0.0
ORD-101964,2024-11-19,2024-11-20,1.0
ORD-101965,2025-12-02,2025-12-02,0.0
ORD-101966,2025-11-07,2025-11-07,0.0
ORD-101967,2025-02-08,2025-02-08,0.0
ORD-101968,2025-02-07,2025-02-09,2.0
ORD-101969,2025-10-19,2025-10-20,1.0
ORD-101970,2025-06-09,2025-06-09,0.0
ORD-101971,2025-07-26,2025-07-26,0.0
ORD-101972,2025-10-29,2025-10-29,0.0
ORD-101973,2024-12-18,2024-12-18,0.0
ORD-101974,2025-12-11,2025-12-11,0.0
ORD-101975,2025-04-23,,
ORD-101976,2025-04-27,2025-04-28,1.0
ORD-101977,2024-05-01,2024-05-01,0.0
ORD-101978,2025-12-23,2025-12-23,0.0
ORD-101979,2025-07-23,2025-07-23,0.0
ORD-101980,2025-12-24,2025-12-24,0.0
ORD-101981,2025-11-11,,
ORD-101982,2025-10-27,2025-10-29,2.0
ORD-101983,2025-06-04,2025-06-04,0.0
ORD-101984,2025-04-01,2025-04-01,0.0
ORD-101985,2025-12-31,2026-01-01,1.0
ORD-101986,2025-12-10,2025-12-10,0.0
ORD-101987,2025-09-29,2025-09-29,0.0
ORD-101988,2025-04-23,2025-04-23,0.0
ORD-101989,2024-10-28,2024-10-29,1.0
ORD-101990,2025-10-30,2025-10-30,0.0
ORD-101991,2025-06-28,2025-06-30,2.0
ORD-101992,2024-05-09,2024-05-11,2.0
ORD-101993,2024-10-25,2024-10-30,5.0
ORD-101994,2024-02-02,2024-02-02,0.0
ORD-101995,2025-11-06,,
ORD-101996,2025-08-09,2025-08-09,0.0
ORD-101997,2025-08-03,2025-08-04,1.0
ORD-101998,2025-08-17,2025-08-17,0.0
ORD-101999,2025-11-14,2025-11-14,0.0
ORD-102000,2024-10-09,2024-10-09,0.0
ORD-102001,2024-09-05,2024-09-05,0.0
ORD-102002,2025-07-28,2025-07-28,0.0
ORD-102003,2025-07-05,2025-07-05,0.0
ORD-102004,2025-12-28,,
ORD-102005,2024-12-13,2024-12-13,0.0
ORD-102006,2025-06-14,2025-06-14,0.0
ORD-102007,2024-10-26,2024-10-26,0.0
ORD-102008,2025-07-20,2025-07-20,0.0
ORD-102009,2025-11-04,,
ORD-102010,2024-10-15,2024-10-15,0.0
ORD-102011,2025-07-08,2025-07-08,0.0
ORD-102012,2025-11-10,2025-11-11,1.0
ORD-102013,2024-10-10,2024-10-10,0.0
ORD-102014,2025-08-20,2025-08-20,0.0
ORD-102015,2024-06-27,,
ORD-102016,2025-06-14,2025-06-14,0.0
ORD-102017,2024-07-01,2024-07-01,0.0
ORD-102018,2025-06-13,2025-06-13,0.0
ORD-102019,2025-07-25,2025-07-25,0.0
ORD-102020,2025-08-04,2025-08-06,2.0
ORD-102021,2025-01-24,2025-01-24,0.0
ORD-102022,2025-06-23,2025-06-23,0.0
ORD-102023,2025-11-04,2025-11-04,0.0
ORD-102024,2024-08-30,2024-08-30,0.0
ORD-102025,2025-03-20,2025-03-20,0.0
ORD-102026,2025-02-28,2025-03-02,2.0
ORD-102027,2025-12-20,,
ORD-102028,2025-09-09,2025-09-09,0.0
ORD-102029,2024-01-30,2024-01-30,0.0
ORD-102030,2025-06-23,2025-06-23,0.0
ORD-102031,2024-11-30,2024-12-02,2.0
ORD-102032,2025-10-26,2025-10-26,0.0
ORD-102033,2025-03-15,2025-03-15,0.0
ORD-102034,2024-09-13,2024-09-13,0.0
ORD-102035,2025-01-26,2025-01-26,0.0
ORD-102036,2025-11-25,2025-11-25,0.0
ORD-102037,2024-10-23,2024-10-24,1.0
ORD-102038,2025-10-22,2025-10-22,0.0
ORD-102039,2024-10-12,2024-10-13,1.0
ORD-102040,2025-07-29,,
ORD-102041,2024-10-20,2024-10-20,0.0
ORD-102042,2024-07-03,2024-07-03,0.0
ORD-102043,2025-08-03,2025-08-08,5.0
ORD-102044,2025-05-28,2025-05-29,1.0
ORD-102045,2025-12-24,,
ORD-102046,2025-02-28,2025-03-01,1.0
ORD-102047,2025-12-25,2025-12-27,2.0
ORD-102048,2025-10-09,2025-10-09,0.0
ORD-102049,2025-03-07,2025-03-09,2.0
ORD-102050,2025-07-22,2025-07-22,0.0
ORD-102051,2025-06-30,,
ORD-102052,2025-07-29,2025-07-30,1.0
ORD-102053,2025-03-20,2025-03-20,0.0
ORD-102054,2025-12-05,2025-12-05,0.0
ORD-102055,2024-09-27,2024-09-28,1.0
ORD-102056,2025-10-18,2025-10-18,0.0
ORD-102057,2024-01-29,2024-01-29,0.0
ORD-102058,2024-11-12,2024-11-12,0.0
ORD-102059,2024-07-10,2024-07-10,0.0
ORD-102060,2024-10-15,2024-10-16,1.0
ORD-102061,2024-10-06,2024-10-07,1.0
ORD-102062,2025-05-17,2025-05-17,0.0
ORD-102063,2025-03-17,2025-03-18,1.0
ORD-102064,2025-11-01,2025-11-01,0.0
ORD-102065,2025-06-08,2025-06-08,0.0
ORD-102066,2025-01-26,2025-01-29,3.0
ORD-102067,2025-01-17,2025-01-17,0.0
ORD-102068,2025-02-03,2025-02-03,0.0
ORD-102069,2025-11-23,2025-11-23,0.0
ORD-102070,2025-11-22,2025-11-22,0.0
ORD-102071,2025-02-10,2025-02-10,0.0
ORD-102072,2025-05-14,2025-05-15,1.0
ORD-102073,2025-10-29,2025-10-29,0.0
ORD-102074,2025-03-31,2025-03-31,0.0
ORD-102075,2025-09-08,2025-09-08,0.0
ORD-102076,2025-09-11,2025-09-12,1.0
ORD-102077,2025-10-11,2025-10-11,0.0
ORD-102078,2024-08-15,,
ORD-102079,2025-11-30,2025-12-03,3.0
ORD-102080,2024-08-25,2024-08-25,0.0
ORD-102081,2025-08-28,2025-08-28,0.0
ORD-102082,2025-06-22,2025-06-22,0.0
ORD-102083,2025-11-14,2025-11-16,2.0
ORD-102084,2025-02-16,,
ORD-102085,2025-05-30,2025-05-30,0.0
ORD-102086,2025-10-23,2025-10-25,2.0
ORD-102087,2024-09-01,2024-09-01,0.0
ORD-102088,2024-12-23,2024-12-24,1.0
ORD-102089,2024-09-30,,
ORD-102090,2024-10-02,2024-10-03,1.0
ORD-102091,2025-01-13,2025-01-13,0.0
ORD-102092,2025-02-02,2025-02-02,0.0
ORD-102093,2024-06-21,2024-06-21,0.0
ORD-102094,2025-07-30,2025-07-30,0.0
ORD-102095,2025-09-08,,
ORD-102096,2025-11-02,2025-11-02,0.0
ORD-102097,2025-11-01,2025-11-02,1.0
ORD-102098,2025-07-15,,
ORD-102099,2025-10-24,2025-10-24,0.0
ORD-102100,2025-11-11,2025-11-11,0.0
ORD-102101,2025-03-03,2025-03-03,0.0
ORD-102102,2025-12-08,2025-12-09,1.0
ORD-102103,2025-11-26,2025-11-26,0.0
ORD-102104,2025-10-09,2025-10-10,1.0
ORD-102105,2025-03-23,2025-03-23,0.0
ORD-102106,2025-05-14,2025-05-14,0.0
ORD-102107,2025-08-04,2025-08-05,1.0
ORD-102108,2025-08-19,,
ORD-102109,2025-11-01,2025-11-01,0.0
ORD-102110,2025-05-10,2025-05-10,0.0
ORD-102111,2024-11-21,2024-11-22,1.0
ORD-102112,2024-10-23,2024-10-23,0.0
ORD-102113,2024-12-23,2024-12-23,0.0
ORD-102114,2025-01-30,2025-01-31,1.0
ORD-102115,2025-10-18,2025-10-19,1.0
ORD-102116,2025-08-12,2025-08-12,0.0
ORD-102117,2025-11-03,2025-11-05,2.0
ORD-102118,2025-10-02,2025-10-04,2.0
ORD-102119,2024-07-03,2024-07-03,0.0
ORD-102120,2025-07-17,2025-07-18,1.0
ORD-102121,2025-10-11,2025-10-12,1.0
ORD-102122,2024-06-17,2024-06-17,0.0
ORD-102123,2025-05-13,2025-05-15,2.0
ORD-102124,2025-11-13,2025-11-15,2.0
ORD-102125,2024-03-18,2024-03-20,2.0
ORD-102126,2025-02-28,2025-03-01,1.0
ORD-102127,2025-11-23,2025-11-23,0.0
ORD-102128,2025-08-25,2025-08-26,1.0
ORD-102129,2025-06-30,,
ORD-102130,2024-11-26,2024-11-28,2.0
ORD-102131,2025-03-26,2025-03-26,0.0
ORD-102132,2025-12-12,2025-12-13,1.0
ORD-102133,2025-08-29,2025-08-29,0.0
ORD-102134,2024-02-25,2024-02-25,0.0
ORD-102135,2025-09-13,2025-09-13,0.0
ORD-102136,2025-02-08,2025-02-10,2.0
ORD-102137,2024-12-22,2024-12-22,0.0
ORD-102138,2025-09-26,2025-09-27,1.0
ORD-102139,2025-08-09,2025-08-09,0.0
ORD-102140,2025-05-17,2025-05-18,1.0
ORD-102141,2025-12-29,2025-12-29,0.0
ORD-102142,2025-10-03,2025-10-06,3.0
ORD-102143,2025-07-10,2025-07-10,0.0
ORD-102144,2024-10-06,,
ORD-102145,2025-08-11,2025-08-11,0.0
ORD-102146,2024-06-08,2024-06-08,0.0
ORD-102147,2025-03-05,2025-03-05,0.0
ORD-102148,2025-02-22,2025-02-23,1.0
ORD-102149,2025-01-22,2025-01-23,1.0
ORD-102150,2024-12-10,2024-12-10,0.0
ORD-102151,2025-01-18,2025-01-18,0.0
ORD-102152,2025-08-07,,
ORD-102153,2025-03-02,,
ORD-102154,2025-04-13,2025-04-13,0.0
ORD-102155,2024-10-13,2024-10-13,0.0
ORD-102156,2025-12-14,2025-12-14,0.0
ORD-102157,2025-06-28,2025-06-28,0.0
ORD-102158,2025-10-28,2025-10-29,1.0
ORD-102159,2024-11-02,2024-11-04,2.0
ORD-102160,2025-06-11,2025-06-11,0.0
ORD-102161,2025-10-04,2025-10-04,0.0
ORD-102162,2024-10-23,2024-10-26,3.0
ORD-102163,2025-07-13,2025-07-13,0.0
ORD-102164,2025-11-23,2025-11-25,2.0
ORD-102165,2025-02-28,2025-03-01,1.0
ORD-102166,2025-08-06,2025-08-07,1.0
ORD-102167,2024-01-28,2024-01-29,1.0
ORD-102168,2024-12-13,2024-12-13,0.0
ORD-102169,2025-06-19,2025-06-19,0.0
ORD-102170,2025-12-08,2025-12-09,1.0
ORD-102171,2025-01-25,2025-01-25,0.0
ORD-102172,2025-06-29,2025-06-29,0.0
ORD-102173,2025-06-01,,
ORD-102174,2025-12-17,2025-12-18,1.0
ORD-102175,2025-02-11,2025-02-12,1.0
ORD-102176,2025-03-14,2025-03-19,5.0
ORD-102177,2025-08-19,2025-08-20,1.0
ORD-102178,2025-06-09,2025-06-09,0.0
ORD-102179,2025-08-19,,
ORD-102180,2024-05-13,2024-05-14,1.0
ORD-102181,2025-12-17,2025-12-17,0.0
ORD-102182,2025-10-29,2025-10-29,0.0
ORD-102183,2025-02-22,,
ORD-102184,2024-10-20,2024-10-23,3.0
ORD-102185,2025-01-28,2025-01-29,1.0
ORD-102186,2025-05-10,,
ORD-102187,2024-09-07,2024-09-07,0.0
ORD-102188,2024-12-12,2024-12-12,0.0
ORD-102189,2025-07-28,2025-07-30,2.0
ORD-102190,2024-11-11,2024-11-12,1.0
ORD-102191,2025-11-19,2025-11-21,2.0
ORD-102192,2025-08-20,,
ORD-102193,2024-10-09,2024-10-09,0.0
ORD-102194,2024-04-24,2024-04-24,0.0
ORD-102195,2025-01-30,2025-01-31,1.0
ORD-102196,2025-09-02,2025-09-03,1.0
ORD-102197,2025-08-04,,
ORD-102198,2025-11-10,2025-11-13,3.0
ORD-102199,2025-01-28,2025-01-28,0.0
ORD-102200,2025-11-07,2025-11-07,0.0
ORD-102201,2025-04-23,2025-04-23,0.0
ORD-102202,2025-11-20,2025-11-21,1.0
ORD-102203,2025-10-26,2025-10-27,1.0
ORD-102204,2024-03-15,2024-03-15,0.0
ORD-102205,2025-06-18,,
ORD-102206,2025-10-26,,
ORD-102207,2025-11-18,2025-11-20,2.0
ORD-102208,2025-11-21,2025-11-21,0.0
ORD-102209,2024-03-18,2024-03-18,0.0
ORD-102210,2025-11-13,2025-11-13,0.0
ORD-102211,2025-11-16,2025-11-18,2.0
ORD-102212,2025-08-25,2025-08-25,0.0
ORD-102213,2025-08-05,2025-08-06,1.0
ORD-102214,2025-12-16,2025-12-16,0.0
ORD-102215,2025-10-07,2025-10-07,0.0
ORD-102216,2025-09-30,2025-09-30,0.0
ORD-102217,2025-12-06,2025-12-08,2.0
ORD-102218,2025-08-02,2025-08-02,0.0
ORD-102219,2025-03-08,,
ORD-102220,2025-11-07,2025-11-07,0.0
ORD-102221,2025-11-15,2025-11-15,0.0
ORD-102222,2025-07-11,2025-07-11,0.0
ORD-102223,2025-09-08,2025-09-09,1.0
ORD-102224,2025-11-27,2025-11-28,1.0
ORD-102225,2025-04-26,,
ORD-102226,2025-10-23,2025-10-24,1.0
ORD-102227,2025-08-09,,
ORD-102228,2025-08-19,2025-08-21,2.0
ORD-102229,2025-10-13,2025-10-18,5.0
ORD-102230,2025-10-31,2025-11-02,2.0
ORD-102231,2025-03-15,2025-03-15,0.0
ORD-102232,2025-09-13,,
ORD-102233,2024-02-08,2024-02-09,1.0
ORD-102234,2025-08-09,2025-08-09,0.0
ORD-102235,2024-09-25,2024-09-27,2.0
ORD-102236,2025-02-03,2025-02-03,0.0
ORD-102237,2025-11-21,2025-11-21,0.0
ORD-102238,2025-07-28,2025-07-31,3.0
ORD-102239,2025-08-18,2025-08-18,0.0
ORD-102240,2024-04-25,2024-04-25,0.0
ORD-102241,2025-03-04,2025-03-05,1.0
ORD-102242,2025-02-04,2025-02-05,1.0
ORD-102243,2025-07-31,2025-08-05,5.0
ORD-102244,2024-07-03,2024-07-03,0.0
ORD-102245,2024-12-16,2024-12-16,0.0
ORD-102246,2025-11-08,2025-11-08,0.0
ORD-102247,2024-10-24,2024-10-24,0.0
ORD-102248,2025-04-26,,
ORD-102249,2024-10-02,2024-10-02,0.0
ORD-102250,2024-03-07,2024-03-07,0.0
ORD-102251,2024-10-11,2024-10-11,0.0
ORD-102252,2025-10-28,2025-10-28,0.0
ORD-102253,2025-11-08,2025-11-08,0.0
ORD-102254,2025-04-30,2025-04-30,0.0
ORD-102255,2025-04-16,2025-04-16,0.0
ORD-102256,2025-06-06,2025-06-06,0.0
ORD-102257,2025-04-07,,
ORD-102258,2024-12-22,2024-12-22,0.0
ORD-102259,2025-12-07,2025-12-07,0.0
ORD-102260,2025-06-24,2025-06-25,1.0
ORD-102261,2024-10-25,2024-10-27,2.0
ORD-102262,2025-06-25,2025-06-25,0.0
ORD-102263,2025-11-28,2025-11-29,1.0
ORD-102264,2024-04-26,2024-04-26,0.0
ORD-102265,2025-08-31,2025-09-01,1.0
ORD-102266,2025-11-09,2025-11-11,2.0
ORD-102267,2024-12-29,2024-12-30,1.0
ORD-102268,2025-08-22,2025-08-23,1.0
ORD-102269,2025-10-17,2025-10-17,0.0
ORD-102270,2024-11-03,2024-11-03,0.0
ORD-102271,2025-09-28,2025-09-28,0.0
ORD-102272,2025-01-08,2025-01-08,0.0
ORD-102273,2024-09-21,2024-09-21,0.0
ORD-102274,2025-11-20,,
ORD-102275,2025-01-28,2025-01-28,0.0
ORD-102276,2024-07-30,2024-07-30,0.0
ORD-102277,2025-09-15,2025-09-17,2.0
ORD-102278,2025-10-19,2025-10-19,0.0
ORD-102279,2025-07-13,2025-07-13,0.0
ORD-102280,2025-07-13,2025-07-14,1.0
ORD-102281,2024-07-04,2024-07-05,1.0
ORD-102282,2025-04-19,2025-04-21,2.0
ORD-102283,2025-12-03,2025-12-03,0.0
ORD-102284,2025-08-19,2025-08-20,1.0
ORD-102285,2025-11-14,,
ORD-102286,2025-11-18,,
ORD-102287,2024-04-06,2024-04-06,0.0
ORD-102288,2025-02-12,2025-02-12,0.0
ORD-102289,2025-11-17,2025-11-17,0.0
ORD-102290,2025-10-09,2025-10-09,0.0
ORD-102291,2025-06-08,2025-06-09,1.0
ORD-102292,2025-10-24,2025-10-24,0.0
ORD-102293,2025-06-01,2025-06-01,0.0
ORD-102294,2025-06-29,2025-07-01,2.0
ORD-102295,2024-10-26,2024-10-28,2.0
ORD-102296,2025-05-27,2025-05-27,0.0
ORD-102297,2025-02-02,2025-02-02,0.0
ORD-102298,2024-11-15,2024-11-15,0.0
ORD-102299,2025-10-31,2025-10-31,0.0
ORD-102300,2024-07-22,2024-07-22,0.0
ORD-102301,2025-05-20,2025-05-21,1.0
ORD-102302,2025-12-11,2025-12-12,1.0
ORD-102303,2025-07-26,2025-07-26,0.0
ORD-102304,2024-11-11,2024-11-11,0.0
ORD-102305,2025-11-19,,
ORD-102306,2024-05-31,2024-05-31,0.0
ORD-102307,2024-08-22,2024-08-22,0.0
ORD-102308,2024-08-07,2024-08-07,0.0
ORD-102309,2025-05-26,2025-05-26,0.0
ORD-102310,2025-12-14,2025-12-14,0.0
ORD-102311,2024-08-03,2024-08-04,1.0
ORD-102312,2025-12-15,2025-12-17,2.0
ORD-102313,2025-06-23,2025-06-23,0.0
ORD-102314,2024-10-03,2024-10-04,1.0
ORD-102315,2024-12-25,2024-12-25,0.0
ORD-102316,2025-12-10,2025-12-11,1.0
ORD-102317,2025-01-05,2025-01-06,1.0
ORD-102318,2024-06-14,2024-06-14,0.0
ORD-102319,2024-12-04,2024-12-04,0.0
ORD-102320,2024-12-15,2024-12-15,0.0
ORD-102321,2025-11-24,2025-11-25,1.0
ORD-102322,2025-08-21,2025-08-22,1.0
ORD-102323,2024-08-28,2024-08-28,0.0
ORD-102324,2025-08-03,,
ORD-102325,2025-05-02,2025-05-03,1.0
ORD-102326,2024-07-06,,
ORD-102327,2025-01-28,2025-01-28,0.0
ORD-102328,2025-01-01,2025-01-02,1.0
ORD-102329,2025-08-08,2025-08-09,1.0
ORD-102330,2024-04-06,2024-04-06,0.0
ORD-102331,2024-07-29,2024-07-29,0.0
ORD-102332,2024-04-21,2024-04-22,1.0
ORD-102333,2025-07-31,2025-08-02,2.0
ORD-102334,2025-01-08,2025-01-09,1.0
ORD-102335,2025-02-27,2025-02-28,1.0
ORD-102336,2025-08-09,2025-08-11,2.0
ORD-102337,2025-07-06,2025-07-06,0.0
ORD-102338,2024-06-30,2024-06-30,0.0
ORD-102339,2025-06-07,2025-06-07,0.0
ORD-102340,2025-10-20,,
ORD-102341,2024-12-24,2024-12-24,0.0
ORD-102342,2025-08-11,2025-08-11,0.0
ORD-102343,2025-10-09,2025-10-09,0.0
ORD-102344,2025-12-01,2025-12-01,0.0
ORD-102345,2025-04-18,2025-04-18,0.0
ORD-102346,2024-04-11,2024-04-11,0.0
ORD-102347,2025-10-25,2025-10-27,2.0
ORD-102348,2025-10-22,2025-10-22,0.0
ORD-102349,2025-06-22,,
ORD-102350,2025-07-19,2025-07-19,0.0
ORD-102351,2024-11-08,2024-11-08,0.0
ORD-102352,2025-03-15,2025-03-18,3.0
ORD-102353,2025-06-20,2025-06-20,0.0
ORD-102354,2025-08-15,2025-08-15,0.0
ORD-102355,2025-10-23,2025-10-23,0.0
ORD-102356,2024-07-22,2024-07-24,2.0
ORD-102357,2024-10-26,2024-10-26,0.0
ORD-102358,2025-11-02,2025-11-02,0.0
ORD-102359,2024-11-17,2024-11-18,1.0
ORD-102360,2024-11-09,2024-11-10,1.0
ORD-102361,2024-10-27,2024-10-28,1.0
ORD-102362,2025-01-19,2025-01-21,2.0
ORD-102363,2025-12-09,2025-12-09,0.0
ORD-102364,2025-11-10,2025-11-10,0.0
ORD-102365,2025-01-16,2025-01-19,3.0
ORD-102366,2025-12-12,2025-12-12,0.0
ORD-102367,2025-02-19,,
ORD-102368,2025-10-25,2025-10-28,3.0
ORD-102369,2024-09-20,2024-09-20,0.0
ORD-102370,2024-08-12,2024-08-13,1.0
ORD-102371,2024-07-09,,
ORD-102372,2025-10-26,2025-10-27,1.0
ORD-102373,2025-07-19,2025-07-19,0.0
ORD-102374,2024-11-21,,
ORD-102375,2024-10-25,2024-10-26,1.0
ORD-102376,2025-10-21,2025-10-21,0.0
ORD-102377,2025-12-12,2025-12-13,1.0
ORD-102378,2025-03-26,2025-03-27,1.0
ORD-102379,2025-11-02,2025-11-03,1.0
ORD-102380,2025-09-17,2025-09-18,1.0
ORD-102381,2024-07-01,2024-07-02,1.0
ORD-102382,2024-11-10,2024-11-12,2.0
ORD-102383,2025-11-02,2025-11-02,0.0
ORD-102384,2025-07-07,2025-07-08,1.0
ORD-102385,2025-01-31,2025-02-01,1.0
ORD-102386,2025-11-17,2025-11-17,0.0
ORD-102387,2025-10-26,2025-10-26,0.0
ORD-102388,2025-01-12,2025-01-12,0.0
ORD-102389,2025-10-12,2025-10-13,1.0
ORD-102390,2025-01-11,,
ORD-102391,2025-10-25,2025-10-28,3.0
ORD-102392,2025-05-29,2025-05-31,2.0
ORD-102393,2024-10-08,2024-10-08,0.0
ORD-102394,2025-10-30,2025-10-31,1.0
ORD-102395,2024-07-20,2024-07-21,1.0
ORD-102396,2024-08-11,2024-08-11,0.0
ORD-102397,2025-09-03,2025-09-03,0.0
ORD-102398,2025-11-02,2025-11-02,0.0
ORD-102399,2024-10-23,2024-10-23,0.0
ORD-102400,2025-06-04,2025-06-05,1.0
ORD-102401,2024-06-11,2024-06-14,3.0
ORD-102402,2024-07-13,2024-07-13,0.0
ORD-102403,2025-12-09,2025-12-09,0.0
ORD-102404,2025-03-01,2025-03-01,0.0
ORD-102405,2025-05-10,2025-05-10,0.0
ORD-102406,2025-10-19,,
ORD-102407,2024-10-27,2024-10-27,0.0
ORD-102408,2025-07-22,2025-07-22,0.0
ORD-102409,2025-11-05,2025-11-05,0.0
ORD-102410,2025-04-30,2025-04-30,0.0
ORD-102411,2025-12-24,2025-12-25,1.0
ORD-102412,2024-11-20,2024-11-25,5.0
ORD-102413,2025-02-20,2025-02-20,0.0
ORD-102414,2025-04-23,,
ORD-102415,2025-09-30,2025-10-01,1.0
ORD-102416,2025-01-19,2025-01-19,0.0
ORD-102417,2025-02-09,2025-02-12,3.0
ORD-102418,2025-08-16,2025-08-18,2.0
ORD-102419,2025-07-31,2025-08-01,1.0
ORD-102420,2025-11-26,2025-11-27,1.0
ORD-102421,2025-12-16,,
ORD-102422,2025-05-23,,
ORD-102423,2025-01-04,2025-01-04,0.0
ORD-102424,2024-11-20,2024-11-20,0.0
ORD-102425,2024-11-15,2024-11-15,0.0
ORD-102426,2024-11-04,2024-11-06,2.0
ORD-102427,2025-09-23,2025-09-25,2.0
ORD-102428,2025-07-15,2025-07-15,0.0
ORD-102429,2025-03-14,2025-03-14,0.0
ORD-102430,2025-12-09,2025-12-09,0.0
ORD-102431,2025-10-31,2025-11-01,1.0
ORD-102432,2025-04-09,2025-04-09,0.0
ORD-102433,2025-05-03,2025-05-03,0.0
ORD-102434,2025-11-02,,
ORD-102435,2025-09-28,2025-09-30,2.0
ORD-102436,2025-05-29,2025-05-30,1.0
ORD-102437,2025-11-08,2025-11-08,0.0
ORD-102438,2025-06-06,2025-06-06,0.0
ORD-102439,2025-11-11,2025-11-11,0.0
ORD-102440,2025-08-10,2025-08-10,0.0
ORD-102441,2025-11-16,2025-11-18,2.0
ORD-102442,2024-10-28,2024-10-29,1.0
ORD-102443,2025-02-13,2025-02-13,0.0
ORD-102444,2025-09-13,,
ORD-102445,2024-10-22,2024-10-23,1.0
ORD-102446,2025-01-07,2025-01-10,3.0
ORD-102447,2025-01-04,2025-01-04,0.0
ORD-102448,2024-12-26,2024-12-28,2.0
ORD-102449,2025-12-01,2025-12-01,0.0
ORD-102450,2024-09-01,2024-09-03,2.0
ORD-102451,2024-09-25,2024-09-25,0.0
ORD-102452,2025-10-19,2025-10-19,0.0
ORD-102453,2024-11-03,2024-11-03,0.0
ORD-102454,2024-02-28,2024-02-28,0.0
ORD-102455,2025-04-03,2025-04-06,3.0
ORD-102456,2025-07-02,2025-07-02,0.0
ORD-102457,2025-04-13,2025-04-13,0.0
ORD-102458,2025-11-19,2025-11-19,0.0
ORD-102459,2025-12-12,2025-12-13,1.0
ORD-102460,2025-07-30,,
ORD-102461,2025-07-15,2025-07-15,0.0
ORD-102462,2025-12-02,2025-12-02,0.0
ORD-102463,2025-12-14,2025-12-16,2.0
ORD-102464,2025-04-05,2025-04-05,0.0
ORD-102465,2025-10-08,2025-10-09,1.0
ORD-102466,2024-11-08,2024-11-08,0.0
ORD-102467,2025-08-15,2025-08-17,2.0
ORD-102468,2025-12-25,2025-12-25,0.0
ORD-102469,2025-03-18,2025-03-18,0.0
ORD-102470,2025-06-27,2025-06-27,0.0
ORD-102471,2024-11-21,2024-11-21,0.0
ORD-102472,2025-06-09,2025-06-09,0.0
ORD-102473,2025-02-27,2025-02-27,0.0
ORD-102474,2025-09-07,2025-09-07,0.0
ORD-102475,2025-12-21,2025-12-21,0.0
ORD-102476,2025-02-11,2025-02-11,0.0
ORD-102477,2025-08-08,2025-08-08,0.0
ORD-102478,2025-11-23,2025-11-26,3.0
ORD-102479,2025-08-29,2025-08-30,1.0
ORD-102480,2025-11-01,2025-11-03,2.0
ORD-102481,2025-05-12,,
ORD-102482,2025-12-07,2025-12-07,0.0
ORD-102483,2025-03-01,2025-03-03,2.0
ORD-102484,2025-11-13,2025-11-13,0.0
ORD-102485,2025-10-18,2025-10-18,0.0
ORD-102486,2025-05-03,2025-05-03,0.0
ORD-102487,2025-08-08,2025-08-08,0.0
ORD-102488,2025-07-10,2025-07-11,1.0
ORD-102489,2025-03-31,2025-04-01,1.0
ORD-102490,2025-07-15,2025-07-15,0.0
ORD-102491,2024-10-26,2024-10-27,1.0
ORD-102492,2024-05-29,2024-05-29,0.0
ORD-102493,2025-05-28,2025-05-29,1.0
ORD-102494,2024-10-19,2024-10-19,0.0
ORD-102495,2025-08-01,2025-08-01,0.0
ORD-102496,2025-03-29,2025-03-29,0.0
ORD-102497,2025-05-06,2025-05-06,0.0
ORD-102498,2024-11-02,2024-11-02,0.0
ORD-102499,2024-12-30,2024-12-30,0.0
ORD-102500,2025-04-16,2025-04-16,0.0
ORD-102501,2024-10-30,,
ORD-102502,2025-12-17,2025-12-17,0.0
ORD-102503,2025-11-27,2025-11-30,3.0
ORD-102504,2025-09-22,2025-09-22,0.0
ORD-102505,2024-12-04,2024-12-04,0.0
ORD-102506,2025-08-22,2025-08-25,3.0
ORD-102507,2025-12-15,2025-12-15,0.0
ORD-102508,2025-05-19,,
ORD-102509,2025-10-19,,
ORD-102510,2025-09-10,2025-09-11,1.0
ORD-102511,2024-10-29,2024-10-29,0.0
ORD-102512,2025-11-25,2025-11-25,0.0
ORD-102513,2025-07-31,2025-08-01,1.0
ORD-102514,2025-01-18,2025-01-18,0.0
ORD-102515,2025-07-22,2025-07-24,2.0
ORD-102516,2025-05-24,2025-05-24,0.0
ORD-102517,2025-03-28,2025-03-31,3.0
ORD-102518,2025-07-30,,
ORD-102519,2025-07-12,,
ORD-102520,2025-11-05,2025-11-08,3.0
ORD-102521,2025-05-24,2025-05-24,0.0
ORD-102522,2025-03-23,2025-03-23,0.0
ORD-102523,2025-05-09,2025-05-09,0.0
ORD-102524,2024-12-08,2024-12-08,0.0
ORD-102525,2024-12-25,2024-12-25,0.0
ORD-102526,2024-12-18,2024-12-19,1.0
ORD-102527,2025-10-14,2025-10-14,0.0
ORD-102528,2024-10-18,2024-10-23,5.0
ORD-102529,2025-11-05,2025-11-05,0.0
ORD-102530,2025-10-02,2025-10-02,0.0
ORD-102531,2024-11-24,,
ORD-102532,2025-01-05,2025-01-05,0.0
ORD-102533,2025-12-12,,
ORD-102534,2025-06-24,2025-06-24,0.0
ORD-102535,2024-04-26,2024-04-26,0.0
ORD-102536,2024-08-24,2024-08-24,0.0
ORD-102537,2025-11-25,2025-11-25,0.0
ORD-102538,2024-08-29,2024-08-29,0.0
ORD-102539,2024-12-26,2024-12-26,0.0
ORD-102540,2025-08-17,2025-08-17,0.0
ORD-102541,2025-11-16,2025-11-16,0.0
ORD-102542,2025-03-29,2025-03-29,0.0
ORD-102543,2025-06-23,2025-06-23,0.0
ORD-102544,2025-12-21,2025-12-22,1.0
ORD-102545,2024-03-08,2024-03-08,0.0
ORD-102546,2025-10-18,2025-10-18,0.0
ORD-102547,2025-03-16,2025-03-16,0.0
ORD-102548,2025-10-14,,
ORD-102549,2025-09-05,2025-09-05,0.0
ORD-102550,2025-02-22,2025-02-22,0.0
ORD-102551,2025-11-10,,
ORD-102552,2025-08-26,2025-08-28,2.0
ORD-102553,2025-03-27,2025-03-27,0.0
ORD-102554,2025-08-17,2025-08-17,0.0
ORD-102555,2025-11-08,2025-11-08,0.0
ORD-102556,2024-04-30,2024-04-30,0.0
ORD-102557,2024-08-10,2024-08-12,2.0
ORD-102558,2025-11-15,2025-11-16,1.0
ORD-102559,2025-08-19,2025-08-19,0.0
ORD-102560,2025-06-07,2025-06-07,0.0
ORD-102561,2025-06-09,2025-06-11,2.0
ORD-102562,2024-10-09,2024-10-09,0.0
ORD-102563,2025-04-01,2025-04-01,0.0
ORD-102564,2024-10-31,2024-11-02,2.0
ORD-102565,2025-05-08,2025-05-08,0.0
ORD-102566,2025-03-23,2025-03-25,2.0
ORD-102567,2025-06-27,2025-06-27,0.0
ORD-102568,2025-10-25,2025-10-26,1.0
ORD-102569,2025-11-15,,
ORD-102570,2025-09-03,2025-09-03,0.0
ORD-102571,2025-06-25,2025-06-25,0.0
ORD-102572,2025-02-02,2025-02-02,0.0
ORD-102573,2025-07-23,2025-07-24,1.0
ORD-102574,2024-11-19,2024-11-21,2.0
ORD-102575,2025-08-29,2025-08-29,0.0
ORD-102576,2025-07-29,2025-07-29,0.0
ORD-102577,2025-07-11,2025-07-12,1.0
ORD-102578,2024-11-14,,
ORD-102579,2024-08-15,2024-08-15,0.0
ORD-102580,2025-02-01,2025-02-01,0.0
ORD-102581,2025-06-25,2025-06-25,0.0
ORD-102582,2025-01-25,2025-01-26,1.0
ORD-102583,2024-06-14,,
ORD-102584,2025-10-06,2025-10-09,3.0
ORD-102585,2025-02-19,2025-02-19,0.0
ORD-102586,2025-11-11,2025-11-13,2.0
ORD-102587,2025-11-07,,
ORD-102588,2025-10-22,2025-10-24,2.0
ORD-102589,2024-12-12,2024-12-12,0.0
ORD-102590,2024-12-01,2024-12-01,0.0
ORD-102591,2025-06-05,2025-06-05,0.0
ORD-102592,2025-10-23,2025-10-23,0.0
ORD-102593,2025-05-08,2025-05-08,0.0
ORD-102594,2025-04-04,2025-04-04,0.0
ORD-102595,2025-07-16,2025-07-18,2.0
ORD-102596,2025-05-02,2025-05-04,2.0
ORD-102597,2025-04-06,2025-04-08,2.0
ORD-102598,2025-11-24,2025-11-24,0.0
ORD-102599,2025-06-21,2025-06-22,1.0
ORD-102600,2025-07-27,2025-07-29,2.0
ORD-102601,2025-02-15,,
ORD-102602,2025-04-29,2025-04-29,0.0
ORD-102603,2025-11-16,2025-11-16,0.0
ORD-102604,2025-11-05,,
ORD-102605,2025-09-16,2025-09-17,1.0
ORD-102606,2025-04-23,2025-04-23,0.0
ORD-102607,2025-07-25,2025-07-26,1.0
ORD-102608,2025-08-14,2025-08-14,0.0
ORD-102609,2025-07-12,2025-07-13,1.0
ORD-102610,2025-06-29,2025-06-29,0.0
ORD-102611,2025-05-22,,
ORD-102612,2025-11-16,2025-11-18,2.0
ORD-102613,2025-08-09,2025-08-09,0.0
ORD-102614,2025-04-07,2025-04-07,0.0
ORD-102615,2024-11-01,2024-11-03,2.0
ORD-102616,2025-01-30,2025-01-31,1.0
ORD-102617,2025-12-12,2025-12-12,0.0
ORD-102618,2025-04-23,2025-04-25,2.0
ORD-102619,2025-09-21,2025-09-21,0.0
ORD-102620,2025-10-24,2025-10-25,1.0
ORD-102621,2024-10-20,2024-10-20,0.0
ORD-102622,2025-09-09,2025-09-09,0.0
ORD-102623,2025-10-14,2025-10-14,0.0
ORD-102624,2025-09-05,2025-09-05,0.0
ORD-102625,2025-11-05,2025-11-05,0.0
ORD-102626,2024-08-23,2024-08-24,1.0
ORD-102627,2025-03-29,2025-03-29,0.0
ORD-102628,2025-05-05,2025-05-05,0.0
ORD-102629,2025-08-19,2025-08-19,0.0
ORD-102630,2024-02-20,2024-02-20,0.0
ORD-102631,2025-04-11,2025-04-12,1.0
ORD-102632,2024-11-16,2024-11-16,0.0
ORD-102633,2025-09-16,2025-09-16,0.0
ORD-102634,2025-10-28,2025-10-28,0.0
ORD-102635,2024-08-20,2024-08-20,0.0
ORD-102636,2024-12-29,2024-12-29,0.0
ORD-102637,2025-06-30,2025-06-30,0.0
ORD-102638,2024-08-31,2024-08-31,0.0
ORD-102639,2025-10-25,2025-10-26,1.0
ORD-102640,2024-12-07,2024-12-07,0.0
ORD-102641,2025-05-30,2025-05-31,1.0
ORD-102642,2024-10-13,2024-10-13,0.0
ORD-102643,2025-04-14,2025-04-14,0.0
ORD-102644,2024-10-29,2024-10-29,0.0
ORD-102645,2025-11-08,2025-11-08,0.0
ORD-102646,2024-03-21,2024-03-21,0.0
ORD-102647,2025-08-05,2025-08-06,1.0
ORD-102648,2024-08-02,,
ORD-102649,2025-08-28,,
ORD-102650,2024-03-31,2024-04-01,1.0
ORD-102651,2025-10-12,2025-10-15,3.0
ORD-102652,2024-11-11,2024-11-11,0.0
ORD-102653,2025-01-10,2025-01-10,0.0
ORD-102654,2024-01-30,2024-01-30,0.0
ORD-102655,2025-04-12,2025-04-12,0.0
ORD-102656,2024-06-20,2024-06-20,0.0
ORD-102657,2024-12-20,,
ORD-102658,2025-01-27,2025-01-28,1.0
ORD-102659,2025-08-06,2025-08-06,0.0
ORD-102660,2025-11-14,2025-11-16,2.0
ORD-102661,2025-11-11,2025-11-13,2.0
ORD-102662,2024-11-07,2024-11-09,2.0
ORD-102663,2025-06-29,2025-06-29,0.0
ORD-102664,2025-06-22,2025-06-23,1.0
ORD-102665,2024-11-08,,
ORD-102666,2024-06-09,2024-06-09,0.0
ORD-102667,2024-11-03,2024-11-03,0.0
ORD-102668,2025-12-27,2025-12-28,1.0
ORD-102669,2025-08-06,2025-08-06,0.0
ORD-102670,2024-10-23,,
ORD-102671,2025-08-06,2025-08-06,0.0
ORD-102672,2025-06-13,,
ORD-102673,2025-08-04,2025-08-04,0.0
ORD-102674,2025-05-01,2025-05-02,1.0
ORD-102675,2025-09-21,2025-09-21,0.0
ORD-102676,2025-11-24,2025-11-24,0.0
ORD-102677,2025-01-12,2025-01-12,0.0
ORD-102678,2025-12-19,2025-12-19,0.0
ORD-102679,2024-12-07,2024-12-07,0.0
ORD-102680,2025-03-24,2025-03-24,0.0
ORD-102681,2025-11-02,,
ORD-102682,2024-10-20,2024-10-20,0.0
ORD-102683,2025-01-02,2025-01-02,0.0
ORD-102684,2025-04-26,2025-04-26,0.0
ORD-102685,2024-11-04,2024-11-04,0.0
ORD-102686,2025-10-08,2025-10-08,0.0
ORD-102687,2024-08-31,2024-08-31,0.0
ORD-102688,2025-01-06,2025-01-06,0.0
ORD-102689,2025-11-14,2025-11-14,0.0
ORD-102690,2025-01-19,2025-01-20,1.0
ORD-102691,2025-10-20,2025-10-21,1.0
ORD-102692,2025-04-10,2025-04-11,1.0
ORD-102693,2025-11-11,2025-11-11,0.0
ORD-102694,2024-07-25,2024-07-25,0.0
ORD-102695,2025-12-11,,
ORD-102696,2025-03-16,2025-03-16,0.0
ORD-102697,2025-08-21,2025-08-21,0.0
ORD-102698,2025-08-13,2025-08-14,1.0
ORD-102699,2024-08-31,2024-08-31,0.0
ORD-102700,2025-11-14,,
ORD-102701,2025-08-30,2025-08-30,0.0
ORD-102702,2024-11-11,2024-11-14,3.0
ORD-102703,2024-11-04,2024-11-04,0.0
ORD-102704,2025-04-25,2025-04-25,0.0
ORD-102705,2025-12-06,2025-12-06,0.0
ORD-102706,2025-11-13,2025-11-13,0.0
ORD-102707,2025-02-19,2025-02-19,0.0
ORD-102708,2025-10-24,2025-10-24,0.0
ORD-102709,2025-06-27,2025-06-29,2.0
ORD-102710,2025-10-24,2025-10-24,0.0
ORD-102711,2025-07-31,2025-08-03,3.0
ORD-102712,2024-10-26,2024-10-27,1.0
ORD-102713,2024-10-09,2024-10-11,2.0
ORD-102714,2024-10-19,2024-10-19,0.0
ORD-102715,2025-11-10,2025-11-10,0.0
ORD-102716,2024-11-16,,
ORD-102717,2025-02-28,,
ORD-102718,2024-09-16,2024-09-18,2.0
ORD-102719,2025-09-21,2025-09-21,0.0
ORD-102720,2025-12-07,2025-12-07,0.0
ORD-102721,2025-05-01,,
ORD-102722,2025-11-12,2025-11-12,0.0
ORD-102723,2025-11-13,,
ORD-102724,2025-08-15,,
ORD-102725,2025-10-24,2025-10-26,2.0
ORD-102726,2024-04-08,,
ORD-102727,2025-07-03,2025-07-04,1.0
ORD-102728,2025-10-05,,
ORD-102729,2025-10-26,2025-10-27,1.0
ORD-102730,2025-06-20,2025-06-20,0.0
ORD-102731,2025-04-09,2025-04-09,0.0
ORD-102732,2025-07-04,2025-07-04,0.0
ORD-102733,2025-11-01,2025-11-02,1.0
ORD-102734,2025-09-02,2025-09-03,1.0
ORD-102735,2025-03-20,2025-03-21,1.0
ORD-102736,2024-10-27,2024-10-27,0.0
ORD-102737,2025-10-18,2025-10-19,1.0
ORD-102738,2024-12-28,2024-12-28,0.0
ORD-102739,2025-11-07,2025-11-07,0.0
ORD-102740,2024-12-25,2024-12-25,0.0
ORD-102741,2024-11-11,2024-11-11,0.0
ORD-102742,2024-12-04,2024-12-04,0.0
ORD-102743,2025-12-30,2025-12-30,0.0
ORD-102744,2025-04-25,2025-04-25,0.0
ORD-102745,2025-03-25,2025-03-26,1.0
ORD-102746,2024-08-10,,
ORD-102747,2024-12-09,2024-12-11,2.0
ORD-102748,2025-12-18,2025-12-19,1.0
ORD-102749,2025-01-17,2025-01-17,0.0
ORD-102750,2025-08-06,,
ORD-102751,2025-04-09,,
ORD-102752,2025-11-18,2025-11-18,0.0
ORD-102753,2025-10-17,2025-10-17,0.0
ORD-102754,2025-02-20,2025-02-20,0.0
ORD-102755,2025-11-19,2025-11-19,0.0
ORD-102756,2025-07-26,2025-07-27,1.0
ORD-102757,2024-12-01,2024-12-01,0.0
ORD-102758,2024-12-20,2024-12-21,1.0
ORD-102759,2024-12-01,2024-12-02,1.0
ORD-102760,2025-08-20,2025-08-21,1.0
ORD-102761,2024-12-26,2024-12-27,1.0
ORD-102762,2025-08-03,2025-08-05,2.0
ORD-102763,2025-08-11,2025-08-11,0.0
ORD-102764,2025-01-10,2025-01-10,0.0
ORD-102765,2025-05-06,2025-05-06,0.0
ORD-102766,2024-04-29,2024-04-29,0.0
ORD-102767,2025-09-02,2025-09-04,2.0
ORD-102768,2025-10-22,2025-10-22,0.0
ORD-102769,2025-05-26,2025-05-26,0.0
ORD-102770,2025-08-19,2025-08-19,0.0
ORD-102771,2025-02-18,2025-02-19,1.0
ORD-102772,2025-08-09,2025-08-10,1.0
ORD-102773,2025-05-25,,
ORD-102774,2025-11-05,,
ORD-102775,2025-05-02,2025-05-02,0.0
ORD-102776,2025-09-07,2025-09-08,1.0
ORD-102777,2024-12-16,2024-12-16,0.0
ORD-102778,2025-03-14,2025-03-14,0.0
ORD-102779,2024-06-07,2024-06-09,2.0
ORD-102780,2024-12-23,2024-12-23,0.0
ORD-102781,2024-05-11,2024-05-11,0.0
ORD-102782,2024-12-03,2024-12-03,0.0
ORD-102783,2024-10-05,2024-10-06,1.0
ORD-102784,2025-06-11,2025-06-12,1.0
ORD-102785,2024-09-28,,
ORD-102786,2025-10-20,2025-10-21,1.0
ORD-102787,2025-10-29,,
ORD-102788,2025-11-13,2025-11-15,2.0
ORD-102789,2025-07-06,2025-07-07,1.0
ORD-102790,2025-10-22,2025-10-22,0.0
ORD-102791,2024-09-15,2024-09-15,0.0
ORD-102792,2024-11-22,2024-11-22,0.0
ORD-102793,2025-04-25,2025-04-26,1.0
ORD-102794,2024-08-16,2024-08-16,0.0
ORD-102795,2025-05-20,2025-05-20,0.0
ORD-102796,2025-02-01,2025-02-01,0.0
ORD-102797,2025-09-20,2025-09-23,3.0
ORD-102798,2024-06-06,2024-06-06,0.0
ORD-102799,2025-05-24,2025-05-24,0.0
ORD-102800,2025-03-22,,
ORD-102801,2025-09-24,,
ORD-102802,2025-11-05,2025-11-06,1.0
ORD-102803,2025-11-06,2025-11-08,2.0
ORD-102804,2025-11-06,2025-11-06,0.0
ORD-102805,2024-10-29,2024-10-29,0.0
ORD-102806,2024-11-05,2024-11-06,1.0
ORD-102807,2025-10-22,2025-10-23,1.0
ORD-102808,2025-02-26,2025-02-26,0.0
ORD-102809,2025-12-04,2025-12-05,1.0
ORD-102810,2025-01-09,2025-01-09,0.0
ORD-102811,2024-11-11,2024-11-12,1.0
ORD-102812,2024-08-29,2024-08-29,0.0
ORD-102813,2024-10-01,2024-10-01,0.0
ORD-102814,2025-01-27,2025-01-30,3.0
ORD-102815,2025-06-09,2025-06-10,1.0
ORD-102816,2025-12-05,2025-12-05,0.0
ORD-102817,2024-05-28,2024-05-28,0.0
ORD-102818,2024-11-05,2024-11-05,0.0
ORD-102819,2025-02-11,2025-02-11,0.0
ORD-102820,2025-10-22,2025-10-22,0.0
ORD-102821,2025-10-07,2025-10-07,0.0
ORD-102822,2025-10-24,2025-10-24,0.0
ORD-102823,2025-03-05,2025-03-07,2.0
ORD-102824,2025-02-17,2025-02-19,2.0
ORD-102825,2025-11-06,2025-11-06,0.0
ORD-102826,2024-09-10,2024-09-13,3.0
ORD-102827,2024-07-21,2024-07-21,0.0
ORD-102828,2025-09-15,2025-09-15,0.0
ORD-102829,2025-10-31,,
ORD-102830,2025-06-11,2025-06-11,0.0
ORD-102831,2025-12-10,2025-12-12,2.0
ORD-102832,2025-09-21,2025-09-21,0.0
ORD-102833,2024-10-29,2024-10-29,0.0
ORD-102834,2025-10-27,2025-10-27,0.0
ORD-102835,2025-01-10,2025-01-10,0.0
ORD-102836,2025-09-10,2025-09-12,2.0
ORD-102837,2025-07-31,,
ORD-102838,2025-04-02,2025-04-02,0.0
ORD-102839,2025-01-08,2025-01-09,1.0
ORD-102840,2024-06-23,2024-06-23,0.0
ORD-102841,2025-08-05,2025-08-06,1.0
ORD-102842,2024-03-05,2024-03-07,2.0
ORD-102843,2025-09-28,2025-09-28,0.0
ORD-102844,2025-09-04,2025-09-06,2.0
ORD-102845,2024-09-20,2024-09-22,2.0
ORD-102846,2025-12-21,2025-12-21,0.0
ORD-102847,2025-12-12,2025-12-12,0.0
ORD-102848,2025-11-28,2025-11-28,0.0
ORD-102849,2024-07-28,2024-07-28,0.0
ORD-102850,2025-04-28,2025-04-30,2.0
ORD-102851,2025-12-16,2025-12-16,0.0
ORD-102852,2025-11-07,2025-11-07,0.0
ORD-102853,2025-08-13,2025-08-13,0.0
ORD-102854,2025-04-26,2025-04-26,0.0
ORD-102855,2025-06-26,2025-06-26,0.0
ORD-102856,2025-05-30,2025-05-30,0.0
ORD-102857,2025-10-07,2025-10-07,0.0
ORD-102858,2025-09-15,2025-09-15,0.0
ORD-102859,2025-10-28,2025-10-28,0.0
ORD-102860,2025-05-03,2025-05-04,1.0
ORD-102861,2025-05-25,,
ORD-102862,2024-07-23,2024-07-23,0.0
ORD-102863,2025-02-27,2025-03-01,2.0
ORD-102864,2025-06-01,2025-06-01,0.0
ORD-102865,2024-08-25,2024-08-25,0.0
ORD-102866,2025-11-20,2025-11-20,0.0
ORD-102867,2025-10-22,,
ORD-102868,2025-05-15,,
ORD-102869,2026-01-02,2026-01-03,1.0
ORD-102870,2024-08-05,2024-08-05,0.0
ORD-102871,2025-11-10,2025-11-10,0.0
ORD-102872,2025-11-06,2025-11-07,1.0
ORD-102873,2025-03-21,2025-03-21,0.0
ORD-102874,2024-11-14,2024-11-14,0.0
ORD-102875,2025-02-12,2025-02-12,0.0
ORD-102876,2025-08-18,2025-08-18,0.0
ORD-102877,2024-10-22,2024-10-22,0.0
ORD-102878,2025-03-23,2025-03-23,0.0
ORD-102879,2025-02-21,2025-02-21,0.0
ORD-102880,2025-08-21,2025-08-21,0.0
ORD-102881,2025-03-14,2025-03-14,0.0
ORD-102882,2025-11-01,2025-11-01,0.0
ORD-102883,2025-04-05,2025-04-07,2.0
ORD-102884,2024-09-12,2024-09-13,1.0
ORD-102885,2025-06-25,2025-06-25,0.0
ORD-102886,2025-03-20,2025-03-20,0.0
ORD-102887,2025-10-09,2025-10-09,0.0
ORD-102888,2025-02-25,2025-02-27,2.0
ORD-102889,2024-09-24,2024-09-24,0.0
ORD-102890,2025-11-30,2025-11-30,0.0
ORD-102891,2025-11-01,2025-11-01,0.0
ORD-102892,2025-02-17,2025-02-20,3.0
ORD-102893,2025-11-08,2025-11-09,1.0
ORD-102894,2025-07-15,2025-07-15,0.0
ORD-102895,2024-11-09,2024-11-09,0.0
ORD-102896,2025-05-20,2025-05-20,0.0
ORD-102897,2025-04-08,2025-04-09,1.0
ORD-102898,2025-09-18,2025-09-18,0.0
ORD-102899,2025-03-05,2025-03-06,1.0
ORD-102900,2025-08-05,2025-08-06,1.0
ORD-102901,2025-01-05,2025-01-06,1.0
ORD-102902,2025-09-06,2025-09-06,0.0
ORD-102903,2025-02-18,2025-02-21,3.0
ORD-102904,2025-12-14,2025-12-15,1.0
ORD-102905,2025-06-02,2025-06-07,5.0
ORD-102906,2025-11-29,2025-12-01,2.0
ORD-102907,2025-11-08,2025-11-08,0.0
ORD-102908,2024-10-28,2024-10-28,0.0
ORD-102909,2025-11-02,2025-11-02,0.0
ORD-102910,2024-09-28,2024-10-01,3.0
ORD-102911,2025-10-29,2025-10-30,1.0
ORD-102912,2025-08-14,2025-08-15,1.0
ORD-102913,2025-10-19,2025-10-19,0.0
ORD-102914,2024-08-16,2024-08-16,0.0
ORD-102915,2025-09-25,2025-09-25,0.0
ORD-102916,2025-04-06,2025-04-08,2.0
ORD-102917,2024-03-07,2024-03-07,0.0
ORD-102918,2025-11-05,2025-11-05,0.0
ORD-102919,2025-10-30,2025-10-30,0.0
ORD-102920,2025-03-01,2025-03-01,0.0
ORD-102921,2024-11-20,2024-11-20,0.0
ORD-102922,2025-08-17,2025-08-19,2.0
ORD-102923,2025-08-17,2025-08-17,0.0
ORD-102924,2025-10-23,2025-10-23,0.0
ORD-102925,2025-02-20,2025-02-20,0.0
ORD-102926,2024-04-20,2024-04-20,0.0
ORD-102927,2025-10-03,2025-10-03,0.0
ORD-102928,2025-11-18,2025-11-19,1.0
ORD-102929,2025-05-07,2025-05-07,0.0
ORD-102930,2025-11-05,2025-11-07,2.0
ORD-102931,2025-09-09,2025-09-09,0.0
ORD-102932,2024-10-05,2024-10-05,0.0
ORD-102933,2024-12-19,2024-12-21,2.0
ORD-102934,2024-11-03,2024-11-03,0.0
ORD-102935,2025-05-28,2025-05-29,1.0
ORD-102936,2025-12-13,2025-12-16,3.0
ORD-102937,2025-10-18,2025-10-21,3.0
ORD-102938,2025-05-02,2025-05-02,0.0
ORD-102939,2024-11-15,2024-11-15,0.0
ORD-102940,2025-06-11,,
ORD-102941,2024-06-05,2024-06-08,3.0
ORD-102942,2025-11-20,2025-11-20,0.0
ORD-102943,2025-06-10,2025-06-11,1.0
ORD-102944,2025-07-05,2025-07-05,0.0
ORD-102945,2025-06-30,,
ORD-102946,2024-04-06,,
ORD-102947,2025-12-31,2025-12-31,0.0
ORD-102948,2024-05-01,2024-05-01,0.0
ORD-102949,2024-10-26,,
ORD-102950,2025-07-16,,
ORD-102951,2025-09-21,2025-09-21,0.0
ORD-102952,2025-11-19,,
ORD-102953,2025-02-12,2025-02-15,3.0
ORD-102954,2024-12-04,2024-12-05,1.0
ORD-102955,2025-06-27,2025-06-27,0.0
ORD-102956,2025-09-17,2025-09-18,1.0
ORD-102957,2025-02-15,2025-02-15,0.0
ORD-102958,2025-07-11,2025-07-11,0.0
ORD-102959,2025-07-30,2025-08-01,2.0
ORD-102960,2025-10-23,2025-10-23,0.0
ORD-102961,2025-11-12,2025-11-12,0.0
ORD-102962,2025-06-15,2025-06-15,0.0
ORD-102963,2025-10-29,2025-10-31,2.0
ORD-102964,2024-12-12,2024-12-13,1.0
ORD-102965,2025-01-02,2025-01-02,0.0
ORD-102966,2025-01-29,2025-02-01,3.0
ORD-102967,2025-09-09,2025-09-09,0.0
ORD-102968,2025-04-28,2025-04-28,0.0
ORD-102969,2024-09-19,2024-09-21,2.0
ORD-102970,2025-10-22,2025-10-22,0.0
ORD-102971,2025-11-09,2025-11-09,0.0
ORD-102972,2025-03-23,2025-03-23,0.0
ORD-102973,2025-06-30,,
ORD-102974,2025-10-03,2025-10-04,1.0
ORD-102975,2025-12-07,2025-12-07,0.0
ORD-102976,2025-02-15,2025-02-15,0.0
ORD-102977,2025-01-17,2025-01-19,2.0
ORD-102978,2024-10-24,2024-10-24,0.0
ORD-102979,2025-02-10,2025-02-12,2.0
ORD-102980,2025-07-04,2025-07-04,0.0
ORD-102981,2025-08-04,2025-08-04,0.0
ORD-102982,2024-09-13,2024-09-14,1.0
ORD-102983,2025-05-12,2025-05-13,1.0
ORD-102984,2025-10-23,2025-10-23,0.0
ORD-102985,2024-11-11,2024-11-12,1.0
ORD-102986,2025-08-26,,
ORD-102987,2025-08-29,2025-08-29,0.0
ORD-102988,2025-02-23,,
ORD-102989,2024-11-06,2024-11-06,0.0
ORD-102990,2025-11-04,2025-11-04,0.0
ORD-102991,2024-09-06,2024-09-06,0.0
ORD-102992,2025-11-07,2025-11-08,1.0
ORD-102993,2025-05-16,2025-05-16,0.0
ORD-102994,2025-12-30,,
ORD-102995,2025-11-09,2025-11-09,0.0
ORD-102996,2025-10-31,2025-11-03,3.0
ORD-102997,2024-09-17,2024-09-17,0.0
ORD-102998,2025-06-17,2025-06-18,1.0
ORD-102999,2024-10-29,2024-10-29,0.0
ORD-103000,2025-10-02,2025-10-02,0.0
ORD-103001,2025-05-09,2025-05-09,0.0
ORD-103002,2024-05-30,2024-06-02,3.0
ORD-103003,2025-07-30,2025-07-31,1.0
ORD-103004,2025-09-24,2025-09-24,0.0
ORD-103005,2024-11-23,2024-11-24,1.0
ORD-103006,2025-03-07,2025-03-08,1.0
ORD-103007,2025-10-31,2025-10-31,0.0
ORD-103008,2025-04-22,2025-04-22,0.0
ORD-103009,2025-11-22,2025-11-23,1.0
ORD-103010,2025-12-29,,
ORD-103011,2025-06-20,,
ORD-103012,2025-03-15,2025-03-18,3.0
ORD-103013,2025-02-06,2025-02-09,3.0
ORD-103014,2025-10-24,2025-10-24,0.0
ORD-103015,2025-01-03,2025-01-03,0.0
ORD-103016,2025-08-30,2025-08-31,1.0
ORD-103017,2025-04-02,2025-04-03,1.0
ORD-103018,2024-09-01,2024-09-01,0.0
ORD-103019,2024-03-31,2024-04-01,1.0
ORD-103020,2025-10-02,2025-10-02,0.0
ORD-103021,2025-05-08,2025-05-09,1.0
ORD-103022,2025-10-14,2025-10-14,0.0
ORD-103023,2025-11-18,2025-11-18,0.0
ORD-103024,2025-05-27,2025-05-28,1.0
ORD-103025,2025-10-26,,
ORD-103026,2024-04-06,,
ORD-103027,2024-11-18,2024-11-18,0.0
ORD-103028,2024-10-05,,
ORD-103029,2025-11-07,2025-11-08,1.0
ORD-103030,2024-05-09,2024-05-10,1.0
ORD-103031,2025-09-26,2025-09-27,1.0
ORD-103032,2025-11-11,2025-11-12,1.0
ORD-103033,2025-05-07,2025-05-09,2.0
ORD-103034,2024-11-02,2024-11-02,0.0
ORD-103035,2025-10-02,2025-10-02,0.0
ORD-103036,2025-08-02,2025-08-02,0.0
ORD-103037,2025-05-06,2025-05-06,0.0
ORD-103038,2024-11-17,2024-11-20,3.0
ORD-103039,2025-09-08,2025-09-09,1.0
ORD-103040,2024-12-17,2024-12-18,1.0
ORD-103041,2025-10-19,2025-10-19,0.0
ORD-103042,2024-09-01,2024-09-01,0.0
ORD-103043,2025-11-15,2025-11-15,0.0
ORD-103044,2025-01-05,2025-01-05,0.0
ORD-103045,2025-05-23,,
ORD-103046,2024-12-26,2024-12-29,3.0
ORD-103047,2025-11-04,,
ORD-103048,2025-06-27,2025-06-27,0.0
ORD-103049,2025-07-22,2025-07-22,0.0
ORD-103050,2025-12-21,2025-12-21,0.0
ORD-103051,2024-09-18,2024-09-18,0.0
ORD-103052,2025-10-14,2025-10-15,1.0
ORD-103053,2025-10-01,2025-10-01,0.0
ORD-103054,2024-11-10,2024-11-10,0.0
ORD-103055,2024-11-13,2024-11-15,2.0
ORD-103056,2025-11-17,2025-11-18,1.0
ORD-103057,2024-09-23,2024-09-24,1.0
ORD-103058,2024-10-27,,
ORD-103059,2025-10-23,2025-10-24,1.0
ORD-103060,2025-11-08,2025-11-09,1.0
ORD-103061,2025-04-25,2025-04-25,0.0
ORD-103062,2025-03-29,2025-03-29,0.0
ORD-103063,2024-11-28,2024-11-28,0.0
ORD-103064,2025-09-16,2025-09-16,0.0
ORD-103065,2025-08-19,2025-08-21,2.0
ORD-103066,2025-09-04,2025-09-04,0.0
ORD-103067,2025-01-15,2025-01-15,0.0
ORD-103068,2024-08-18,2024-08-19,1.0
ORD-103069,2025-06-02,2025-06-04,2.0
ORD-103070,2025-04-22,2025-04-24,2.0
ORD-103071,2025-04-17,,
ORD-103072,2025-08-14,,
ORD-103073,2025-02-22,2025-02-22,0.0
ORD-103074,2025-09-09,,
ORD-103075,2025-11-02,2025-11-03,1.0
ORD-103076,2025-01-29,2025-01-30,1.0
ORD-103077,2024-12-21,2024-12-21,0.0
ORD-103078,2025-09-16,2025-09-16,0.0
ORD-103079,2024-05-09,2024-05-09,0.0
ORD-103080,2025-07-28,2025-07-29,1.0
ORD-103081,2025-10-27,2025-10-29,2.0
ORD-103082,2025-01-03,2025-01-04,1.0
ORD-103083,2025-10-20,2025-10-22,2.0
ORD-103084,2025-11-26,2025-11-26,0.0
ORD-103085,2025-01-02,2025-01-04,2.0
ORD-103086,2025-10-10,2025-10-10,0.0
ORD-103087,2025-07-30,2025-07-30,0.0
ORD-103088,2025-11-04,2025-11-04,0.0
ORD-103089,2025-06-03,,
ORD-103090,2025-12-09,2025-12-09,0.0
ORD-103091,2025-10-17,2025-10-17,0.0
ORD-103092,2024-11-22,2024-11-23,1.0
ORD-103093,2025-08-04,,
ORD-103094,2025-06-17,2025-06-22,5.0
ORD-103095,2025-10-23,2025-10-24,1.0
ORD-103096,2025-01-23,2025-01-24,1.0
ORD-103097,2025-12-23,2025-12-23,0.0
ORD-103098,2025-05-11,2025-05-11,0.0
ORD-103099,2025-12-03,2025-12-04,1.0
ORD-103100,2024-10-17,2024-10-19,2.0
ORD-103101,2024-10-04,2024-10-09,5.0
ORD-103102,2024-11-10,2024-11-10,0.0
ORD-103103,2025-05-21,2025-05-21,0.0
ORD-103104,2025-04-07,2025-04-07,0.0
ORD-103105,2025-07-14,2025-07-15,1.0
ORD-103106,2025-11-19,2025-11-21,2.0
ORD-103107,2024-12-03,2024-12-03,0.0
ORD-103108,2025-02-05,2025-02-05,0.0
ORD-103109,2025-11-21,2025-11-22,1.0
ORD-103110,2025-01-08,,
ORD-103111,2024-09-06,,
ORD-103112,2025-09-05,2025-09-05,0.0
ORD-103113,2025-06-23,,
ORD-103114,2025-05-01,2025-05-01,0.0
ORD-103115,2025-10-26,2025-10-26,0.0
ORD-103116,2024-11-03,2024-11-03,0.0
ORD-103117,2025-09-21,2025-09-21,0.0
ORD-103118,2025-01-20,2025-01-21,1.0
ORD-103119,2025-08-06,2025-08-06,0.0
ORD-103120,2025-07-12,2025-07-13,1.0
ORD-103121,2024-02-02,2024-02-02,0.0
ORD-103122,2024-04-27,2024-04-27,0.0
ORD-103123,2025-01-04,2025-01-04,0.0
ORD-103124,2025-09-15,2025-09-16,1.0
ORD-103125,2025-11-04,2025-11-05,1.0
ORD-103126,2025-06-11,2025-06-13,2.0
ORD-103127,2025-12-01,2025-12-03,2.0
ORD-103128,2024-05-31,2024-06-01,1.0
ORD-103129,2025-11-12,2025-11-12,0.0
ORD-103130,2025-09-22,2025-09-23,1.0
ORD-103131,2024-11-02,,
ORD-103132,2024-09-16,2024-09-18,2.0
ORD-103133,2025-04-11,2025-04-12,1.0
ORD-103134,2024-12-22,2024-12-22,0.0
ORD-103135,2025-02-16,2025-02-16,0.0
ORD-103136,2025-03-31,2025-03-31,0.0
ORD-103137,2025-08-24,2025-08-25,1.0
ORD-103138,2025-01-25,2025-01-26,1.0
ORD-103139,2025-11-10,2025-11-10,0.0
ORD-103140,2025-11-08,2025-11-08,0.0
ORD-103141,2024-12-29,2024-12-30,1.0
ORD-103142,2025-09-27,2025-09-27,0.0
ORD-103143,2025-10-26,2025-10-28,2.0
ORD-103144,2024-06-11,2024-06-11,0.0
ORD-103145,2025-11-27,2025-11-29,2.0
ORD-103146,2025-11-10,2025-11-10,0.0
ORD-103147,2024-08-28,2024-08-30,2.0
ORD-103148,2024-11-26,2024-11-26,0.0
ORD-103149,2024-10-22,2024-10-22,0.0
ORD-103150,2024-10-24,2024-10-25,1.0
ORD-103151,2024-07-20,2024-07-23,3.0
ORD-103152,2025-05-19,2025-05-20,1.0
ORD-103153,2025-03-31,2025-03-31,0.0
ORD-103154,2025-12-18,2025-12-19,1.0
ORD-103155,2024-09-20,2024-09-21,1.0
ORD-103156,2025-10-18,2025-10-18,0.0
ORD-103157,2024-10-30,2024-10-30,0.0
ORD-103158,2024-08-31,2024-09-02,2.0
ORD-103159,2025-05-08,2025-05-10,2.0
ORD-103160,2024-11-06,2024-11-06,0.0
ORD-103161,2025-09-12,2025-09-12,0.0
ORD-103162,2024-03-19,2024-03-20,1.0
ORD-103163,2025-05-22,2025-05-22,0.0
ORD-103164,2024-11-16,2024-11-16,0.0
ORD-103165,2024-06-20,,
ORD-103166,2025-12-09,2025-12-12,3.0
ORD-103167,2025-02-14,2025-02-14,0.0
ORD-103168,2024-09-21,2024-09-21,0.0
ORD-103169,2025-08-22,2025-08-25,3.0
ORD-103170,2024-10-27,2024-10-28,1.0
ORD-103171,2025-01-11,2025-01-11,0.0
ORD-103172,2025-12-06,2025-12-06,0.0
ORD-103173,2024-09-03,2024-09-06,3.0
ORD-103174,2025-03-29,2025-03-29,0.0
ORD-103175,2024-12-19,2024-12-19,0.0
ORD-103176,2025-09-23,2025-09-23,0.0
ORD-103177,2024-03-09,2024-03-11,2.0
ORD-103178,2025-01-28,2025-01-28,0.0
ORD-103179,2024-12-26,2024-12-26,0.0
ORD-103180,2024-10-17,2024-10-19,2.0
ORD-103181,2025-06-26,2025-06-26,0.0
ORD-103182,2025-04-20,2025-04-23,3.0
ORD-103183,2025-03-24,2025-03-24,0.0
ORD-103184,2024-10-19,2024-10-19,0.0
ORD-103185,2024-10-13,2024-10-14,1.0
ORD-103186,2025-11-01,2025-11-01,0.0
ORD-103187,2025-01-31,2025-02-01,1.0
ORD-103188,2025-06-20,2025-06-20,0.0
ORD-103189,2025-02-03,,
ORD-103190,2024-08-20,2024-08-20,0.0
ORD-103191,2025-02-07,2025-02-07,0.0
ORD-103192,2024-09-04,2024-09-04,0.0
ORD-103193,2025-04-20,2025-04-20,0.0
ORD-103194,2025-06-11,2025-06-11,0.0
ORD-103195,2024-10-09,2024-10-09,0.0
ORD-103196,2025-11-10,2025-11-11,1.0
ORD-103197,2025-01-01,,
ORD-103198,2025-11-06,2025-11-07,1.0
ORD-103199,2025-03-18,2025-03-19,1.0
ORD-103200,2025-12-27,2025-12-28,1.0
ORD-103201,2025-08-13,2025-08-13,0.0
ORD-103202,2025-02-03,2025-02-04,1.0
ORD-103203,2025-11-06,2025-11-07,1.0
ORD-103204,2025-07-12,2025-07-12,0.0
ORD-103205,2024-11-13,2024-11-13,0.0
ORD-103206,2025-12-10,2025-12-10,0.0
ORD-103207,2024-09-16,2024-09-16,0.0
ORD-103208,2025-08-01,2025-08-01,0.0
ORD-103209,2025-12-31,,
ORD-103210,2025-11-12,2025-11-12,0.0
ORD-103211,2024-10-24,2024-10-24,0.0
ORD-103212,2025-12-03,2025-12-03,0.0
ORD-103213,2025-01-26,2025-01-26,0.0
ORD-103214,2025-05-24,2025-05-24,0.0
ORD-103215,2025-01-08,2025-01-10,2.0
ORD-103216,2025-10-23,2025-10-24,1.0
ORD-103217,2025-10-31,2025-11-05,5.0
ORD-103218,2025-01-28,2025-01-28,0.0
ORD-103219,2024-11-18,2024-11-18,0.0
ORD-103220,2024-11-09,2024-11-11,2.0
ORD-103221,2025-11-27,2025-11-27,0.0
ORD-103222,2024-12-02,2024-12-03,1.0
ORD-103223,2025-08-15,2025-08-16,1.0
ORD-103224,2024-06-10,2024-06-10,0.0
ORD-103225,2025-07-26,2025-07-26,0.0
ORD-103226,2024-06-06,2024-06-07,1.0
ORD-103227,2025-11-15,2025-11-15,0.0
ORD-103228,2025-02-26,2025-02-26,0.0
ORD-103229,2024-11-28,2024-11-28,0.0
ORD-103230,2025-12-12,2025-12-12,0.0
ORD-103231,2024-11-15,2024-11-15,0.0
ORD-103232,2025-02-11,2025-02-12,1.0
ORD-103233,2024-08-01,2024-08-01,0.0
ORD-103234,2025-10-30,2025-10-30,0.0
ORD-103235,2024-11-12,2024-11-13,1.0
ORD-103236,2025-08-19,2025-08-19,0.0
ORD-103237,2025-11-09,,
ORD-103238,2025-05-16,2025-05-17,1.0
ORD-103239,2025-03-23,2025-03-23,0.0
ORD-103240,2025-08-21,2025-08-21,0.0
ORD-103241,2024-10-25,2024-10-25,0.0
ORD-103242,2025-02-22,2025-02-22,0.0
ORD-103243,2024-11-13,2024-11-14,1.0
ORD-103244,2025-07-27,2025-07-27,0.0
ORD-103245,2025-09-03,2025-09-03,0.0
ORD-103246,2024-12-31,2024-12-31,0.0
ORD-103247,2025-03-19,2025-03-20,1.0
ORD-103248,2025-11-03,2025-11-03,0.0
ORD-103249,2025-10-23,2025-10-23,0.0
ORD-103250,2025-02-14,2025-02-14,0.0
ORD-103251,2025-12-07,2025-12-07,0.0
ORD-103252,2025-11-12,2025-11-12,0.0
ORD-103253,2025-11-04,,
ORD-103254,2024-04-24,2024-04-24,0.0
ORD-103255,2024-09-13,2024-09-15,2.0
ORD-103256,2024-11-07,2024-11-07,0.0
ORD-103257,2025-10-18,2025-10-18,0.0
ORD-103258,2025-10-28,2025-10-28,0.0
ORD-103259,2025-08-16,2025-08-16,0.0
ORD-103260,2025-05-02,2025-05-03,1.0
ORD-103261,2025-11-12,2025-11-12,0.0
ORD-103262,2024-06-14,2024-06-14,0.0
ORD-103263,2025-06-28,2025-06-30,2.0
ORD-103264,2025-12-29,2025-12-29,0.0
ORD-103265,2024-10-21,2024-10-21,0.0
ORD-103266,2025-04-14,2025-04-15,1.0
ORD-103267,2025-09-28,2025-09-28,0.0
ORD-103268,2025-06-01,2025-06-01,0.0
ORD-103269,2025-10-16,2025-10-16,0.0
ORD-103270,2025-04-20,2025-04-20,0.0
ORD-103271,2025-02-24,2025-02-25,1.0
ORD-103272,2025-11-29,,
ORD-103273,2025-05-15,2025-05-16,1.0
ORD-103274,2025-09-13,2025-09-13,0.0
ORD-103275,2024-10-29,,
ORD-103276,2025-10-01,2025-10-01,0.0
ORD-103277,2025-04-18,2025-04-19,1.0
ORD-103278,2025-09-17,2025-09-17,0.0
ORD-103279,2025-07-12,2025-07-15,3.0
ORD-103280,2025-06-18,2025-06-18,0.0
ORD-103281,2025-06-24,2025-06-24,0.0
ORD-103282,2025-11-03,2025-11-03,0.0
ORD-103283,2024-11-08,,
ORD-103284,2024-04-02,2024-04-02,0.0
ORD-103285,2025-03-02,2025-03-04,2.0
ORD-103286,2025-08-01,2025-08-02,1.0
ORD-103287,2025-11-01,2025-11-02,1.0
ORD-103288,2024-09-30,2024-09-30,0.0
ORD-103289,2025-09-12,2025-09-12,0.0
ORD-103290,2025-04-29,2025-04-29,0.0
ORD-103291,2025-03-09,2025-03-09,0.0
ORD-103292,2024-10-21,2024-10-21,0.0
ORD-103293,2025-01-04,2025-01-04,0.0
ORD-103294,2024-07-12,2024-07-13,1.0
ORD-103295,2025-11-28,2025-11-29,1.0
ORD-103296,2025-11-21,2025-11-22,1.0
ORD-103297,2024-12-15,2024-12-15,0.0
ORD-103298,2024-08-23,2024-08-23,0.0
ORD-103299,2025-12-29,2025-12-29,0.0
ORD-103300,2024-12-16,2024-12-16,0.0
ORD-103301,2025-05-05,2025-05-06,1.0
ORD-103302,2025-04-08,2025-04-08,0.0
ORD-103303,2024-11-17,2024-11-18,1.0
ORD-103304,2025-10-28,2025-10-29,1.0
ORD-103305,2024-10-16,2024-10-16,0.0
ORD-103306,2025-12-31,2025-12-31,0.0
ORD-103307,2025-12-18,2025-12-18,0.0
ORD-103308,2025-02-01,2025-02-06,5.0
ORD-103309,2025-06-23,2025-06-23,0.0
ORD-103310,2025-02-08,2025-02-08,0.0
ORD-103311,2024-09-22,2024-09-23,1.0
ORD-103312,2025-10-27,2025-10-28,1.0
ORD-103313,2024-11-13,2024-11-13,0.0
ORD-103314,2025-01-31,2025-02-01,1.0
ORD-103315,2025-08-24,,
ORD-103316,2024-05-06,2024-05-06,0.0
ORD-103317,2024-06-30,2024-06-30,0.0
ORD-103318,2025-08-17,2025-08-17,0.0
ORD-103319,2024-11-14,2024-11-14,0.0
ORD-103320,2024-11-24,2024-11-24,0.0
ORD-103321,2025-12-30,2026-01-04,5.0
ORD-103322,2025-03-24,2025-03-24,0.0
ORD-103323,2025-12-10,2025-12-10,0.0
ORD-103324,2025-09-28,2025-10-01,3.0
ORD-103325,2024-12-16,2024-12-17,1.0
ORD-103326,2024-12-13,2024-12-14,1.0
ORD-103327,2025-06-30,2025-06-30,0.0
ORD-103328,2025-12-31,2025-12-31,0.0
ORD-103329,2025-03-18,2025-03-18,0.0
ORD-103330,2025-09-13,2025-09-15,2.0
ORD-103331,2025-12-06,2025-12-08,2.0
ORD-103332,2025-07-30,2025-07-31,1.0
ORD-103333,2025-07-01,2025-07-01,0.0
ORD-103334,2025-06-04,2025-06-04,0.0
ORD-103335,2024-10-03,2024-10-03,0.0
ORD-103336,2025-05-30,2025-05-31,1.0
ORD-103337,2025-03-21,,
ORD-103338,2025-05-07,2025-05-07,0.0
ORD-103339,2025-10-30,,
ORD-103340,2025-12-01,2025-12-01,0.0
ORD-103341,2025-04-28,2025-04-28,0.0
ORD-103342,2025-02-19,2025-02-21,2.0
ORD-103343,2025-03-15,,
ORD-103344,2024-12-25,2024-12-25,0.0
ORD-103345,2025-11-09,2025-11-12,3.0
ORD-103346,2025-10-16,2025-10-17,1.0
ORD-103347,2025-02-21,2025-02-22,1.0
ORD-103348,2025-09-02,,
ORD-103349,2024-10-21,2024-10-22,1.0
ORD-103350,2025-12-23,2025-12-23,0.0
ORD-103351,2025-11-18,2025-11-18,0.0
ORD-103352,2025-10-12,2025-10-12,0.0
ORD-103353,2025-10-18,2025-10-21,3.0
ORD-103354,2025-11-29,2025-11-29,0.0
ORD-103355,2024-12-31,2024-12-31,0.0
ORD-103356,2025-07-07,2025-07-07,0.0
ORD-103357,2025-02-19,2025-02-19,0.0
ORD-103358,2024-10-23,2024-10-24,1.0
ORD-103359,2025-10-03,2025-10-03,0.0
ORD-103360,2025-04-06,2025-04-06,0.0
ORD-103361,2024-12-31,2024-12-31,0.0
ORD-103362,2025-11-18,2025-11-18,0.0
ORD-103363,2025-01-28,2025-01-30,2.0
ORD-103364,2025-07-19,2025-07-19,0.0
ORD-103365,2025-06-02,2025-06-03,1.0
ORD-103366,2025-09-28,2025-09-29,1.0
ORD-103367,2025-07-14,2025-07-15,1.0
ORD-103368,2025-07-06,2025-07-06,0.0
ORD-103369,2025-11-03,2025-11-03,0.0
ORD-103370,2025-11-15,,
ORD-103371,2025-07-05,2025-07-06,1.0
ORD-103372,2025-06-06,,
ORD-103373,2024-09-16,2024-09-16,0.0
ORD-103374,2024-09-19,2024-09-20,1.0
ORD-103375,2025-09-13,2025-09-13,0.0
ORD-103376,2025-11-03,2025-11-03,0.0
ORD-103377,2025-10-21,,
ORD-103378,2025-11-04,2025-11-06,2.0
ORD-103379,2025-11-08,,
ORD-103380,2025-12-18,2025-12-18,0.0
ORD-103381,2025-10-03,2025-10-03,0.0
ORD-103382,2024-12-13,2024-12-13,0.0
ORD-103383,2025-10-25,2025-10-25,0.0
ORD-103384,2025-07-13,2025-07-15,2.0
ORD-103385,2024-05-21,2024-05-23,2.0
ORD-103386,2025-08-11,2025-08-12,1.0
ORD-103387,2024-12-20,2024-12-20,0.0
ORD-103388,2025-01-26,2025-01-26,0.0
ORD-103389,2025-02-26,2025-02-26,0.0
ORD-103390,2025-04-08,2025-04-08,0.0
ORD-103391,2024-05-16,2024-05-16,0.0
ORD-103392,2024-03-25,2024-03-26,1.0
ORD-103393,2025-06-08,2025-06-10,2.0
ORD-103394,2025-05-10,2025-05-12,2.0
ORD-103395,2024-12-09,2024-12-09,0.0
ORD-103396,2025-11-15,2025-11-15,0.0
ORD-103397,2025-10-06,2025-10-08,2.0
ORD-103398,2025-02-19,2025-02-19,0.0
ORD-103399,2025-03-08,,
ORD-103400,2025-08-31,2025-09-02,2.0
ORD-103401,2025-12-23,2025-12-23,0.0
ORD-103402,2024-12-01,2024-12-03,2.0
ORD-103403,2025-07-13,2025-07-13,0.0
ORD-103404,2024-08-26,,
ORD-103405,2025-12-11,2025-12-12,1.0
ORD-103406,2024-12-07,,
ORD-103407,2025-03-02,2025-03-02,0.0
ORD-103408,2025-09-20,2025-09-20,0.0
ORD-103409,2025-09-06,2025-09-06,0.0
ORD-103410,2025-11-02,2025-11-02,0.0
ORD-103411,2025-08-26,2025-08-26,0.0
ORD-103412,2025-06-27,2025-06-27,0.0
ORD-103413,2024-12-08,2024-12-08,0.0
ORD-103414,2025-10-02,2025-10-02,0.0
ORD-103415,2025-10-29,2025-10-29,0.0
ORD-103416,2025-11-24,2025-11-24,0.0
ORD-103417,2025-07-23,2025-07-23,0.0
ORD-103418,2025-03-16,2025-03-16,0.0
ORD-103419,2025-11-15,2025-11-16,1.0
ORD-103420,2024-09-02,2024-09-03,1.0
ORD-103421,2025-08-23,2025-08-23,0.0
ORD-103422,2025-02-24,2025-02-24,0.0
ORD-103423,2024-09-26,2024-09-26,0.0
ORD-103424,2025-10-22,2025-10-22,0.0
ORD-103425,2025-10-07,2025-10-07,0.0
ORD-103426,2024-11-29,2024-11-30,1.0
ORD-103427,2025-07-05,,
ORD-103428,2024-07-09,2024-07-09,0.0
ORD-103429,2025-04-03,2025-04-04,1.0
ORD-103430,2025-05-04,2025-05-04,0.0
ORD-103431,2025-05-24,2025-05-25,1.0
ORD-103432,2025-05-22,2025-05-23,1.0
ORD-103433,2025-06-02,2025-06-02,0.0
ORD-103434,2025-09-29,2025-09-30,1.0
ORD-103435,2025-08-07,2025-08-07,0.0
ORD-103436,2025-04-06,2025-04-06,0.0
ORD-103437,2025-08-19,2025-08-19,0.0
ORD-103438,2025-10-31,2025-11-01,1.0
ORD-103439,2024-09-16,2024-09-16,0.0
ORD-103440,2025-08-29,2025-08-29,0.0
ORD-103441,2025-08-01,2025-08-01,0.0
ORD-103442,2025-09-16,2025-09-17,1.0
ORD-103443,2025-06-27,2025-06-28,1.0
ORD-103444,2025-11-22,2025-11-22,0.0
ORD-103445,2024-11-10,2024-11-13,3.0
ORD-103446,2025-11-09,2025-11-10,1.0
ORD-103447,2025-10-20,2025-10-20,0.0
ORD-103448,2025-05-19,2025-05-20,1.0
ORD-103449,2024-10-22,2024-10-22,0.0
ORD-103450,2025-01-13,2025-01-13,0.0
ORD-103451,2025-10-19,2025-10-19,0.0
ORD-103452,2025-07-13,2025-07-14,1.0
ORD-103453,2025-12-12,2025-12-12,0.0
ORD-103454,2025-03-15,2025-03-18,3.0
ORD-103455,2025-07-16,2025-07-16,0.0
ORD-103456,2025-05-26,,
ORD-103457,2025-08-20,2025-08-20,0.0
ORD-103458,2024-08-20,2024-08-21,1.0
ORD-103459,2025-07-28,2025-07-28,0.0
ORD-103460,2025-01-24,2025-01-24,0.0
ORD-103461,2025-11-14,2025-11-14,0.0
ORD-103462,2025-10-23,2025-10-24,1.0
ORD-103463,2025-12-27,2025-12-27,0.0
ORD-103464,2025-04-02,2025-04-02,0.0
ORD-103465,2025-03-20,2025-03-20,0.0
ORD-103466,2025-03-19,2025-03-21,2.0
ORD-103467,2025-06-15,2025-06-15,0.0
ORD-103468,2025-10-30,2025-10-30,0.0
ORD-103469,2025-09-22,2025-09-22,0.0
ORD-103470,2025-08-19,,
ORD-103471,2024-08-02,2024-08-02,0.0
ORD-103472,2025-06-07,2025-06-07,0.0
ORD-103473,2025-10-30,,
ORD-103474,2025-12-04,,
ORD-103475,2025-06-11,2025-06-12,1.0
ORD-103476,2025-05-17,2025-05-17,0.0
ORD-103477,2025-09-20,2025-09-21,1.0
ORD-103478,2025-11-04,2025-11-04,0.0
ORD-103479,2025-10-30,2025-10-31,1.0
ORD-103480,2025-04-04,,
ORD-103481,2025-07-14,2025-07-14,0.0
ORD-103482,2025-11-24,2025-11-24,0.0
ORD-103483,2025-08-13,2025-08-13,0.0
ORD-103484,2024-07-29,2024-07-29,0.0
ORD-103485,2025-05-13,2025-05-14,1.0
ORD-103486,2024-05-10,2024-05-15,5.0
ORD-103487,2025-12-25,2025-12-26,1.0
ORD-103488,2025-06-22,2025-06-22,0.0
ORD-103489,2024-06-18,2024-06-18,0.0
ORD-103490,2024-04-12,2024-04-13,1.0
ORD-103491,2025-11-29,2025-11-29,0.0
ORD-103492,2025-12-07,2025-12-07,0.0
ORD-103493,2024-11-13,2024-11-15,2.0
ORD-103494,2025-06-28,2025-06-28,0.0
ORD-103495,2024-05-14,2024-05-14,0.0
ORD-103496,2025-04-02,2025-04-02,0.0
ORD-103497,2025-12-14,2025-12-14,0.0
ORD-103498,2025-10-27,2025-10-28,1.0
ORD-103499,2024-11-06,2024-11-06,0.0
ORD-103500,2025-07-21,2025-07-22,1.0
ORD-103501,2025-07-01,,
ORD-103502,2025-11-02,2025-11-03,1.0
ORD-103503,2025-12-22,2025-12-22,0.0
ORD-103504,2025-06-26,2025-06-26,0.0
ORD-103505,2025-01-08,2025-01-08,0.0
ORD-103506,2024-03-10,2024-03-12,2.0
ORD-103507,2024-11-23,2024-11-26,3.0
ORD-103508,2025-03-19,2025-03-19,0.0
ORD-103509,2025-03-15,2025-03-15,0.0
ORD-103510,2025-05-21,2025-05-21,0.0
ORD-103511,2025-12-15,2025-12-15,0.0
ORD-103512,2025-11-12,2025-11-12,0.0
ORD-103513,2024-12-25,2024-12-25,0.0
ORD-103514,2025-11-02,2025-11-02,0.0
ORD-103515,2024-09-27,,
ORD-103516,2025-10-18,2025-10-18,0.0
ORD-103517,2024-11-21,2024-11-21,0.0
ORD-103518,2024-11-23,2024-11-23,0.0
ORD-103519,2025-08-30,2025-08-30,0.0
ORD-103520,2024-07-23,2024-07-23,0.0
ORD-103521,2024-09-25,2024-09-25,0.0
ORD-103522,2025-06-14,2025-06-15,1.0
ORD-103523,2025-09-23,2025-09-24,1.0
ORD-103524,2025-11-02,,
ORD-103525,2025-11-15,2025-11-15,0.0
ORD-103526,2025-06-17,2025-06-17,0.0
ORD-103527,2025-10-26,2025-10-26,0.0
ORD-103528,2025-05-23,2025-05-24,1.0
ORD-103529,2024-10-20,2024-10-20,0.0
ORD-103530,2024-10-21,2024-10-21,0.0
ORD-103531,2024-10-12,2024-10-12,0.0
ORD-103532,2025-07-30,2025-08-01,2.0
ORD-103533,2025-10-20,2025-10-20,0.0
ORD-103534,2024-09-15,2024-09-17,2.0
ORD-103535,2025-06-16,2025-06-16,0.0
ORD-103536,2024-03-31,2024-04-01,1.0
ORD-103537,2024-11-11,2024-11-11,0.0
ORD-103538,2024-09-15,2024-09-17,2.0
ORD-103539,2025-02-25,2025-02-25,0.0
ORD-103540,2025-04-25,2025-04-28,3.0
ORD-103541,2025-09-29,,
ORD-103542,2024-10-05,2024-10-05,0.0
ORD-103543,2024-10-19,2024-10-19,0.0
ORD-103544,2025-12-06,2025-12-06,0.0
ORD-103545,2025-06-06,2025-06-06,0.0
ORD-103546,2025-08-23,2025-08-23,0.0
ORD-103547,2025-10-25,2025-10-25,0.0
ORD-103548,2025-08-07,2025-08-07,0.0
ORD-103549,2025-11-29,2025-11-29,0.0
ORD-103550,2024-11-11,2024-11-12,1.0
ORD-103551,2025-11-30,2025-12-01,1.0
ORD-103552,2024-10-28,2024-10-28,0.0
ORD-103553,2024-11-21,2024-11-24,3.0
ORD-103554,2025-10-12,2025-10-12,0.0
ORD-103555,2025-02-27,2025-02-27,0.0
ORD-103556,2025-07-13,2025-07-14,1.0
ORD-103557,2024-12-26,2024-12-29,3.0
ORD-103558,2024-09-20,,
ORD-103559,2025-06-16,2025-06-16,0.0
ORD-103560,2024-11-08,,
ORD-103561,2025-11-11,2025-11-11,0.0
ORD-103562,2025-10-12,2025-10-17,5.0
ORD-103563,2025-07-17,2025-07-17,0.0
ORD-103564,2025-05-14,2025-05-14,0.0
ORD-103565,2025-02-17,2025-02-17,0.0
ORD-103566,2024-09-17,,
ORD-103567,2025-08-14,2025-08-14,0.0
ORD-103568,2025-10-16,2025-10-19,3.0
ORD-103569,2025-05-03,2025-05-04,1.0
ORD-103570,2025-11-08,,
ORD-103571,2025-11-01,2025-11-01,0.0
ORD-103572,2025-05-24,2025-05-24,0.0
ORD-103573,2025-10-29,2025-10-29,0.0
ORD-103574,2025-10-30,2025-11-02,3.0
ORD-103575,2025-08-30,,
ORD-103576,2025-01-10,,
ORD-103577,2025-11-18,2025-11-18,0.0
ORD-103578,2025-10-05,2025-10-05,0.0
ORD-103579,2024-04-18,2024-04-18,0.0
ORD-103580,2025-09-23,2025-09-23,0.0
ORD-103581,2025-02-02,2025-02-02,0.0
ORD-103582,2025-01-26,2025-01-27,1.0
ORD-103583,2025-03-04,2025-03-04,0.0
ORD-103584,2025-01-27,2025-01-28,1.0
ORD-103585,2025-05-26,2025-05-28,2.0
ORD-103586,2025-05-15,2025-05-15,0.0
ORD-103587,2025-01-01,2025-01-01,0.0
ORD-103588,2025-09-07,2025-09-08,1.0
ORD-103589,2025-06-23,2025-06-24,1.0
ORD-103590,2024-06-03,2024-06-03,0.0
ORD-103591,2025-06-03,2025-06-04,1.0
ORD-103592,2025-08-22,2025-08-22,0.0
ORD-103593,2024-10-19,2024-10-19,0.0
ORD-103594,2025-02-21,2025-02-21,0.0
ORD-103595,2025-11-28,2025-11-28,0.0
ORD-103596,2025-11-28,2025-11-28,0.0
ORD-103597,2024-06-16,2024-06-16,0.0
ORD-103598,2024-12-16,2024-12-16,0.0
ORD-103599,2025-08-01,2025-08-02,1.0
ORD-103600,2024-11-18,2024-11-19,1.0
ORD-103601,2024-06-13,2024-06-13,0.0
ORD-103602,2025-11-18,2025-11-19,1.0
ORD-103603,2025-05-05,2025-05-05,0.0
ORD-103604,2025-09-14,2025-09-15,1.0
ORD-103605,2025-12-13,2025-12-13,0.0
ORD-103606,2025-08-17,2025-08-19,2.0
ORD-103607,2024-12-27,2024-12-27,0.0
ORD-103608,2024-09-11,,
ORD-103609,2025-11-12,2025-11-12,0.0
ORD-103610,2025-01-31,2025-01-31,0.0
ORD-103611,2025-09-18,2025-09-18,0.0
ORD-103612,2024-12-08,2024-12-08,0.0
ORD-103613,2024-11-10,2024-11-13,3.0
ORD-103614,2025-02-02,2025-02-02,0.0
ORD-103615,2025-10-20,,
ORD-103616,2025-12-27,2025-12-27,0.0
ORD-103617,2025-05-27,2025-05-28,1.0
ORD-103618,2025-06-09,2025-06-09,0.0
ORD-103619,2025-11-15,2025-11-16,1.0
ORD-103620,2025-12-06,2025-12-06,0.0
ORD-103621,2024-11-01,2024-11-01,0.0
ORD-103622,2025-01-01,2025-01-01,0.0
ORD-103623,2024-11-25,2024-11-25,0.0
ORD-103624,2024-10-14,2024-10-15,1.0
ORD-103625,2025-03-26,2025-03-26,0.0
ORD-103626,2025-04-18,2025-04-18,0.0
ORD-103627,2025-03-12,,
ORD-103628,2024-10-29,2024-10-29,0.0
ORD-103629,2025-01-09,2025-01-09,0.0
ORD-103630,2025-11-16,2025-11-16,0.0
ORD-103631,2024-12-10,2024-12-10,0.0
ORD-103632,2025-03-10,2025-03-12,2.0
ORD-103633,2024-06-23,2024-06-23,0.0
ORD-103634,2024-11-25,2024-11-25,0.0
ORD-103635,2025-05-18,2025-05-18,0.0
ORD-103636,2024-05-23,2024-05-24,1.0
ORD-103637,2024-12-09,2024-12-10,1.0
ORD-103638,2024-11-21,2024-11-26,5.0
ORD-103639,2025-07-04,2025-07-04,0.0
ORD-103640,2025-02-01,2025-02-06,5.0
ORD-103641,2025-06-15,2025-06-17,2.0
ORD-103642,2024-11-08,2024-11-08,0.0
ORD-103643,2025-07-19,2025-07-20,1.0
ORD-103644,2025-08-06,2025-08-07,1.0
ORD-103645,2025-10-17,2025-10-19,2.0
ORD-103646,2025-08-13,,
ORD-103647,2025-11-15,2025-11-15,0.0
ORD-103648,2025-07-17,2025-07-17,0.0
ORD-103649,2025-05-02,2025-05-03,1.0
ORD-103650,2025-11-12,2025-11-12,0.0
ORD-103651,2025-01-30,2025-01-30,0.0
ORD-103652,2024-11-12,2024-11-15,3.0
ORD-103653,2025-11-07,2025-11-07,0.0
ORD-103654,2025-08-27,2025-08-27,0.0
ORD-103655,2025-10-21,2025-10-21,0.0
ORD-103656,2024-09-11,2024-09-12,1.0
ORD-103657,2025-10-29,2025-10-30,1.0
ORD-103658,2025-05-10,2025-05-11,1.0
ORD-103659,2025-07-31,2025-07-31,0.0
ORD-103660,2025-04-28,2025-04-28,0.0
ORD-103661,2025-09-28,2025-09-28,0.0
ORD-103662,2024-11-07,,
ORD-103663,2025-03-31,2025-04-01,1.0
ORD-103664,2025-05-28,2025-05-30,2.0
ORD-103665,2025-03-21,2025-03-21,0.0
ORD-103666,2025-06-25,2025-06-25,0.0
ORD-103667,2025-07-03,,
ORD-103668,2025-10-03,2025-10-04,1.0
ORD-103669,2024-08-12,2024-08-12,0.0
ORD-103670,2024-11-20,2024-11-21,1.0
ORD-103671,2025-08-19,2025-08-19,0.0
ORD-103672,2025-11-04,2025-11-05,1.0
ORD-103673,2025-01-04,2025-01-05,1.0
ORD-103674,2025-12-22,2025-12-22,0.0
ORD-103675,2025-10-29,2025-10-30,1.0
ORD-103676,2024-07-18,2024-07-18,0.0
ORD-103677,2024-11-27,2024-11-27,0.0
ORD-103678,2025-08-14,2025-08-15,1.0
ORD-103679,2025-10-03,2025-10-03,0.0
ORD-103680,2025-06-16,2025-06-16,0.0
ORD-103681,2025-08-24,2025-08-25,1.0
ORD-103682,2024-12-18,2024-12-19,1.0
ORD-103683,2024-04-22,,
ORD-103684,2025-11-23,2025-11-24,1.0
ORD-103685,2025-09-14,2025-09-14,0.0
ORD-103686,2025-10-18,,
ORD-103687,2024-10-29,2024-10-31,2.0
ORD-103688,2025-07-05,2025-07-06,1.0
ORD-103689,2025-11-17,,
ORD-103690,2025-12-12,2025-12-13,1.0
ORD-103691,2025-11-16,2025-11-16,0.0
ORD-103692,2025-11-30,2025-12-01,1.0
ORD-103693,2024-08-07,2024-08-08,1.0
ORD-103694,2025-03-29,,
ORD-103695,2025-03-17,2025-03-19,2.0
ORD-103696,2025-11-07,2025-11-07,0.0
ORD-103697,2025-07-27,2025-07-27,0.0
ORD-103698,2024-12-18,,
ORD-103699,2025-12-16,2025-12-16,0.0
ORD-103700,2025-05-31,2025-05-31,0.0
ORD-103701,2025-05-08,2025-05-11,3.0
ORD-103702,2025-10-03,2025-10-04,1.0
ORD-103703,2024-10-27,2024-10-28,1.0
ORD-103704,2025-05-17,2025-05-17,0.0
ORD-103705,2024-10-24,2024-10-24,0.0
ORD-103706,2025-02-05,2025-02-08,3.0
ORD-103707,2025-09-23,,
ORD-103708,2025-02-08,2025-02-08,0.0
ORD-103709,2025-07-16,2025-07-16,0.0
ORD-103710,2025-11-10,2025-11-10,0.0
ORD-103711,2024-11-18,2024-11-19,1.0
ORD-103712,2024-11-26,2024-11-26,0.0
ORD-103713,2025-12-04,2025-12-06,2.0
ORD-103714,2025-10-30,2025-10-30,0.0
ORD-103715,2025-09-27,2025-09-28,1.0
ORD-103716,2024-06-12,2024-06-13,1.0
ORD-103717,2025-10-19,2025-10-19,0.0
ORD-103718,2025-03-10,2025-03-10,0.0
ORD-103719,2024-07-07,,
ORD-103720,2025-12-26,2025-12-26,0.0
ORD-103721,2025-10-28,2025-10-28,0.0
ORD-103722,2025-11-11,2025-11-12,1.0
ORD-103723,2024-09-05,2024-09-05,0.0
ORD-103724,2025-04-23,2025-04-23,0.0
ORD-103725,2025-09-02,2025-09-02,0.0
ORD-103726,2025-11-08,,
ORD-103727,2024-04-17,2024-04-17,0.0
ORD-103728,2025-06-01,2025-06-01,0.0
ORD-103729,2025-04-25,2025-04-30,5.0
ORD-103730,2025-08-30,2025-09-02,3.0
ORD-103731,2025-08-09,2025-08-10,1.0
ORD-103732,2025-07-12,,
ORD-103733,2025-12-14,2025-12-14,0.0
ORD-103734,2025-05-26,2025-05-27,1.0
ORD-103735,2025-12-12,2025-12-14,2.0
ORD-103736,2025-08-26,2025-08-26,0.0
ORD-103737,2025-07-03,2025-07-03,0.0
ORD-103738,2025-02-20,2025-02-20,0.0
ORD-103739,2025-11-05,2025-11-07,2.0
ORD-103740,2024-10-09,2024-10-09,0.0
ORD-103741,2024-07-22,2024-07-22,0.0
ORD-103742,2025-06-21,2025-06-21,0.0
ORD-103743,2025-01-11,2025-01-11,0.0
ORD-103744,2025-01-27,2025-01-30,3.0
ORD-103745,2024-11-09,2024-11-11,2.0
ORD-103746,2025-01-04,2025-01-05,1.0
ORD-103747,2025-09-10,2025-09-11,1.0
ORD-103748,2024-11-16,,
ORD-103749,2024-12-04,2024-12-05,1.0
ORD-103750,2025-10-11,2025-10-11,0.0
ORD-103751,2024-11-20,2024-11-20,0.0
ORD-103752,2025-11-07,2025-11-07,0.0
ORD-103753,2024-07-30,2024-07-30,0.0
ORD-103754,2024-08-25,2024-08-26,1.0
ORD-103755,2025-06-15,2025-06-16,1.0
ORD-103756,2025-01-15,2025-01-15,0.0
ORD-103757,2024-08-24,2024-08-24,0.0
ORD-103758,2025-09-14,2025-09-14,0.0
ORD-103759,2025-04-17,2025-04-20,3.0
ORD-103760,2024-12-11,2024-12-13,2.0
ORD-103761,2024-11-13,2024-11-13,0.0
ORD-103762,2025-04-03,2025-04-03,0.0
ORD-103763,2025-03-12,2025-03-12,0.0
ORD-103764,2025-06-02,,
ORD-103765,2025-06-17,2025-06-17,0.0
ORD-103766,2025-10-16,,
ORD-103767,2025-05-20,2025-05-21,1.0
ORD-103768,2024-06-12,2024-06-12,0.0
ORD-103769,2025-09-15,2025-09-15,0.0
ORD-103770,2025-01-02,,
ORD-103771,2025-11-09,2025-11-09,0.0
ORD-103772,2025-07-20,2025-07-20,0.0
ORD-103773,2025-04-07,2025-04-09,2.0
ORD-103774,2025-10-10,2025-10-10,0.0
ORD-103775,2025-11-16,2025-11-18,2.0
ORD-103776,2025-08-21,,
ORD-103777,2025-02-11,2025-02-11,0.0
ORD-103778,2025-06-11,2025-06-14,3.0
ORD-103779,2025-03-09,,
ORD-103780,2025-10-31,2025-10-31,0.0
ORD-103781,2025-12-07,2025-12-07,0.0
ORD-103782,2024-06-19,2024-06-19,0.0
ORD-103783,2025-04-13,2025-04-16,3.0
ORD-103784,2025-05-24,2025-05-24,0.0
ORD-103785,2025-07-15,2025-07-16,1.0
ORD-103786,2025-08-01,2025-08-01,0.0
ORD-103787,2024-10-21,2024-10-21,0.0
ORD-103788,2025-09-09,2025-09-10,1.0
ORD-103789,2025-08-21,2025-08-23,2.0
ORD-103790,2025-01-07,2025-01-07,0.0
ORD-103791,2024-11-22,2024-11-22,0.0
ORD-103792,2025-06-04,2025-06-04,0.0
ORD-103793,2025-01-26,2025-01-26,0.0
ORD-103794,2024-11-15,2024-11-15,0.0
ORD-103795,2025-05-16,,
ORD-103796,2025-10-05,2025-10-05,0.0
ORD-103797,2024-09-09,2024-09-09,0.0
ORD-103798,2024-09-17,2024-09-18,1.0
ORD-103799,2024-12-12,2024-12-14,2.0
ORD-103800,2025-07-29,2025-07-29,0.0
ORD-103801,2025-09-19,2025-09-22,3.0
ORD-103802,2024-09-22,2024-09-22,0.0
ORD-103803,2025-07-21,,
ORD-103804,2024-10-21,2024-10-24,3.0
ORD-103805,2024-11-18,2024-11-18,0.0
ORD-103806,2025-10-25,2025-10-26,1.0
ORD-103807,2025-02-12,,
ORD-103808,2025-10-31,2025-10-31,0.0
ORD-103809,2025-03-29,2025-03-30,1.0
ORD-103810,2025-04-08,2025-04-09,1.0
ORD-103811,2025-01-28,2025-01-28,0.0
ORD-103812,2024-11-19,2024-11-21,2.0
ORD-103813,2025-03-26,2025-03-29,3.0
ORD-103814,2025-07-13,2025-07-13,0.0
ORD-103815,2025-07-08,,
ORD-103816,2025-05-06,2025-05-08,2.0
ORD-103817,2025-09-01,,
ORD-103818,2025-03-14,2025-03-16,2.0
ORD-103819,2024-10-21,2024-10-21,0.0
ORD-103820,2024-10-05,2024-10-05,0.0
ORD-103821,2025-12-09,2025-12-09,0.0
ORD-103822,2025-08-16,2025-08-17,1.0
ORD-103823,2025-11-27,2025-11-27,0.0
ORD-103824,2025-06-13,2025-06-13,0.0
ORD-103825,2025-02-01,2025-02-04,3.0
ORD-103826,2025-02-02,2025-02-02,0.0
ORD-103827,2025-10-23,2025-10-23,0.0
ORD-103828,2025-11-24,2025-11-24,0.0
ORD-103829,2025-05-23,2025-05-23,0.0
ORD-103830,2025-03-25,2025-03-25,0.0
ORD-103831,2025-09-16,2025-09-16,0.0
ORD-103832,2025-11-18,2025-11-19,1.0
ORD-103833,2025-06-16,2025-06-16,0.0
ORD-103834,2025-10-19,2025-10-19,0.0
ORD-103835,2025-10-13,2025-10-13,0.0
ORD-103836,2025-03-18,2025-03-19,1.0
ORD-103837,2025-11-13,2025-11-13,0.0
ORD-103838,2025-11-12,2025-11-12,0.0
ORD-103839,2025-04-10,2025-04-11,1.0
ORD-103840,2024-11-02,2024-11-03,1.0
ORD-103841,2025-04-03,2025-04-04,1.0
ORD-103842,2025-04-19,2025-04-19,0.0
ORD-103843,2025-04-17,2025-04-17,0.0
ORD-103844,2025-07-27,2025-07-27,0.0
ORD-103845,2024-05-28,2024-05-28,0.0
ORD-103846,2024-03-26,2024-03-26,0.0
ORD-103847,2025-02-25,2025-02-26,1.0
ORD-103848,2025-11-04,2025-11-04,0.0
ORD-103849,2025-04-29,2025-04-29,0.0
ORD-103850,2025-02-10,2025-02-12,2.0
ORD-103851,2025-01-30,2025-02-01,2.0
ORD-103852,2025-03-11,2025-03-13,2.0
ORD-103853,2025-10-03,2025-10-08,5.0
ORD-103854,2025-11-14,2025-11-14,0.0
ORD-103855,2025-11-04,2025-11-04,0.0
ORD-103856,2025-11-21,2025-11-23,2.0
ORD-103857,2025-03-16,2025-03-16,0.0
ORD-103858,2025-03-22,2025-03-22,0.0
ORD-103859,2025-10-22,2025-10-22,0.0
ORD-103860,2025-09-30,2025-09-30,0.0
ORD-103861,2025-12-14,2025-12-15,1.0
ORD-103862,2025-01-30,2025-01-30,0.0
ORD-103863,2025-07-15,2025-07-15,0.0
ORD-103864,2025-08-22,2025-08-23,1.0
ORD-103865,2025-10-15,2025-10-15,0.0
ORD-103866,2025-11-06,2025-11-06,0.0
ORD-103867,2024-11-09,2024-11-09,0.0
ORD-103868,2025-01-30,2025-01-30,0.0
ORD-103869,2024-11-13,2024-11-13,0.0
ORD-103870,2025-06-30,2025-06-30,0.0
ORD-103871,2025-06-07,2025-06-07,0.0
ORD-103872,2025-11-06,2025-11-07,1.0
ORD-103873,2025-02-26,2025-02-27,1.0
ORD-103874,2025-01-28,2025-01-28,0.0
ORD-103875,2024-12-28,2024-12-28,0.0
ORD-103876,2025-07-27,2025-07-27,0.0
ORD-103877,2025-08-12,2025-08-14,2.0
ORD-103878,2025-11-18,,
ORD-103879,2025-04-30,2025-05-01,1.0
ORD-103880,2024-10-04,2024-10-04,0.0
ORD-103881,2025-07-22,2025-07-22,0.0
ORD-103882,2025-08-19,,
ORD-103883,2025-05-11,2025-05-13,2.0
ORD-103884,2025-11-30,2025-11-30,0.0
ORD-103885,2024-06-09,2024-06-09,0.0
ORD-103886,2025-06-20,2025-06-20,0.0
ORD-103887,2025-10-03,2025-10-06,3.0
ORD-103888,2025-11-11,2025-11-11,0.0
ORD-103889,2025-01-28,2025-01-28,0.0
ORD-103890,2024-10-26,2024-10-26,0.0
ORD-103891,2025-11-26,2025-11-28,2.0
ORD-103892,2025-09-10,,
ORD-103893,2024-12-10,2024-12-11,1.0
ORD-103894,2025-05-14,2025-05-15,1.0
ORD-103895,2024-09-01,2024-09-04,3.0
ORD-103896,2025-04-07,2025-04-07,0.0
ORD-103897,2025-10-30,2025-10-31,1.0
ORD-103898,2024-11-08,2024-11-09,1.0
ORD-103899,2025-10-27,2025-10-28,1.0
ORD-103900,2025-06-16,2025-06-16,0.0
ORD-103901,2024-12-15,2024-12-15,0.0
ORD-103902,2025-10-11,2025-10-11,0.0
ORD-103903,2024-09-23,2024-09-24,1.0
ORD-103904,2024-09-13,2024-09-14,1.0
ORD-103905,2025-05-10,2025-05-11,1.0
ORD-103906,2024-06-24,2024-06-24,0.0
ORD-103907,2025-04-18,2025-04-20,2.0
ORD-103908,2025-12-15,2025-12-16,1.0
ORD-103909,2024-12-18,2024-12-18,0.0
ORD-103910,2025-12-03,2025-12-03,0.0
ORD-103911,2025-01-26,2025-01-28,2.0
ORD-103912,2025-09-16,2025-09-18,2.0
ORD-103913,2025-08-27,2025-08-27,0.0
ORD-103914,2024-07-04,2024-07-05,1.0
ORD-103915,2025-09-07,2025-09-07,0.0
ORD-103916,2024-09-23,2024-09-24,1.0
ORD-103917,2025-09-06,,
ORD-103918,2025-04-01,2025-04-04,3.0
ORD-103919,2024-09-07,2024-09-07,0.0
ORD-103920,2025-01-15,2025-01-15,0.0
ORD-103921,2025-06-22,2025-06-25,3.0
ORD-103922,2025-10-23,2025-10-24,1.0
ORD-103923,2025-06-06,2025-06-06,0.0
ORD-103924,2024-12-29,2024-12-30,1.0
ORD-103925,2025-11-07,,
ORD-103926,2024-10-19,2024-10-19,0.0
ORD-103927,2024-07-26,2024-07-28,2.0
ORD-103928,2025-01-09,,
ORD-103929,2025-11-09,2025-11-09,0.0
ORD-103930,2024-08-16,2024-08-16,0.0
ORD-103931,2025-08-07,2025-08-08,1.0
ORD-103932,2025-07-09,2025-07-09,0.0
ORD-103933,2025-08-20,,
ORD-103934,2025-03-12,2025-03-12,0.0
ORD-103935,2024-05-14,2024-05-15,1.0
ORD-103936,2025-10-31,2025-10-31,0.0
ORD-103937,2025-07-06,2025-07-06,0.0
ORD-103938,2025-10-20,2025-10-21,1.0
ORD-103939,2025-11-06,2025-11-06,0.0
ORD-103940,2025-11-24,2025-11-24,0.0
ORD-103941,2025-04-07,2025-04-07,0.0
ORD-103942,2025-01-13,2025-01-14,1.0
ORD-103943,2025-06-05,,
ORD-103944,2025-08-08,2025-08-08,0.0
ORD-103945,2025-11-09,,
ORD-103946,2025-05-09,2025-05-12,3.0
ORD-103947,2025-08-22,2025-08-22,0.0
ORD-103948,2024-01-17,2024-01-17,0.0
ORD-103949,2025-08-18,2025-08-18,0.0
ORD-103950,2025-08-07,2025-08-07,0.0
ORD-103951,2024-05-22,2024-05-23,1.0
ORD-103952,2025-02-07,,
ORD-103953,2025-04-23,,
ORD-103954,2025-02-02,2025-02-02,0.0
ORD-103955,2025-04-14,2025-04-15,1.0
ORD-103956,2024-05-03,2024-05-04,1.0
ORD-103957,2025-11-01,2025-11-01,0.0
ORD-103958,2025-09-28,2025-09-28,0.0
ORD-103959,2024-08-09,2024-08-09,0.0
ORD-103960,2025-04-12,2025-04-12,0.0
ORD-103961,2024-08-13,2024-08-13,0.0
ORD-103962,2025-12-02,2025-12-02,0.0
ORD-103963,2024-12-24,2024-12-25,1.0
ORD-103964,2025-01-14,2025-01-14,0.0
ORD-103965,2025-09-22,2025-09-23,1.0
ORD-103966,2024-04-26,2024-04-26,0.0
ORD-103967,2025-05-01,2025-05-02,1.0
ORD-103968,2025-09-30,2025-09-30,0.0
ORD-103969,2025-06-16,2025-06-19,3.0
ORD-103970,2025-03-17,2025-03-17,0.0
ORD-103971,2024-07-05,2024-07-05,0.0
ORD-103972,2025-10-29,,
ORD-103973,2025-04-23,2025-04-23,0.0
ORD-103974,2025-08-07,2025-08-07,0.0
ORD-103975,2024-11-03,2024-11-03,0.0
ORD-103976,2025-03-11,,
ORD-103977,2025-11-10,2025-11-10,0.0
ORD-103978,2025-03-10,2025-03-11,1.0
ORD-103979,2025-02-09,2025-02-09,0.0
ORD-103980,2024-05-07,2024-05-07,0.0
ORD-103981,2025-05-10,2025-05-10,0.0
ORD-103982,2025-11-04,,
ORD-103983,2025-11-05,2025-11-05,0.0
ORD-103984,2025-10-16,2025-10-16,0.0
ORD-103985,2025-05-04,2025-05-04,0.0
ORD-103986,2025-11-13,2025-11-13,0.0
ORD-103987,2025-10-28,2025-10-28,0.0
ORD-103988,2025-11-17,2025-11-17,0.0
ORD-103989,2025-10-31,,
ORD-103990,2025-05-14,2025-05-14,0.0
ORD-103991,2025-01-24,2025-01-24,0.0
ORD-103992,2025-04-08,2025-04-08,0.0
ORD-103993,2025-08-02,2025-08-03,1.0
ORD-103994,2025-03-20,,
ORD-103995,2024-02-24,,
ORD-103996,2024-12-05,2024-12-05,0.0
ORD-103997,2025-10-31,2025-11-01,1.0
ORD-103998,2025-06-01,2025-06-03,2.0
ORD-103999,2024-04-05,2024-04-05,0.0
ORD-104000,2025-07-11,,
ORD-104001,2025-10-23,2025-10-23,0.0
ORD-104002,2025-11-18,2025-11-18,0.0
ORD-104003,2025-02-23,2025-02-24,1.0
ORD-104004,2025-01-27,2025-01-27,0.0
ORD-104005,2025-10-18,2025-10-18,0.0
ORD-104006,2025-11-14,,
ORD-104007,2025-01-24,2025-01-24,0.0
ORD-104008,2024-10-23,2024-10-25,2.0
ORD-104009,2025-07-16,2025-07-16,0.0
ORD-104010,2024-08-17,2024-08-19,2.0
ORD-104011,2025-10-28,2025-10-28,0.0
ORD-104012,2024-10-05,2024-10-05,0.0
ORD-104013,2025-11-29,2025-11-30,1.0
ORD-104014,2025-06-02,2025-06-02,0.0
ORD-104015,2025-06-06,2025-06-09,3.0
ORD-104016,2025-03-30,2025-03-30,0.0
ORD-104017,2025-03-16,2025-03-16,0.0
ORD-104018,2025-02-22,2025-02-23,1.0
ORD-104019,2025-09-29,2025-09-29,0.0
ORD-104020,2025-11-15,2025-11-15,0.0
ORD-104021,2025-06-27,,
ORD-104022,2025-01-29,2025-01-29,0.0
ORD-104023,2025-04-13,2025-04-13,0.0
ORD-104024,2024-08-12,2024-08-12,0.0
ORD-104025,2025-12-08,2025-12-09,1.0
ORD-104026,2025-11-17,,
ORD-104027,2025-10-24,2025-10-24,0.0
ORD-104028,2025-06-13,2025-06-15,2.0
ORD-104029,2025-10-28,2025-10-28,0.0
ORD-104030,2025-08-14,2025-08-19,5.0
ORD-104031,2024-11-16,2024-11-16,0.0
ORD-104032,2024-11-04,2024-11-05,1.0
ORD-104033,2025-11-01,2025-11-01,0.0
ORD-104034,2025-03-02,2025-03-03,1.0
ORD-104035,2025-10-27,2025-10-27,0.0
ORD-104036,2024-07-13,2024-07-13,0.0
ORD-104037,2025-11-23,2025-11-23,0.0
ORD-104038,2025-01-06,2025-01-06,0.0
ORD-104039,2026-01-02,2026-01-04,2.0
ORD-104040,2025-04-01,2025-04-01,0.0
ORD-104041,2025-05-30,2025-05-30,0.0
ORD-104042,2024-02-19,2024-02-19,0.0
ORD-104043,2025-12-16,2025-12-17,1.0
ORD-104044,2025-03-26,2025-03-26,0.0
ORD-104045,2025-12-15,,
ORD-104046,2024-03-13,2024-03-15,2.0
ORD-104047,2024-09-06,2024-09-06,0.0
ORD-104048,2025-08-10,2025-08-11,1.0
ORD-104049,2025-09-19,2025-09-19,0.0
ORD-104050,2024-10-24,2024-10-24,0.0
ORD-104051,2024-09-19,2024-09-19,0.0
ORD-104052,2025-11-21,2025-11-22,1.0
ORD-104053,2025-06-30,2025-06-30,0.0
ORD-104054,2025-11-07,2025-11-07,0.0
ORD-104055,2024-10-10,2024-10-10,0.0
ORD-104056,2024-08-08,2024-08-09,1.0
ORD-104057,2025-10-31,2025-10-31,0.0
ORD-104058,2024-09-09,,
ORD-104059,2025-12-26,2025-12-26,0.0
ORD-104060,2025-02-07,2025-02-08,1.0
ORD-104061,2025-05-16,2025-05-17,1.0
ORD-104062,2025-12-12,2025-12-12,0.0
ORD-104063,2024-07-23,2024-07-23,0.0
ORD-104064,2025-11-07,2025-11-07,0.0
ORD-104065,2025-03-16,2025-03-16,0.0
ORD-104066,2025-10-08,2025-10-08,0.0
ORD-104067,2025-11-14,2025-11-14,0.0
ORD-104068,2025-10-23,2025-10-23,0.0
ORD-104069,2024-05-20,2024-05-20,0.0
ORD-104070,2024-07-14,2024-07-17,3.0
ORD-104071,2025-05-28,2025-05-29,1.0
ORD-104072,2024-11-25,2024-11-25,0.0
ORD-104073,2025-07-07,2025-07-07,0.0
ORD-104074,2025-08-10,,
ORD-104075,2025-02-18,2025-02-18,0.0
ORD-104076,2024-12-10,2024-12-10,0.0
ORD-104077,2025-12-20,2025-12-20,0.0
ORD-104078,2025-06-14,2025-06-14,0.0
ORD-104079,2025-09-27,2025-09-27,0.0
ORD-104080,2025-09-29,2025-09-30,1.0
ORD-104081,2025-11-14,2025-11-14,0.0
ORD-104082,2024-10-29,2024-10-30,1.0
ORD-104083,2024-11-10,,
ORD-104084,2025-10-25,2025-10-26,1.0
ORD-104085,2025-09-14,2025-09-14,0.0
ORD-104086,2025-01-28,2025-01-29,1.0
ORD-104087,2025-06-27,2025-06-27,0.0
ORD-104088,2024-04-18,2024-04-18,0.0
ORD-104089,2025-02-23,2025-02-25,2.0
ORD-104090,2025-12-04,,
ORD-104091,2025-09-08,2025-09-08,0.0
ORD-104092,2025-04-25,2025-04-25,0.0
ORD-104093,2025-11-22,2025-11-22,0.0
ORD-104094,2024-09-27,2024-09-27,0.0
ORD-104095,2025-08-26,2025-08-27,1.0
ORD-104096,2025-08-13,2025-08-13,0.0
ORD-104097,2025-01-07,2025-01-07,0.0
ORD-104098,2025-06-24,2025-06-24,0.0
ORD-104099,2025-08-25,2025-08-25,0.0
ORD-104100,2025-05-16,2025-05-16,0.0
ORD-104101,2025-07-18,2025-07-18,0.0
ORD-104102,2025-11-16,2025-11-17,1.0
ORD-104103,2025-06-27,,
ORD-104104,2025-12-19,2025-12-19,0.0
ORD-104105,2025-09-27,2025-09-30,3.0
ORD-104106,2025-11-05,2025-11-06,1.0
ORD-104107,2025-03-02,2025-03-02,0.0
ORD-104108,2024-12-18,2024-12-20,2.0
ORD-104109,2024-10-23,2024-10-26,3.0
ORD-104110,2025-07-27,,
ORD-104111,2024-10-12,2024-10-12,0.0
ORD-104112,2025-01-10,2025-01-10,0.0
ORD-104113,2025-01-21,2025-01-21,0.0
ORD-104114,2025-01-13,2025-01-13,0.0
ORD-104115,2025-10-11,,
ORD-104116,2025-02-02,2025-02-02,0.0
ORD-104117,2025-07-02,2025-07-02,0.0
ORD-104118,2025-06-14,,
ORD-104119,2024-07-27,2024-07-27,0.0
ORD-104120,2024-11-29,2024-12-01,2.0
ORD-104121,2025-06-11,2025-06-12,1.0
ORD-104122,2025-04-16,2025-04-16,0.0
ORD-104123,2024-12-10,2024-12-10,0.0
ORD-104124,2025-06-10,2025-06-10,0.0
ORD-104125,2025-06-28,2025-06-28,0.0
ORD-104126,2025-06-09,2025-06-09,0.0
ORD-104127,2025-06-01,2025-06-01,0.0
ORD-104128,2025-07-26,2025-07-27,1.0
ORD-104129,2024-10-22,2024-10-22,0.0
ORD-104130,2024-07-16,2024-07-16,0.0
ORD-104131,2025-10-16,2025-10-16,0.0
ORD-104132,2025-07-22,2025-07-24,2.0
ORD-104133,2025-10-27,2025-10-27,0.0
ORD-104134,2025-10-23,2025-10-23,0.0
ORD-104135,2025-10-14,2025-10-14,0.0
ORD-104136,2025-10-22,2025-10-23,1.0
ORD-104137,2024-06-01,2024-06-01,0.0
ORD-104138,2025-11-15,2025-11-15,0.0
ORD-104139,2025-05-13,2025-05-13,0.0
ORD-104140,2025-06-03,2025-06-03,0.0
ORD-104141,2024-06-13,2024-06-13,0.0
ORD-104142,2025-02-17,2025-02-17,0.0
ORD-104143,2024-08-21,2024-08-21,0.0
ORD-104144,2024-11-10,2024-11-10,0.0
ORD-104145,2025-03-15,2025-03-15,0.0
ORD-104146,2024-01-21,2024-01-21,0.0
ORD-104147,2025-11-03,2025-11-04,1.0
ORD-104148,2025-01-19,2025-01-20,1.0
ORD-104149,2025-05-01,2025-05-04,3.0
ORD-104150,2025-08-19,,
ORD-104151,2025-01-15,2025-01-15,0.0
ORD-104152,2025-08-20,2025-08-20,0.0
ORD-104153,2024-10-19,2024-10-20,1.0
ORD-104154,2024-07-05,2024-07-05,0.0
ORD-104155,2025-11-11,2025-11-11,0.0
ORD-104156,2025-02-11,2025-02-13,2.0
ORD-104157,2025-01-28,2025-01-28,0.0
ORD-104158,2025-11-10,2025-11-15,5.0
ORD-104159,2025-03-08,2025-03-08,0.0
ORD-104160,2025-11-01,2025-11-01,0.0
ORD-104161,2025-10-30,2025-10-30,0.0
ORD-104162,2025-12-17,2025-12-17,0.0
ORD-104163,2025-01-25,2025-01-25,0.0
ORD-104164,2025-11-11,2025-11-11,0.0
ORD-104165,2025-10-26,2025-10-28,2.0
ORD-104166,2025-08-31,2025-08-31,0.0
ORD-104167,2024-05-06,2024-05-06,0.0
ORD-104168,2025-07-03,2025-07-03,0.0
ORD-104169,2025-07-23,2025-07-23,0.0
ORD-104170,2025-05-25,,
ORD-104171,2025-06-09,2025-06-10,1.0
ORD-104172,2025-12-21,2025-12-21,0.0
ORD-104173,2025-09-08,,
ORD-104174,2025-08-09,2025-08-09,0.0
ORD-104175,2025-02-13,,
ORD-104176,2024-12-03,2024-12-03,0.0
ORD-104177,2024-03-29,2024-03-29,0.0
ORD-104178,2024-10-13,2024-10-13,0.0
ORD-104179,2025-03-30,,
ORD-104180,2024-06-26,2024-06-28,2.0
ORD-104181,2024-03-13,2024-03-13,0.0
ORD-104182,2024-03-18,2024-03-18,0.0
ORD-104183,2025-03-17,2025-03-17,0.0
ORD-104184,2025-08-27,2025-09-01,5.0
ORD-104185,2025-10-08,2025-10-08,0.0
ORD-104186,2025-06-03,2025-06-05,2.0
ORD-104187,2025-05-25,2025-05-26,1.0
ORD-104188,2024-11-06,2024-11-08,2.0
ORD-104189,2025-12-12,2025-12-14,2.0
ORD-104190,2025-01-26,2025-01-27,1.0
ORD-104191,2024-11-04,2024-11-07,3.0
ORD-104192,2025-05-05,2025-05-06,1.0
ORD-104193,2024-01-24,2024-01-24,0.0
ORD-104194,2024-11-28,,
ORD-104195,2025-11-25,2025-11-25,0.0
ORD-104196,2025-04-04,2025-04-04,0.0
ORD-104197,2025-12-06,2025-12-06,0.0
ORD-104198,2025-11-25,2025-11-26,1.0
ORD-104199,2024-11-24,2024-11-24,0.0
ORD-104200,2025-08-12,2025-08-12,0.0
ORD-104201,2025-05-11,2025-05-12,1.0
ORD-104202,2025-09-26,,
ORD-104203,2025-01-10,2025-01-11,1.0
ORD-104204,2025-08-17,2025-08-19,2.0
ORD-104205,2025-03-28,2025-03-28,0.0
ORD-104206,2025-12-30,2025-12-30,0.0
ORD-104207,2025-05-15,2025-05-16,1.0
ORD-104208,2025-11-28,2025-11-28,0.0
ORD-104209,2025-12-29,2025-12-29,0.0
ORD-104210,2025-03-17,2025-03-17,0.0
ORD-104211,2025-07-12,2025-07-12,0.0
ORD-104212,2025-04-01,2025-04-01,0.0
ORD-104213,2025-01-28,2025-01-29,1.0
ORD-104214,2025-11-11,2025-11-13,2.0
ORD-104215,2025-10-23,2025-10-23,0.0
ORD-104216,2025-01-27,2025-01-27,0.0
ORD-104217,2024-10-24,2024-10-24,0.0
ORD-104218,2025-10-25,2025-10-26,1.0
ORD-104219,2025-04-27,2025-04-27,0.0
ORD-104220,2025-11-02,2025-11-02,0.0
ORD-104221,2025-09-21,2025-09-21,0.0
ORD-104222,2025-05-03,2025-05-03,0.0
ORD-104223,2025-07-14,,
ORD-104224,2025-10-18,,
ORD-104225,2025-08-07,2025-08-07,0.0
ORD-104226,2024-11-24,2024-11-24,0.0
ORD-104227,2025-10-29,2025-10-30,1.0
ORD-104228,2024-11-09,2024-11-09,0.0
ORD-104229,2024-11-18,2024-11-18,0.0
ORD-104230,2025-04-05,2025-04-05,0.0
ORD-104231,2025-09-10,2025-09-10,0.0
ORD-104232,2024-07-06,2024-07-06,0.0
ORD-104233,2024-12-03,2024-12-03,0.0
ORD-104234,2024-12-23,2024-12-25,2.0
ORD-104235,2025-01-11,2025-01-11,0.0
ORD-104236,2025-05-30,2025-06-02,3.0
ORD-104237,2025-11-15,,
ORD-104238,2025-10-28,2025-10-28,0.0
ORD-104239,2024-11-03,2024-11-03,0.0
ORD-104240,2024-12-19,2024-12-19,0.0
ORD-104241,2025-01-30,2025-02-01,2.0
ORD-104242,2025-09-08,2025-09-09,1.0
ORD-104243,2025-03-26,2025-03-26,0.0
ORD-104244,2025-09-21,2025-09-21,0.0
ORD-104245,2024-05-15,,
ORD-104246,2025-05-23,2025-05-23,0.0
ORD-104247,2025-06-17,2025-06-17,0.0
ORD-104248,2025-08-13,2025-08-16,3.0
ORD-104249,2025-01-22,2025-01-22,0.0
ORD-104250,2025-07-22,2025-07-22,0.0
ORD-104251,2025-01-09,2025-01-09,0.0
ORD-104252,2024-12-01,2024-12-01,0.0
ORD-104253,2024-10-27,,
ORD-104254,2025-05-12,2025-05-12,0.0
ORD-104255,2025-06-25,2025-06-25,0.0
ORD-104256,2025-11-11,2025-11-11,0.0
ORD-104257,2024-09-15,2024-09-15,0.0
ORD-104258,2024-06-10,2024-06-11,1.0
ORD-104259,2025-01-21,2025-01-21,0.0
ORD-104260,2024-11-19,2024-11-19,0.0
ORD-104261,2025-11-01,2025-11-01,0.0
ORD-104262,2025-06-15,2025-06-15,0.0
ORD-104263,2025-04-12,2025-04-13,1.0
ORD-104264,2025-05-14,2025-05-15,1.0
ORD-104265,2025-06-30,2025-07-01,1.0
ORD-104266,2025-10-18,2025-10-18,0.0
ORD-104267,2025-08-30,2025-08-31,1.0
ORD-104268,2025-05-24,2025-05-24,0.0
ORD-104269,2025-11-30,2025-11-30,0.0
ORD-104270,2024-09-21,2024-09-21,0.0
ORD-104271,2025-09-26,2025-09-29,3.0
ORD-104272,2025-04-21,2025-04-21,0.0
ORD-104273,2025-07-23,2025-07-23,0.0
ORD-104274,2025-11-01,2025-11-01,0.0
ORD-104275,2025-06-11,2025-06-13,2.0
ORD-104276,2024-12-01,2024-12-03,2.0
ORD-104277,2026-01-04,2026-01-05,1.0
ORD-104278,2025-11-29,2025-11-29,0.0
ORD-104279,2024-05-08,2024-05-10,2.0
ORD-104280,2025-05-15,2025-05-15,0.0
ORD-104281,2025-11-06,2025-11-07,1.0
ORD-104282,2024-06-20,,
ORD-104283,2024-10-28,2024-10-28,0.0
ORD-104284,2024-10-22,2024-10-22,0.0
ORD-104285,2025-01-06,2025-01-06,0.0
ORD-104286,2025-11-01,2025-11-01,0.0
ORD-104287,2025-10-29,2025-10-29,0.0
ORD-104288,2025-11-21,2025-11-22,1.0
ORD-104289,2025-06-29,2025-06-29,0.0
ORD-104290,2024-06-21,2024-06-23,2.0
ORD-104291,2025-06-15,2025-06-15,0.0
ORD-104292,2025-10-31,2025-10-31,0.0
ORD-104293,2025-05-02,2025-05-02,0.0
ORD-104294,2026-01-02,2026-01-02,0.0
ORD-104295,2025-11-06,2025-11-06,0.0
ORD-104296,2025-09-02,2025-09-03,1.0
ORD-104297,2025-07-14,2025-07-15,1.0
ORD-104298,2024-10-03,2024-10-05,2.0
ORD-104299,2025-12-07,2025-12-07,0.0
ORD-104300,2025-11-12,2025-11-14,2.0
ORD-104301,2025-02-24,2025-02-24,0.0
ORD-104302,2025-11-01,2025-11-01,0.0
ORD-104303,2025-02-21,2025-02-21,0.0
ORD-104304,2024-03-22,2024-03-25,3.0
ORD-104305,2025-11-19,2025-11-19,0.0
ORD-104306,2025-03-16,2025-03-18,2.0
ORD-104307,2024-03-06,2024-03-06,0.0
ORD-104308,2025-10-02,2025-10-02,0.0
ORD-104309,2025-12-08,2025-12-08,0.0
ORD-104310,2024-11-24,,
ORD-104311,2025-01-10,2025-01-10,0.0
ORD-104312,2025-01-19,2025-01-20,1.0
ORD-104313,2025-03-08,2025-03-08,0.0
ORD-104314,2025-01-15,2025-01-17,2.0
ORD-104315,2025-08-05,2025-08-05,0.0
ORD-104316,2024-05-25,,
ORD-104317,2024-10-28,2024-10-29,1.0
ORD-104318,2025-10-05,2025-10-06,1.0
ORD-104319,2025-08-16,2025-08-16,0.0
ORD-104320,2025-09-13,2025-09-13,0.0
ORD-104321,2024-03-01,,
ORD-104322,2024-05-09,2024-05-10,1.0
ORD-104323,2025-12-02,2025-12-02,0.0
ORD-104324,2025-11-05,2025-11-05,0.0
ORD-104325,2025-03-29,2025-03-31,2.0
ORD-104326,2024-12-15,,
ORD-104327,2024-06-07,2024-06-09,2.0
ORD-104328,2025-11-11,,
ORD-104329,2024-10-11,2024-10-13,2.0
ORD-104330,2025-10-12,2025-10-15,3.0
ORD-104331,2025-10-30,2025-10-30,0.0
ORD-104332,2024-11-14,2024-11-14,0.0
ORD-104333,2025-05-05,2025-05-05,0.0
ORD-104334,2025-04-11,,
ORD-104335,2025-04-17,2025-04-18,1.0
ORD-104336,2025-07-30,2025-07-31,1.0
ORD-104337,2025-04-30,2025-04-30,0.0
ORD-104338,2024-11-06,2024-11-06,0.0
ORD-104339,2025-10-22,2025-10-22,0.0
ORD-104340,2024-07-02,2024-07-04,2.0
ORD-104341,2025-10-26,2025-10-27,1.0
ORD-104342,2025-05-17,2025-05-17,0.0
ORD-104343,2025-12-25,2025-12-25,0.0
ORD-104344,2025-08-20,2025-08-21,1.0
ORD-104345,2025-03-20,,
ORD-104346,2024-11-03,2024-11-04,1.0
ORD-104347,2025-03-08,2025-03-08,0.0
ORD-104348,2025-07-03,2025-07-04,1.0
ORD-104349,2025-08-17,2025-08-18,1.0
ORD-104350,2024-07-12,2024-07-12,0.0
ORD-104351,2025-09-21,2025-09-23,2.0
ORD-104352,2024-09-22,2024-09-22,0.0
ORD-104353,2025-10-28,2025-10-28,0.0
ORD-104354,2025-09-03,2025-09-03,0.0
ORD-104355,2025-02-05,2025-02-05,0.0
ORD-104356,2025-09-27,2025-09-27,0.0
ORD-104357,2025-06-21,2025-06-21,0.0
ORD-104358,2025-10-21,2025-10-21,0.0
ORD-104359,2025-07-08,,
ORD-104360,2025-07-28,2025-08-02,5.0
ORD-104361,2025-05-07,,
ORD-104362,2024-07-07,2024-07-07,0.0
ORD-104363,2025-08-29,2025-08-29,0.0
ORD-104364,2026-01-03,2026-01-03,0.0
ORD-104365,2024-05-17,2024-05-17,0.0
ORD-104366,2025-08-20,2025-08-20,0.0
ORD-104367,2024-06-17,,
ORD-104368,2025-11-18,,
ORD-104369,2024-11-08,2024-11-08,0.0
ORD-104370,2025-12-16,2025-12-16,0.0
ORD-104371,2024-07-22,2024-07-22,0.0
ORD-104372,2025-09-10,2025-09-11,1.0
ORD-104373,2025-12-15,2025-12-16,1.0
ORD-104374,2024-09-08,2024-09-08,0.0
ORD-104375,2025-08-10,,
ORD-104376,2025-04-29,2025-05-01,2.0
ORD-104377,2025-11-06,2025-11-06,0.0
ORD-104378,2024-08-13,2024-08-16,3.0
ORD-104379,2025-11-16,2025-11-16,0.0
ORD-104380,2025-09-15,2025-09-15,0.0
ORD-104381,2024-12-08,2024-12-10,2.0
ORD-104382,2024-08-01,2024-08-02,1.0
ORD-104383,2025-09-24,2025-09-24,0.0
ORD-104384,2025-10-25,2025-10-25,0.0
ORD-104385,2025-09-27,2025-09-27,0.0
ORD-104386,2025-07-29,2025-07-29,0.0
ORD-104387,2025-12-06,2025-12-07,1.0
ORD-104388,2025-10-22,2025-10-22,0.0
ORD-104389,2025-11-12,2025-11-13,1.0
ORD-104390,2025-07-24,2025-07-24,0.0
ORD-104391,2025-10-10,2025-10-13,3.0
ORD-104392,2025-08-10,2025-08-11,1.0
ORD-104393,2025-09-24,2025-09-24,0.0
ORD-104394,2025-05-27,2025-05-27,0.0
ORD-104395,2024-04-16,2024-04-17,1.0
ORD-104396,2025-03-08,2025-03-10,2.0
ORD-104397,2025-12-08,2025-12-08,0.0
ORD-104398,2025-06-10,2025-06-10,0.0
ORD-104399,2024-10-21,2024-10-21,0.0
ORD-104400,2025-06-19,2025-06-19,0.0
ORD-104401,2025-07-23,2025-07-24,1.0
ORD-104402,2025-03-28,2025-03-28,0.0
ORD-104403,2025-05-19,2025-05-19,0.0
ORD-104404,2025-08-01,2025-08-02,1.0
ORD-104405,2024-09-07,2024-09-07,0.0
ORD-104406,2025-02-12,2025-02-15,3.0
ORD-104407,2024-04-19,2024-04-19,0.0
ORD-104408,2025-04-07,2025-04-07,0.0
ORD-104409,2024-11-08,,
ORD-104410,2025-05-18,2025-05-19,1.0
ORD-104411,2025-11-05,,
ORD-104412,2025-09-18,2025-09-18,0.0
ORD-104413,2025-10-14,2025-10-15,1.0
ORD-104414,2025-12-28,2025-12-28,0.0
ORD-104415,2025-09-02,2025-09-02,0.0
ORD-104416,2025-08-05,2025-08-06,1.0
ORD-104417,2025-11-12,2025-11-12,0.0
ORD-104418,2025-08-10,2025-08-11,1.0
ORD-104419,2025-07-23,2025-07-23,0.0
ORD-104420,2025-07-24,2025-07-24,0.0
ORD-104421,2025-06-05,2025-06-07,2.0
ORD-104422,2025-05-26,2025-05-26,0.0
ORD-104423,2025-03-21,2025-03-23,2.0
ORD-104424,2025-06-06,2025-06-07,1.0
ORD-104425,2025-04-10,2025-04-10,0.0
ORD-104426,2025-07-20,2025-07-20,0.0
ORD-104427,2025-09-15,,
ORD-104428,2025-09-29,2025-09-29,0.0
ORD-104429,2025-03-12,2025-03-12,0.0
ORD-104430,2024-11-05,2024-11-06,1.0
ORD-104431,2025-10-23,2025-10-23,0.0
ORD-104432,2025-08-26,2025-08-26,0.0
ORD-104433,2025-09-14,2025-09-14,0.0
ORD-104434,2024-10-30,,
ORD-104435,2025-06-05,2025-06-05,0.0
ORD-104436,2025-04-22,,
ORD-104437,2025-10-22,2025-10-22,0.0
ORD-104438,2025-11-14,2025-11-15,1.0
ORD-104439,2025-11-05,2025-11-05,0.0
ORD-104440,2025-09-20,2025-09-20,0.0
ORD-104441,2024-06-06,2024-06-06,0.0
ORD-104442,2025-12-22,2025-12-22,0.0
ORD-104443,2025-10-27,2025-10-27,0.0
ORD-104444,2025-11-08,2025-11-08,0.0
ORD-104445,2025-08-21,2025-08-21,0.0
ORD-104446,2025-07-06,2025-07-07,1.0
ORD-104447,2025-01-19,2025-01-20,1.0
ORD-104448,2025-03-11,2025-03-13,2.0
ORD-104449,2025-07-24,2025-07-24,0.0
ORD-104450,2024-09-07,2024-09-08,1.0
ORD-104451,2025-08-08,2025-08-08,0.0
ORD-104452,2025-11-17,2025-11-17,0.0
ORD-104453,2024-11-07,2024-11-07,0.0
ORD-104454,2024-10-05,2024-10-07,2.0
ORD-104455,2024-09-22,2024-09-22,0.0
ORD-104456,2025-10-28,,
ORD-104457,2025-04-04,2025-04-04,0.0
ORD-104458,2025-11-04,2025-11-04,0.0
ORD-104459,2025-07-02,,
ORD-104460,2025-08-06,2025-08-06,0.0
ORD-104461,2025-08-21,2025-08-21,0.0
ORD-104462,2025-12-20,2025-12-22,2.0
ORD-104463,2025-12-22,2025-12-22,0.0
ORD-104464,2024-05-15,2024-05-15,0.0
ORD-104465,2025-10-24,2025-10-25,1.0
ORD-104466,2025-11-24,2025-11-26,2.0
ORD-104467,2025-10-26,2025-10-26,0.0
ORD-104468,2025-12-18,2025-12-19,1.0
ORD-104469,2025-11-07,2025-11-07,0.0
ORD-104470,2025-12-04,2025-12-05,1.0
ORD-104471,2024-09-28,2024-09-28,0.0
ORD-104472,2025-02-17,2025-02-17,0.0
ORD-104473,2024-07-05,2024-07-05,0.0
ORD-104474,2025-09-17,2025-09-19,2.0
ORD-104475,2025-06-29,2025-06-29,0.0
ORD-104476,2025-08-11,2025-08-12,1.0
ORD-104477,2024-03-15,2024-03-15,0.0
ORD-104478,2025-07-28,2025-07-28,0.0
ORD-104479,2025-10-14,2025-10-14,0.0
ORD-104480,2024-11-19,2024-11-21,2.0
ORD-104481,2025-12-13,2025-12-13,0.0
ORD-104482,2025-02-07,2025-02-07,0.0
ORD-104483,2024-07-29,2024-07-29,0.0
ORD-104484,2025-10-29,2025-10-29,0.0
ORD-104485,2024-10-10,2024-10-10,0.0
ORD-104486,2025-09-11,,
ORD-104487,2025-08-13,2025-08-13,0.0
ORD-104488,2025-08-31,2025-08-31,0.0
ORD-104489,2025-05-28,2025-05-28,0.0
ORD-104490,2025-08-27,2025-08-27,0.0
ORD-104491,2025-07-31,2025-07-31,0.0
ORD-104492,2025-01-24,2025-01-24,0.0
ORD-104493,2025-02-13,2025-02-14,1.0
ORD-104494,2024-12-15,2024-12-15,0.0
ORD-104495,2025-08-26,2025-08-29,3.0
ORD-104496,2025-12-14,2025-12-14,0.0
ORD-104497,2024-11-04,2024-11-04,0.0
ORD-104498,2025-11-07,2025-11-07,0.0
ORD-104499,2025-08-08,2025-08-08,0.0
ORD-104500,2025-01-30,2025-02-01,2.0
ORD-104501,2024-10-26,2024-10-26,0.0
ORD-104502,2025-08-10,2025-08-10,0.0
ORD-104503,2025-08-04,2025-08-07,3.0
ORD-104504,2025-09-13,2025-09-14,1.0
ORD-104505,2025-11-23,2025-11-25,2.0
ORD-104506,2025-03-23,2025-03-24,1.0
ORD-104507,2025-12-05,2025-12-05,0.0
ORD-104508,2025-01-23,2025-01-24,1.0
ORD-104509,2024-02-09,2024-02-11,2.0
ORD-104510,2025-12-13,2025-12-13,0.0
ORD-104511,2024-08-27,2024-08-27,0.0
ORD-104512,2025-01-11,2025-01-11,0.0
ORD-104513,2025-05-12,,
ORD-104514,2025-02-20,2025-02-21,1.0
ORD-104515,2025-10-19,2025-10-20,1.0
ORD-104516,2025-11-02,2025-11-03,1.0
ORD-104517,2024-11-07,2024-11-07,0.0
ORD-104518,2025-12-11,,
ORD-104519,2025-09-19,2025-09-22,3.0
ORD-104520,2024-09-15,2024-09-17,2.0
ORD-104521,2025-12-25,2025-12-26,1.0
ORD-104522,2024-09-28,2024-09-29,1.0
ORD-104523,2025-11-16,2025-11-16,0.0
ORD-104524,2025-04-07,2025-04-07,0.0
ORD-104525,2024-10-09,2024-10-09,0.0
ORD-104526,2025-03-19,2025-03-20,1.0
ORD-104527,2025-07-18,2025-07-19,1.0
ORD-104528,2025-07-17,2025-07-20,3.0
ORD-104529,2025-09-22,2025-09-22,0.0
ORD-104530,2025-03-18,2025-03-18,0.0
ORD-104531,2025-04-22,2025-04-24,2.0
ORD-104532,2024-10-21,2024-10-21,0.0
ORD-104533,2025-11-05,2025-11-05,0.0
ORD-104534,2025-07-27,2025-07-27,0.0
ORD-104535,2025-07-19,2025-07-19,0.0
ORD-104536,2025-08-17,2025-08-20,3.0
ORD-104537,2024-10-19,2024-10-19,0.0
ORD-104538,2024-01-27,2024-01-27,0.0
ORD-104539,2024-12-19,2024-12-19,0.0
ORD-104540,2025-11-03,2025-11-03,0.0
ORD-104541,2024-11-17,2024-11-17,0.0
ORD-104542,2025-12-24,2025-12-24,0.0
ORD-104543,2024-11-24,,
ORD-104544,2025-11-29,2025-11-30,1.0
ORD-104545,2025-02-18,2025-02-21,3.0
ORD-104546,2024-06-26,2024-06-26,0.0
ORD-104547,2024-10-27,2024-10-28,1.0
ORD-104548,2025-01-25,2025-01-25,0.0
ORD-104549,2024-10-17,2024-10-17,0.0
ORD-104550,2024-11-15,2024-11-15,0.0
ORD-104551,2025-07-20,,
ORD-104552,2025-01-26,2025-01-26,0.0
ORD-104553,2025-04-22,2025-04-22,0.0
ORD-104554,2025-11-23,2025-11-23,0.0
ORD-104555,2025-09-24,2025-09-24,0.0
ORD-104556,2024-07-09,,
ORD-104557,2025-11-19,2025-11-19,0.0
ORD-104558,2025-08-13,2025-08-13,0.0
ORD-104559,2025-11-12,2025-11-13,1.0
ORD-104560,2025-03-08,2025-03-08,0.0
ORD-104561,2025-12-03,2025-12-03,0.0
ORD-104562,2025-01-25,2025-01-26,1.0
ORD-104563,2025-06-23,2025-06-23,0.0
ORD-104564,2024-11-01,2024-11-01,0.0
ORD-104565,2025-01-12,2025-01-12,0.0
ORD-104566,2024-09-17,2024-09-18,1.0
ORD-104567,2025-06-22,2025-06-23,1.0
ORD-104568,2024-12-16,2024-12-16,0.0
ORD-104569,2024-11-10,2024-11-13,3.0
ORD-104570,2024-11-13,2024-11-13,0.0
ORD-104571,2025-08-20,2025-08-22,2.0
ORD-104572,2025-12-26,2025-12-26,0.0
ORD-104573,2025-11-18,2025-11-18,0.0
ORD-104574,2025-08-13,2025-08-14,1.0
ORD-104575,2025-08-12,2025-08-12,0.0
ORD-104576,2025-10-25,2025-10-25,0.0
ORD-104577,2025-09-17,2025-09-19,2.0
ORD-104578,2025-11-14,2025-11-14,0.0
ORD-104579,2025-08-08,2025-08-09,1.0
ORD-104580,2025-10-01,,
ORD-104581,2025-08-12,2025-08-12,0.0
ORD-104582,2025-09-18,2025-09-18,0.0
ORD-104583,2025-03-28,2025-03-30,2.0
ORD-104584,2025-02-01,2025-02-02,1.0
ORD-104585,2025-10-10,2025-10-13,3.0
ORD-104586,2025-11-01,2025-11-01,0.0
ORD-104587,2025-02-27,2025-02-28,1.0
ORD-104588,2025-01-18,2025-01-18,0.0
ORD-104589,2025-10-22,2025-10-23,1.0
ORD-104590,2025-08-23,2025-08-23,0.0
ORD-104591,2025-08-04,2025-08-04,0.0
ORD-104592,2025-11-01,,
ORD-104593,2025-11-30,2025-11-30,0.0
ORD-104594,2025-09-15,2025-09-15,0.0
ORD-104595,2024-03-02,2024-03-03,1.0
ORD-104596,2025-11-12,2025-11-12,0.0
ORD-104597,2024-10-08,,
ORD-104598,2025-11-26,2025-11-26,0.0
ORD-104599,2025-10-03,2025-10-03,0.0
ORD-104600,2025-12-27,2025-12-27,0.0
ORD-104601,2025-11-09,2025-11-12,3.0
ORD-104602,2025-09-04,2025-09-04,0.0
ORD-104603,2024-06-25,2024-06-25,0.0
ORD-104604,2025-11-12,2025-11-12,0.0
ORD-104605,2025-02-26,2025-02-26,0.0
ORD-104606,2024-04-26,2024-04-26,0.0
ORD-104607,2025-09-13,,
ORD-104608,2024-03-26,,
ORD-104609,2024-12-17,2024-12-20,3.0
ORD-104610,2025-07-22,2025-07-22,0.0
ORD-104611,2025-09-24,2025-09-24,0.0
ORD-104612,2024-11-12,2024-11-12,0.0
ORD-104613,2025-06-20,2025-06-21,1.0
ORD-104614,2024-12-14,2024-12-14,0.0
ORD-104615,2025-11-29,2025-11-29,0.0
ORD-104616,2024-08-06,2024-08-06,0.0
ORD-104617,2025-08-26,2025-08-27,1.0
ORD-104618,2025-07-05,2025-07-05,0.0
ORD-104619,2024-08-21,2024-08-23,2.0
ORD-104620,2025-10-03,2025-10-03,0.0
ORD-104621,2025-11-16,2025-11-17,1.0
ORD-104622,2024-08-13,,
ORD-104623,2024-10-29,2024-10-29,0.0
ORD-104624,2025-07-02,2025-07-02,0.0
ORD-104625,2025-04-05,2025-04-05,0.0
ORD-104626,2025-09-24,2025-09-24,0.0
ORD-104627,2025-07-14,2025-07-14,0.0
ORD-104628,2025-08-24,2025-08-25,1.0
ORD-104629,2024-08-20,2024-08-20,0.0
ORD-104630,2025-08-09,2025-08-11,2.0
ORD-104631,2025-10-12,2025-10-12,0.0
ORD-104632,2025-10-03,2025-10-04,1.0
ORD-104633,2025-03-12,2025-03-12,0.0
ORD-104634,2024-10-30,2024-10-31,1.0
ORD-104635,2025-10-22,2025-10-24,2.0
ORD-104636,2025-09-17,2025-09-17,0.0
ORD-104637,2025-12-02,2025-12-02,0.0
ORD-104638,2025-04-03,2025-04-03,0.0
ORD-104639,2025-02-01,2025-02-02,1.0
ORD-104640,2024-01-20,2024-01-20,0.0
ORD-104641,2025-12-02,2025-12-02,0.0
ORD-104642,2025-09-05,2025-09-05,0.0
ORD-104643,2025-11-06,2025-11-06,0.0
ORD-104644,2025-06-05,2025-06-05,0.0
ORD-104645,2025-11-18,2025-11-20,2.0
ORD-104646,2024-08-09,,
ORD-104647,2025-08-21,2025-08-22,1.0
ORD-104648,2024-07-13,2024-07-13,0.0
ORD-104649,2025-11-05,2025-11-05,0.0
ORD-104650,2025-11-21,,
ORD-104651,2025-09-15,2025-09-15,0.0
ORD-104652,2024-11-12,2024-11-12,0.0
ORD-104653,2025-04-09,2025-04-10,1.0
ORD-104654,2025-03-10,2025-03-10,0.0
ORD-104655,2025-07-17,2025-07-20,3.0
ORD-104656,2025-02-26,2025-03-01,3.0
ORD-104657,2024-07-24,2024-07-24,0.0
ORD-104658,2025-03-13,,
ORD-104659,2025-05-15,2025-05-16,1.0
ORD-104660,2026-01-01,2026-01-01,0.0
ORD-104661,2025-12-03,2025-12-03,0.0
ORD-104662,2025-10-07,2025-10-07,0.0
ORD-104663,2025-10-23,2025-10-23,0.0
ORD-104664,2025-05-04,2025-05-05,1.0
ORD-104665,2025-07-26,2025-07-26,0.0
ORD-104666,2025-10-27,2025-10-27,0.0
ORD-104667,2025-09-17,2025-09-19,2.0
ORD-104668,2024-12-31,2025-01-01,1.0
ORD-104669,2025-11-14,2025-11-14,0.0
ORD-104670,2024-11-15,2024-11-16,1.0
ORD-104671,2025-06-07,2025-06-07,0.0
ORD-104672,2024-12-07,2024-12-09,2.0
ORD-104673,2025-07-08,2025-07-08,0.0
ORD-104674,2025-08-31,2025-09-02,2.0
ORD-104675,2025-08-10,2025-08-12,2.0
ORD-104676,2025-08-30,2025-09-01,2.0
ORD-104677,2025-02-08,,
ORD-104678,2024-12-14,2024-12-14,0.0
ORD-104679,2025-11-15,2025-11-15,0.0
ORD-104680,2025-09-01,2025-09-01,0.0
ORD-104681,2025-03-05,2025-03-05,0.0
ORD-104682,2025-05-12,2025-05-14,2.0
ORD-104683,2025-10-09,,
ORD-104684,2025-12-25,2025-12-25,0.0
ORD-104685,2025-06-27,2025-06-27,0.0
ORD-104686,2025-06-17,2025-06-17,0.0
ORD-104687,2025-04-09,2025-04-10,1.0
ORD-104688,2025-06-27,2025-06-27,0.0
ORD-104689,2025-03-10,2025-03-10,0.0
ORD-104690,2025-09-23,2025-09-23,0.0
ORD-104691,2025-04-14,2025-04-14,0.0
ORD-104692,2025-03-12,2025-03-12,0.0
ORD-104693,2025-11-12,2025-11-12,0.0
ORD-104694,2024-12-23,2024-12-24,1.0
ORD-104695,2024-09-03,2024-09-05,2.0
ORD-104696,2024-04-02,2024-04-03,1.0
ORD-104697,2025-04-29,2025-05-01,2.0
ORD-104698,2025-10-23,2025-10-23,0.0
ORD-104699,2024-11-14,2024-11-14,0.0
ORD-104700,2025-07-31,2025-07-31,0.0
ORD-104701,2025-01-21,2025-01-21,0.0
ORD-104702,2025-11-02,2025-11-02,0.0
ORD-104703,2025-02-12,2025-02-12,0.0
ORD-104704,2025-11-09,2025-11-10,1.0
ORD-104705,2025-10-18,2025-10-18,0.0
ORD-104706,2025-02-26,2025-02-26,0.0
ORD-104707,2025-04-27,2025-04-27,0.0
ORD-104708,2025-06-21,2025-06-21,0.0
ORD-104709,2025-08-09,2025-08-12,3.0
ORD-104710,2024-10-18,2024-10-18,0.0
ORD-104711,2025-06-19,2025-06-19,0.0
ORD-104712,2025-06-11,2025-06-12,1.0
ORD-104713,2025-10-06,2025-10-06,0.0
ORD-104714,2024-11-12,2024-11-14,2.0
ORD-104715,2024-10-11,2024-10-13,2.0
ORD-104716,2025-10-12,2025-10-12,0.0
ORD-104717,2025-06-16,2025-06-16,0.0
ORD-104718,2025-07-28,2025-07-28,0.0
ORD-104719,2025-01-29,,
ORD-104720,2025-12-01,2025-12-03,2.0
ORD-104721,2025-08-11,2025-08-11,0.0
ORD-104722,2025-05-01,2025-05-01,0.0
ORD-104723,2024-11-13,2024-11-13,0.0
ORD-104724,2024-11-24,2024-11-25,1.0
ORD-104725,2025-10-22,2025-10-22,0.0
ORD-104726,2025-05-02,2025-05-02,0.0
ORD-104727,2025-11-19,2025-11-22,3.0
ORD-104728,2025-01-04,2025-01-04,0.0
ORD-104729,2025-11-09,2025-11-09,0.0
ORD-104730,2025-07-21,2025-07-22,1.0
ORD-104731,2025-11-01,2025-11-02,1.0
ORD-104732,2025-06-06,2025-06-06,0.0
ORD-104733,2025-07-21,2025-07-21,0.0
ORD-104734,2024-09-22,2024-09-23,1.0
ORD-104735,2025-11-20,2025-11-20,0.0
ORD-104736,2025-08-26,,
ORD-104737,2025-02-20,2025-02-20,0.0
ORD-104738,2024-11-08,2024-11-09,1.0
ORD-104739,2025-07-11,2025-07-11,0.0
ORD-104740,2025-10-01,2025-10-01,0.0
ORD-104741,2025-02-27,2025-02-28,1.0
ORD-104742,2025-04-19,2025-04-19,0.0
ORD-104743,2025-10-25,2025-10-26,1.0
ORD-104744,2025-12-28,2025-12-28,0.0
ORD-104745,2024-11-27,2024-11-27,0.0
ORD-104746,2024-10-31,2024-10-31,0.0
ORD-104747,2024-08-26,,
ORD-104748,2025-08-17,2025-08-18,1.0
ORD-104749,2025-08-12,,
ORD-104750,2025-11-12,2025-11-12,0.0
ORD-104751,2025-09-04,,
ORD-104752,2025-11-12,2025-11-12,0.0
ORD-104753,2025-09-16,2025-09-17,1.0
ORD-104754,2025-01-16,2025-01-16,0.0
ORD-104755,2025-06-21,2025-06-22,1.0
ORD-104756,2025-09-07,2025-09-08,1.0
ORD-104757,2025-12-05,2025-12-05,0.0
ORD-104758,2025-09-11,2025-09-13,2.0
ORD-104759,2025-11-23,,
ORD-104760,2025-06-08,2025-06-08,0.0
ORD-104761,2025-07-13,2025-07-13,0.0
ORD-104762,2025-11-15,2025-11-15,0.0
ORD-104763,2025-03-25,,
ORD-104764,2024-08-30,2024-08-30,0.0
ORD-104765,2025-08-21,2025-08-21,0.0
ORD-104766,2025-10-24,,
ORD-104767,2024-10-17,2024-10-17,0.0
ORD-104768,2024-11-16,2024-11-16,0.0
ORD-104769,2025-07-15,2025-07-17,2.0
ORD-104770,2025-10-28,2025-10-28,0.0
ORD-104771,2025-09-28,2025-10-01,3.0
ORD-104772,2024-10-28,2024-10-28,0.0
ORD-104773,2024-11-11,2024-11-11,0.0
ORD-104774,2025-11-03,,
ORD-104775,2025-11-06,,
ORD-104776,2025-12-20,2025-12-20,0.0
ORD-104777,2024-10-27,2024-10-27,0.0
ORD-104778,2024-05-23,2024-05-23,0.0
ORD-104779,2025-11-14,2025-11-14,0.0
ORD-104780,2025-07-17,2025-07-17,0.0
ORD-104781,2025-05-25,2025-05-27,2.0
ORD-104782,2024-10-19,2024-10-19,0.0
ORD-104783,2024-11-28,2024-11-29,1.0
ORD-104784,2025-10-23,2025-10-24,1.0
ORD-104785,2025-11-19,2025-11-19,0.0
ORD-104786,2025-01-02,2025-01-02,0.0
ORD-104787,2024-06-15,2024-06-15,0.0
ORD-104788,2025-11-08,2025-11-09,1.0
ORD-104789,2025-11-23,2025-11-23,0.0
ORD-104790,2025-07-13,2025-07-13,0.0
ORD-104791,2025-06-21,2025-06-24,3.0
ORD-104792,2025-01-29,2025-01-29,0.0
ORD-104793,2025-12-08,2025-12-09,1.0
ORD-104794,2025-06-20,2025-06-20,0.0
ORD-104795,2024-08-27,2024-08-27,0.0
ORD-104796,2025-11-01,2025-11-02,1.0
ORD-104797,2025-11-30,2025-11-30,0.0
ORD-104798,2025-11-19,2025-11-21,2.0
ORD-104799,2025-05-16,2025-05-16,0.0
ORD-104800,2024-07-08,2024-07-09,1.0
ORD-104801,2025-04-22,2025-04-22,0.0
ORD-104802,2025-12-07,2025-12-08,1.0
ORD-104803,2025-07-28,2025-07-28,0.0
ORD-104804,2025-10-13,2025-10-13,0.0
ORD-104805,2024-12-01,2024-12-01,0.0
ORD-104806,2024-12-03,2024-12-03,0.0
ORD-104807,2024-11-17,2024-11-17,0.0
ORD-104808,2025-06-18,2025-06-18,0.0
ORD-104809,2025-12-02,,
ORD-104810,2025-03-30,2025-03-31,1.0
ORD-104811,2025-07-03,,
ORD-104812,2025-10-02,2025-10-02,0.0
ORD-104813,2025-10-03,2025-10-03,0.0
ORD-104814,2025-04-20,2025-04-20,0.0
ORD-104815,2025-09-02,2025-09-02,0.0
ORD-104816,2025-08-09,2025-08-09,0.0
ORD-104817,2025-06-15,2025-06-15,0.0
ORD-104818,2025-11-12,2025-11-14,2.0
ORD-104819,2024-10-23,2024-10-23,0.0
ORD-104820,2025-11-23,2025-11-23,0.0
ORD-104821,2025-11-07,2025-11-08,1.0
ORD-104822,2025-08-24,2025-08-24,0.0
ORD-104823,2025-06-05,2025-06-06,1.0
ORD-104824,2025-01-25,2025-01-25,0.0
ORD-104825,2025-12-13,2025-12-13,0.0
ORD-104826,2025-11-16,2025-11-16,0.0
ORD-104827,2025-11-13,2025-11-13,0.0
ORD-104828,2025-03-22,2025-03-22,0.0
ORD-104829,2025-01-24,2025-01-25,1.0
ORD-104830,2025-04-29,2025-04-29,0.0
ORD-104831,2024-11-16,2024-11-16,0.0
ORD-104832,2025-02-12,2025-02-13,1.0
ORD-104833,2024-12-27,2024-12-27,0.0
ORD-104834,2025-06-02,2025-06-02,0.0
ORD-104835,2025-09-28,2025-10-01,3.0
ORD-104836,2025-06-27,2025-06-28,1.0
ORD-104837,2025-01-08,2025-01-10,2.0
ORD-104838,2025-05-26,2025-05-26,0.0
ORD-104839,2025-06-24,2025-06-24,0.0
ORD-104840,2025-01-27,2025-01-28,1.0
ORD-104841,2025-01-23,2025-01-24,1.0
ORD-104842,2025-06-03,2025-06-03,0.0
ORD-104843,2025-04-03,2025-04-03,0.0
ORD-104844,2025-05-14,2025-05-14,0.0
ORD-104845,2025-05-19,2025-05-21,2.0
ORD-104846,2024-08-14,2024-08-16,2.0
ORD-104847,2025-06-26,2025-06-27,1.0
ORD-104848,2025-10-28,2025-10-31,3.0
ORD-104849,2025-03-22,2025-03-23,1.0
ORD-104850,2024-09-25,2024-09-25,0.0
ORD-104851,2025-04-20,2025-04-20,0.0
ORD-104852,2024-06-18,2024-06-18,0.0
ORD-104853,2024-09-23,2024-09-23,0.0
ORD-104854,2024-07-06,2024-07-07,1.0
ORD-104855,2025-02-10,2025-02-12,2.0
ORD-104856,2025-04-05,2025-04-08,3.0
ORD-104857,2025-07-17,2025-07-20,3.0
ORD-104858,2025-04-05,2025-04-05,0.0
ORD-104859,2025-07-27,2025-07-27,0.0
ORD-104860,2024-07-29,2024-07-29,0.0
ORD-104861,2025-02-01,2025-02-02,1.0
ORD-104862,2025-08-24,2025-08-26,2.0
ORD-104863,2024-03-02,2024-03-02,0.0
ORD-104864,2025-09-29,2025-09-30,1.0
ORD-104865,2024-09-15,2024-09-15,0.0
ORD-104866,2025-07-19,2025-07-21,2.0
ORD-104867,2025-07-24,2025-07-25,1.0
ORD-104868,2025-08-11,2025-08-11,0.0
ORD-104869,2025-10-06,2025-10-06,0.0
ORD-104870,2025-10-29,2025-10-29,0.0
ORD-104871,2025-10-04,2025-10-05,1.0
ORD-104872,2024-12-28,2024-12-28,0.0
ORD-104873,2024-05-08,2024-05-08,0.0
ORD-104874,2025-03-10,2025-03-10,0.0
ORD-104875,2025-05-22,2025-05-22,0.0
ORD-104876,2025-06-30,2025-06-30,0.0
ORD-104877,2024-04-22,2024-04-22,0.0
ORD-104878,2025-08-15,2025-08-15,0.0
ORD-104879,2025-09-06,2025-09-06,0.0
ORD-104880,2024-10-27,2024-10-28,1.0
ORD-104881,2025-04-08,,
ORD-104882,2025-11-17,2025-11-17,0.0
ORD-104883,2024-11-22,2024-11-22,0.0
ORD-104884,2024-07-21,2024-07-21,0.0
ORD-104885,2025-08-22,,
ORD-104886,2024-10-22,,
ORD-104887,2025-11-23,2025-11-23,0.0
ORD-104888,2025-04-19,2025-04-19,0.0
ORD-104889,2025-04-27,,
ORD-104890,2024-10-19,,
ORD-104891,2024-10-22,2024-10-22,0.0
ORD-104892,2025-05-10,2025-05-10,0.0
ORD-104893,2025-09-17,2025-09-17,0.0
ORD-104894,2025-09-05,2025-09-07,2.0
ORD-104895,2025-11-10,2025-11-11,1.0
ORD-104896,2025-11-07,2025-11-08,1.0
ORD-104897,2025-09-08,,
ORD-104898,2025-12-02,2025-12-02,0.0
ORD-104899,2025-08-18,2025-08-19,1.0
ORD-104900,2025-11-07,2025-11-07,0.0
ORD-104901,2025-04-14,,
ORD-104902,2024-10-31,,
ORD-104903,2024-12-27,2024-12-27,0.0
ORD-104904,2025-01-07,2025-01-08,1.0
ORD-104905,2025-10-28,2025-10-28,0.0
ORD-104906,2024-05-30,2024-05-31,1.0
ORD-104907,2025-10-30,2025-11-01,2.0
ORD-104908,2025-01-26,2025-01-27,1.0
ORD-104909,2025-02-03,2025-02-03,0.0
ORD-104910,2025-05-22,2025-05-23,1.0
ORD-104911,2025-09-19,2025-09-19,0.0
ORD-104912,2025-06-27,2025-06-27,0.0
ORD-104913,2024-10-29,2024-10-29,0.0
ORD-104914,2025-11-01,2025-11-01,0.0
ORD-104915,2025-08-17,2025-08-18,1.0
ORD-104916,2025-02-15,2025-02-15,0.0
ORD-104917,2025-09-09,2025-09-09,0.0
ORD-104918,2024-11-26,,
ORD-104919,2025-11-01,2025-11-01,0.0
ORD-104920,2025-07-22,2025-07-23,1.0
ORD-104921,2025-05-02,2025-05-02,0.0
ORD-104922,2025-11-19,2025-11-19,0.0
ORD-104923,2025-10-07,2025-10-09,2.0
ORD-104924,2024-08-31,,
ORD-104925,2025-11-22,2025-11-22,0.0
ORD-104926,2025-05-13,,
ORD-104927,2025-09-12,2025-09-12,0.0
ORD-104928,2024-10-23,2024-10-25,2.0
ORD-104929,2025-12-07,2025-12-07,0.0
ORD-104930,2025-10-06,,
ORD-104931,2025-12-13,2025-12-13,0.0
ORD-104932,2024-04-13,2024-04-13,0.0
ORD-104933,2025-04-23,,
ORD-104934,2025-11-03,2025-11-03,0.0
ORD-104935,2025-07-12,2025-07-13,1.0
ORD-104936,2025-04-23,2025-04-23,0.0
ORD-104937,2025-10-31,2025-11-02,2.0
ORD-104938,2025-10-03,2025-10-03,0.0
ORD-104939,2025-02-17,,
ORD-104940,2024-07-08,2024-07-08,0.0
ORD-104941,2025-11-14,2025-11-14,0.0
ORD-104942,2025-12-24,2025-12-24,0.0
ORD-104943,2025-02-01,2025-02-01,0.0
ORD-104944,2025-08-30,2025-08-30,0.0
ORD-104945,2025-03-08,2025-03-08,0.0
ORD-104946,2025-05-24,2025-05-24,0.0
ORD-104947,2025-03-15,2025-03-17,2.0
ORD-104948,2025-12-01,2025-12-02,1.0
ORD-104949,2025-11-08,2025-11-08,0.0
ORD-104950,2024-12-28,,
ORD-104951,2025-04-25,2025-04-25,0.0
ORD-104952,2025-06-21,2025-06-23,2.0
ORD-104953,2025-09-27,2025-09-27,0.0
ORD-104954,2025-11-12,2025-11-13,1.0
ORD-104955,2024-12-23,2024-12-23,0.0
ORD-104956,2025-02-07,2025-02-07,0.0
ORD-104957,2025-02-01,2025-02-01,0.0
ORD-104958,2025-03-11,,
ORD-104959,2025-10-07,2025-10-07,0.0
ORD-104960,2025-11-05,2025-11-05,0.0
ORD-104961,2024-07-06,2024-07-08,2.0
ORD-104962,2025-10-25,2025-10-25,0.0
ORD-104963,2025-02-03,2025-02-05,2.0
ORD-104964,2025-11-11,2025-11-11,0.0
ORD-104965,2025-11-09,2025-11-09,0.0
ORD-104966,2024-11-02,2024-11-02,0.0
ORD-104967,2025-09-19,2025-09-19,0.0
ORD-104968,2025-10-28,2025-10-28,0.0
ORD-104969,2025-06-12,2025-06-12,0.0
ORD-104970,2025-02-26,2025-02-26,0.0
ORD-104971,2025-04-20,2025-04-20,0.0
ORD-104972,2025-06-27,2025-06-27,0.0
ORD-104973,2025-09-25,2025-09-25,0.0
ORD-104974,2025-04-30,2025-05-02,2.0
ORD-104975,2025-11-26,2025-11-26,0.0
ORD-104976,2025-06-22,,
ORD-104977,2025-03-11,2025-03-11,0.0
ORD-104978,2025-09-25,2025-09-25,0.0
ORD-104979,2025-11-15,2025-11-15,0.0
ORD-104980,2025-10-22,2025-10-22,0.0
ORD-104981,2024-06-05,2024-06-05,0.0
ORD-104982,2025-09-09,2025-09-09,0.0
ORD-104983,2025-11-30,2025-11-30,0.0
ORD-104984,2025-05-14,2025-05-15,1.0
ORD-104985,2025-10-25,2025-10-25,0.0
ORD-104986,2025-10-31,2025-10-31,0.0
ORD-104987,2024-10-24,2024-10-24,0.0
ORD-104988,2024-12-21,2024-12-22,1.0
ORD-104989,2025-01-05,2025-01-06,1.0
ORD-104990,2025-10-03,2025-10-03,0.0
ORD-104991,2025-07-16,2025-07-17,1.0
ORD-104992,2024-05-06,2024-05-06,0.0
ORD-104993,2025-03-03,2025-03-03,0.0
ORD-104994,2024-04-06,2024-04-07,1.0
ORD-104995,2025-01-28,2025-01-30,2.0
ORD-104996,2025-01-29,2025-01-29,0.0
ORD-104997,2025-10-05,,
ORD-104998,2025-12-03,2025-12-04,1.0
ORD-104999,2025-10-24,2025-10-24,0.0
ORD-105000,2025-10-26,2025-10-26,0.0
ORD-105001,2025-11-11,2025-11-11,0.0
ORD-105002,2025-02-07,2025-02-07,0.0
ORD-105003,2025-09-27,2025-09-27,0.0
ORD-105004,2025-07-14,2025-07-14,0.0
ORD-105005,2025-11-20,2025-11-20,0.0
ORD-105006,2025-11-06,2025-11-07,1.0
ORD-105007,2025-10-25,2025-10-25,0.0
ORD-105008,2024-08-24,2024-08-24,0.0
ORD-105009,2025-01-23,2025-01-23,0.0
ORD-105010,2024-12-30,2025-01-02,3.0
ORD-105011,2025-06-08,2025-06-09,1.0
ORD-105012,2025-07-25,2025-07-27,2.0
ORD-105013,2025-04-30,2025-04-30,0.0
ORD-105014,2024-09-23,2024-09-25,2.0
ORD-105015,2025-08-18,2025-08-19,1.0
ORD-105016,2025-07-20,2025-07-20,0.0
ORD-105017,2025-03-26,,
ORD-105018,2025-09-14,2025-09-14,0.0
ORD-105019,2025-02-01,2025-02-02,1.0
ORD-105020,2025-04-06,2025-04-06,0.0
ORD-105021,2025-01-03,2025-01-03,0.0
ORD-105022,2025-03-18,2025-03-21,3.0
ORD-105023,2024-11-26,2024-11-26,0.0
ORD-105024,2025-09-09,2025-09-10,1.0
ORD-105025,2025-06-19,2025-06-21,2.0
ORD-105026,2025-11-17,2025-11-17,0.0
ORD-105027,2025-12-02,2025-12-02,0.0
ORD-105028,2025-02-28,2025-02-28,0.0
ORD-105029,2025-05-19,2025-05-19,0.0
ORD-105030,2025-07-21,2025-07-21,0.0
ORD-105031,2025-08-20,2025-08-22,2.0
ORD-105032,2025-06-15,2025-06-15,0.0
ORD-105033,2024-10-27,2024-10-27,0.0
ORD-105034,2025-04-23,2025-04-23,0.0
ORD-105035,2024-06-10,2024-06-10,0.0
ORD-105036,2024-10-24,2024-10-25,1.0
ORD-105037,2025-02-26,2025-02-26,0.0
ORD-105038,2025-02-25,,
ORD-105039,2024-11-12,2024-11-12,0.0
ORD-105040,2025-09-07,2025-09-08,1.0
ORD-105041,2025-03-03,,
ORD-105042,2025-05-18,2025-05-18,0.0
ORD-105043,2025-09-05,,
ORD-105044,2025-03-14,2025-03-14,0.0
ORD-105045,2024-12-09,2024-12-09,0.0
ORD-105046,2025-10-18,2025-10-19,1.0
ORD-105047,2025-11-12,2025-11-13,1.0
ORD-105048,2025-05-09,2025-05-09,0.0
ORD-105049,2024-11-01,2024-11-01,0.0
ORD-105050,2025-05-14,2025-05-14,0.0
ORD-105051,2024-10-26,2024-10-26,0.0
ORD-105052,2024-12-09,,
ORD-105053,2025-12-10,2025-12-10,0.0
ORD-105054,2025-07-07,2025-07-07,0.0
ORD-105055,2025-09-26,,
ORD-105056,2025-09-15,2025-09-16,1.0
ORD-105057,2024-10-27,2024-10-30,3.0
ORD-105058,2025-04-19,,
ORD-105059,2024-12-10,2024-12-13,3.0
ORD-105060,2025-08-14,2025-08-14,0.0
ORD-105061,2025-03-15,2025-03-15,0.0
ORD-105062,2025-05-10,2025-05-10,0.0
ORD-105063,2025-05-01,,
ORD-105064,2025-06-06,2025-06-09,3.0
ORD-105065,2025-06-02,,
ORD-105066,2025-08-21,2025-08-22,1.0
ORD-105067,2025-07-13,2025-07-13,0.0
ORD-105068,2025-07-23,2025-07-25,2.0
ORD-105069,2025-11-02,2025-11-02,0.0
ORD-105070,2024-12-09,2024-12-09,0.0
ORD-105071,2025-12-01,2025-12-04,3.0
ORD-105072,2024-07-02,,
ORD-105073,2025-11-15,2025-11-15,0.0
ORD-105074,2025-10-27,2025-10-27,0.0
ORD-105075,2025-08-21,2025-08-21,0.0
ORD-105076,2024-07-07,2024-07-09,2.0
ORD-105077,2024-12-22,2024-12-24,2.0
ORD-105078,2025-01-14,2025-01-14,0.0
ORD-105079,2025-09-28,2025-09-28,0.0
ORD-105080,2025-05-15,2025-05-15,0.0
ORD-105081,2025-03-06,2025-03-07,1.0
ORD-105082,2025-08-28,,
ORD-105083,2024-11-30,,
ORD-105084,2025-10-20,2025-10-20,0.0
ORD-105085,2025-02-20,2025-02-20,0.0
ORD-105086,2025-03-20,2025-03-20,0.0
ORD-105087,2025-06-04,2025-06-04,0.0
ORD-105088,2025-10-24,2025-10-24,0.0
ORD-105089,2024-06-08,,
ORD-105090,2024-11-28,2024-11-28,0.0
ORD-105091,2025-12-03,2025-12-05,2.0
ORD-105092,2025-01-20,,
ORD-105093,2025-08-17,,
ORD-105094,2025-02-28,2025-03-01,1.0
ORD-105095,2025-10-25,2025-10-25,0.0
ORD-105096,2025-04-29,2025-05-02,3.0
ORD-105097,2024-11-18,2024-11-18,0.0
ORD-105098,2025-06-14,2025-06-16,2.0
ORD-105099,2025-09-17,2025-09-17,0.0
ORD-105100,2025-11-08,2025-11-08,0.0
ORD-105101,2025-11-25,2025-11-27,2.0
ORD-105102,2025-05-06,2025-05-06,0.0
ORD-105103,2025-08-09,2025-08-11,2.0
ORD-105104,2025-05-02,2025-05-02,0.0
ORD-105105,2025-11-11,2025-11-11,0.0
ORD-105106,2025-09-11,2025-09-12,1.0
ORD-105107,2025-08-10,2025-08-10,0.0
ORD-105108,2024-04-11,2024-04-11,0.0
ORD-105109,2025-10-31,,
ORD-105110,2025-03-03,2025-03-06,3.0
ORD-105111,2025-09-06,2025-09-08,2.0
ORD-105112,2025-12-11,2025-12-11,0.0
ORD-105113,2025-08-29,2025-08-29,0.0
ORD-105114,2025-10-21,2025-10-21,0.0
ORD-105115,2025-05-17,2025-05-17,0.0
ORD-105116,2024-11-17,2024-11-18,1.0
ORD-105117,2025-12-04,2025-12-05,1.0
ORD-105118,2025-03-20,,
ORD-105119,2024-11-12,2024-11-13,1.0
ORD-105120,2025-04-11,2025-04-12,1.0
ORD-105121,2025-01-24,2025-01-24,0.0
ORD-105122,2024-05-04,2024-05-04,0.0
ORD-105123,2025-11-17,2025-11-18,1.0
ORD-105124,2025-08-18,2025-08-18,0.0
ORD-105125,2025-09-01,2025-09-02,1.0
ORD-105126,2025-08-17,2025-08-18,1.0
ORD-105127,2025-02-11,2025-02-11,0.0
ORD-105128,2025-10-04,2025-10-04,0.0
ORD-105129,2024-05-22,2024-05-22,0.0
ORD-105130,2025-01-30,2025-01-30,0.0
ORD-105131,2025-06-17,2025-06-17,0.0
ORD-105132,2024-07-04,2024-07-04,0.0
ORD-105133,2025-09-04,2025-09-04,0.0
ORD-105134,2025-03-17,2025-03-17,0.0
ORD-105135,2025-09-08,2025-09-09,1.0
ORD-105136,2025-04-25,2025-04-25,0.0
ORD-105137,2025-12-17,2025-12-17,0.0
ORD-105138,2025-12-04,2025-12-04,0.0
ORD-105139,2025-03-13,2025-03-14,1.0
ORD-105140,2025-07-12,2025-07-12,0.0
ORD-105141,2024-06-29,2024-06-29,0.0
ORD-105142,2024-10-04,2024-10-04,0.0
ORD-105143,2025-11-16,2025-11-16,0.0
ORD-105144,2025-04-04,2025-04-07,3.0
ORD-105145,2025-04-11,2025-04-11,0.0
ORD-105146,2025-06-04,2025-06-05,1.0
ORD-105147,2025-10-22,2025-10-22,0.0
ORD-105148,2025-04-22,2025-04-22,0.0
ORD-105149,2024-09-27,2024-09-27,0.0
ORD-105150,2024-02-02,2024-02-03,1.0
ORD-105151,2025-11-18,,
ORD-105152,2025-06-08,2025-06-09,1.0
ORD-105153,2025-07-07,2025-07-09,2.0
ORD-105154,2025-09-10,2025-09-10,0.0
ORD-105155,2025-01-18,2025-01-18,0.0
ORD-105156,2025-05-19,2025-05-19,0.0
ORD-105157,2025-08-20,2025-08-20,0.0
ORD-105158,2025-07-17,2025-07-17,0.0
ORD-105159,2025-11-18,2025-11-18,0.0
ORD-105160,2025-11-04,2025-11-04,0.0
ORD-105161,2025-10-21,2025-10-22,1.0
ORD-105162,2025-12-16,2025-12-16,0.0
ORD-105163,2024-05-10,2024-05-10,0.0
ORD-105164,2025-02-06,2025-02-06,0.0
ORD-105165,2025-08-27,2025-08-30,3.0
ORD-105166,2024-10-24,,
ORD-105167,2025-11-19,2025-11-19,0.0
ORD-105168,2024-11-03,2024-11-03,0.0
ORD-105169,2025-08-31,,
ORD-105170,2025-08-08,2025-08-09,1.0
ORD-105171,2025-09-13,2025-09-13,0.0
ORD-105172,2025-03-16,2025-03-18,2.0
ORD-105173,2025-01-18,2025-01-19,1.0
ORD-105174,2025-07-11,2025-07-11,0.0
ORD-105175,2025-04-04,2025-04-04,0.0
ORD-105176,2025-10-19,,
ORD-105177,2025-08-30,2025-08-30,0.0
ORD-105178,2025-10-03,2025-10-05,2.0
ORD-105179,2025-08-01,2025-08-01,0.0
ORD-105180,2025-07-11,2025-07-11,0.0
ORD-105181,2025-10-30,2025-10-31,1.0
ORD-105182,2024-06-16,2024-06-16,0.0
ORD-105183,2025-04-17,2025-04-18,1.0
ORD-105184,2024-12-21,2024-12-22,1.0
ORD-105185,2025-02-11,2025-02-12,1.0
ORD-105186,2024-05-01,2024-05-02,1.0
ORD-105187,2025-03-04,2025-03-05,1.0
ORD-105188,2024-10-27,2024-10-28,1.0
ORD-105189,2025-04-01,2025-04-02,1.0
ORD-105190,2024-11-03,2024-11-04,1.0
ORD-105191,2025-10-24,2025-10-24,0.0
ORD-105192,2025-08-15,2025-08-15,0.0
ORD-105193,2025-10-21,2025-10-22,1.0
ORD-105194,2024-07-16,2024-07-16,0.0
ORD-105195,2024-09-15,2024-09-18,3.0
ORD-105196,2025-02-15,2025-02-16,1.0
ORD-105197,2025-11-01,2025-11-01,0.0
ORD-105198,2025-09-27,2025-09-30,3.0
ORD-105199,2025-11-13,2025-11-15,2.0
ORD-105200,2025-08-08,,
ORD-105201,2024-12-02,2024-12-04,2.0
ORD-105202,2025-03-30,2025-03-30,0.0
ORD-105203,2025-03-16,2025-03-16,0.0
ORD-105204,2025-02-05,2025-02-07,2.0
ORD-105205,2025-07-18,2025-07-18,0.0
ORD-105206,2025-10-23,2025-10-23,0.0
ORD-105207,2025-11-10,,
ORD-105208,2025-03-14,2025-03-16,2.0
ORD-105209,2025-02-09,2025-02-09,0.0
ORD-105210,2025-03-13,2025-03-13,0.0
ORD-105211,2025-11-05,2025-11-05,0.0
ORD-105212,2025-02-18,2025-02-18,0.0
ORD-105213,2025-11-05,2025-11-05,0.0
ORD-105214,2025-11-01,2025-11-01,0.0
ORD-105215,2024-11-06,2024-11-06,0.0
ORD-105216,2025-11-07,2025-11-09,2.0
ORD-105217,2025-11-15,2025-11-15,0.0
ORD-105218,2025-08-20,2025-08-20,0.0
ORD-105219,2025-09-29,,
ORD-105220,2025-10-17,2025-10-17,0.0
ORD-105221,2025-08-10,2025-08-10,0.0
ORD-105222,2025-05-14,,
ORD-105223,2025-10-31,2025-10-31,0.0
ORD-105224,2024-08-30,,
ORD-105225,2024-10-20,2024-10-21,1.0
ORD-105226,2025-07-25,2025-07-26,1.0
ORD-105227,2025-09-10,2025-09-11,1.0
ORD-105228,2024-12-02,2024-12-03,1.0
ORD-105229,2025-01-22,2025-01-22,0.0
ORD-105230,2025-05-28,,
ORD-105231,2024-10-21,2024-10-21,0.0
ORD-105232,2025-10-28,2025-10-28,0.0
ORD-105233,2025-04-14,2025-04-16,2.0
ORD-105234,2024-10-03,2024-10-03,0.0
ORD-105235,2024-02-25,2024-02-25,0.0
ORD-105236,2025-12-08,2025-12-08,0.0
ORD-105237,2025-10-03,2025-10-03,0.0
ORD-105238,2024-12-26,2024-12-26,0.0
ORD-105239,2025-10-31,2025-11-02,2.0
ORD-105240,2025-07-12,,
ORD-105241,2025-03-04,,
ORD-105242,2024-05-16,2024-05-16,0.0
ORD-105243,2025-12-18,2025-12-18,0.0
ORD-105244,2025-04-20,2025-04-22,2.0
ORD-105245,2024-12-13,2024-12-13,0.0
ORD-105246,2025-11-17,2025-11-17,0.0
ORD-105247,2025-03-03,2025-03-04,1.0
ORD-105248,2025-07-20,2025-07-20,0.0
ORD-105249,2025-05-29,2025-05-29,0.0
ORD-105250,2025-10-26,2025-10-26,0.0
ORD-105251,2025-06-04,2025-06-04,0.0
ORD-105252,2025-10-11,2025-10-11,0.0
ORD-105253,2025-10-11,2025-10-12,1.0
ORD-105254,2025-11-11,2025-11-11,0.0
ORD-105255,2025-01-18,2025-01-18,0.0
ORD-105256,2025-02-15,2025-02-15,0.0
ORD-105257,2025-08-21,,
ORD-105258,2025-09-04,,
ORD-105259,2025-07-30,2025-07-30,0.0
ORD-105260,2025-08-04,2025-08-04,0.0
ORD-105261,2025-07-28,2025-07-28,0.0
ORD-105262,2024-07-13,2024-07-13,0.0
ORD-105263,2024-11-18,2024-11-19,1.0
ORD-105264,2025-10-08,2025-10-09,1.0
ORD-105265,2025-09-02,2025-09-03,1.0
ORD-105266,2025-07-05,2025-07-05,0.0
ORD-105267,2025-06-22,2025-06-22,0.0
ORD-105268,2024-09-14,2024-09-14,0.0
ORD-105269,2024-11-05,2024-11-05,0.0
ORD-105270,2024-11-21,2024-11-22,1.0
ORD-105271,2025-11-24,,
ORD-105272,2025-09-01,2025-09-03,2.0
ORD-105273,2025-08-11,2025-08-11,0.0
ORD-105274,2025-07-01,2025-07-02,1.0
ORD-105275,2025-09-14,2025-09-15,1.0
ORD-105276,2025-11-28,2025-11-28,0.0
ORD-105277,2024-08-21,2024-08-21,0.0
ORD-105278,2025-05-14,2025-05-14,0.0
ORD-105279,2025-02-22,2025-02-22,0.0
ORD-105280,2025-10-25,2025-10-26,1.0
ORD-105281,2024-09-02,2024-09-03,1.0
ORD-105282,2025-11-17,2025-11-17,0.0
ORD-105283,2024-08-19,,
ORD-105284,2024-11-18,2024-11-18,0.0
ORD-105285,2025-07-18,2025-07-18,0.0
ORD-105286,2025-10-29,2025-11-01,3.0
ORD-105287,2025-11-16,2025-11-17,1.0
ORD-105288,2024-11-24,2024-11-24,0.0
ORD-105289,2025-10-10,2025-10-13,3.0
ORD-105290,2024-10-03,2024-10-03,0.0
ORD-105291,2025-02-09,2025-02-10,1.0
ORD-105292,2025-10-18,2025-10-18,0.0
ORD-105293,2024-11-10,2024-11-10,0.0
ORD-105294,2025-12-21,2025-12-21,0.0
ORD-105295,2024-09-06,2024-09-08,2.0
ORD-105296,2025-03-24,2025-03-24,0.0
ORD-105297,2025-10-21,2025-10-21,0.0
ORD-105298,2025-08-10,2025-08-11,1.0
ORD-105299,2024-06-13,2024-06-13,0.0
ORD-105300,2025-12-27,2025-12-27,0.0
ORD-105301,2025-11-01,,
ORD-105302,2025-03-03,2025-03-03,0.0
ORD-105303,2025-08-31,2025-08-31,0.0
ORD-105304,2025-10-10,,
ORD-105305,2025-11-10,2025-11-10,0.0
ORD-105306,2024-11-02,2024-11-02,0.0
ORD-105307,2025-11-23,2025-11-23,0.0
ORD-105308,2025-07-10,2025-07-10,0.0
ORD-105309,2025-12-20,2025-12-20,0.0
ORD-105310,2025-10-22,2025-10-25,3.0
ORD-105311,2025-11-24,2025-11-27,3.0
ORD-105312,2025-06-02,2025-06-02,0.0
ORD-105313,2025-11-07,2025-11-07,0.0
ORD-105314,2025-07-15,2025-07-15,0.0
ORD-105315,2025-11-09,2025-11-10,1.0
ORD-105316,2025-08-18,2025-08-19,1.0
ORD-105317,2025-10-21,2025-10-22,1.0
ORD-105318,2024-05-24,2024-05-24,0.0
ORD-105319,2025-07-02,2025-07-02,0.0
ORD-105320,2025-05-04,2025-05-06,2.0
ORD-105321,2025-06-18,2025-06-18,0.0
ORD-105322,2025-02-28,2025-02-28,0.0
ORD-105323,2025-12-02,2025-12-03,1.0
ORD-105324,2024-12-25,2024-12-25,0.0
ORD-105325,2024-03-16,2024-03-18,2.0
ORD-105326,2024-08-06,2024-08-06,0.0
ORD-105327,2024-11-03,2024-11-03,0.0
ORD-105328,2025-06-10,2025-06-10,0.0
ORD-105329,2025-04-22,,
ORD-105330,2024-11-15,,
ORD-105331,2025-12-05,2025-12-06,1.0
ORD-105332,2025-07-02,2025-07-02,0.0
ORD-105333,2025-02-09,2025-02-09,0.0
ORD-105334,2025-02-27,2025-02-27,0.0
ORD-105335,2025-11-02,2025-11-03,1.0
ORD-105336,2024-03-01,2024-03-02,1.0
ORD-105337,2025-11-01,2025-11-01,0.0
ORD-105338,2025-01-10,2025-01-10,0.0
ORD-105339,2025-09-05,2025-09-07,2.0
ORD-105340,2025-11-18,2025-11-18,0.0
ORD-105341,2024-09-30,2024-09-30,0.0
ORD-105342,2025-03-13,2025-03-14,1.0
ORD-105343,2025-11-01,2025-11-01,0.0
ORD-105344,2025-10-24,2025-10-26,2.0
ORD-105345,2025-01-23,,
ORD-105346,2025-11-21,2025-11-21,0.0
ORD-105347,2025-07-04,2025-07-05,1.0
ORD-105348,2025-11-01,2025-11-02,1.0
ORD-105349,2024-05-15,2024-05-15,0.0
ORD-105350,2024-12-22,2024-12-25,3.0
ORD-105351,2024-11-11,2024-11-12,1.0
ORD-105352,2025-08-08,2025-08-08,0.0
ORD-105353,2025-11-16,2025-11-16,0.0
ORD-105354,2025-11-15,2025-11-15,0.0
ORD-105355,2025-04-12,2025-04-12,0.0
ORD-105356,2025-06-20,2025-06-20,0.0
ORD-105357,2025-08-13,2025-08-14,1.0
ORD-105358,2025-10-22,,
ORD-105359,2024-07-24,2024-07-25,1.0
ORD-105360,2024-12-28,2024-12-28,0.0
ORD-105361,2025-11-09,2025-11-10,1.0
ORD-105362,2025-05-24,2025-05-26,2.0
ORD-105363,2025-02-03,2025-02-05,2.0
ORD-105364,2025-07-13,2025-07-13,0.0
ORD-105365,2025-05-24,2025-05-24,0.0
ORD-105366,2025-11-16,2025-11-17,1.0
ORD-105367,2025-11-11,2025-11-11,0.0
ORD-105368,2024-11-04,2024-11-04,0.0
ORD-105369,2024-04-19,2024-04-20,1.0
ORD-105370,2025-05-15,2025-05-15,0.0
ORD-105371,2025-10-20,2025-10-22,2.0
ORD-105372,2025-04-18,2025-04-18,0.0
ORD-105373,2025-11-02,2025-11-04,2.0
ORD-105374,2025-12-08,2025-12-09,1.0
ORD-105375,2025-04-21,2025-04-21,0.0
ORD-105376,2025-11-10,,
ORD-105377,2025-11-06,2025-11-06,0.0
ORD-105378,2025-11-18,2025-11-21,3.0
ORD-105379,2025-10-16,2025-10-17,1.0
ORD-105380,2025-11-14,2025-11-17,3.0
ORD-105381,2025-04-14,,
ORD-105382,2025-08-08,2025-08-10,2.0
ORD-105383,2025-07-11,2025-07-11,0.0
ORD-105384,2025-11-14,2025-11-14,0.0
ORD-105385,2025-11-14,2025-11-14,0.0
ORD-105386,2025-11-17,2025-11-18,1.0
ORD-105387,2025-07-06,2025-07-06,0.0
ORD-105388,2025-08-16,2025-08-16,0.0
ORD-105389,2025-10-28,2025-10-28,0.0
ORD-105390,2025-06-03,2025-06-03,0.0
ORD-105391,2025-10-24,2025-10-24,0.0
ORD-105392,2024-06-03,2024-06-03,0.0
ORD-105393,2025-12-24,,
ORD-105394,2025-11-16,2025-11-16,0.0
ORD-105395,2025-01-23,2025-01-24,1.0
ORD-105396,2025-10-19,2025-10-19,0.0
ORD-105397,2024-11-18,2024-11-18,0.0
ORD-105398,2024-10-10,2024-10-10,0.0
ORD-105399,2024-08-22,2024-08-25,3.0
ORD-105400,2024-12-08,2024-12-10,2.0
ORD-105401,2025-04-01,2025-04-02,1.0
ORD-105402,2024-08-12,2024-08-14,2.0
ORD-105403,2025-08-17,2025-08-17,0.0
ORD-105404,2025-02-10,2025-02-11,1.0
ORD-105405,2025-10-04,2025-10-04,0.0
ORD-105406,2025-04-30,2025-05-03,3.0
ORD-105407,2025-05-16,2025-05-19,3.0
ORD-105408,2025-10-30,2025-10-30,0.0
ORD-105409,2025-10-22,2025-10-22,0.0
ORD-105410,2025-04-03,2025-04-03,0.0
ORD-105411,2025-03-04,2025-03-04,0.0
ORD-105412,2025-01-18,2025-01-18,0.0
ORD-105413,2025-03-24,2025-03-24,0.0
ORD-105414,2025-10-26,2025-10-26,0.0
ORD-105415,2025-06-14,2025-06-14,0.0
ORD-105416,2024-04-21,2024-04-21,0.0
ORD-105417,2025-02-06,2025-02-07,1.0
ORD-105418,2025-10-29,2025-10-29,0.0
ORD-105419,2024-12-08,2024-12-09,1.0
ORD-105420,2025-09-21,2025-09-21,0.0
ORD-105421,2024-10-21,2024-10-21,0.0
ORD-105422,2025-04-26,,
ORD-105423,2025-06-06,,
ORD-105424,2025-11-07,2025-11-07,0.0
ORD-105425,2025-12-03,2025-12-03,0.0
ORD-105426,2025-11-06,2025-11-07,1.0
ORD-105427,2025-11-23,2025-11-23,0.0
ORD-105428,2025-03-02,2025-03-02,0.0
ORD-105429,2024-10-28,2024-10-29,1.0
ORD-105430,2025-08-19,2025-08-19,0.0
ORD-105431,2024-10-14,2024-10-16,2.0
ORD-105432,2025-11-16,2025-11-16,0.0
ORD-105433,2024-11-07,2024-11-07,0.0
ORD-105434,2025-01-03,2025-01-04,1.0
ORD-105435,2024-08-16,2024-08-16,0.0
ORD-105436,2025-11-23,2025-11-24,1.0
ORD-105437,2025-10-02,,
ORD-105438,2025-07-21,2025-07-22,1.0
ORD-105439,2025-11-13,2025-11-13,0.0
ORD-105440,2025-11-27,2025-11-28,1.0
ORD-105441,2025-06-01,2025-06-02,1.0
ORD-105442,2025-09-06,2025-09-07,1.0
ORD-105443,2025-08-20,,
ORD-105444,2025-02-12,2025-02-14,2.0
ORD-105445,2024-07-26,2024-07-26,0.0
ORD-105446,2025-11-16,2025-11-16,0.0
ORD-105447,2025-10-06,2025-10-06,0.0
ORD-105448,2025-05-27,2025-05-27,0.0
ORD-105449,2024-09-01,2024-09-01,0.0
ORD-105450,2024-11-13,2024-11-13,0.0
ORD-105451,2025-11-23,2025-11-23,0.0
ORD-105452,2025-08-04,,
ORD-105453,2025-02-03,2025-02-03,0.0
ORD-105454,2025-06-20,2025-06-20,0.0
ORD-105455,2025-06-05,2025-06-05,0.0
ORD-105456,2025-07-21,2025-07-21,0.0
ORD-105457,2025-12-06,2025-12-06,0.0
ORD-105458,2025-03-21,,
ORD-105459,2025-11-04,,
ORD-105460,2025-12-12,,
ORD-105461,2025-08-26,2025-08-26,0.0
ORD-105462,2024-01-31,,
ORD-105463,2025-11-14,2025-11-14,0.0
ORD-105464,2025-10-27,2025-10-27,0.0
ORD-105465,2025-10-05,2025-10-05,0.0
ORD-105466,2025-03-10,2025-03-10,0.0
ORD-105467,2025-11-05,2025-11-05,0.0
ORD-105468,2025-06-15,2025-06-15,0.0
ORD-105469,2024-12-06,2024-12-06,0.0
ORD-105470,2025-07-09,2025-07-09,0.0
ORD-105471,2025-03-24,2025-03-24,0.0
ORD-105472,2024-09-29,2024-09-30,1.0
ORD-105473,2025-02-12,2025-02-12,0.0
ORD-105474,2025-07-04,2025-07-04,0.0
ORD-105475,2025-04-05,2025-04-05,0.0
ORD-105476,2025-01-19,2025-01-19,0.0
ORD-105477,2025-08-11,2025-08-11,0.0
ORD-105478,2024-08-23,2024-08-24,1.0
ORD-105479,2024-11-13,2024-11-13,0.0
ORD-105480,2024-08-28,2024-08-28,0.0
ORD-105481,2025-08-11,2025-08-11,0.0
ORD-105482,2025-10-22,2025-10-23,1.0
ORD-105483,2025-10-08,2025-10-08,0.0
ORD-105484,2024-11-26,2024-11-26,0.0
ORD-105485,2025-06-20,2025-06-20,0.0
ORD-105486,2024-08-23,2024-08-23,0.0
ORD-105487,2025-09-23,2025-09-26,3.0
ORD-105488,2025-09-05,2025-09-06,1.0
ORD-105489,2025-12-05,2025-12-06,1.0
ORD-105490,2025-02-28,2025-03-01,1.0
ORD-105491,2024-06-02,,
ORD-105492,2025-10-10,2025-10-10,0.0
ORD-105493,2025-05-23,2025-05-23,0.0
ORD-105494,2025-03-30,2025-03-30,0.0
ORD-105495,2025-11-08,2025-11-08,0.0
ORD-105496,2025-07-06,2025-07-08,2.0
ORD-105497,2025-06-17,2025-06-17,0.0
ORD-105498,2025-03-25,2025-03-26,1.0
ORD-105499,2024-12-08,2024-12-08,0.0
ORD-105500,2025-05-23,2025-05-23,0.0
ORD-105501,2024-05-18,2024-05-19,1.0
ORD-105502,2024-11-20,2024-11-20,0.0
ORD-105503,2025-03-28,2025-03-31,3.0
ORD-105504,2024-11-02,2024-11-02,0.0
ORD-105505,2024-12-10,2024-12-10,0.0
ORD-105506,2025-08-08,2025-08-08,0.0
ORD-105507,2025-12-22,2025-12-22,0.0
ORD-105508,2025-10-24,2025-10-24,0.0
ORD-105509,2025-10-24,2025-10-24,0.0
ORD-105510,2025-09-08,2025-09-08,0.0
ORD-105511,2025-02-21,2025-02-22,1.0
ORD-105512,2025-05-24,2025-05-25,1.0
ORD-105513,2025-05-11,2025-05-11,0.0
ORD-105514,2025-05-03,,
ORD-105515,2025-10-21,2025-10-22,1.0
ORD-105516,2025-01-04,2025-01-06,2.0
ORD-105517,2025-08-20,2025-08-21,1.0
ORD-105518,2025-09-12,2025-09-12,0.0
ORD-105519,2025-10-26,2025-10-26,0.0
ORD-105520,2025-11-06,2025-11-06,0.0
ORD-105521,2025-09-22,2025-09-22,0.0
ORD-105522,2025-11-09,2025-11-09,0.0
ORD-105523,2025-11-23,,
ORD-105524,2025-11-10,2025-11-10,0.0
ORD-105525,2025-10-02,2025-10-02,0.0
ORD-105526,2025-10-27,2025-10-28,1.0
ORD-105527,2025-08-07,2025-08-07,0.0
ORD-105528,2025-10-12,2025-10-12,0.0
ORD-105529,2025-03-04,2025-03-07,3.0
ORD-105530,2025-10-27,2025-10-27,0.0
ORD-105531,2025-05-11,2025-05-11,0.0
ORD-105532,2025-09-23,2025-09-26,3.0
ORD-105533,2024-08-09,2024-08-09,0.0
ORD-105534,2025-10-03,2025-10-03,0.0
ORD-105535,2025-04-06,,
ORD-105536,2024-11-16,2024-11-16,0.0
ORD-105537,2024-12-23,2024-12-25,2.0
ORD-105538,2025-12-17,2025-12-19,2.0
ORD-105539,2024-02-21,2024-02-21,0.0
ORD-105540,2025-08-24,2025-08-27,3.0
ORD-105541,2025-09-10,2025-09-10,0.0
ORD-105542,2025-10-06,2025-10-09,3.0
ORD-105543,2024-11-08,,
ORD-105544,2025-09-18,2025-09-20,2.0
ORD-105545,2024-12-01,2024-12-01,0.0
ORD-105546,2025-06-04,2025-06-05,1.0
ORD-105547,2025-11-21,2025-11-26,5.0
ORD-105548,2025-10-28,2025-10-28,0.0
ORD-105549,2024-09-23,2024-09-24,1.0
ORD-105550,2025-11-12,2025-11-12,0.0
ORD-105551,2024-07-02,2024-07-02,0.0
ORD-105552,2025-10-27,2025-10-28,1.0
ORD-105553,2025-09-05,,
ORD-105554,2024-08-08,2024-08-09,1.0
ORD-105555,2024-12-05,2024-12-05,0.0
ORD-105556,2026-01-06,2026-01-06,0.0
ORD-105557,2025-12-02,,
ORD-105558,2024-12-25,2024-12-26,1.0
ORD-105559,2024-05-23,2024-05-24,1.0
ORD-105560,2025-11-05,2025-11-05,0.0
ORD-105561,2025-01-10,2025-01-10,0.0
ORD-105562,2025-11-25,2025-11-26,1.0
ORD-105563,2025-11-28,,
ORD-105564,2025-03-03,2025-03-03,0.0
ORD-105565,2025-03-29,2025-03-29,0.0
ORD-105566,2025-10-30,2025-10-30,0.0
ORD-105567,2025-10-15,2025-10-15,0.0
ORD-105568,2025-07-05,2025-07-06,1.0
ORD-105569,2025-04-08,2025-04-11,3.0
ORD-105570,2025-05-28,2025-05-28,0.0
ORD-105571,2025-01-21,2025-01-22,1.0
ORD-105572,2025-10-26,2025-10-28,2.0
ORD-105573,2024-11-09,2024-11-09,0.0
ORD-105574,2025-10-20,2025-10-20,0.0
ORD-105575,2025-11-27,2025-11-27,0.0
ORD-105576,2025-04-20,2025-04-20,0.0
ORD-105577,2025-10-30,2025-11-02,3.0
ORD-105578,2025-02-27,,
ORD-105579,2024-05-12,2024-05-13,1.0
ORD-105580,2024-03-12,2024-03-14,2.0
ORD-105581,2025-09-07,2025-09-08,1.0
ORD-105582,2025-11-01,,
ORD-105583,2025-11-18,2025-11-18,0.0
ORD-105584,2025-10-27,2025-10-29,2.0
ORD-105585,2025-01-17,2025-01-17,0.0
ORD-105586,2025-03-07,2025-03-09,2.0
ORD-105587,2025-06-20,,
ORD-105588,2025-07-25,2025-07-26,1.0
ORD-105589,2024-12-26,2024-12-26,0.0
ORD-105590,2025-04-10,2025-04-12,2.0
ORD-105591,2025-11-08,2025-11-09,1.0
ORD-105592,2025-05-04,2025-05-04,0.0
ORD-105593,2024-10-24,2024-10-24,0.0
ORD-105594,2025-09-29,2025-09-29,0.0
ORD-105595,2025-11-03,2025-11-03,0.0
ORD-105596,2025-12-21,2025-12-21,0.0
ORD-105597,2025-05-18,2025-05-19,1.0
ORD-105598,2025-01-27,2025-01-27,0.0
ORD-105599,2025-06-13,2025-06-13,0.0
ORD-105600,2025-03-02,2025-03-05,3.0
ORD-105601,2025-07-09,2025-07-09,0.0
ORD-105602,2025-05-13,2025-05-13,0.0
ORD-105603,2025-08-26,2025-08-27,1.0
ORD-105604,2025-08-11,2025-08-13,2.0
ORD-105605,2025-11-20,2025-11-21,1.0
ORD-105606,2024-06-03,2024-06-04,1.0
ORD-105607,2025-07-16,2025-07-18,2.0
ORD-105608,2024-12-29,2024-12-30,1.0
ORD-105609,2025-01-13,,
ORD-105610,2024-11-08,2024-11-08,0.0
ORD-105611,2024-09-04,2024-09-04,0.0
ORD-105612,2024-08-09,2024-08-10,1.0
ORD-105613,2025-08-24,2025-08-25,1.0
ORD-105614,2025-06-25,2025-06-27,2.0
ORD-105615,2025-08-12,2025-08-12,0.0
ORD-105616,2025-02-15,2025-02-17,2.0
ORD-105617,2024-10-20,,
ORD-105618,2025-12-07,2025-12-07,0.0
ORD-105619,2024-11-14,2024-11-15,1.0
ORD-105620,2025-08-07,,
ORD-105621,2024-10-17,2024-10-17,0.0
ORD-105622,2025-11-09,2025-11-09,0.0
ORD-105623,2024-02-21,2024-02-22,1.0
ORD-105624,2025-03-24,2025-03-24,0.0
ORD-105625,2025-11-09,2025-11-09,0.0
ORD-105626,2025-09-20,2025-09-20,0.0
ORD-105627,2025-08-23,2025-08-23,0.0
ORD-105628,2024-10-21,2024-10-21,0.0
ORD-105629,2025-09-17,2025-09-17,0.0
ORD-105630,2024-10-23,2024-10-25,2.0
ORD-105631,2025-03-12,,
ORD-105632,2025-07-20,2025-07-20,0.0
ORD-105633,2025-04-03,2025-04-03,0.0
ORD-105634,2025-10-01,2025-10-02,1.0
ORD-105635,2025-10-05,2025-10-07,2.0
ORD-105636,2024-10-18,2024-10-18,0.0
ORD-105637,2025-11-06,2025-11-07,1.0
ORD-105638,2025-03-30,2025-03-30,0.0
ORD-105639,2025-10-17,,
ORD-105640,2024-07-03,2024-07-03,0.0
ORD-105641,2025-05-07,2025-05-07,0.0
ORD-105642,2025-01-04,,
ORD-105643,2024-12-30,,
ORD-105644,2024-12-13,2024-12-15,2.0
ORD-105645,2025-04-20,2025-04-20,0.0
ORD-105646,2025-10-27,2025-10-27,0.0
ORD-105647,2025-12-10,2025-12-10,0.0
ORD-105648,2025-03-29,2025-03-29,0.0
ORD-105649,2025-08-14,,
ORD-105650,2025-06-14,2025-06-14,0.0
ORD-105651,2026-01-03,2026-01-06,3.0
ORD-105652,2025-11-19,2025-11-20,1.0
ORD-105653,2025-01-18,2025-01-18,0.0
ORD-105654,2025-12-13,2025-12-13,0.0
ORD-105655,2025-08-01,,
ORD-105656,2025-12-27,2025-12-27,0.0
ORD-105657,2025-08-22,2025-08-22,0.0
ORD-105658,2024-09-30,2024-09-30,0.0
ORD-105659,2025-08-12,2025-08-12,0.0
ORD-105660,2025-11-02,,
ORD-105661,2025-08-23,2025-08-25,2.0
ORD-105662,2025-10-10,,
ORD-105663,2025-06-05,2025-06-05,0.0
ORD-105664,2025-12-29,2025-12-29,0.0
ORD-105665,2025-04-11,2025-04-12,1.0
ORD-105666,2025-04-09,,
ORD-105667,2025-11-21,2025-11-21,0.0
ORD-105668,2025-04-22,,
ORD-105669,2024-10-22,,
ORD-105670,2024-09-24,2024-09-26,2.0
ORD-105671,2025-08-15,2025-08-15,0.0
ORD-105672,2025-10-02,2025-10-03,1.0
ORD-105673,2025-11-25,2025-11-26,1.0
ORD-105674,2025-11-28,2025-11-28,0.0
ORD-105675,2024-08-01,,
ORD-105676,2025-10-07,2025-10-07,0.0
ORD-105677,2025-03-23,2025-03-24,1.0
ORD-105678,2025-05-12,2025-05-12,0.0
ORD-105679,2025-11-04,2025-11-04,0.0
ORD-105680,2024-11-12,2024-11-12,0.0
ORD-105681,2025-09-11,2025-09-11,0.0
ORD-105682,2026-01-03,2026-01-03,0.0
ORD-105683,2025-04-16,2025-04-16,0.0
ORD-105684,2025-06-12,2025-06-12,0.0
ORD-105685,2024-10-20,2024-10-21,1.0
ORD-105686,2025-11-21,2025-11-21,0.0
ORD-105687,2025-07-01,2025-07-02,1.0
ORD-105688,2024-12-28,2024-12-28,0.0
ORD-105689,2025-05-26,2025-05-28,2.0
ORD-105690,2025-06-02,2025-06-03,1.0
ORD-105691,2025-01-30,2025-01-31,1.0
ORD-105692,2025-04-10,,
ORD-105693,2025-08-31,2025-08-31,0.0
ORD-105694,2025-02-13,2025-02-13,0.0
ORD-105695,2024-11-25,2024-11-25,0.0
ORD-105696,2025-07-24,2025-07-25,1.0
ORD-105697,2025-09-25,2025-09-26,1.0
ORD-105698,2025-02-13,2025-02-13,0.0
ORD-105699,2025-07-11,2025-07-11,0.0
ORD-105700,2025-11-27,2025-11-29,2.0
ORD-105701,2025-07-19,2025-07-19,0.0
ORD-105702,2024-12-26,2024-12-26,0.0
ORD-105703,2024-10-01,2024-10-02,1.0
ORD-105704,2024-12-09,2024-12-12,3.0
ORD-105705,2025-10-01,2025-10-01,0.0
ORD-105706,2025-10-01,2025-10-01,0.0
ORD-105707,2025-10-16,,
ORD-105708,2025-05-24,2025-05-24,0.0
ORD-105709,2025-02-27,,
ORD-105710,2025-11-01,2025-11-01,0.0
ORD-105711,2025-05-21,,
ORD-105712,2025-07-02,2025-07-02,0.0
ORD-105713,2025-06-01,,
ORD-105714,2025-09-02,2025-09-02,0.0
ORD-105715,2025-10-02,2025-10-02,0.0
ORD-105716,2025-11-16,,
ORD-105717,2025-02-15,2025-02-17,2.0
ORD-105718,2024-05-19,2024-05-19,0.0
ORD-105719,2025-07-21,2025-07-21,0.0
ORD-105720,2025-10-31,,
ORD-105721,2024-07-17,2024-07-17,0.0
ORD-105722,2025-06-05,2025-06-05,0.0
ORD-105723,2025-11-13,2025-11-14,1.0
ORD-105724,2025-07-13,2025-07-13,0.0
ORD-105725,2025-04-27,2025-04-27,0.0
ORD-105726,2025-01-03,2025-01-05,2.0
ORD-105727,2025-11-23,2025-11-23,0.0
ORD-105728,2025-01-27,2025-01-27,0.0
ORD-105729,2025-09-21,2025-09-21,0.0
ORD-105730,2025-12-17,2025-12-19,2.0
ORD-105731,2025-03-12,2025-03-12,0.0
ORD-105732,2025-03-07,2025-03-08,1.0
ORD-105733,2024-07-08,2024-07-09,1.0
ORD-105734,2025-08-29,2025-08-29,0.0
ORD-105735,2025-07-11,2025-07-11,0.0
ORD-105736,2025-02-25,2025-02-26,1.0
ORD-105737,2025-12-06,2025-12-07,1.0
ORD-105738,2025-04-15,2025-04-15,0.0
ORD-105739,2025-08-21,2025-08-22,1.0
ORD-105740,2024-10-01,,
ORD-105741,2025-11-07,2025-11-07,0.0
ORD-105742,2025-11-14,2025-11-16,2.0
ORD-105743,2024-07-31,2024-07-31,0.0
ORD-105744,2024-11-02,2024-11-02,0.0
ORD-105745,2025-10-25,2025-10-25,0.0
ORD-105746,2024-12-26,2024-12-26,0.0
ORD-105747,2024-11-16,,
ORD-105748,2024-07-19,2024-07-19,0.0
ORD-105749,2025-04-21,2025-04-21,0.0
ORD-105750,2025-08-13,2025-08-13,0.0
ORD-105751,2025-04-30,2025-04-30,0.0
ORD-105752,2025-09-22,2025-09-23,1.0
ORD-105753,2025-12-03,2025-12-05,2.0
ORD-105754,2025-03-01,2025-03-01,0.0
ORD-105755,2025-12-01,2025-12-02,1.0
ORD-105756,2025-08-29,2025-08-29,0.0
ORD-105757,2025-05-21,,
ORD-105758,2025-10-22,2025-10-23,1.0
ORD-105759,2025-11-01,2025-11-01,0.0
ORD-105760,2025-04-19,,
ORD-105761,2025-01-27,2025-01-27,0.0
ORD-105762,2024-11-02,2024-11-02,0.0
ORD-105763,2024-12-01,2024-12-02,1.0
ORD-105764,2025-01-30,2025-02-04,5.0
ORD-105765,2025-10-11,2025-10-12,1.0
ORD-105766,2025-11-05,2025-11-06,1.0
ORD-105767,2025-12-09,2025-12-09,0.0
ORD-105768,2024-10-25,2024-10-26,1.0
ORD-105769,2024-07-17,2024-07-17,0.0
ORD-105770,2025-11-03,2025-11-03,0.0
ORD-105771,2025-10-19,2025-10-19,0.0
ORD-105772,2025-10-31,2025-11-01,1.0
ORD-105773,2025-04-02,2025-04-02,0.0
ORD-105774,2025-03-11,2025-03-12,1.0
ORD-105775,2025-09-17,2025-09-19,2.0
ORD-105776,2024-11-01,2024-11-02,1.0
ORD-105777,2024-06-27,2024-06-27,0.0
ORD-105778,2024-05-13,2024-05-14,1.0
ORD-105779,2025-06-05,2025-06-07,2.0
ORD-105780,2025-05-06,2025-05-06,0.0
ORD-105781,2025-06-25,2025-06-26,1.0
ORD-105782,2025-10-30,,
ORD-105783,2025-10-15,2025-10-15,0.0
ORD-105784,2024-12-20,2024-12-20,0.0
ORD-105785,2025-04-09,2025-04-09,0.0
ORD-105786,2025-11-02,2025-11-02,0.0
ORD-105787,2025-09-27,2025-09-28,1.0
ORD-105788,2025-12-20,2025-12-20,0.0
ORD-105789,2024-08-08,2024-08-08,0.0
ORD-105790,2025-09-02,2025-09-02,0.0
ORD-105791,2024-10-15,2024-10-15,0.0
ORD-105792,2025-02-12,2025-02-13,1.0
ORD-105793,2024-08-27,2024-08-27,0.0
ORD-105794,2024-12-04,2024-12-04,0.0
ORD-105795,2024-04-17,2024-04-17,0.0
ORD-105796,2025-05-14,,
ORD-105797,2025-11-23,2025-11-23,0.0
ORD-105798,2025-12-12,2025-12-14,2.0
ORD-105799,2025-05-18,,
ORD-105800,2025-03-29,2025-03-30,1.0
ORD-105801,2025-10-30,2025-10-30,0.0
ORD-105802,2024-11-04,2024-11-04,0.0
ORD-105803,2024-10-18,2024-10-19,1.0
ORD-105804,2025-01-17,2025-01-17,0.0
ORD-105805,2025-09-14,2025-09-15,1.0
ORD-105806,2025-03-16,2025-03-17,1.0
ORD-105807,2025-11-07,2025-11-07,0.0
ORD-105808,2025-02-03,,
ORD-105809,2025-11-11,2025-11-11,0.0
ORD-105810,2025-08-09,2025-08-09,0.0
ORD-105811,2025-11-02,2025-11-03,1.0
ORD-105812,2024-11-21,,
ORD-105813,2025-03-02,2025-03-02,0.0
ORD-105814,2024-11-27,2024-11-28,1.0
ORD-105815,2024-12-28,2024-12-28,0.0
ORD-105816,2025-02-12,2025-02-13,1.0
ORD-105817,2024-10-24,2024-10-24,0.0
ORD-105818,2024-03-03,2024-03-03,0.0
ORD-105819,2025-05-05,,
ORD-105820,2025-06-01,2025-06-03,2.0
ORD-105821,2025-10-25,2025-10-25,0.0
ORD-105822,2025-10-19,2025-10-19,0.0
ORD-105823,2024-12-16,2024-12-17,1.0
ORD-105824,2025-07-24,2025-07-24,0.0
ORD-105825,2024-11-21,2024-11-24,3.0
ORD-105826,2025-10-27,2025-10-27,0.0
ORD-105827,2024-12-15,2024-12-15,0.0
ORD-105828,2024-09-03,2024-09-03,0.0
ORD-105829,2025-09-19,2025-09-19,0.0
ORD-105830,2025-11-22,2025-11-22,0.0
ORD-105831,2025-10-23,2025-10-23,0.0
ORD-105832,2024-10-15,2024-10-15,0.0
ORD-105833,2025-09-17,2025-09-17,0.0
ORD-105834,2025-12-03,2025-12-04,1.0
ORD-105835,2025-11-13,2025-11-13,0.0
ORD-105836,2024-10-26,2024-10-26,0.0
ORD-105837,2025-10-31,2025-10-31,0.0
ORD-105838,2025-12-20,2025-12-20,0.0
ORD-105839,2025-05-19,2025-05-19,0.0
ORD-105840,2025-09-23,2025-09-24,1.0
ORD-105841,2025-08-29,2025-08-29,0.0
ORD-105842,2025-05-21,2025-05-22,1.0
ORD-105843,2025-07-01,2025-07-01,0.0
ORD-105844,2024-07-02,2024-07-02,0.0
ORD-105845,2024-12-16,2024-12-16,0.0
ORD-105846,2025-05-19,2025-05-19,0.0
ORD-105847,2025-11-26,2025-11-26,0.0
ORD-105848,2024-10-24,2024-10-24,0.0
ORD-105849,2024-11-02,2024-11-04,2.0
ORD-105850,2025-05-11,2025-05-12,1.0
ORD-105851,2025-12-20,2025-12-20,0.0
ORD-105852,2025-04-05,2025-04-05,0.0
ORD-105853,2025-01-29,,
ORD-105854,2025-11-13,2025-11-13,0.0
ORD-105855,2025-09-01,2025-09-02,1.0
ORD-105856,2024-11-17,,
ORD-105857,2025-09-23,2025-09-23,0.0
ORD-105858,2025-04-09,2025-04-09,0.0
ORD-105859,2025-08-24,2025-08-24,0.0
ORD-105860,2025-07-05,2025-07-07,2.0
ORD-105861,2025-11-07,2025-11-08,1.0
ORD-105862,2024-11-17,2024-11-18,1.0
ORD-105863,2025-02-11,2025-02-11,0.0
ORD-105864,2025-07-26,,
ORD-105865,2025-11-07,2025-11-07,0.0
ORD-105866,2024-10-28,2024-10-28,0.0
ORD-105867,2025-11-15,2025-11-15,0.0
ORD-105868,2025-10-12,2025-10-13,1.0
ORD-105869,2025-05-16,2025-05-16,0.0
ORD-105870,2024-08-15,2024-08-15,0.0
ORD-105871,2025-05-19,2025-05-19,0.0
ORD-105872,2025-09-27,2025-09-27,0.0
ORD-105873,2024-10-25,2024-10-25,0.0
ORD-105874,2024-12-06,,
ORD-105875,2025-01-01,2025-01-01,0.0
ORD-105876,2025-02-28,2025-02-28,0.0
ORD-105877,2025-06-20,2025-06-20,0.0
ORD-105878,2025-12-27,2025-12-27,0.0
ORD-105879,2024-08-08,2024-08-08,0.0
ORD-105880,2025-02-13,,
ORD-105881,2024-11-22,2024-11-22,0.0
ORD-105882,2024-09-25,2024-09-28,3.0
ORD-105883,2024-11-10,2024-11-10,0.0
ORD-105884,2025-07-29,2025-07-30,1.0
ORD-105885,2025-09-22,2025-09-22,0.0
ORD-105886,2025-01-12,2025-01-12,0.0
ORD-105887,2024-12-16,2024-12-18,2.0
ORD-105888,2025-02-10,2025-02-10,0.0
ORD-105889,2025-05-01,2025-05-01,0.0
ORD-105890,2025-01-12,2025-01-14,2.0
ORD-105891,2025-03-22,2025-03-22,0.0
ORD-105892,2025-08-06,2025-08-06,0.0
ORD-105893,2024-12-23,2024-12-25,2.0
ORD-105894,2025-09-07,2025-09-07,0.0
ORD-105895,2025-10-12,2025-10-12,0.0
ORD-105896,2024-09-23,2024-09-23,0.0
ORD-105897,2025-10-20,2025-10-20,0.0
ORD-105898,2025-05-11,2025-05-12,1.0
ORD-105899,2024-08-14,2024-08-14,0.0
ORD-105900,2026-01-02,2026-01-02,0.0
ORD-105901,2025-04-08,2025-04-08,0.0
ORD-105902,2025-02-28,,
ORD-105903,2025-11-01,,
ORD-105904,2024-10-04,2024-10-07,3.0
ORD-105905,2025-07-12,2025-07-12,0.0
ORD-105906,2025-04-07,2025-04-07,0.0
ORD-105907,2025-02-24,2025-02-24,0.0
ORD-105908,2024-05-07,2024-05-07,0.0
ORD-105909,2025-06-06,2025-06-07,1.0
ORD-105910,2024-12-01,2024-12-02,1.0
ORD-105911,2025-11-17,2025-11-17,0.0
ORD-105912,2025-10-27,,
ORD-105913,2025-11-03,2025-11-08,5.0
ORD-105914,2025-02-08,2025-02-11,3.0
ORD-105915,2025-06-03,2025-06-03,0.0
ORD-105916,2025-02-12,2025-02-14,2.0
ORD-105917,2025-11-12,2025-11-12,0.0
ORD-105918,2025-10-24,2025-10-24,0.0
ORD-105919,2025-10-27,,
ORD-105920,2025-11-10,2025-11-10,0.0
ORD-105921,2025-11-20,2025-11-20,0.0
ORD-105922,2024-09-05,2024-09-05,0.0
ORD-105923,2024-04-20,2024-04-20,0.0
ORD-105924,2024-11-23,2024-11-23,0.0
ORD-105925,2025-12-19,2025-12-20,1.0
ORD-105926,2025-01-07,2025-01-07,0.0
ORD-105927,2025-06-27,2025-06-27,0.0
ORD-105928,2025-08-20,2025-08-23,3.0
ORD-105929,2025-11-06,2025-11-11,5.0
ORD-105930,2025-03-01,2025-03-01,0.0
ORD-105931,2025-01-02,2025-01-02,0.0
ORD-105932,2024-06-14,2024-06-15,1.0
ORD-105933,2025-12-12,2025-12-12,0.0
ORD-105934,2025-07-04,2025-07-04,0.0
ORD-105935,2025-06-20,2025-06-25,5.0
ORD-105936,2025-12-01,2025-12-01,0.0
ORD-105937,2025-10-26,2025-10-27,1.0
ORD-105938,2025-12-05,2025-12-08,3.0
ORD-105939,2024-09-28,2024-09-28,0.0
ORD-105940,2025-09-30,2025-09-30,0.0
ORD-105941,2024-06-30,2024-06-30,0.0
ORD-105942,2025-07-12,2025-07-12,0.0
ORD-105943,2025-10-19,2025-10-19,0.0
ORD-105944,2025-10-22,2025-10-23,1.0
ORD-105945,2024-02-08,2024-02-08,0.0
ORD-105946,2025-08-18,2025-08-18,0.0
ORD-105947,2025-06-10,2025-06-10,0.0
ORD-105948,2025-12-15,2025-12-15,0.0
ORD-105949,2025-02-03,2025-02-03,0.0
ORD-105950,2025-09-29,2025-09-30,1.0
ORD-105951,2024-08-09,2024-08-10,1.0
ORD-105952,2025-10-21,2025-10-23,2.0
ORD-105953,2024-10-09,2024-10-10,1.0
ORD-105954,2025-10-13,2025-10-13,0.0
ORD-105955,2025-11-06,2025-11-08,2.0
ORD-105956,2025-09-29,2025-09-29,0.0
ORD-105957,2025-01-15,,
ORD-105958,2024-11-24,2024-11-24,0.0
ORD-105959,2024-11-03,,
ORD-105960,2025-10-01,,
ORD-105961,2025-01-27,2025-01-27,0.0
ORD-105962,2024-05-29,2024-05-29,0.0
ORD-105963,2025-10-28,2025-10-28,0.0
ORD-105964,2025-02-16,2025-02-17,1.0
ORD-105965,2025-05-09,2025-05-10,1.0
ORD-105966,2025-08-02,2025-08-02,0.0
ORD-105967,2025-04-09,2025-04-09,0.0
ORD-105968,2025-09-06,,
ORD-105969,2024-11-16,2024-11-16,0.0
ORD-105970,2025-12-20,2025-12-20,0.0
ORD-105971,2025-01-28,2025-01-28,0.0
ORD-105972,2025-12-15,2025-12-15,0.0
ORD-105973,2025-12-02,2025-12-02,0.0
ORD-105974,2025-12-02,2025-12-02,0.0
ORD-105975,2025-12-19,2025-12-19,0.0
ORD-105976,2024-08-30,2024-08-31,1.0
ORD-105977,2025-11-13,2025-11-13,0.0
ORD-105978,2025-09-21,2025-09-21,0.0
ORD-105979,2025-01-03,2025-01-04,1.0
ORD-105980,2024-09-24,2024-09-24,0.0
ORD-105981,2025-11-20,2025-11-21,1.0
ORD-105982,2024-09-10,2024-09-10,0.0
ORD-105983,2025-03-15,,
ORD-105984,2025-08-29,2025-08-30,1.0
ORD-105985,2025-09-23,2025-09-23,0.0
ORD-105986,2025-08-13,2025-08-13,0.0
ORD-105987,2025-07-20,2025-07-23,3.0
ORD-105988,2025-06-06,2025-06-09,3.0
ORD-105989,2024-06-07,2024-06-07,0.0
ORD-105990,2025-04-08,2025-04-08,0.0
ORD-105991,2024-10-13,2024-10-13,0.0
ORD-105992,2024-12-28,2024-12-28,0.0
ORD-105993,2025-11-30,2025-11-30,0.0
ORD-105994,2025-09-15,2025-09-15,0.0
ORD-105995,2025-03-06,2025-03-07,1.0
ORD-105996,2025-09-11,2025-09-13,2.0
ORD-105997,2025-11-08,2025-11-09,1.0
ORD-105998,2025-07-23,2025-07-23,0.0
ORD-105999,2025-01-19,2025-01-20,1.0
ORD-106000,2025-08-20,2025-08-20,0.0
ORD-106001,2024-07-05,2024-07-06,1.0
ORD-106002,2024-11-10,2024-11-10,0.0
ORD-106003,2025-07-15,2025-07-16,1.0
ORD-106004,2025-10-16,2025-10-16,0.0
ORD-106005,2025-05-28,2025-05-28,0.0
ORD-106006,2025-02-09,2025-02-10,1.0
ORD-106007,2025-01-01,2025-01-01,0.0
ORD-106008,2025-05-27,2025-05-29,2.0
ORD-106009,2025-02-15,2025-02-15,0.0
ORD-106010,2025-06-24,,
ORD-106011,2025-06-14,2025-06-14,0.0
ORD-106012,2024-12-02,2024-12-02,0.0
ORD-106013,2024-08-12,2024-08-12,0.0
ORD-106014,2024-09-01,,
ORD-106015,2025-04-18,2025-04-18,0.0
ORD-106016,2025-11-06,2025-11-08,2.0
ORD-106017,2025-10-07,2025-10-07,0.0
ORD-106018,2025-08-18,2025-08-18,0.0
ORD-106019,2025-11-02,2025-11-02,0.0
ORD-106020,2024-09-11,2024-09-11,0.0
ORD-106021,2025-01-31,2025-02-03,3.0
ORD-106022,2025-05-13,2025-05-13,0.0
ORD-106023,2024-11-08,2024-11-08,0.0
ORD-106024,2025-08-04,2025-08-05,1.0
ORD-106025,2025-09-23,2025-09-23,0.0
ORD-106026,2025-05-19,2025-05-22,3.0
ORD-106027,2025-09-01,2025-09-02,1.0
ORD-106028,2025-03-17,2025-03-18,1.0
ORD-106029,2025-03-25,2025-03-26,1.0
ORD-106030,2025-05-23,2025-05-23,0.0
ORD-106031,2025-05-28,2025-05-28,0.0
ORD-106032,2025-08-14,2025-08-16,2.0
ORD-106033,2024-08-26,2024-08-26,0.0
ORD-106034,2025-10-18,2025-10-18,0.0
ORD-106035,2025-11-18,2025-11-18,0.0
ORD-106036,2025-11-07,2025-11-07,0.0
ORD-106037,2025-11-01,2025-11-03,2.0
ORD-106038,2025-11-30,2025-12-01,1.0
ORD-106039,2025-09-06,2025-09-06,0.0
ORD-106040,2025-11-03,,
ORD-106041,2024-09-10,2024-09-10,0.0
ORD-106042,2025-03-18,,
ORD-106043,2025-06-01,2025-06-01,0.0
ORD-106044,2024-12-21,2024-12-22,1.0
ORD-106045,2025-10-11,2025-10-13,2.0
ORD-106046,2025-01-05,2025-01-05,0.0
ORD-106047,2025-09-18,2025-09-18,0.0
ORD-106048,2025-11-11,2025-11-11,0.0
ORD-106049,2025-02-22,2025-02-22,0.0
ORD-106050,2025-08-25,2025-08-26,1.0
ORD-106051,2024-11-15,2024-11-15,0.0
ORD-106052,2024-09-05,2024-09-07,2.0
ORD-106053,2025-06-20,2025-06-23,3.0
ORD-106054,2025-08-15,2025-08-17,2.0
ORD-106055,2024-11-03,2024-11-03,0.0
ORD-106056,2024-08-09,2024-08-09,0.0
ORD-106057,2025-06-19,2025-06-19,0.0
ORD-106058,2025-10-05,2025-10-08,3.0
ORD-106059,2025-04-12,2025-04-12,0.0
ORD-106060,2025-10-24,2025-10-24,0.0
ORD-106061,2024-10-28,2024-10-28,0.0
ORD-106062,2024-10-01,2024-10-01,0.0
ORD-106063,2025-09-05,2025-09-06,1.0
ORD-106064,2025-05-27,2025-05-27,0.0
ORD-106065,2024-11-01,2024-11-03,2.0
ORD-106066,2025-11-07,2025-11-07,0.0
ORD-106067,2025-09-18,2025-09-19,1.0
ORD-106068,2025-01-08,,
ORD-106069,2024-10-07,2024-10-12,5.0
ORD-106070,2025-08-21,,
ORD-106071,2025-11-09,2025-11-11,2.0
ORD-106072,2024-10-08,2024-10-08,0.0
ORD-106073,2025-06-27,2025-06-27,0.0
ORD-106074,2025-01-20,2025-01-20,0.0
ORD-106075,2025-08-22,2025-08-22,0.0
ORD-106076,2025-09-14,2025-09-14,0.0
ORD-106077,2025-08-13,2025-08-13,0.0
ORD-106078,2024-10-24,2024-10-25,1.0
ORD-106079,2025-01-25,,
ORD-106080,2025-01-09,,
ORD-106081,2025-11-21,2025-11-21,0.0
ORD-106082,2025-11-10,2025-11-12,2.0
ORD-106083,2025-09-05,2025-09-05,0.0
ORD-106084,2025-11-02,2025-11-02,0.0
ORD-106085,2025-08-07,2025-08-07,0.0
ORD-106086,2025-09-14,2025-09-16,2.0
ORD-106087,2024-07-13,2024-07-13,0.0
ORD-106088,2025-04-09,2025-04-12,3.0
ORD-106089,2025-11-09,2025-11-10,1.0
ORD-106090,2025-08-12,2025-08-12,0.0
ORD-106091,2025-03-29,2025-03-31,2.0
ORD-106092,2024-08-16,2024-08-16,0.0
ORD-106093,2025-06-06,2025-06-06,0.0
ORD-106094,2025-02-03,2025-02-06,3.0
ORD-106095,2024-06-27,2024-06-27,0.0
ORD-106096,2025-12-08,,
ORD-106097,2024-11-02,2024-11-02,0.0
ORD-106098,2025-12-31,2026-01-01,1.0
ORD-106099,2025-08-20,,
ORD-106100,2024-09-02,2024-09-03,1.0
ORD-106101,2025-11-24,2025-11-24,0.0
ORD-106102,2024-10-27,2024-10-27,0.0
ORD-106103,2025-04-01,2025-04-02,1.0
ORD-106104,2025-08-22,2025-08-23,1.0
ORD-106105,2025-08-03,2025-08-03,0.0
ORD-106106,2025-11-15,2025-11-15,0.0
ORD-106107,2025-10-15,2025-10-16,1.0
ORD-106108,2025-11-14,2025-11-15,1.0
ORD-106109,2024-07-26,,
ORD-106110,2024-10-15,2024-10-16,1.0
ORD-106111,2025-11-15,2025-11-16,1.0
ORD-106112,2025-12-19,2025-12-20,1.0
ORD-106113,2025-07-14,2025-07-15,1.0
ORD-106114,2025-04-29,2025-05-01,2.0
ORD-106115,2025-11-14,2025-11-14,0.0
ORD-106116,2024-08-06,2024-08-06,0.0
ORD-106117,2025-02-21,2025-02-22,1.0
ORD-106118,2025-08-12,2025-08-13,1.0
ORD-106119,2025-02-16,2025-02-16,0.0
ORD-106120,2024-09-21,2024-09-21,0.0
ORD-106121,2025-08-30,2025-08-30,0.0
ORD-106122,2025-04-26,,
ORD-106123,2025-01-27,2025-01-27,0.0
ORD-106124,2025-03-05,2025-03-06,1.0
ORD-106125,2025-03-11,2025-03-11,0.0
ORD-106126,2025-02-10,2025-02-10,0.0
ORD-106127,2025-11-15,,
ORD-106128,2025-09-19,2025-09-20,1.0
ORD-106129,2025-12-16,2025-12-16,0.0
ORD-106130,2025-08-13,2025-08-13,0.0
ORD-106131,2025-11-07,2025-11-08,1.0
ORD-106132,2025-10-19,2025-10-20,1.0
ORD-106133,2026-01-01,2026-01-01,0.0
ORD-106134,2025-06-26,2025-06-26,0.0
ORD-106135,2025-06-22,,
ORD-106136,2025-05-08,2025-05-08,0.0
ORD-106137,2025-11-15,2025-11-16,1.0
ORD-106138,2025-03-25,2025-03-25,0.0
ORD-106139,2025-11-12,2025-11-12,0.0
ORD-106140,2025-06-16,2025-06-16,0.0
ORD-106141,2025-01-17,2025-01-18,1.0
ORD-106142,2025-09-23,2025-09-24,1.0
ORD-106143,2025-09-16,2025-09-19,3.0
ORD-106144,2024-10-21,2024-10-23,2.0
ORD-106145,2025-03-25,2025-03-25,0.0
ORD-106146,2025-02-11,2025-02-12,1.0
ORD-106147,2025-10-23,2025-10-23,0.0
ORD-106148,2024-09-17,2024-09-17,0.0
ORD-106149,2025-02-24,2025-02-24,0.0
ORD-106150,2024-03-18,2024-03-20,2.0
ORD-106151,2025-11-12,2025-11-12,0.0
ORD-106152,2024-11-19,2024-11-19,0.0
ORD-106153,2025-10-26,2025-10-27,1.0
ORD-106154,2024-11-30,2024-11-30,0.0
ORD-106155,2025-04-12,2025-04-12,0.0
ORD-106156,2025-12-19,2025-12-24,5.0
ORD-106157,2025-12-11,2025-12-11,0.0
ORD-106158,2024-06-12,2024-06-12,0.0
ORD-106159,2025-05-04,2025-05-04,0.0
ORD-106160,2025-08-28,2025-08-29,1.0
ORD-106161,2025-11-04,2025-11-05,1.0
ORD-106162,2025-02-19,2025-02-21,2.0
ORD-106163,2025-07-09,2025-07-10,1.0
ORD-106164,2024-11-11,2024-11-12,1.0
ORD-106165,2025-05-14,,
ORD-106166,2024-10-14,2024-10-14,0.0
ORD-106167,2025-10-24,2025-10-24,0.0
ORD-106168,2025-11-30,2025-11-30,0.0
ORD-106169,2024-12-22,2024-12-22,0.0
ORD-106170,2025-11-09,2025-11-09,0.0
ORD-106171,2025-03-02,2025-03-02,0.0
ORD-106172,2024-04-16,,
ORD-106173,2025-06-05,2025-06-05,0.0
ORD-106174,2025-08-17,2025-08-18,1.0
ORD-106175,2024-08-13,2024-08-14,1.0
ORD-106176,2025-12-28,2025-12-28,0.0
ORD-106177,2025-11-07,2025-11-07,0.0
ORD-106178,2025-02-12,2025-02-13,1.0
ORD-106179,2025-11-04,2025-11-04,0.0
ORD-106180,2025-06-25,2025-06-28,3.0
ORD-106181,2025-02-17,,
ORD-106182,2025-09-12,2025-09-12,0.0
ORD-106183,2025-04-08,2025-04-08,0.0
ORD-106184,2025-06-04,2025-06-06,2.0
ORD-106185,2025-01-13,2025-01-13,0.0
ORD-106186,2025-08-09,2025-08-09,0.0
ORD-106187,2024-10-16,2024-10-16,0.0
ORD-106188,2025-11-14,2025-11-14,0.0
ORD-106189,2025-10-19,,
ORD-106190,2025-11-10,2025-11-10,0.0
ORD-106191,2025-10-24,2025-10-25,1.0
ORD-106192,2025-03-21,2025-03-21,0.0
ORD-106193,2024-05-07,2024-05-08,1.0
ORD-106194,2025-08-04,2025-08-06,2.0
ORD-106195,2025-06-27,2025-06-28,1.0
ORD-106196,2025-10-31,2025-11-01,1.0
ORD-106197,2025-11-07,2025-11-07,0.0
ORD-106198,2025-07-17,2025-07-17,0.0
ORD-106199,2025-11-09,2025-11-10,1.0
ORD-106200,2024-09-25,2024-09-25,0.0
ORD-106201,2025-07-04,2025-07-05,1.0
ORD-106202,2025-11-12,2025-11-12,0.0
ORD-106203,2024-12-14,2024-12-15,1.0
ORD-106204,2025-12-04,2025-12-06,2.0
ORD-106205,2025-05-05,2025-05-06,1.0
ORD-106206,2025-11-19,2025-11-21,2.0
ORD-106207,2025-08-10,2025-08-11,1.0
ORD-106208,2024-11-27,2024-11-30,3.0
ORD-106209,2024-10-06,2024-10-07,1.0
ORD-106210,2025-05-17,,
ORD-106211,2025-11-02,2025-11-02,0.0
ORD-106212,2025-11-06,2025-11-07,1.0
ORD-106213,2025-02-05,2025-02-06,1.0
ORD-106214,2025-10-07,2025-10-09,2.0
ORD-106215,2025-10-18,2025-10-18,0.0
ORD-106216,2025-12-18,2025-12-18,0.0
ORD-106217,2025-09-24,2025-09-24,0.0
ORD-106218,2025-07-14,2025-07-17,3.0
ORD-106219,2025-08-13,2025-08-13,0.0
ORD-106220,2025-08-01,2025-08-03,2.0
ORD-106221,2025-09-14,2025-09-16,2.0
ORD-106222,2024-11-18,2024-11-18,0.0
ORD-106223,2024-05-19,2024-05-21,2.0
ORD-106224,2024-11-12,2024-11-14,2.0
ORD-106225,2025-08-03,2025-08-03,0.0
ORD-106226,2025-09-18,2025-09-20,2.0
ORD-106227,2025-11-12,2025-11-12,0.0
ORD-106228,2025-03-04,,
ORD-106229,2025-04-13,2025-04-13,0.0
ORD-106230,2024-09-16,2024-09-16,0.0
ORD-106231,2025-09-25,,
ORD-106232,2025-08-26,2025-08-27,1.0
ORD-106233,2025-02-19,2025-02-19,0.0
ORD-106234,2025-05-10,2025-05-11,1.0
ORD-106235,2025-12-11,2025-12-11,0.0
ORD-106236,2025-12-05,2025-12-08,3.0
ORD-106237,2025-04-29,2025-04-29,0.0
ORD-106238,2024-11-04,2024-11-04,0.0
ORD-106239,2025-06-25,2025-06-26,1.0
ORD-106240,2025-06-20,2025-06-20,0.0
ORD-106241,2025-07-13,2025-07-13,0.0
ORD-106242,2025-07-19,,
ORD-106243,2025-06-02,2025-06-03,1.0
ORD-106244,2025-12-19,2025-12-19,0.0
ORD-106245,2025-11-07,2025-11-07,0.0
ORD-106246,2025-10-11,2025-10-12,1.0
ORD-106247,2025-08-23,2025-08-23,0.0
ORD-106248,2024-10-31,2024-10-31,0.0
ORD-106249,2025-04-07,2025-04-08,1.0
ORD-106250,2025-01-23,2025-01-23,0.0
ORD-106251,2025-08-18,2025-08-20,2.0
ORD-106252,2025-11-07,2025-11-08,1.0
ORD-106253,2025-09-09,2025-09-09,0.0
ORD-106254,2025-01-14,2025-01-15,1.0
ORD-106255,2024-12-24,2024-12-27,3.0
ORD-106256,2025-02-14,2025-02-14,0.0
ORD-106257,2025-08-23,2025-08-23,0.0
ORD-106258,2025-11-04,2025-11-04,0.0
ORD-106259,2025-05-21,2025-05-22,1.0
ORD-106260,2024-12-24,2024-12-25,1.0
ORD-106261,2025-07-26,2025-07-26,0.0
ORD-106262,2025-06-29,2025-07-02,3.0
ORD-106263,2025-11-30,2025-12-01,1.0
ORD-106264,2025-09-18,2025-09-18,0.0
ORD-106265,2025-04-08,2025-04-08,0.0
ORD-106266,2025-08-29,2025-08-29,0.0
ORD-106267,2025-10-22,2025-10-22,0.0
ORD-106268,2024-12-31,2025-01-01,1.0
ORD-106269,2025-06-14,2025-06-14,0.0
ORD-106270,2025-10-19,2025-10-20,1.0
ORD-106271,2025-10-25,2025-10-25,0.0
ORD-106272,2024-06-07,2024-06-08,1.0
ORD-106273,2025-11-07,2025-11-07,0.0
ORD-106274,2025-10-01,2025-10-02,1.0
ORD-106275,2025-10-16,2025-10-16,0.0
ORD-106276,2025-07-04,2025-07-04,0.0
ORD-106277,2025-05-28,2025-05-28,0.0
ORD-106278,2025-06-20,,
ORD-106279,2025-08-20,,
ORD-106280,2025-10-21,2025-10-21,0.0
ORD-106281,2025-10-25,2025-10-25,0.0
ORD-106282,2025-08-28,,
ORD-106283,2025-09-05,2025-09-06,1.0
ORD-106284,2024-10-23,2024-10-23,0.0
ORD-106285,2024-08-07,2024-08-07,0.0
ORD-106286,2025-12-15,2025-12-15,0.0
ORD-106287,2024-08-16,2024-08-18,2.0
ORD-106288,2025-06-09,2025-06-09,0.0
ORD-106289,2025-11-12,2025-11-15,3.0
ORD-106290,2024-12-04,2024-12-04,0.0
ORD-106291,2025-10-31,2025-10-31,0.0
ORD-106292,2024-06-12,2024-06-14,2.0
ORD-106293,2025-03-13,2025-03-13,0.0
ORD-106294,2025-06-05,2025-06-06,1.0
ORD-106295,2025-04-21,2025-04-21,0.0
ORD-106296,2025-07-27,2025-07-27,0.0
ORD-106297,2025-11-16,2025-11-16,0.0
ORD-106298,2025-11-12,2025-11-12,0.0
ORD-106299,2025-09-23,2025-09-23,0.0
ORD-106300,2025-06-07,2025-06-09,2.0
ORD-106301,2025-08-23,2025-08-25,2.0
ORD-106302,2025-11-01,2025-11-01,0.0
ORD-106303,2025-10-26,2025-10-26,0.0
ORD-106304,2024-09-17,2024-09-17,0.0
ORD-106305,2024-11-20,2024-11-20,0.0
ORD-106306,2025-10-26,2025-10-28,2.0
ORD-106307,2025-04-01,2025-04-01,0.0
ORD-106308,2025-07-20,2025-07-20,0.0
ORD-106309,2025-07-29,2025-07-31,2.0
ORD-106310,2025-09-03,2025-09-03,0.0
ORD-106311,2025-03-22,2025-03-25,3.0
ORD-106312,2025-02-01,2025-02-02,1.0
ORD-106313,2025-05-27,2025-05-29,2.0
ORD-106314,2025-12-08,2025-12-08,0.0
ORD-106315,2025-12-18,2025-12-18,0.0
ORD-106316,2025-07-06,2025-07-07,1.0
ORD-106317,2025-11-18,2025-11-19,1.0
ORD-106318,2024-08-16,2024-08-16,0.0
ORD-106319,2024-11-11,,
ORD-106320,2025-10-18,2025-10-18,0.0
ORD-106321,2025-10-22,2025-10-22,0.0
ORD-106322,2025-06-26,2025-06-27,1.0
ORD-106323,2024-10-24,2024-10-25,1.0
ORD-106324,2025-01-27,2025-01-27,0.0
ORD-106325,2025-11-02,2025-11-02,0.0
ORD-106326,2025-08-17,2025-08-19,2.0
ORD-106327,2025-07-04,2025-07-06,2.0
ORD-106328,2025-05-10,2025-05-10,0.0
ORD-106329,2025-11-12,2025-11-12,0.0
ORD-106330,2024-09-21,2024-09-24,3.0
ORD-106331,2024-06-01,2024-06-02,1.0
ORD-106332,2025-09-15,2025-09-15,0.0
ORD-106333,2025-12-08,2025-12-09,1.0
ORD-106334,2024-04-22,,
ORD-106335,2025-02-25,2025-02-25,0.0
ORD-106336,2025-12-17,2025-12-17,0.0
ORD-106337,2025-07-05,2025-07-05,0.0
ORD-106338,2025-07-07,2025-07-07,0.0
ORD-106339,2025-09-11,2025-09-11,0.0
ORD-106340,2025-09-20,2025-09-20,0.0
ORD-106341,2025-02-01,2025-02-01,0.0
ORD-106342,2025-02-05,2025-02-05,0.0
ORD-106343,2025-10-02,2025-10-03,1.0
ORD-106344,2025-06-14,2025-06-14,0.0
ORD-106345,2024-10-31,2024-10-31,0.0
ORD-106346,2025-08-06,2025-08-06,0.0
ORD-106347,2025-04-22,2025-04-22,0.0
ORD-106348,2024-10-20,2024-10-20,0.0
ORD-106349,2024-11-07,2024-11-08,1.0
ORD-106350,2025-07-06,2025-07-07,1.0
ORD-106351,2025-10-23,2025-10-24,1.0
ORD-106352,2024-11-14,,
ORD-106353,2025-01-23,2025-01-24,1.0
ORD-106354,2025-08-11,2025-08-11,0.0
ORD-106355,2024-07-19,2024-07-19,0.0
ORD-106356,2025-01-15,2025-01-16,1.0
ORD-106357,2025-09-29,2025-09-29,0.0
ORD-106358,2025-11-06,2025-11-07,1.0
ORD-106359,2025-05-05,2025-05-06,1.0
ORD-106360,2024-11-06,2024-11-06,0.0
ORD-106361,2025-03-30,2025-03-30,0.0
ORD-106362,2025-12-02,2025-12-02,0.0
ORD-106363,2024-07-24,2024-07-25,1.0
ORD-106364,2024-09-07,2024-09-07,0.0
ORD-106365,2024-10-08,2024-10-09,1.0
ORD-106366,2025-06-03,2025-06-03,0.0
ORD-106367,2024-11-28,2024-11-28,0.0
ORD-106368,2025-08-07,2025-08-07,0.0
ORD-106369,2025-03-10,2025-03-10,0.0
ORD-106370,2026-01-02,2026-01-02,0.0
ORD-106371,2025-01-04,,
ORD-106372,2025-08-15,,
ORD-106373,2025-04-13,2025-04-15,2.0
ORD-106374,2025-11-30,2025-11-30,0.0
ORD-106375,2024-12-24,2024-12-24,0.0
ORD-106376,2025-03-24,2025-03-24,0.0
ORD-106377,2025-12-19,2025-12-20,1.0
ORD-106378,2025-09-26,2025-09-27,1.0
ORD-106379,2025-12-27,,
ORD-106380,2025-09-15,2025-09-15,0.0
ORD-106381,2024-04-20,2024-04-20,0.0
ORD-106382,2024-08-05,2024-08-05,0.0
ORD-106383,2025-11-28,2025-11-29,1.0
ORD-106384,2025-09-22,2025-09-22,0.0
ORD-106385,2025-05-03,2025-05-03,0.0
ORD-106386,2025-04-27,2025-04-27,0.0
ORD-106387,2025-01-06,2025-01-08,2.0
ORD-106388,2025-05-23,,
ORD-106389,2024-11-20,2024-11-21,1.0
ORD-106390,2025-04-24,2025-04-25,1.0
ORD-106391,2024-11-01,2024-11-02,1.0
ORD-106392,2024-04-15,,
ORD-106393,2025-10-29,2025-10-29,0.0
ORD-106394,2025-04-20,2025-04-20,0.0
ORD-106395,2024-05-17,2024-05-17,0.0
ORD-106396,2025-04-20,2025-04-20,0.0
ORD-106397,2025-08-25,2025-08-25,0.0
ORD-106398,2025-03-22,2025-03-23,1.0
ORD-106399,2024-05-18,2024-05-19,1.0
ORD-106400,2024-10-13,2024-10-13,0.0
ORD-106401,2025-03-11,2025-03-11,0.0
ORD-106402,2025-03-12,2025-03-12,0.0
ORD-106403,2024-10-02,2024-10-02,0.0
ORD-106404,2025-09-23,2025-09-23,0.0
ORD-106405,2025-01-08,2025-01-08,0.0
ORD-106406,2025-03-06,2025-03-06,0.0
ORD-106407,2025-09-28,2025-09-28,0.0
ORD-106408,2025-11-04,2025-11-04,0.0
ORD-106409,2024-11-10,2024-11-10,0.0
ORD-106410,2025-06-21,2025-06-21,0.0
ORD-106411,2025-11-22,2025-11-23,1.0
ORD-106412,2025-08-31,,
ORD-106413,2025-11-08,2025-11-09,1.0
ORD-106414,2025-07-11,2025-07-12,1.0
ORD-106415,2025-03-14,2025-03-14,0.0
ORD-106416,2024-06-22,2024-06-22,0.0
ORD-106417,2025-11-19,2025-11-19,0.0
ORD-106418,2025-10-21,2025-10-21,0.0
ORD-106419,2024-11-14,2024-11-14,0.0
ORD-106420,2025-11-22,2025-11-22,0.0
ORD-106421,2024-05-16,2024-05-17,1.0
ORD-106422,2025-11-06,2025-11-06,0.0
ORD-106423,2024-12-28,2024-12-28,0.0
ORD-106424,2024-11-04,2024-11-04,0.0
ORD-106425,2025-11-05,,
ORD-106426,2025-07-28,2025-07-30,2.0
ORD-106427,2025-04-22,2025-04-22,0.0
ORD-106428,2025-03-12,2025-03-14,2.0
ORD-106429,2024-03-31,2024-03-31,0.0
ORD-106430,2025-02-22,2025-02-23,1.0
ORD-106431,2024-12-20,2024-12-21,1.0
ORD-106432,2025-06-11,2025-06-11,0.0
ORD-106433,2024-08-20,2024-08-20,0.0
ORD-106434,2025-08-02,,
ORD-106435,2025-08-15,,
ORD-106436,2025-03-23,2025-03-24,1.0
ORD-106437,2025-11-21,2025-11-21,0.0
ORD-106438,2025-10-23,2025-10-24,1.0
ORD-106439,2025-02-17,2025-02-18,1.0
ORD-106440,2025-07-15,2025-07-15,0.0
ORD-106441,2025-04-23,2025-04-23,0.0
ORD-106442,2025-07-22,2025-07-24,2.0
ORD-106443,2024-12-14,2024-12-15,1.0
ORD-106444,2025-01-22,2025-01-22,0.0
ORD-106445,2024-09-29,2024-09-29,0.0
ORD-106446,2024-10-08,2024-10-08,0.0
ORD-106447,2025-12-18,2025-12-19,1.0
ORD-106448,2025-08-30,2025-08-30,0.0
ORD-106449,2025-10-20,2025-10-20,0.0
ORD-106450,2025-05-26,2025-05-26,0.0
ORD-106451,2025-07-26,,
ORD-106452,2025-07-05,2025-07-06,1.0
ORD-106453,2025-06-01,2025-06-01,0.0
ORD-106454,2025-04-02,2025-04-02,0.0
ORD-106455,2025-12-10,,
ORD-106456,2025-02-28,,
ORD-106457,2025-08-20,2025-08-21,1.0
ORD-106458,2025-06-03,2025-06-03,0.0
ORD-106459,2025-10-31,2025-10-31,0.0
ORD-106460,2025-09-23,2025-09-24,1.0
ORD-106461,2024-10-28,2024-10-28,0.0
ORD-106462,2025-10-13,2025-10-13,0.0
ORD-106463,2024-09-02,,
ORD-106464,2025-03-26,2025-03-26,0.0
ORD-106465,2025-11-05,,
ORD-106466,2024-03-29,,
ORD-106467,2024-10-26,2024-10-28,2.0
ORD-106468,2024-08-21,2024-08-21,0.0
ORD-106469,2025-06-13,2025-06-13,0.0
ORD-106470,2025-11-13,2025-11-13,0.0
ORD-106471,2024-04-22,2024-04-22,0.0
ORD-106472,2025-07-02,2025-07-02,0.0
ORD-106473,2025-05-19,2025-05-21,2.0
ORD-106474,2024-10-24,2024-10-25,1.0
ORD-106475,2025-06-07,2025-06-08,1.0
ORD-106476,2025-12-12,,
ORD-106477,2025-06-21,2025-06-21,0.0
ORD-106478,2025-11-01,,
ORD-106479,2024-11-13,2024-11-15,2.0
ORD-106480,2025-01-19,2025-01-19,0.0
ORD-106481,2025-11-02,2025-11-02,0.0
ORD-106482,2025-09-04,2025-09-04,0.0
ORD-106483,2025-09-11,2025-09-12,1.0
ORD-106484,2025-03-31,2025-03-31,0.0
ORD-106485,2025-02-07,2025-02-10,3.0
ORD-106486,2024-08-30,2024-08-30,0.0
ORD-106487,2025-12-15,2025-12-16,1.0
ORD-106488,2025-11-24,2025-11-24,0.0
ORD-106489,2025-10-25,2025-10-25,0.0
ORD-106490,2025-02-13,2025-02-14,1.0
ORD-106491,2024-10-20,2024-10-20,0.0
ORD-106492,2025-06-29,2025-06-30,1.0
ORD-106493,2025-04-28,,
ORD-106494,2024-12-11,2024-12-11,0.0
ORD-106495,2024-11-14,2024-11-16,2.0
ORD-106496,2024-11-13,2024-11-13,0.0
ORD-106497,2025-08-06,2025-08-06,0.0
ORD-106498,2025-09-06,2025-09-06,0.0
ORD-106499,2025-10-28,2025-10-28,0.0
ORD-106500,2025-02-05,2025-02-05,0.0
ORD-106501,2024-12-30,2025-01-01,2.0
ORD-106502,2024-10-21,2024-10-21,0.0
ORD-106503,2024-11-10,2024-11-10,0.0
ORD-106504,2025-06-30,2025-06-30,0.0
ORD-106505,2025-08-16,2025-08-16,0.0
ORD-106506,2025-12-20,2025-12-20,0.0
ORD-106507,2024-10-30,,
ORD-106508,2025-05-30,2025-05-30,0.0
ORD-106509,2025-02-02,,
ORD-106510,2025-10-10,2025-10-10,0.0
ORD-106511,2025-05-20,2025-05-20,0.0
ORD-106512,2025-02-27,2025-02-27,0.0
ORD-106513,2025-05-08,2025-05-08,0.0
ORD-106514,2024-12-01,2024-12-01,0.0
ORD-106515,2025-08-19,2025-08-21,2.0
ORD-106516,2025-01-19,2025-01-20,1.0
ORD-106517,2025-02-08,2025-02-09,1.0
ORD-106518,2025-10-02,,
ORD-106519,2024-09-23,2024-09-23,0.0
ORD-106520,2025-10-21,,
ORD-106521,2025-09-02,2025-09-04,2.0
ORD-106522,2025-07-26,2025-07-27,1.0
ORD-106523,2025-11-01,2025-11-03,2.0
ORD-106524,2025-10-25,2025-10-25,0.0
ORD-106525,2024-03-07,2024-03-07,0.0
ORD-106526,2025-03-20,2025-03-20,0.0
ORD-106527,2025-09-02,2025-09-02,0.0
ORD-106528,2024-12-20,2024-12-20,0.0
ORD-106529,2025-08-05,2025-08-06,1.0
ORD-106530,2025-10-18,2025-10-19,1.0
ORD-106531,2025-11-07,2025-11-07,0.0
ORD-106532,2025-02-18,2025-02-18,0.0
ORD-106533,2025-12-09,2025-12-10,1.0
ORD-106534,2025-04-06,,
ORD-106535,2025-02-27,2025-02-27,0.0
ORD-106536,2024-12-10,2024-12-10,0.0
ORD-106537,2024-11-18,2024-11-18,0.0
ORD-106538,2025-06-09,2025-06-09,0.0
ORD-106539,2025-03-09,2025-03-09,0.0
ORD-106540,2025-09-25,2025-09-27,2.0
ORD-106541,2025-11-04,2025-11-06,2.0
ORD-106542,2025-11-13,2025-11-13,0.0
ORD-106543,2025-10-15,2025-10-15,0.0
ORD-106544,2025-07-18,2025-07-18,0.0
ORD-106545,2025-10-23,2025-10-23,0.0
ORD-106546,2025-09-21,2025-09-21,0.0
ORD-106547,2024-12-13,2024-12-13,0.0
ORD-106548,2025-01-16,,
ORD-106549,2025-05-10,,
ORD-106550,2025-11-21,,
ORD-106551,2025-07-17,2025-07-17,0.0
ORD-106552,2024-07-17,2024-07-17,0.0
ORD-106553,2025-03-05,2025-03-05,0.0
ORD-106554,2025-10-23,2025-10-23,0.0
ORD-106555,2025-03-27,2025-03-27,0.0
ORD-106556,2025-11-11,2025-11-11,0.0
ORD-106557,2025-05-04,2025-05-04,0.0
ORD-106558,2025-03-07,2025-03-07,0.0
ORD-106559,2025-11-08,2025-11-08,0.0
ORD-106560,2024-08-19,2024-08-19,0.0
ORD-106561,2025-06-01,,
ORD-106562,2025-11-03,2025-11-03,0.0
ORD-106563,2025-03-05,2025-03-05,0.0
ORD-106564,2025-06-25,2025-06-25,0.0
ORD-106565,2025-02-25,2025-02-25,0.0
ORD-106566,2025-10-21,2025-10-21,0.0
ORD-106567,2025-06-05,,
ORD-106568,2025-11-12,2025-11-12,0.0
ORD-106569,2025-03-07,2025-03-08,1.0
ORD-106570,2025-09-13,2025-09-15,2.0
ORD-106571,2025-03-17,2025-03-17,0.0
ORD-106572,2024-10-04,2024-10-06,2.0
ORD-106573,2025-07-07,2025-07-09,2.0
ORD-106574,2025-02-25,2025-02-25,0.0
ORD-106575,2024-07-24,2024-07-24,0.0
ORD-106576,2024-11-06,2024-11-06,0.0
ORD-106577,2025-05-17,2025-05-18,1.0
ORD-106578,2024-08-30,,
ORD-106579,2025-08-08,,
ORD-106580,2024-11-17,,
ORD-106581,2025-12-10,2025-12-10,0.0
ORD-106582,2025-07-11,2025-07-11,0.0
ORD-106583,2024-11-11,2024-11-13,2.0
ORD-106584,2025-08-30,2025-08-31,1.0
ORD-106585,2025-01-27,2025-02-01,5.0
ORD-106586,2025-12-06,2025-12-06,0.0
ORD-106587,2024-06-02,2024-06-02,0.0
ORD-106588,2024-10-03,2024-10-04,1.0
ORD-106589,2025-10-15,2025-10-15,0.0
ORD-106590,2024-12-24,2024-12-24,0.0
ORD-106591,2025-05-31,2025-06-01,1.0
ORD-106592,2024-12-25,2024-12-26,1.0
ORD-106593,2025-11-10,2025-11-12,2.0
ORD-106594,2025-05-12,2025-05-12,0.0
ORD-106595,2025-10-25,2025-10-25,0.0
ORD-106596,2025-04-29,2025-04-29,0.0
ORD-106597,2024-11-03,2024-11-03,0.0
ORD-106598,2024-10-11,2024-10-11,0.0
ORD-106599,2025-10-20,2025-10-20,0.0
ORD-106600,2025-03-18,2025-03-18,0.0
ORD-106601,2025-11-01,2025-11-01,0.0
ORD-106602,2025-12-18,,
ORD-106603,2025-12-19,2025-12-19,0.0
ORD-106604,2025-05-29,2025-05-29,0.0
ORD-106605,2025-11-15,2025-11-16,1.0
ORD-106606,2025-02-08,2025-02-08,0.0
ORD-106607,2024-11-14,2024-11-14,0.0
ORD-106608,2025-10-30,2025-10-31,1.0
ORD-106609,2024-04-25,2024-04-28,3.0
ORD-106610,2025-07-24,2025-07-27,3.0
ORD-106611,2025-05-13,2025-05-13,0.0
ORD-106612,2024-09-07,2024-09-07,0.0
ORD-106613,2024-10-05,2024-10-06,1.0
ORD-106614,2025-05-26,2025-05-26,0.0
ORD-106615,2024-12-26,2024-12-26,0.0
ORD-106616,2025-08-06,2025-08-06,0.0
ORD-106617,2025-07-12,2025-07-12,0.0
ORD-106618,2025-04-10,,
ORD-106619,2024-03-04,2024-03-05,1.0
ORD-106620,2025-03-06,,
ORD-106621,2025-07-03,,
ORD-106622,2025-01-12,2025-01-14,2.0
ORD-106623,2025-01-26,2025-01-26,0.0
ORD-106624,2025-07-19,2025-07-19,0.0
ORD-106625,2025-04-18,2025-04-18,0.0
ORD-106626,2025-04-26,2025-04-28,2.0
ORD-106627,2024-09-30,,
ORD-106628,2025-11-16,2025-11-18,2.0
ORD-106629,2024-11-21,2024-11-21,0.0
ORD-106630,2025-10-17,2025-10-18,1.0
ORD-106631,2025-11-09,2025-11-09,0.0
ORD-106632,2025-10-11,2025-10-11,0.0
ORD-106633,2025-11-13,2025-11-14,1.0
ORD-106634,2025-06-07,2025-06-07,0.0
ORD-106635,2024-11-16,2024-11-19,3.0
ORD-106636,2025-12-09,2025-12-09,0.0
ORD-106637,2025-10-02,,
ORD-106638,2025-10-02,2025-10-02,0.0
ORD-106639,2025-11-01,2025-11-01,0.0
ORD-106640,2025-02-03,2025-02-04,1.0
ORD-106641,2025-10-18,2025-10-19,1.0
ORD-106642,2024-07-29,2024-07-30,1.0
ORD-106643,2024-12-31,2024-12-31,0.0
ORD-106644,2025-10-19,2025-10-19,0.0
ORD-106645,2025-04-07,2025-04-07,0.0
ORD-106646,2025-10-20,,
ORD-106647,2024-08-01,2024-08-01,0.0
ORD-106648,2025-08-22,2025-08-23,1.0
ORD-106649,2025-02-02,2025-02-02,0.0
ORD-106650,2025-05-30,2025-05-31,1.0
ORD-106651,2025-10-19,2025-10-19,0.0
ORD-106652,2025-12-20,2025-12-20,0.0
ORD-106653,2025-10-28,2025-10-28,0.0
ORD-106654,2025-06-12,2025-06-13,1.0
ORD-106655,2025-11-26,2025-11-26,0.0
ORD-106656,2024-10-29,2024-10-29,0.0
ORD-106657,2024-10-18,2024-10-21,3.0
ORD-106658,2025-06-07,2025-06-07,0.0
ORD-106659,2025-02-01,2025-02-02,1.0
ORD-106660,2024-07-09,,
ORD-106661,2024-05-23,,
ORD-106662,2025-05-16,2025-05-16,0.0
ORD-106663,2025-07-03,2025-07-03,0.0
ORD-106664,2025-11-13,2025-11-13,0.0
ORD-106665,2025-09-27,2025-09-27,0.0
ORD-106666,2024-11-21,2024-11-23,2.0
ORD-106667,2025-01-28,2025-01-29,1.0
ORD-106668,2025-04-12,2025-04-13,1.0
ORD-106669,2025-03-05,2025-03-05,0.0
ORD-106670,2025-12-05,2025-12-07,2.0
ORD-106671,2025-11-04,2025-11-05,1.0
ORD-106672,2025-08-16,2025-08-16,0.0
ORD-106673,2025-10-22,2025-10-23,1.0
ORD-106674,2025-12-01,2025-12-02,1.0
ORD-106675,2025-06-20,,
ORD-106676,2024-09-04,2024-09-04,0.0
ORD-106677,2025-08-24,2025-08-24,0.0
ORD-106678,2025-08-02,2025-08-02,0.0
ORD-106679,2025-01-28,2025-01-29,1.0
ORD-106680,2025-02-09,2025-02-09,0.0
ORD-106681,2025-11-21,2025-11-21,0.0
ORD-106682,2025-09-08,,
ORD-106683,2025-07-09,2025-07-09,0.0
ORD-106684,2025-03-19,2025-03-21,2.0
ORD-106685,2025-05-06,2025-05-06,0.0
ORD-106686,2025-09-15,2025-09-15,0.0
ORD-106687,2025-09-21,2025-09-21,0.0
ORD-106688,2025-07-18,2025-07-18,0.0
ORD-106689,2025-06-30,2025-07-01,1.0
ORD-106690,2024-08-05,2024-08-05,0.0
ORD-106691,2025-09-04,2025-09-05,1.0
ORD-106692,2025-11-18,2025-11-18,0.0
ORD-106693,2025-08-28,2025-08-28,0.0
ORD-106694,2025-04-28,2025-04-28,0.0
ORD-106695,2024-10-05,,
ORD-106696,2025-10-03,2025-10-03,0.0
ORD-106697,2025-02-14,2025-02-14,0.0
ORD-106698,2025-03-04,2025-03-05,1.0
ORD-106699,2025-06-24,2025-06-24,0.0
ORD-106700,2024-09-03,2024-09-03,0.0
ORD-106701,2025-07-05,,
ORD-106702,2025-04-18,2025-04-18,0.0
ORD-106703,2025-09-21,2025-09-21,0.0
ORD-106704,2025-11-08,2025-11-08,0.0
ORD-106705,2025-02-07,2025-02-07,0.0
ORD-106706,2025-04-11,2025-04-11,0.0
ORD-106707,2025-07-08,2025-07-08,0.0
ORD-106708,2025-11-27,2025-11-27,0.0
ORD-106709,2025-12-06,2025-12-07,1.0
ORD-106710,2025-12-06,2025-12-07,1.0
ORD-106711,2025-07-26,2025-07-27,1.0
ORD-106712,2025-11-11,,
ORD-106713,2025-06-13,2025-06-13,0.0
ORD-106714,2024-07-08,2024-07-08,0.0
ORD-106715,2025-11-14,,
ORD-106716,2025-09-06,2025-09-06,0.0
ORD-106717,2024-11-18,2024-11-18,0.0
ORD-106718,2025-11-11,,
ORD-106719,2025-10-15,2025-10-16,1.0
ORD-106720,2024-12-25,2024-12-25,0.0
ORD-106721,2025-11-11,2025-11-12,1.0
ORD-106722,2025-01-12,2025-01-13,1.0
ORD-106723,2025-02-03,2025-02-03,0.0
ORD-106724,2026-01-01,2026-01-01,0.0
ORD-106725,2025-10-14,2025-10-14,0.0
ORD-106726,2025-10-26,2025-10-28,2.0
ORD-106727,2025-12-22,2025-12-22,0.0
ORD-106728,2025-01-23,,
ORD-106729,2025-05-03,2025-05-03,0.0
ORD-106730,2024-11-24,2024-11-25,1.0
ORD-106731,2025-09-06,2025-09-06,0.0
ORD-106732,2025-05-07,2025-05-07,0.0
ORD-106733,2025-11-08,2025-11-10,2.0
ORD-106734,2025-06-02,2025-06-02,0.0
ORD-106735,2025-09-02,2025-09-03,1.0
ORD-106736,2024-11-27,2024-11-28,1.0
ORD-106737,2025-01-05,2025-01-05,0.0
ORD-106738,2025-08-03,,
ORD-106739,2025-05-27,2025-05-27,0.0
ORD-106740,2025-09-22,2025-09-25,3.0
ORD-106741,2025-10-12,2025-10-13,1.0
ORD-106742,2025-12-17,2025-12-17,0.0
ORD-106743,2024-06-01,2024-06-02,1.0
ORD-106744,2025-12-03,2025-12-03,0.0
ORD-106745,2025-02-12,2025-02-15,3.0
ORD-106746,2025-01-02,2025-01-02,0.0
ORD-106747,2025-06-03,2025-06-03,0.0
ORD-106748,2025-06-18,2025-06-18,0.0
ORD-106749,2025-01-02,2025-01-02,0.0
ORD-106750,2025-03-04,2025-03-04,0.0
ORD-106751,2025-11-02,2025-11-03,1.0
ORD-106752,2025-06-24,2025-06-24,0.0
ORD-106753,2025-11-09,2025-11-09,0.0
ORD-106754,2025-02-10,2025-02-10,0.0
ORD-106755,2024-10-30,,
ORD-106756,2024-08-11,,
ORD-106757,2025-06-10,2025-06-11,1.0
ORD-106758,2024-10-18,2024-10-19,1.0
ORD-106759,2025-02-13,2025-02-15,2.0
ORD-106760,2024-11-18,2024-11-19,1.0
ORD-106761,2025-03-21,2025-03-23,2.0
ORD-106762,2024-10-26,2024-10-26,0.0
ORD-106763,2025-05-06,2025-05-06,0.0
ORD-106764,2024-11-12,2024-11-14,2.0
ORD-106765,2025-03-01,2025-03-02,1.0
ORD-106766,2025-03-21,,
ORD-106767,2025-12-23,2025-12-23,0.0
ORD-106768,2025-08-26,2025-08-28,2.0
ORD-106769,2025-09-18,2025-09-18,0.0
ORD-106770,2025-01-06,2025-01-06,0.0
ORD-106771,2024-10-12,2024-10-15,3.0
ORD-106772,2025-11-09,2025-11-09,0.0
ORD-106773,2025-08-04,2025-08-04,0.0
ORD-106774,2025-03-08,2025-03-08,0.0
ORD-106775,2025-03-31,2025-03-31,0.0
ORD-106776,2024-08-15,2024-08-15,0.0
ORD-106777,2025-10-17,2025-10-17,0.0
ORD-106778,2025-01-06,2025-01-08,2.0
ORD-106779,2025-10-29,2025-10-29,0.0
ORD-106780,2025-10-31,2025-10-31,0.0
ORD-106781,2025-08-07,2025-08-07,0.0
ORD-106782,2025-01-31,2025-01-31,0.0
ORD-106783,2025-08-11,2025-08-12,1.0
ORD-106784,2024-12-14,2024-12-14,0.0
ORD-106785,2025-06-21,,
ORD-106786,2025-03-19,2025-03-19,0.0
ORD-106787,2025-12-08,2025-12-08,0.0
ORD-106788,2024-11-12,2024-11-12,0.0
ORD-106789,2025-08-16,2025-08-17,1.0
ORD-106790,2025-10-23,,
ORD-106791,2025-09-04,2025-09-04,0.0
ORD-106792,2025-11-18,,
ORD-106793,2025-08-30,2025-08-31,1.0
ORD-106794,2024-11-18,2024-11-18,0.0
ORD-106795,2025-04-16,,
ORD-106796,2025-12-08,2025-12-08,0.0
ORD-106797,2025-10-18,2025-10-19,1.0
ORD-106798,2025-11-04,2025-11-04,0.0
ORD-106799,2024-09-19,2024-09-20,1.0
ORD-106800,2025-11-09,2025-11-11,2.0
ORD-106801,2025-06-25,2025-06-25,0.0
ORD-106802,2024-06-07,2024-06-07,0.0
ORD-106803,2025-03-16,2025-03-18,2.0
ORD-106804,2025-12-27,2025-12-27,0.0
ORD-106805,2025-09-09,2025-09-12,3.0
ORD-106806,2024-11-11,2024-11-11,0.0
ORD-106807,2024-11-26,2024-11-26,0.0
ORD-106808,2024-11-11,2024-11-11,0.0
ORD-106809,2024-12-08,2024-12-09,1.0
ORD-106810,2025-10-25,2025-10-25,0.0
ORD-106811,2024-08-01,2024-08-02,1.0
ORD-106812,2025-05-23,2025-05-23,0.0
ORD-106813,2024-11-21,2024-11-21,0.0
ORD-106814,2025-08-09,2025-08-10,1.0
ORD-106815,2025-08-29,2025-08-29,0.0
ORD-106816,2024-12-10,2024-12-11,1.0
ORD-106817,2025-07-15,2025-07-20,5.0
ORD-106818,2025-11-13,2025-11-18,5.0
ORD-106819,2025-06-06,2025-06-06,0.0
ORD-106820,2025-11-07,2025-11-07,0.0
ORD-106821,2025-10-29,2025-10-30,1.0
ORD-106822,2025-03-28,2025-03-28,0.0
ORD-106823,2025-05-23,,
ORD-106824,2025-12-10,,
ORD-106825,2024-11-22,2024-11-22,0.0
ORD-106826,2025-08-21,2025-08-21,0.0
ORD-106827,2025-02-28,2025-02-28,0.0
ORD-106828,2025-10-20,2025-10-20,0.0
ORD-106829,2025-02-02,2025-02-03,1.0
ORD-106830,2024-11-08,2024-11-08,0.0
ORD-106831,2025-11-05,2025-11-05,0.0
ORD-106832,2025-04-05,2025-04-06,1.0
ORD-106833,2024-03-04,,
ORD-106834,2025-03-16,2025-03-16,0.0
ORD-106835,2024-04-11,2024-04-12,1.0
ORD-106836,2025-07-30,2025-08-01,2.0
ORD-106837,2025-12-29,2025-12-29,0.0
ORD-106838,2024-11-04,2024-11-04,0.0
ORD-106839,2025-10-21,2025-10-21,0.0
ORD-106840,2025-11-11,,
ORD-106841,2024-09-10,2024-09-10,0.0
ORD-106842,2025-09-09,2025-09-10,1.0
ORD-106843,2025-11-21,2025-11-21,0.0
ORD-106844,2025-03-30,2025-03-30,0.0
ORD-106845,2025-10-01,2025-10-02,1.0
ORD-106846,2025-06-15,2025-06-18,3.0
ORD-106847,2025-07-17,2025-07-18,1.0
ORD-106848,2025-05-16,2025-05-17,1.0
ORD-106849,2025-09-10,2025-09-13,3.0
ORD-106850,2025-09-03,2025-09-04,1.0
ORD-106851,2025-07-21,2025-07-23,2.0
ORD-106852,2025-10-23,2025-10-25,2.0
ORD-106853,2024-10-13,2024-10-14,1.0
ORD-106854,2025-12-23,2025-12-23,0.0
ORD-106855,2025-03-05,2025-03-05,0.0
ORD-106856,2025-10-24,,
ORD-106857,2024-12-16,,
ORD-106858,2025-09-29,2025-09-30,1.0
ORD-106859,2025-11-05,2025-11-05,0.0
ORD-106860,2025-11-13,2025-11-13,0.0
ORD-106861,2024-10-05,2024-10-05,0.0
ORD-106862,2024-04-17,2024-04-19,2.0
ORD-106863,2024-11-01,2024-11-01,0.0
ORD-106864,2025-08-01,2025-08-02,1.0
ORD-106865,2025-03-28,2025-03-31,3.0
ORD-106866,2025-06-13,2025-06-13,0.0
ORD-106867,2025-12-31,2026-01-01,1.0
ORD-106868,2025-10-13,2025-10-13,0.0
ORD-106869,2025-10-09,2025-10-11,2.0
ORD-106870,2024-08-01,2024-08-01,0.0
ORD-106871,2025-07-27,2025-07-28,1.0
ORD-106872,2025-05-20,2025-05-22,2.0
ORD-106873,2025-10-29,2025-10-29,0.0
ORD-106874,2024-11-20,2024-11-22,2.0
ORD-106875,2024-12-04,2024-12-04,0.0
ORD-106876,2025-05-26,2025-05-26,0.0
ORD-106877,2025-12-04,2025-12-04,0.0
ORD-106878,2024-11-11,2024-11-11,0.0
ORD-106879,2025-11-29,,
ORD-106880,2025-11-08,2025-11-08,0.0
ORD-106881,2024-12-11,2024-12-11,0.0
ORD-106882,2025-04-12,2025-04-12,0.0
ORD-106883,2025-09-19,2025-09-19,0.0
ORD-106884,2025-11-30,2025-12-01,1.0
ORD-106885,2025-04-07,,
ORD-106886,2025-11-23,2025-11-23,0.0
ORD-106887,2025-10-14,2025-10-16,2.0
ORD-106888,2025-10-01,2025-10-01,0.0
ORD-106889,2025-11-25,2025-11-26,1.0
ORD-106890,2025-11-16,2025-11-17,1.0
ORD-106891,2025-10-20,2025-10-20,0.0
ORD-106892,2025-10-06,2025-10-06,0.0
ORD-106893,2024-04-19,2024-04-19,0.0
ORD-106894,2025-07-25,2025-07-25,0.0
ORD-106895,2025-10-20,2025-10-20,0.0
ORD-106896,2024-12-01,2024-12-01,0.0
ORD-106897,2025-10-19,2025-10-20,1.0
ORD-106898,2024-08-21,2024-08-23,2.0
ORD-106899,2025-05-12,2025-05-12,0.0
ORD-106900,2025-01-15,2025-01-15,0.0
ORD-106901,2025-11-13,2025-11-13,0.0
ORD-106902,2024-05-09,2024-05-09,0.0
ORD-106903,2025-11-06,2025-11-06,0.0
ORD-106904,2025-02-10,2025-02-13,3.0
ORD-106905,2025-09-30,2025-09-30,0.0
ORD-106906,2025-05-29,2025-05-30,1.0
ORD-106907,2025-05-17,2025-05-18,1.0
ORD-106908,2025-11-10,,
ORD-106909,2025-07-13,2025-07-13,0.0
ORD-106910,2024-12-01,2024-12-02,1.0
ORD-106911,2025-03-05,2025-03-05,0.0
ORD-106912,2024-12-15,2024-12-15,0.0
ORD-106913,2025-11-25,2025-11-25,0.0
ORD-106914,2024-11-08,2024-11-08,0.0
ORD-106915,2025-09-25,2025-09-28,3.0
ORD-106916,2024-09-27,2024-09-28,1.0
ORD-106917,2024-08-07,2024-08-10,3.0
ORD-106918,2024-05-20,2024-05-21,1.0
ORD-106919,2024-10-18,2024-10-19,1.0
ORD-106920,2024-11-07,,
ORD-106921,2025-08-29,2025-08-30,1.0
ORD-106922,2025-07-28,2025-07-29,1.0
ORD-106923,2025-04-02,2025-04-02,0.0
ORD-106924,2025-08-24,2025-08-24,0.0
ORD-106925,2024-12-24,2024-12-25,1.0
ORD-106926,2025-05-30,2025-05-30,0.0
ORD-106927,2025-12-08,2025-12-09,1.0
ORD-106928,2025-12-27,2025-12-27,0.0
ORD-106929,2024-07-21,2024-07-21,0.0
ORD-106930,2024-11-12,2024-11-13,1.0
ORD-106931,2025-11-17,2025-11-17,0.0
ORD-106932,2025-01-09,2025-01-10,1.0
ORD-106933,2024-11-08,2024-11-09,1.0
ORD-106934,2025-12-28,2025-12-28,0.0
ORD-106935,2025-03-29,2025-03-30,1.0
ORD-106936,2025-04-07,2025-04-07,0.0
ORD-106937,2025-12-13,2025-12-15,2.0
ORD-106938,2025-01-09,2025-01-09,0.0
ORD-106939,2025-08-04,2025-08-04,0.0
ORD-106940,2024-06-24,2024-06-25,1.0
ORD-106941,2025-09-06,2025-09-06,0.0
ORD-106942,2024-08-08,2024-08-08,0.0
ORD-106943,2025-07-06,2025-07-06,0.0
ORD-106944,2025-06-12,2025-06-12,0.0
ORD-106945,2025-05-26,2025-05-26,0.0
ORD-106946,2024-12-29,2024-12-29,0.0
ORD-106947,2025-08-17,2025-08-17,0.0
ORD-106948,2025-11-13,2025-11-15,2.0
ORD-106949,2025-09-04,2025-09-04,0.0
ORD-106950,2024-11-03,2024-11-03,0.0
ORD-106951,2025-08-09,2025-08-09,0.0
ORD-106952,2024-09-23,2024-09-24,1.0
ORD-106953,2025-10-22,,
ORD-106954,2025-05-22,2025-05-24,2.0
ORD-106955,2025-10-30,2025-11-01,2.0
ORD-106956,2025-06-22,2025-06-23,1.0
ORD-106957,2024-12-27,,
ORD-106958,2025-05-08,2025-05-08,0.0
ORD-106959,2025-07-01,2025-07-01,0.0
ORD-106960,2025-01-30,2025-01-30,0.0
ORD-106961,2024-06-23,2024-06-25,2.0
ORD-106962,2024-10-21,2024-10-21,0.0
ORD-106963,2024-11-11,2024-11-11,0.0
ORD-106964,2025-07-05,2025-07-05,0.0
ORD-106965,2024-11-25,,
ORD-106966,2025-08-31,2025-08-31,0.0
ORD-106967,2025-08-15,2025-08-15,0.0
ORD-106968,2025-10-13,2025-10-14,1.0
ORD-106969,2025-11-15,2025-11-18,3.0
ORD-106970,2025-04-26,2025-04-26,0.0
ORD-106971,2025-01-27,2025-01-27,0.0
ORD-106972,2025-04-07,2025-04-07,0.0
ORD-106973,2024-07-29,2024-07-29,0.0
ORD-106974,2025-02-02,2025-02-03,1.0
ORD-106975,2025-02-19,2025-02-19,0.0
ORD-106976,2024-06-26,2024-06-26,0.0
ORD-106977,2025-10-24,2025-10-26,2.0
ORD-106978,2025-09-26,2025-09-29,3.0
ORD-106979,2025-11-27,2025-11-27,0.0
ORD-106980,2024-03-08,2024-03-09,1.0
ORD-106981,2025-10-27,2025-10-27,0.0
ORD-106982,2025-04-27,2025-04-29,2.0
ORD-106983,2025-08-11,2025-08-12,1.0
ORD-106984,2024-08-01,2024-08-04,3.0
ORD-106985,2024-11-15,2024-11-16,1.0
ORD-106986,2025-04-27,2025-04-27,0.0
ORD-106987,2024-07-27,2024-07-27,0.0
ORD-106988,2025-01-20,2025-01-20,0.0
ORD-106989,2025-09-18,2025-09-18,0.0
ORD-106990,2025-07-28,2025-07-28,0.0
ORD-106991,2025-02-19,,
ORD-106992,2025-03-02,2025-03-03,1.0
ORD-106993,2025-10-25,,
ORD-106994,2025-08-21,2025-08-21,0.0
ORD-106995,2025-08-28,,
ORD-106996,2025-11-14,2025-11-15,1.0
ORD-106997,2025-09-17,2025-09-17,0.0
ORD-106998,2025-03-22,2025-03-22,0.0
ORD-106999,2025-09-22,2025-09-22,0.0
ORD-107000,2024-11-21,2024-11-22,1.0
ORD-107001,2025-11-11,2025-11-11,0.0
ORD-107002,2025-07-24,2025-07-24,0.0
ORD-107003,2025-11-29,2025-11-29,0.0
ORD-107004,2025-07-10,2025-07-11,1.0
ORD-107005,2025-05-31,2025-05-31,0.0
ORD-107006,2025-05-02,2025-05-03,1.0
ORD-107007,2025-05-09,2025-05-09,0.0
ORD-107008,2025-03-28,2025-03-29,1.0
ORD-107009,2025-09-03,2025-09-03,0.0
ORD-107010,2024-03-26,2024-03-26,0.0
ORD-107011,2025-11-03,2025-11-03,0.0
ORD-107012,2025-11-20,2025-11-20,0.0
ORD-107013,2024-07-08,2024-07-08,0.0
ORD-107014,2025-01-28,2025-01-28,0.0
ORD-107015,2025-01-17,2025-01-19,2.0
ORD-107016,2025-09-20,2025-09-20,0.0
ORD-107017,2025-04-16,2025-04-16,0.0
ORD-107018,2024-09-20,2024-09-20,0.0
ORD-107019,2024-10-27,2024-10-27,0.0
ORD-107020,2025-08-11,2025-08-11,0.0
ORD-107021,2025-03-01,2025-03-01,0.0
ORD-107022,2025-01-20,2025-01-20,0.0
ORD-107023,2025-01-24,2025-01-27,3.0
ORD-107024,2025-06-30,2025-06-30,0.0
ORD-107025,2025-01-06,2025-01-11,5.0
ORD-107026,2025-11-08,2025-11-09,1.0
ORD-107027,2025-03-26,,
ORD-107028,2025-01-29,,
ORD-107029,2025-09-21,2025-09-21,0.0
ORD-107030,2024-12-20,2024-12-21,1.0
ORD-107031,2024-08-29,2024-08-29,0.0
ORD-107032,2025-05-14,2025-05-15,1.0
ORD-107033,2025-02-16,2025-02-16,0.0
ORD-107034,2024-11-11,2024-11-12,1.0
ORD-107035,2024-11-04,2024-11-05,1.0
ORD-107036,2024-11-21,2024-11-21,0.0
ORD-107037,2025-06-02,2025-06-02,0.0
ORD-107038,2025-01-24,2025-01-24,0.0
ORD-107039,2025-01-29,2025-01-29,0.0
ORD-107040,2024-12-29,,
ORD-107041,2025-04-06,2025-04-06,0.0
ORD-107042,2024-11-06,2024-11-08,2.0
ORD-107043,2025-08-31,2025-08-31,0.0
ORD-107044,2025-07-01,2025-07-02,1.0
ORD-107045,2024-09-11,2024-09-12,1.0
ORD-107046,2024-09-02,2024-09-03,1.0
ORD-107047,2025-06-29,,
ORD-107048,2025-04-09,2025-04-09,0.0
ORD-107049,2024-10-21,2024-10-21,0.0
ORD-107050,2025-11-12,2025-11-13,1.0
ORD-107051,2025-11-29,2025-11-29,0.0
ORD-107052,2025-08-11,2025-08-13,2.0
ORD-107053,2025-01-11,2025-01-11,0.0
ORD-107054,2025-11-02,2025-11-02,0.0
ORD-107055,2024-05-13,2024-05-14,1.0
ORD-107056,2024-09-22,2024-09-22,0.0
ORD-107057,2025-02-04,2025-02-04,0.0
ORD-107058,2025-05-05,,
ORD-107059,2025-08-08,2025-08-08,0.0
ORD-107060,2025-06-15,2025-06-15,0.0
ORD-107061,2025-08-18,2025-08-19,1.0
ORD-107062,2025-03-28,2025-03-28,0.0
ORD-107063,2025-10-19,,
ORD-107064,2025-02-20,2025-02-21,1.0
ORD-107065,2025-03-03,2025-03-04,1.0
ORD-107066,2025-10-23,2025-10-23,0.0
ORD-107067,2025-11-05,2025-11-05,0.0
ORD-107068,2025-05-19,2025-05-21,2.0
ORD-107069,2025-12-05,2025-12-06,1.0
ORD-107070,2026-01-02,2026-01-02,0.0
ORD-107071,2025-01-02,2025-01-03,1.0
ORD-107072,2025-11-14,2025-11-16,2.0
ORD-107073,2025-07-06,2025-07-09,3.0
ORD-107074,2025-08-10,2025-08-12,2.0
ORD-107075,2025-11-05,2025-11-05,0.0
ORD-107076,2025-10-31,2025-10-31,0.0
ORD-107077,2025-04-18,2025-04-18,0.0
ORD-107078,2025-12-07,2025-12-07,0.0
ORD-107079,2025-04-16,2025-04-17,1.0
ORD-107080,2024-10-27,2024-11-01,5.0
ORD-107081,2025-08-23,2025-08-23,0.0
ORD-107082,2025-05-04,2025-05-04,0.0
ORD-107083,2025-01-07,2025-01-09,2.0
ORD-107084,2024-09-28,2024-09-29,1.0
ORD-107085,2025-05-26,2025-05-26,0.0
ORD-107086,2025-04-21,2025-04-22,1.0
ORD-107087,2024-05-31,2024-05-31,0.0
ORD-107088,2025-02-09,2025-02-09,0.0
ORD-107089,2025-08-16,2025-08-19,3.0
ORD-107090,2025-09-04,2025-09-04,0.0
ORD-107091,2025-04-09,2025-04-09,0.0
ORD-107092,2024-11-13,2024-11-13,0.0
ORD-107093,2024-12-13,,
ORD-107094,2025-02-26,2025-02-27,1.0
ORD-107095,2025-01-02,2025-01-02,0.0
ORD-107096,2025-08-18,2025-08-18,0.0
ORD-107097,2025-04-17,2025-04-18,1.0
ORD-107098,2025-11-13,2025-11-13,0.0
ORD-107099,2025-11-06,2025-11-07,1.0
ORD-107100,2025-04-24,,
ORD-107101,2024-10-28,2024-10-28,0.0
ORD-107102,2025-01-15,2025-01-15,0.0
ORD-107103,2024-11-16,2024-11-16,0.0
ORD-107104,2025-04-05,2025-04-05,0.0
ORD-107105,2024-10-20,2024-10-20,0.0
ORD-107106,2025-05-20,,
ORD-107107,2025-02-18,2025-02-18,0.0
ORD-107108,2025-05-31,2025-05-31,0.0
ORD-107109,2024-11-25,2024-11-27,2.0
ORD-107110,2025-08-26,,
ORD-107111,2025-02-04,2025-02-04,0.0
ORD-107112,2025-01-27,2025-01-27,0.0
ORD-107113,2024-12-23,2024-12-23,0.0
ORD-107114,2025-10-20,2025-10-23,3.0
ORD-107115,2025-11-12,2025-11-12,0.0
ORD-107116,2024-05-18,2024-05-18,0.0
ORD-107117,2025-04-17,2025-04-17,0.0
ORD-107118,2025-01-16,2025-01-18,2.0
ORD-107119,2024-04-17,2024-04-18,1.0
ORD-107120,2025-11-04,,
ORD-107121,2024-09-27,2024-09-27,0.0
ORD-107122,2025-07-19,2025-07-19,0.0
ORD-107123,2025-09-13,2025-09-15,2.0
ORD-107124,2025-06-29,2025-06-30,1.0
ORD-107125,2025-08-10,2025-08-10,0.0
ORD-107126,2024-08-31,2024-09-03,3.0
ORD-107127,2024-11-17,2024-11-17,0.0
ORD-107128,2025-05-20,2025-05-22,2.0
ORD-107129,2025-12-24,,
ORD-107130,2025-03-06,2025-03-06,0.0
ORD-107131,2025-04-08,2025-04-09,1.0
ORD-107132,2025-03-20,2025-03-20,0.0
ORD-107133,2025-08-09,2025-08-09,0.0
ORD-107134,2025-01-27,2025-01-27,0.0
ORD-107135,2025-11-29,2025-11-30,1.0
ORD-107136,2025-03-16,2025-03-17,1.0
ORD-107137,2025-08-19,2025-08-19,0.0
ORD-107138,2024-05-29,,
ORD-107139,2025-09-12,2025-09-13,1.0
ORD-107140,2025-10-03,2025-10-03,0.0
ORD-107141,2024-10-30,2024-10-30,0.0
ORD-107142,2025-08-27,2025-08-27,0.0
ORD-107143,2025-09-29,2025-09-29,0.0
ORD-107144,2025-11-10,2025-11-10,0.0
ORD-107145,2025-08-07,2025-08-07,0.0
ORD-107146,2025-03-05,2025-03-05,0.0
ORD-107147,2025-11-18,2025-11-19,1.0
ORD-107148,2025-05-07,2025-05-09,2.0
ORD-107149,2025-10-10,2025-10-11,1.0
ORD-107150,2025-01-02,2025-01-02,0.0
ORD-107151,2024-08-26,2024-08-28,2.0
ORD-107152,2025-09-25,2025-09-25,0.0
ORD-107153,2025-11-09,,
ORD-107154,2025-09-08,,
ORD-107155,2024-11-06,2024-11-07,1.0
ORD-107156,2024-08-01,,
ORD-107157,2025-11-01,2025-11-01,0.0
ORD-107158,2025-12-24,,
ORD-107159,2025-06-20,2025-06-20,0.0
ORD-107160,2024-12-08,2024-12-08,0.0
ORD-107161,2024-07-03,2024-07-03,0.0
ORD-107162,2024-12-29,2025-01-01,3.0
ORD-107163,2025-11-20,2025-11-21,1.0
ORD-107164,2025-06-04,2025-06-04,0.0
ORD-107165,2025-02-06,2025-02-07,1.0
ORD-107166,2025-03-21,2025-03-21,0.0
ORD-107167,2025-07-09,2025-07-10,1.0
ORD-107168,2024-02-08,2024-02-08,0.0
ORD-107169,2025-02-19,2025-02-20,1.0
ORD-107170,2025-11-22,2025-11-22,0.0
ORD-107171,2024-11-26,2024-11-26,0.0
ORD-107172,2024-05-10,,
ORD-107173,2025-06-14,2025-06-15,1.0
ORD-107174,2024-12-28,2024-12-28,0.0
ORD-107175,2025-10-22,2025-10-22,0.0
ORD-107176,2024-10-02,2024-10-02,0.0
ORD-107177,2024-07-05,,
ORD-107178,2025-09-21,2025-09-21,0.0
ORD-107179,2025-02-26,2025-02-27,1.0
ORD-107180,2024-08-25,2024-08-25,0.0
ORD-107181,2024-11-13,,
ORD-107182,2025-12-27,2025-12-27,0.0
ORD-107183,2025-02-26,2025-02-26,0.0
ORD-107184,2025-08-27,2025-08-27,0.0
ORD-107185,2025-06-15,2025-06-16,1.0
ORD-107186,2024-12-21,,
ORD-107187,2025-01-31,2025-02-01,1.0
ORD-107188,2024-12-20,2024-12-20,0.0
ORD-107189,2024-07-06,2024-07-06,0.0
ORD-107190,2025-07-22,2025-07-24,2.0
ORD-107191,2025-09-05,2025-09-06,1.0
ORD-107192,2024-03-31,2024-03-31,0.0
ORD-107193,2025-12-25,,
ORD-107194,2024-11-14,2024-11-17,3.0
ORD-107195,2025-03-14,2025-03-14,0.0
ORD-107196,2025-03-18,2025-03-20,2.0
ORD-107197,2024-10-21,2024-10-21,0.0
ORD-107198,2025-01-31,2025-02-03,3.0
ORD-107199,2025-03-09,2025-03-09,0.0
ORD-107200,2025-08-17,2025-08-17,0.0
ORD-107201,2025-05-24,2025-05-24,0.0
ORD-107202,2024-11-20,2024-11-20,0.0
ORD-107203,2025-11-10,2025-11-11,1.0
ORD-107204,2025-02-09,2025-02-12,3.0
ORD-107205,2025-05-15,2025-05-15,0.0
ORD-107206,2024-12-13,2024-12-14,1.0
ORD-107207,2025-12-02,2025-12-02,0.0
ORD-107208,2025-01-07,2025-01-08,1.0
ORD-107209,2025-07-08,2025-07-08,0.0
ORD-107210,2024-08-19,2024-08-19,0.0
ORD-107211,2024-11-13,2024-11-13,0.0
ORD-107212,2025-07-31,2025-07-31,0.0
ORD-107213,2025-03-23,2025-03-24,1.0
ORD-107214,2024-10-23,2024-10-24,1.0
ORD-107215,2026-01-03,2026-01-04,1.0
ORD-107216,2025-12-03,2025-12-04,1.0
ORD-107217,2025-03-01,2025-03-02,1.0
ORD-107218,2025-09-11,2025-09-12,1.0
ORD-107219,2025-10-16,2025-10-16,0.0
ORD-107220,2025-03-28,,
ORD-107221,2025-09-22,2025-09-23,1.0
ORD-107222,2024-03-10,2024-03-10,0.0
ORD-107223,2025-07-29,2025-07-30,1.0
ORD-107224,2025-12-13,2025-12-14,1.0
ORD-107225,2025-10-11,2025-10-13,2.0
ORD-107226,2025-11-01,2025-11-03,2.0
ORD-107227,2025-11-01,2025-11-03,2.0
ORD-107228,2025-05-12,2025-05-12,0.0
ORD-107229,2024-09-28,2024-09-28,0.0
ORD-107230,2024-12-14,2024-12-14,0.0
ORD-107231,2025-06-30,2025-06-30,0.0
ORD-107232,2024-12-20,2024-12-20,0.0
ORD-107233,2025-07-29,2025-07-29,0.0
ORD-107234,2025-09-26,2025-09-27,1.0
ORD-107235,2024-09-04,2024-09-04,0.0
ORD-107236,2025-03-18,2025-03-18,0.0
ORD-107237,2025-10-30,2025-10-30,0.0
ORD-107238,2025-08-26,2025-08-26,0.0
ORD-107239,2024-11-10,2024-11-11,1.0
ORD-107240,2025-10-10,2025-10-10,0.0
ORD-107241,2025-11-18,2025-11-19,1.0
ORD-107242,2025-02-13,2025-02-14,1.0
ORD-107243,2025-11-08,2025-11-08,0.0
ORD-107244,2025-08-08,2025-08-08,0.0
ORD-107245,2024-12-02,2024-12-03,1.0
ORD-107246,2025-08-17,2025-08-17,0.0
ORD-107247,2024-11-09,2024-11-09,0.0
ORD-107248,2024-10-05,2024-10-05,0.0
ORD-107249,2025-07-20,2025-07-20,0.0
ORD-107250,2025-02-11,2025-02-11,0.0
ORD-107251,2024-09-09,2024-09-10,1.0
ORD-107252,2025-11-21,2025-11-21,0.0
ORD-107253,2025-11-02,2025-11-02,0.0
ORD-107254,2025-10-02,2025-10-07,5.0
ORD-107255,2024-11-25,2024-11-25,0.0
ORD-107256,2025-04-23,2025-04-23,0.0
ORD-107257,2024-12-18,2024-12-18,0.0
ORD-107258,2025-05-06,2025-05-06,0.0
ORD-107259,2025-10-23,2025-10-24,1.0
ORD-107260,2024-11-07,2024-11-07,0.0
ORD-107261,2025-12-09,,
ORD-107262,2025-07-13,2025-07-14,1.0
ORD-107263,2025-11-14,2025-11-14,0.0
ORD-107264,2025-11-07,2025-11-07,0.0
ORD-107265,2025-10-15,2025-10-15,0.0
ORD-107266,2025-11-15,,
ORD-107267,2025-03-21,2025-03-22,1.0
ORD-107268,2025-04-19,2025-04-19,0.0
ORD-107269,2025-01-13,2025-01-13,0.0
ORD-107270,2025-03-19,2025-03-20,1.0
ORD-107271,2025-12-24,2025-12-24,0.0
ORD-107272,2025-10-01,2025-10-01,0.0
ORD-107273,2025-03-13,2025-03-13,0.0
ORD-107274,2024-12-06,2024-12-06,0.0
ORD-107275,2025-08-13,2025-08-13,0.0
ORD-107276,2025-02-25,,
ORD-107277,2025-11-04,2025-11-04,0.0
ORD-107278,2025-11-06,2025-11-07,1.0
ORD-107279,2025-05-09,,
ORD-107280,2025-02-19,,
ORD-107281,2025-06-30,2025-07-02,2.0
ORD-107282,2025-07-20,2025-07-20,0.0
ORD-107283,2025-07-21,2025-07-21,0.0
ORD-107284,2025-04-12,2025-04-12,0.0
ORD-107285,2025-08-18,2025-08-18,0.0
ORD-107286,2025-07-28,2025-07-28,0.0
ORD-107287,2025-10-11,2025-10-11,0.0
ORD-107288,2024-10-01,2024-10-01,0.0
ORD-107289,2025-11-01,2025-11-01,0.0
ORD-107290,2025-03-29,2025-03-29,0.0
ORD-107291,2025-04-26,2025-04-26,0.0
ORD-107292,2025-07-05,2025-07-06,1.0
ORD-107293,2025-11-02,,
ORD-107294,2025-06-12,2025-06-12,0.0
ORD-107295,2025-07-07,,
ORD-107296,2025-05-14,2025-05-14,0.0
ORD-107297,2025-04-02,2025-04-02,0.0
ORD-107298,2025-06-09,2025-06-09,0.0
ORD-107299,2025-08-14,2025-08-14,0.0
ORD-107300,2025-09-25,2025-09-25,0.0
ORD-107301,2024-07-18,2024-07-19,1.0
ORD-107302,2025-12-02,,
ORD-107303,2025-07-13,2025-07-13,0.0
ORD-107304,2025-06-10,2025-06-10,0.0
ORD-107305,2025-02-17,2025-02-17,0.0
ORD-107306,2025-12-18,2025-12-19,1.0
ORD-107307,2024-11-25,2024-11-26,1.0
ORD-107308,2024-12-26,,
ORD-107309,2025-04-16,2025-04-16,0.0
ORD-107310,2025-12-29,2025-12-29,0.0
ORD-107311,2025-02-20,2025-02-20,0.0
ORD-107312,2025-07-31,2025-07-31,0.0
ORD-107313,2025-11-11,2025-11-12,1.0
ORD-107314,2025-11-26,2025-11-26,0.0
ORD-107315,2025-11-15,2025-11-15,0.0
ORD-107316,2025-08-12,,
ORD-107317,2024-06-29,2024-06-29,0.0
ORD-107318,2024-05-29,2024-05-30,1.0
ORD-107319,2025-02-06,2025-02-06,0.0
ORD-107320,2024-09-07,2024-09-07,0.0
ORD-107321,2025-01-31,2025-02-01,1.0
ORD-107322,2025-10-28,2025-10-28,0.0
ORD-107323,2024-11-08,2024-11-11,3.0
ORD-107324,2025-05-11,2025-05-11,0.0
ORD-107325,2025-12-17,2025-12-17,0.0
ORD-107326,2024-12-20,2024-12-20,0.0
ORD-107327,2024-12-29,2024-12-31,2.0
ORD-107328,2024-10-29,2024-10-30,1.0
ORD-107329,2024-07-25,2024-07-26,1.0
ORD-107330,2025-09-02,2025-09-03,1.0
ORD-107331,2025-09-01,2025-09-01,0.0
ORD-107332,2025-09-03,2025-09-04,1.0
ORD-107333,2025-02-06,,
ORD-107334,2025-09-28,2025-09-29,1.0
ORD-107335,2025-06-11,2025-06-11,0.0
ORD-107336,2024-12-18,2024-12-19,1.0
ORD-107337,2025-05-20,,
ORD-107338,2025-01-30,2025-01-30,0.0
ORD-107339,2025-11-27,2025-11-27,0.0
ORD-107340,2025-11-13,2025-11-14,1.0
ORD-107341,2025-12-25,2025-12-27,2.0
ORD-107342,2024-08-28,2024-08-29,1.0
ORD-107343,2025-07-15,2025-07-17,2.0
ORD-107344,2025-11-03,2025-11-03,0.0
ORD-107345,2025-08-01,2025-08-01,0.0
ORD-107346,2024-11-12,2024-11-12,0.0
ORD-107347,2025-07-19,2025-07-19,0.0
ORD-107348,2025-09-22,2025-09-23,1.0
ORD-107349,2025-07-12,2025-07-12,0.0
ORD-107350,2025-08-31,2025-08-31,0.0
ORD-107351,2025-10-21,,
ORD-107352,2025-07-22,2025-07-22,0.0
ORD-107353,2025-01-15,2025-01-16,1.0
ORD-107354,2025-11-18,,
ORD-107355,2024-07-11,2024-07-12,1.0
ORD-107356,2025-09-07,2025-09-07,0.0
ORD-107357,2025-12-05,2025-12-05,0.0
ORD-107358,2025-08-23,2025-08-24,1.0
ORD-107359,2025-06-30,,
ORD-107360,2025-11-29,2025-11-29,0.0
ORD-107361,2024-06-14,2024-06-15,1.0
ORD-107362,2025-07-18,2025-07-18,0.0
ORD-107363,2025-01-15,2025-01-16,1.0
ORD-107364,2025-05-31,2025-05-31,0.0
ORD-107365,2024-07-07,2024-07-08,1.0
ORD-107366,2025-10-30,2025-10-30,0.0
ORD-107367,2025-12-18,2025-12-18,0.0
ORD-107368,2024-12-24,2024-12-24,0.0
ORD-107369,2025-08-05,2025-08-06,1.0
ORD-107370,2025-01-27,2025-01-28,1.0
ORD-107371,2025-11-15,2025-11-16,1.0
ORD-107372,2024-06-17,2024-06-18,1.0
ORD-107373,2025-07-14,2025-07-15,1.0
ORD-107374,2024-05-18,2024-05-18,0.0
ORD-107375,2024-08-31,2024-08-31,0.0
ORD-107376,2025-11-10,2025-11-10,0.0
ORD-107377,2025-07-13,2025-07-15,2.0
ORD-107378,2025-10-24,2025-10-24,0.0
ORD-107379,2025-08-20,2025-08-20,0.0
ORD-107380,2024-10-29,2024-10-29,0.0
ORD-107381,2024-12-22,2024-12-22,0.0
ORD-107382,2024-09-20,2024-09-20,0.0
ORD-107383,2025-11-28,2025-11-28,0.0
ORD-107384,2025-05-10,2025-05-10,0.0
ORD-107385,2025-06-01,2025-06-01,0.0
ORD-107386,2025-07-24,2025-07-24,0.0
ORD-107387,2024-06-23,2024-06-23,0.0
ORD-107388,2025-10-12,2025-10-12,0.0
ORD-107389,2025-07-03,2025-07-04,1.0
ORD-107390,2024-12-06,2024-12-06,0.0
ORD-107391,2025-08-18,2025-08-18,0.0
ORD-107392,2025-11-14,2025-11-16,2.0
ORD-107393,2025-12-21,2025-12-23,2.0
ORD-107394,2024-09-07,2024-09-07,0.0
ORD-107395,2025-07-06,2025-07-06,0.0
ORD-107396,2025-08-07,2025-08-07,0.0
ORD-107397,2025-08-14,2025-08-14,0.0
ORD-107398,2025-06-16,2025-06-18,2.0
ORD-107399,2025-08-04,2025-08-05,1.0
ORD-107400,2025-12-02,,
ORD-107401,2025-10-26,2025-10-28,2.0
ORD-107402,2025-01-08,2025-01-08,0.0
ORD-107403,2024-09-15,2024-09-15,0.0
ORD-107404,2024-11-06,,
ORD-107405,2025-02-11,2025-02-13,2.0
ORD-107406,2025-08-24,2025-08-24,0.0
ORD-107407,2025-11-01,2025-11-01,0.0
ORD-107408,2024-12-11,2024-12-11,0.0
ORD-107409,2025-03-10,2025-03-13,3.0
ORD-107410,2025-07-24,,
ORD-107411,2025-11-06,2025-11-06,0.0
ORD-107412,2024-04-06,2024-04-09,3.0
ORD-107413,2025-09-15,2025-09-15,0.0
ORD-107414,2025-02-15,2025-02-16,1.0
ORD-107415,2025-11-22,2025-11-25,3.0
ORD-107416,2025-06-29,2025-06-29,0.0
ORD-107417,2025-12-10,2025-12-12,2.0
ORD-107418,2025-09-02,2025-09-02,0.0
ORD-107419,2024-05-05,2024-05-05,0.0
ORD-107420,2024-11-18,,
ORD-107421,2025-04-12,2025-04-13,1.0
ORD-107422,2025-03-17,2025-03-18,1.0
ORD-107423,2024-12-15,2024-12-15,0.0
ORD-107424,2025-10-23,2025-10-23,0.0
ORD-107425,2025-10-27,2025-10-27,0.0
ORD-107426,2025-09-22,2025-09-23,1.0
ORD-107427,2025-11-15,2025-11-16,1.0
ORD-107428,2025-01-12,2025-01-14,2.0
ORD-107429,2025-06-28,2025-06-29,1.0
ORD-107430,2025-11-09,2025-11-09,0.0
ORD-107431,2025-08-13,2025-08-13,0.0
ORD-107432,2025-10-04,2025-10-04,0.0
ORD-107433,2025-01-18,2025-01-18,0.0
ORD-107434,2025-12-19,2025-12-19,0.0
ORD-107435,2025-08-31,2025-08-31,0.0
ORD-107436,2025-12-04,2025-12-06,2.0
ORD-107437,2025-04-21,2025-04-21,0.0
ORD-107438,2024-08-31,2024-08-31,0.0
ORD-107439,2025-10-25,2025-10-25,0.0
ORD-107440,2025-11-03,2025-11-03,0.0
ORD-107441,2024-10-24,2024-10-25,1.0
ORD-107442,2025-04-09,2025-04-09,0.0
ORD-107443,2025-02-01,2025-02-01,0.0
ORD-107444,2024-08-18,2024-08-19,1.0
ORD-107445,2025-04-13,2025-04-13,0.0
ORD-107446,2025-08-15,2025-08-15,0.0
ORD-107447,2024-10-16,2024-10-19,3.0
ORD-107448,2024-05-14,2024-05-14,0.0
ORD-107449,2024-11-28,2024-11-28,0.0
ORD-107450,2025-02-25,2025-02-25,0.0
ORD-107451,2024-11-11,2024-11-11,0.0
ORD-107452,2025-11-08,2025-11-10,2.0
ORD-107453,2024-12-05,2024-12-06,1.0
ORD-107454,2025-07-12,2025-07-12,0.0
ORD-107455,2025-11-04,2025-11-04,0.0
ORD-107456,2025-10-24,,
ORD-107457,2025-06-04,2025-06-04,0.0
ORD-107458,2024-09-02,2024-09-03,1.0
ORD-107459,2024-07-16,2024-07-17,1.0
ORD-107460,2024-12-21,2024-12-22,1.0
ORD-107461,2024-11-06,,
ORD-107462,2025-12-04,2025-12-06,2.0
ORD-107463,2024-11-25,2024-11-25,0.0
ORD-107464,2025-07-29,2025-07-29,0.0
ORD-107465,2025-05-31,2025-05-31,0.0
ORD-107466,2025-12-31,2025-12-31,0.0
ORD-107467,2025-04-08,2025-04-08,0.0
ORD-107468,2025-09-25,2025-09-28,3.0
ORD-107469,2025-10-13,2025-10-15,2.0
ORD-107470,2024-05-09,2024-05-09,0.0
ORD-107471,2025-06-10,2025-06-12,2.0
ORD-107472,2025-12-23,2025-12-24,1.0
ORD-107473,2025-10-08,,
ORD-107474,2025-09-20,2025-09-20,0.0
ORD-107475,2025-10-24,2025-10-25,1.0
ORD-107476,2025-10-27,2025-10-28,1.0
ORD-107477,2025-05-16,2025-05-18,2.0
ORD-107478,2025-02-20,,
ORD-107479,2024-10-19,2024-10-20,1.0
ORD-107480,2025-10-09,2025-10-11,2.0
ORD-107481,2025-11-19,2025-11-20,1.0
ORD-107482,2024-04-14,,
ORD-107483,2025-11-18,2025-11-18,0.0
ORD-107484,2024-09-07,2024-09-07,0.0
ORD-107485,2025-04-18,2025-04-18,0.0
ORD-107486,2025-04-30,2025-04-30,0.0
ORD-107487,2024-08-02,,
ORD-107488,2025-06-22,,
ORD-107489,2025-01-27,2025-01-28,1.0
ORD-107490,2025-04-03,2025-04-03,0.0
ORD-107491,2025-06-28,2025-06-29,1.0
ORD-107492,2025-09-25,2025-09-28,3.0
ORD-107493,2025-04-29,2025-04-30,1.0
ORD-107494,2024-06-19,2024-06-20,1.0
ORD-107495,2025-08-16,,
ORD-107496,2025-01-08,2025-01-08,0.0
ORD-107497,2024-07-14,2024-07-15,1.0
ORD-107498,2024-12-19,2024-12-22,3.0
ORD-107499,2024-11-05,2024-11-05,0.0
ORD-107500,2025-09-23,2025-09-23,0.0
ORD-107501,2024-10-03,2024-10-03,0.0
ORD-107502,2024-11-23,2024-11-23,0.0
ORD-107503,2025-09-06,2025-09-06,0.0
ORD-107504,2025-10-31,2025-10-31,0.0
ORD-107505,2025-11-22,2025-11-22,0.0
ORD-107506,2025-10-24,2025-10-24,0.0
ORD-107507,2025-06-07,2025-06-09,2.0
ORD-107508,2025-09-26,2025-09-26,0.0
ORD-107509,2025-07-11,2025-07-16,5.0
ORD-107510,2025-10-20,2025-10-20,0.0
ORD-107511,2024-10-23,2024-10-23,0.0
ORD-107512,2025-05-30,2025-05-30,0.0
ORD-107513,2025-12-08,2025-12-09,1.0
ORD-107514,2025-12-08,2025-12-08,0.0
ORD-107515,2025-10-30,2025-10-30,0.0
ORD-107516,2025-06-09,2025-06-09,0.0
ORD-107517,2025-09-28,2025-10-01,3.0
ORD-107518,2024-10-24,2024-10-26,2.0
ORD-107519,2025-04-05,2025-04-07,2.0
ORD-107520,2025-08-23,2025-08-23,0.0
ORD-107521,2025-08-16,2025-08-21,5.0
ORD-107522,2025-11-20,2025-11-22,2.0
ORD-107523,2024-11-18,2024-11-19,1.0
ORD-107524,2025-02-04,2025-02-04,0.0
ORD-107525,2025-11-08,2025-11-08,0.0
ORD-107526,2025-09-14,2025-09-14,0.0
ORD-107527,2025-12-02,2025-12-04,2.0
ORD-107528,2025-11-04,2025-11-06,2.0
ORD-107529,2024-12-09,2024-12-11,2.0
ORD-107530,2024-11-22,2024-11-22,0.0
ORD-107531,2025-09-15,,
ORD-107532,2025-11-08,2025-11-08,0.0
ORD-107533,2024-08-11,2024-08-12,1.0
ORD-107534,2025-11-04,2025-11-04,0.0
ORD-107535,2025-02-25,2025-02-25,0.0
ORD-107536,2025-01-28,2025-01-28,0.0
ORD-107537,2025-07-08,,
ORD-107538,2025-02-02,2025-02-05,3.0
ORD-107539,2025-09-21,2025-09-21,0.0
ORD-107540,2025-08-05,2025-08-05,0.0
ORD-107541,2025-08-27,2025-08-27,0.0
ORD-107542,2024-11-12,2024-11-13,1.0
ORD-107543,2024-06-09,2024-06-10,1.0
ORD-107544,2025-08-08,2025-08-08,0.0
ORD-107545,2025-07-18,2025-07-21,3.0
ORD-107546,2025-10-23,2025-10-23,0.0
ORD-107547,2025-08-23,2025-08-25,2.0
ORD-107548,2024-10-29,2024-10-29,0.0
ORD-107549,2025-03-05,,
ORD-107550,2025-06-23,2025-06-23,0.0
ORD-107551,2025-06-30,2025-07-01,1.0
ORD-107552,2024-11-15,2024-11-15,0.0
ORD-107553,2025-08-19,2025-08-19,0.0
ORD-107554,2025-06-20,2025-06-20,0.0
ORD-107555,2024-10-20,2024-10-20,0.0
ORD-107556,2025-10-30,2025-10-30,0.0
ORD-107557,2024-10-13,2024-10-15,2.0
ORD-107558,2025-08-26,2025-08-26,0.0
ORD-107559,2025-09-10,2025-09-11,1.0
ORD-107560,2025-11-17,2025-11-17,0.0
ORD-107561,2025-02-25,2025-02-25,0.0
ORD-107562,2025-08-28,2025-08-28,0.0
ORD-107563,2025-11-24,,
ORD-107564,2025-09-02,2025-09-03,1.0
ORD-107565,2025-10-22,2025-10-22,0.0
ORD-107566,2025-10-22,,
ORD-107567,2024-12-14,2024-12-14,0.0
ORD-107568,2025-09-26,2025-09-28,2.0
ORD-107569,2024-08-04,2024-08-05,1.0
ORD-107570,2025-02-06,2025-02-07,1.0
ORD-107571,2025-11-05,2025-11-05,0.0
ORD-107572,2025-11-08,2025-11-08,0.0
ORD-107573,2025-09-27,2025-09-27,0.0
ORD-107574,2024-04-01,2024-04-01,0.0
ORD-107575,2025-11-13,2025-11-13,0.0
ORD-107576,2025-04-14,2025-04-14,0.0
ORD-107577,2024-05-25,2024-05-27,2.0
ORD-107578,2025-01-26,2025-01-26,0.0
ORD-107579,2024-09-01,,
ORD-107580,2025-08-14,2025-08-15,1.0
ORD-107581,2025-12-22,2025-12-22,0.0
ORD-107582,2025-04-10,2025-04-12,2.0
ORD-107583,2024-12-19,2024-12-19,0.0
ORD-107584,2024-11-13,2024-11-13,0.0
ORD-107585,2024-11-12,2024-11-12,0.0
ORD-107586,2024-11-14,2024-11-14,0.0
ORD-107587,2025-11-07,2025-11-08,1.0
ORD-107588,2024-04-13,2024-04-13,0.0
ORD-107589,2025-11-16,2025-11-16,0.0
ORD-107590,2025-12-21,2025-12-21,0.0
ORD-107591,2025-06-26,2025-06-27,1.0
ORD-107592,2025-06-07,2025-06-07,0.0
ORD-107593,2025-03-02,2025-03-02,0.0
ORD-107594,2025-03-04,2025-03-07,3.0
ORD-107595,2025-08-15,2025-08-16,1.0
ORD-107596,2024-10-20,2024-10-21,1.0
ORD-107597,2025-02-06,2025-02-07,1.0
ORD-107598,2025-08-16,2025-08-16,0.0
ORD-107599,2025-02-12,2025-02-13,1.0
ORD-107600,2025-03-28,2025-03-28,0.0
ORD-107601,2025-08-24,2025-08-24,0.0
ORD-107602,2025-10-30,2025-10-30,0.0
ORD-107603,2024-10-05,2024-10-05,0.0
ORD-107604,2025-06-15,2025-06-15,0.0
ORD-107605,2025-11-03,,
ORD-107606,2025-06-25,2025-06-25,0.0
ORD-107607,2025-02-24,2025-02-24,0.0
ORD-107608,2024-11-23,2024-11-23,0.0
ORD-107609,2025-06-02,2025-06-02,0.0
ORD-107610,2025-09-15,2025-09-20,5.0
ORD-107611,2025-08-25,,
ORD-107612,2025-08-10,2025-08-12,2.0
ORD-107613,2024-12-15,2024-12-16,1.0
ORD-107614,2024-06-21,2024-06-26,5.0
ORD-107615,2025-12-14,2025-12-16,2.0
ORD-107616,2025-08-10,2025-08-11,1.0
ORD-107617,2024-09-24,2024-09-24,0.0
ORD-107618,2024-12-17,2024-12-17,0.0
ORD-107619,2025-07-14,2025-07-14,0.0
ORD-107620,2025-03-28,2025-03-28,0.0
ORD-107621,2025-11-29,2025-11-29,0.0
ORD-107622,2024-08-18,2024-08-21,3.0
ORD-107623,2024-12-06,2024-12-06,0.0
ORD-107624,2025-02-22,2025-02-22,0.0
ORD-107625,2025-12-25,2025-12-25,0.0
ORD-107626,2025-04-03,2025-04-03,0.0
ORD-107627,2025-03-28,,
ORD-107628,2025-07-21,2025-07-21,0.0
ORD-107629,2025-05-31,2025-05-31,0.0
ORD-107630,2025-08-03,,
ORD-107631,2024-10-12,2024-10-12,0.0
ORD-107632,2025-09-09,2025-09-10,1.0
ORD-107633,2025-09-29,,
ORD-107634,2025-08-30,2025-08-30,0.0
ORD-107635,2024-11-08,2024-11-08,0.0
ORD-107636,2025-10-24,2025-10-27,3.0
ORD-107637,2024-07-23,2024-07-23,0.0
ORD-107638,2025-10-07,2025-10-07,0.0
ORD-107639,2025-11-18,2025-11-18,0.0
ORD-107640,2025-08-08,2025-08-09,1.0
ORD-107641,2025-01-27,2025-01-27,0.0
ORD-107642,2025-06-02,2025-06-02,0.0
ORD-107643,2025-11-26,2025-11-26,0.0
ORD-107644,2024-12-19,2024-12-21,2.0
ORD-107645,2025-05-01,2025-05-01,0.0
ORD-107646,2025-09-28,2025-09-28,0.0
ORD-107647,2024-08-18,2024-08-19,1.0
ORD-107648,2025-11-28,2025-11-28,0.0
ORD-107649,2025-10-09,2025-10-10,1.0
ORD-107650,2025-10-21,2025-10-21,0.0
ORD-107651,2024-11-12,2024-11-12,0.0
ORD-107652,2025-12-01,2025-12-01,0.0
ORD-107653,2024-11-08,2024-11-08,0.0
ORD-107654,2025-12-10,2025-12-10,0.0
ORD-107655,2024-10-29,2024-10-29,0.0
ORD-107656,2025-03-04,2025-03-05,1.0
ORD-107657,2025-01-09,2025-01-11,2.0
ORD-107658,2025-09-17,2025-09-17,0.0
ORD-107659,2025-10-06,,
ORD-107660,2025-10-24,2025-10-25,1.0
ORD-107661,2025-02-10,2025-02-10,0.0
ORD-107662,2025-10-18,2025-10-19,1.0
ORD-107663,2025-06-29,2025-06-30,1.0
ORD-107664,2025-08-08,2025-08-08,0.0
ORD-107665,2025-08-10,2025-08-10,0.0
ORD-107666,2024-08-08,2024-08-09,1.0
ORD-107667,2025-03-03,,
ORD-107668,2025-10-29,2025-10-29,0.0
ORD-107669,2025-10-30,2025-10-30,0.0
ORD-107670,2024-11-04,,
ORD-107671,2025-06-05,2025-06-05,0.0
ORD-107672,2025-05-17,,
ORD-107673,2025-09-01,2025-09-03,2.0
ORD-107674,2024-09-16,2024-09-16,0.0
ORD-107675,2025-01-12,2025-01-13,1.0
ORD-107676,2025-08-29,2025-08-29,0.0
ORD-107677,2025-09-09,2025-09-09,0.0
ORD-107678,2025-05-26,2025-05-26,0.0
ORD-107679,2025-10-07,2025-10-09,2.0
ORD-107680,2025-08-18,2025-08-18,0.0
ORD-107681,2025-09-30,2025-10-01,1.0
ORD-107682,2025-01-16,2025-01-19,3.0
ORD-107683,2024-06-29,2024-06-29,0.0
ORD-107684,2024-12-12,2024-12-12,0.0
ORD-107685,2025-12-03,2025-12-03,0.0
ORD-107686,2025-03-20,2025-03-22,2.0
ORD-107687,2024-11-10,2024-11-10,0.0
ORD-107688,2025-08-19,2025-08-20,1.0
ORD-107689,2024-12-16,2024-12-16,0.0
ORD-107690,2025-08-18,2025-08-20,2.0
ORD-107691,2024-08-28,,
ORD-107692,2024-08-20,2024-08-20,0.0
ORD-107693,2025-03-08,2025-03-10,2.0
ORD-107694,2025-03-30,2025-03-30,0.0
ORD-107695,2025-05-02,2025-05-02,0.0
ORD-107696,2025-11-07,,
ORD-107697,2024-11-06,2024-11-06,0.0
ORD-107698,2025-11-20,2025-11-21,1.0
ORD-107699,2025-11-16,2025-11-16,0.0
ORD-107700,2025-08-11,,
ORD-107701,2025-04-03,2025-04-03,0.0
ORD-107702,2025-12-25,2025-12-25,0.0
ORD-107703,2024-04-19,2024-04-19,0.0
ORD-107704,2025-02-02,,
ORD-107705,2025-07-10,2025-07-11,1.0
ORD-107706,2025-11-06,2025-11-06,0.0
ORD-107707,2025-04-21,2025-04-21,0.0
ORD-107708,2025-06-08,,
ORD-107709,2024-06-02,2024-06-02,0.0
ORD-107710,2025-11-02,2025-11-02,0.0
ORD-107711,2024-08-15,2024-08-15,0.0
ORD-107712,2025-01-25,2025-01-27,2.0
ORD-107713,2025-11-17,2025-11-20,3.0
ORD-107714,2024-11-02,2024-11-02,0.0
ORD-107715,2025-11-01,2025-11-01,0.0
ORD-107716,2025-09-11,2025-09-11,0.0
ORD-107717,2025-02-10,2025-02-10,0.0
ORD-107718,2025-03-18,2025-03-18,0.0
ORD-107719,2025-01-20,2025-01-20,0.0
ORD-107720,2025-09-12,2025-09-12,0.0
ORD-107721,2024-12-23,,
ORD-107722,2025-12-17,2025-12-17,0.0
ORD-107723,2025-11-02,2025-11-02,0.0
ORD-107724,2024-11-18,2024-11-18,0.0
ORD-107725,2025-09-07,2025-09-07,0.0
ORD-107726,2025-10-22,2025-10-22,0.0
ORD-107727,2024-11-20,2024-11-22,2.0
ORD-107728,2025-03-16,2025-03-16,0.0
ORD-107729,2025-08-08,,
ORD-107730,2025-06-27,2025-06-27,0.0
ORD-107731,2024-11-21,2024-11-21,0.0
ORD-107732,2024-12-14,2024-12-14,0.0
ORD-107733,2025-08-15,2025-08-16,1.0
ORD-107734,2024-11-25,2024-11-25,0.0
ORD-107735,2024-12-21,,
ORD-107736,2025-03-10,,
ORD-107737,2024-11-15,2024-11-15,0.0
ORD-107738,2025-01-02,2025-01-02,0.0
ORD-107739,2025-06-07,2025-06-07,0.0
ORD-107740,2025-02-02,2025-02-03,1.0
ORD-107741,2025-12-15,2025-12-16,1.0
ORD-107742,2025-06-13,2025-06-14,1.0
ORD-107743,2025-10-20,,
ORD-107744,2025-10-12,2025-10-12,0.0
ORD-107745,2024-08-13,2024-08-15,2.0
ORD-107746,2025-01-24,,
ORD-107747,2025-11-13,2025-11-14,1.0
ORD-107748,2024-07-31,2024-07-31,0.0
ORD-107749,2025-08-15,2025-08-15,0.0
ORD-107750,2024-10-30,2024-10-30,0.0
ORD-107751,2025-03-05,,
ORD-107752,2024-03-10,2024-03-10,0.0
ORD-107753,2025-11-26,2025-11-27,1.0
ORD-107754,2025-07-08,2025-07-09,1.0
ORD-107755,2025-08-07,2025-08-08,1.0
ORD-107756,2025-11-06,2025-11-06,0.0
ORD-107757,2025-02-06,,
ORD-107758,2025-11-23,2025-11-23,0.0
ORD-107759,2025-11-11,2025-11-11,0.0
ORD-107760,2025-09-09,2025-09-09,0.0
ORD-107761,2025-10-16,2025-10-16,0.0
ORD-107762,2025-02-08,2025-02-08,0.0
ORD-107763,2025-04-16,2025-04-18,2.0
ORD-107764,2024-12-17,,
ORD-107765,2025-08-23,2025-08-23,0.0
ORD-107766,2025-10-06,2025-10-07,1.0
ORD-107767,2025-10-08,2025-10-08,0.0
ORD-107768,2025-03-12,2025-03-14,2.0
ORD-107769,2024-03-18,2024-03-19,1.0
ORD-107770,2025-09-29,2025-09-29,0.0
ORD-107771,2025-05-01,2025-05-01,0.0
ORD-107772,2025-01-28,2025-01-29,1.0
ORD-107773,2025-10-29,2025-10-31,2.0
ORD-107774,2025-06-29,2025-06-29,0.0
ORD-107775,2024-08-21,2024-08-21,0.0
ORD-107776,2025-11-14,2025-11-16,2.0
ORD-107777,2024-04-20,2024-04-20,0.0
ORD-107778,2025-10-30,2025-10-31,1.0
ORD-107779,2025-08-16,2025-08-16,0.0
ORD-107780,2025-11-10,,
ORD-107781,2025-10-22,2025-10-22,0.0
ORD-107782,2025-10-16,2025-10-17,1.0
ORD-107783,2025-03-26,2025-03-26,0.0
ORD-107784,2025-10-22,2025-10-23,1.0
ORD-107785,2025-02-25,2025-02-26,1.0
ORD-107786,2024-10-26,2024-10-26,0.0
ORD-107787,2024-08-08,2024-08-08,0.0
ORD-107788,2024-08-16,2024-08-17,1.0
ORD-107789,2025-05-03,2025-05-03,0.0
ORD-107790,2025-07-20,2025-07-20,0.0
ORD-107791,2025-11-30,2025-11-30,0.0
ORD-107792,2024-05-23,2024-05-23,0.0
ORD-107793,2024-05-04,2024-05-04,0.0
ORD-107794,2024-05-26,2024-05-26,0.0
ORD-107795,2025-05-24,2025-05-24,0.0
ORD-107796,2025-08-26,2025-08-26,0.0
ORD-107797,2025-04-08,2025-04-10,2.0
ORD-107798,2025-05-22,2025-05-22,0.0
ORD-107799,2025-10-31,2025-10-31,0.0
ORD-107800,2025-10-03,2025-10-04,1.0
ORD-107801,2025-06-25,2025-06-28,3.0
ORD-107802,2025-03-27,2025-03-27,0.0
ORD-107803,2025-02-19,2025-02-20,1.0
ORD-107804,2025-03-19,2025-03-20,1.0
ORD-107805,2025-02-28,,
ORD-107806,2025-05-15,2025-05-16,1.0
ORD-107807,2025-10-25,,
ORD-107808,2025-01-21,2025-01-21,0.0
ORD-107809,2025-07-14,2025-07-14,0.0
ORD-107810,2025-01-29,2025-01-29,0.0
ORD-107811,2025-11-04,2025-11-04,0.0
ORD-107812,2025-08-05,2025-08-05,0.0
ORD-107813,2025-07-02,2025-07-02,0.0
ORD-107814,2024-08-20,2024-08-22,2.0
ORD-107815,2024-11-02,2024-11-02,0.0
ORD-107816,2025-06-11,2025-06-13,2.0
ORD-107817,2025-02-15,2025-02-16,1.0
ORD-107818,2025-06-08,2025-06-08,0.0
ORD-107819,2025-11-30,2025-11-30,0.0
ORD-107820,2025-12-06,2025-12-06,0.0
ORD-107821,2025-11-12,2025-11-15,3.0
ORD-107822,2024-12-29,2024-12-29,0.0
ORD-107823,2024-10-20,2024-10-20,0.0
ORD-107824,2025-09-12,2025-09-13,1.0
ORD-107825,2025-11-15,2025-11-15,0.0
ORD-107826,2025-08-05,2025-08-06,1.0
ORD-107827,2025-12-29,2025-12-29,0.0
ORD-107828,2025-01-28,2025-01-28,0.0
ORD-107829,2025-08-27,,
ORD-107830,2025-04-27,2025-04-27,0.0
ORD-107831,2024-04-23,2024-04-23,0.0
ORD-107832,2025-12-18,2025-12-18,0.0
ORD-107833,2025-11-23,2025-11-23,0.0
ORD-107834,2024-05-02,2024-05-02,0.0
ORD-107835,2025-08-15,2025-08-16,1.0
ORD-107836,2024-11-20,,
ORD-107837,2025-03-18,2025-03-18,0.0
ORD-107838,2025-06-06,2025-06-06,0.0
ORD-107839,2025-09-25,2025-09-25,0.0
ORD-107840,2025-11-01,2025-11-02,1.0
ORD-107841,2024-10-02,2024-10-02,0.0
ORD-107842,2025-07-17,2025-07-20,3.0
ORD-107843,2024-09-19,,
ORD-107844,2025-10-16,2025-10-16,0.0
ORD-107845,2025-11-02,2025-11-03,1.0
ORD-107846,2025-08-10,2025-08-13,3.0
ORD-107847,2024-08-31,2024-08-31,0.0
ORD-107848,2024-07-16,2024-07-19,3.0
ORD-107849,2024-11-11,2024-11-11,0.0
ORD-107850,2024-08-21,2024-08-21,0.0
ORD-107851,2025-01-26,2025-01-27,1.0
ORD-107852,2024-11-06,2024-11-06,0.0
ORD-107853,2025-07-03,2025-07-04,1.0
ORD-107854,2025-10-22,2025-10-25,3.0
ORD-107855,2025-10-26,2025-10-28,2.0
ORD-107856,2025-10-01,2025-10-03,2.0
ORD-107857,2025-01-12,2025-01-12,0.0
ORD-107858,2025-01-05,2025-01-05,0.0
ORD-107859,2025-03-30,2025-03-31,1.0
ORD-107860,2025-05-24,,
ORD-107861,2025-09-23,2025-09-23,0.0
ORD-107862,2025-03-07,2025-03-07,0.0
ORD-107863,2025-08-25,2025-08-25,0.0
ORD-107864,2025-07-10,,
ORD-107865,2024-04-05,2024-04-05,0.0
ORD-107866,2024-08-12,2024-08-12,0.0
ORD-107867,2024-10-01,2024-10-01,0.0
ORD-107868,2025-01-27,2025-01-27,0.0
ORD-107869,2025-12-12,2025-12-12,0.0
ORD-107870,2025-10-26,2025-10-27,1.0
ORD-107871,2024-10-28,,
ORD-107872,2025-05-07,2025-05-07,0.0
ORD-107873,2024-11-14,2024-11-14,0.0
ORD-107874,2025-12-11,2025-12-11,0.0
ORD-107875,2025-01-20,2025-01-20,0.0
ORD-107876,2025-11-27,2025-11-29,2.0
ORD-107877,2025-10-30,2025-10-31,1.0
ORD-107878,2025-11-01,,
ORD-107879,2025-10-17,2025-10-19,2.0
ORD-107880,2025-11-03,2025-11-03,0.0
ORD-107881,2025-11-03,2025-11-03,0.0
ORD-107882,2025-08-04,2025-08-04,0.0
ORD-107883,2025-08-29,2025-08-30,1.0
ORD-107884,2025-06-09,2025-06-09,0.0
ORD-107885,2025-10-30,2025-10-30,0.0
ORD-107886,2025-02-27,2025-02-27,0.0
ORD-107887,2025-02-15,2025-02-15,0.0
ORD-107888,2025-07-20,2025-07-21,1.0
ORD-107889,2024-08-21,2024-08-21,0.0
ORD-107890,2025-10-10,2025-10-12,2.0
ORD-107891,2025-03-02,2025-03-05,3.0
ORD-107892,2024-05-26,2024-05-26,0.0
ORD-107893,2025-05-02,2025-05-02,0.0
ORD-107894,2025-10-22,2025-10-24,2.0
ORD-107895,2025-09-29,2025-09-29,0.0
ORD-107896,2025-12-24,2025-12-25,1.0
ORD-107897,2025-01-06,2025-01-06,0.0
ORD-107898,2024-10-24,2024-10-27,3.0
ORD-107899,2025-11-11,2025-11-12,1.0
ORD-107900,2025-10-20,2025-10-20,0.0
ORD-107901,2024-01-31,2024-02-01,1.0
ORD-107902,2024-02-23,,
ORD-107903,2024-11-10,2024-11-10,0.0
ORD-107904,2025-10-21,2025-10-23,2.0
ORD-107905,2025-07-05,2025-07-05,0.0
ORD-107906,2024-11-17,,
ORD-107907,2024-08-18,2024-08-18,0.0
ORD-107908,2024-01-18,,
ORD-107909,2025-11-28,2025-11-28,0.0
ORD-107910,2025-12-21,2025-12-22,1.0
ORD-107911,2025-05-17,2025-05-17,0.0
ORD-107912,2025-10-28,,
ORD-107913,2026-01-01,2026-01-01,0.0
ORD-107914,2024-12-30,2024-12-30,0.0
ORD-107915,2025-04-02,2025-04-02,0.0
ORD-107916,2025-05-07,,
ORD-107917,2025-09-15,2025-09-15,0.0
ORD-107918,2025-06-23,2025-06-23,0.0
ORD-107919,2025-06-25,2025-06-28,3.0
ORD-107920,2025-01-23,2025-01-23,0.0
ORD-107921,2025-06-26,,
ORD-107922,2024-12-24,2024-12-24,0.0
ORD-107923,2025-12-21,2025-12-23,2.0
ORD-107924,2025-10-18,2025-10-18,0.0
ORD-107925,2025-06-17,2025-06-17,0.0
ORD-107926,2025-11-14,2025-11-15,1.0
ORD-107927,2024-06-16,2024-06-16,0.0
ORD-107928,2025-07-29,2025-07-30,1.0
ORD-107929,2024-12-29,2024-12-30,1.0
ORD-107930,2025-11-24,2025-11-24,0.0
ORD-107931,2025-11-20,2025-11-20,0.0
ORD-107932,2025-05-06,2025-05-07,1.0
ORD-107933,2024-12-20,2024-12-20,0.0
ORD-107934,2025-07-29,2025-07-29,0.0
ORD-107935,2025-02-06,2025-02-07,1.0
ORD-107936,2025-05-17,2025-05-19,2.0
ORD-107937,2025-08-17,2025-08-17,0.0
ORD-107938,2024-09-03,2024-09-03,0.0
ORD-107939,2025-10-29,2025-10-29,0.0
ORD-107940,2025-12-30,2025-12-30,0.0
ORD-107941,2025-04-19,2025-04-21,2.0
ORD-107942,2025-12-27,2025-12-27,0.0
ORD-107943,2025-10-31,2025-10-31,0.0
ORD-107944,2025-09-11,2025-09-11,0.0
ORD-107945,2025-05-30,,
ORD-107946,2024-05-27,2024-05-27,0.0
ORD-107947,2025-10-23,2025-10-25,2.0
ORD-107948,2025-01-11,2025-01-11,0.0
ORD-107949,2025-11-02,,
ORD-107950,2025-08-20,2025-08-21,1.0
ORD-107951,2025-09-25,2025-09-25,0.0
ORD-107952,2025-07-12,2025-07-12,0.0
ORD-107953,2024-03-28,2024-03-29,1.0
ORD-107954,2025-07-21,2025-07-21,0.0
ORD-107955,2025-12-17,2025-12-20,3.0
ORD-107956,2025-10-25,2025-10-25,0.0
ORD-107957,2025-10-23,2025-10-25,2.0
ORD-107958,2025-04-26,2025-04-28,2.0
ORD-107959,2025-07-16,,
ORD-107960,2025-10-26,2025-10-26,0.0
ORD-107961,2024-08-29,2024-08-29,0.0
ORD-107962,2025-07-29,2025-07-30,1.0
ORD-107963,2025-08-15,2025-08-15,0.0
ORD-107964,2025-07-12,2025-07-12,0.0
ORD-107965,2025-08-24,2025-08-24,0.0
ORD-107966,2024-08-16,2024-08-17,1.0
ORD-107967,2025-10-05,2025-10-05,0.0
ORD-107968,2025-11-18,2025-11-18,0.0
ORD-107969,2024-08-22,2024-08-22,0.0
ORD-107970,2025-08-20,2025-08-20,0.0
ORD-107971,2025-04-01,2025-04-01,0.0
ORD-107972,2024-11-02,2024-11-04,2.0
ORD-107973,2025-11-07,2025-11-07,0.0
ORD-107974,2025-02-04,2025-02-04,0.0
ORD-107975,2025-06-18,2025-06-18,0.0
ORD-107976,2025-03-17,2025-03-18,1.0
ORD-107977,2025-05-04,2025-05-04,0.0
ORD-107978,2025-08-07,2025-08-08,1.0
ORD-107979,2025-09-30,2025-09-30,0.0
ORD-107980,2025-10-23,2025-10-23,0.0
ORD-107981,2025-09-07,2025-09-07,0.0
ORD-107982,2025-07-30,2025-07-30,0.0
ORD-107983,2024-11-24,2024-11-27,3.0
ORD-107984,2025-10-23,2025-10-23,0.0
ORD-107985,2025-11-06,2025-11-06,0.0
ORD-107986,2024-11-08,2024-11-08,0.0
ORD-107987,2025-06-10,2025-06-11,1.0
ORD-107988,2025-08-16,2025-08-16,0.0
ORD-107989,2025-09-19,2025-09-20,1.0
ORD-107990,2025-09-18,,
ORD-107991,2025-05-18,2025-05-18,0.0
ORD-107992,2025-08-17,2025-08-17,0.0
ORD-107993,2024-12-11,2024-12-11,0.0
ORD-107994,2025-10-08,2025-10-08,0.0
ORD-107995,2025-08-31,2025-08-31,0.0
ORD-107996,2024-11-29,2024-11-29,0.0
ORD-107997,2025-09-16,2025-09-16,0.0
ORD-107998,2025-05-03,2025-05-03,0.0
ORD-107999,2025-03-20,2025-03-21,1.0
ORD-108000,2025-11-25,2025-11-25,0.0
ORD-108001,2024-06-10,2024-06-10,0.0
ORD-108002,2025-04-09,2025-04-10,1.0
ORD-108003,2025-11-03,2025-11-06,3.0
ORD-108004,2025-08-29,2025-08-30,1.0
ORD-108005,2025-11-03,2025-11-03,0.0
ORD-108006,2025-02-19,2025-02-19,0.0
ORD-108007,2025-03-04,,
ORD-108008,2024-04-11,,
ORD-108009,2025-11-16,2025-11-16,0.0
ORD-108010,2024-12-14,2024-12-14,0.0
ORD-108011,2025-10-25,2025-10-25,0.0
ORD-108012,2025-10-14,,
ORD-108013,2025-10-21,2025-10-23,2.0
ORD-108014,2025-07-10,2025-07-11,1.0
ORD-108015,2025-06-06,,
ORD-108016,2025-07-17,2025-07-18,1.0
ORD-108017,2025-02-08,2025-02-11,3.0
ORD-108018,2025-10-19,2025-10-21,2.0
ORD-108019,2025-12-23,2025-12-23,0.0
ORD-108020,2025-11-14,2025-11-14,0.0
ORD-108021,2025-04-12,,
ORD-108022,2025-08-14,2025-08-14,0.0
ORD-108023,2025-11-10,2025-11-10,0.0
ORD-108024,2025-01-14,2025-01-15,1.0
ORD-108025,2025-10-23,2025-10-24,1.0
ORD-108026,2025-06-02,2025-06-02,0.0
ORD-108027,2025-03-30,2025-03-30,0.0
ORD-108028,2025-07-28,2025-07-28,0.0
ORD-108029,2025-10-12,2025-10-12,0.0
ORD-108030,2025-12-24,2025-12-24,0.0
ORD-108031,2025-11-07,2025-11-09,2.0
ORD-108032,2025-06-25,2025-06-25,0.0
ORD-108033,2025-12-04,2025-12-05,1.0
ORD-108034,2025-06-29,2025-06-29,0.0
ORD-108035,2025-12-28,2025-12-28,0.0
ORD-108036,2025-11-01,2025-11-02,1.0
ORD-108037,2025-08-16,2025-08-16,0.0
ORD-108038,2025-05-16,2025-05-18,2.0
ORD-108039,2025-11-01,2025-11-01,0.0
ORD-108040,2024-11-06,2024-11-07,1.0
ORD-108041,2025-10-30,,
ORD-108042,2025-09-27,2025-09-30,3.0
ORD-108043,2025-12-29,2025-12-29,0.0
ORD-108044,2025-12-13,2025-12-16,3.0
ORD-108045,2025-06-19,,
ORD-108046,2025-10-23,2025-10-23,0.0
ORD-108047,2025-07-30,2025-07-30,0.0
ORD-108048,2025-02-25,2025-02-25,0.0
ORD-108049,2024-12-13,2024-12-13,0.0
ORD-108050,2024-12-15,2024-12-15,0.0
ORD-108051,2025-09-25,,
ORD-108052,2025-04-22,2025-04-27,5.0
ORD-108053,2025-06-29,2025-06-30,1.0
ORD-108054,2026-01-03,2026-01-04,1.0
ORD-108055,2025-08-23,,
ORD-108056,2025-10-02,2025-10-02,0.0
ORD-108057,2025-03-09,2025-03-12,3.0
ORD-108058,2025-07-18,2025-07-18,0.0
ORD-108059,2025-10-30,2025-10-30,0.0
ORD-108060,2024-11-05,2024-11-06,1.0
ORD-108061,2025-11-12,2025-11-13,1.0
ORD-108062,2025-11-18,2025-11-19,1.0
ORD-108063,2025-10-10,2025-10-12,2.0
ORD-108064,2025-01-27,2025-01-28,1.0
ORD-108065,2025-12-06,,
ORD-108066,2025-08-02,2025-08-02,0.0
ORD-108067,2025-11-16,2025-11-18,2.0
ORD-108068,2025-03-30,2025-03-31,1.0
ORD-108069,2024-12-24,2024-12-24,0.0
ORD-108070,2025-07-16,2025-07-16,0.0
ORD-108071,2025-01-12,2025-01-12,0.0
ORD-108072,2025-09-13,2025-09-13,0.0
ORD-108073,2025-05-31,,
ORD-108074,2024-10-27,2024-10-27,0.0
ORD-108075,2025-08-28,2025-08-28,0.0
ORD-108076,2025-01-29,2025-01-29,0.0
ORD-108077,2024-12-09,2024-12-09,0.0
ORD-108078,2024-04-02,2024-04-02,0.0
ORD-108079,2025-10-10,2025-10-10,0.0
ORD-108080,2025-07-12,2025-07-12,0.0
ORD-108081,2025-02-19,2025-02-19,0.0
ORD-108082,2025-01-25,2025-01-25,0.0
ORD-108083,2025-10-24,2025-10-25,1.0
ORD-108084,2025-11-28,,
ORD-108085,2025-12-27,2025-12-28,1.0
ORD-108086,2025-08-12,2025-08-13,1.0
ORD-108087,2025-06-02,2025-06-02,0.0
ORD-108088,2025-05-26,2025-05-28,2.0
ORD-108089,2025-11-04,2025-11-05,1.0
ORD-108090,2025-05-15,2025-05-16,1.0
ORD-108091,2025-09-14,2025-09-14,0.0
ORD-108092,2025-08-26,2025-08-27,1.0
ORD-108093,2025-07-07,2025-07-07,0.0
ORD-108094,2025-07-11,2025-07-11,0.0
ORD-108095,2025-01-17,2025-01-17,0.0
ORD-108096,2025-01-26,2025-01-27,1.0
ORD-108097,2025-05-05,2025-05-05,0.0
ORD-108098,2025-02-11,2025-02-13,2.0
ORD-108099,2024-07-04,2024-07-04,0.0
ORD-108100,2024-08-07,2024-08-07,0.0
ORD-108101,2024-10-29,2024-10-29,0.0
ORD-108102,2025-10-24,2025-10-24,0.0
ORD-108103,2024-12-02,2024-12-02,0.0
ORD-108104,2025-11-15,2025-11-15,0.0
ORD-108105,2025-09-12,2025-09-12,0.0
ORD-108106,2025-10-26,2025-10-26,0.0
ORD-108107,2024-09-09,2024-09-10,1.0
ORD-108108,2025-02-27,2025-02-27,0.0
ORD-108109,2024-08-01,2024-08-04,3.0
ORD-108110,2025-05-22,2025-05-22,0.0
ORD-108111,2025-02-25,,
ORD-108112,2024-06-20,2024-06-23,3.0
ORD-108113,2025-08-08,2025-08-08,0.0
ORD-108114,2025-06-16,2025-06-16,0.0
ORD-108115,2025-07-25,2025-07-25,0.0
ORD-108116,2025-11-07,2025-11-07,0.0
ORD-108117,2025-11-09,2025-11-09,0.0
ORD-108118,2025-01-21,2025-01-24,3.0
ORD-108119,2025-01-31,2025-02-02,2.0
ORD-108120,2025-08-14,2025-08-14,0.0
ORD-108121,2025-03-31,2025-04-03,3.0
ORD-108122,2025-08-04,2025-08-05,1.0
ORD-108123,2025-12-17,2025-12-17,0.0
ORD-108124,2025-12-08,2025-12-11,3.0
ORD-108125,2024-11-17,2024-11-18,1.0
ORD-108126,2025-10-08,2025-10-09,1.0
ORD-108127,2024-11-22,2024-11-22,0.0
ORD-108128,2024-11-09,2024-11-09,0.0
ORD-108129,2025-11-26,2025-11-26,0.0
ORD-108130,2025-02-06,2025-02-07,1.0
ORD-108131,2025-10-08,2025-10-08,0.0
ORD-108132,2025-12-19,2025-12-19,0.0
ORD-108133,2025-05-26,2025-05-26,0.0
ORD-108134,2025-11-11,2025-11-11,0.0
ORD-108135,2024-11-28,2024-11-28,0.0
ORD-108136,2025-01-15,2025-01-15,0.0
ORD-108137,2024-09-21,2024-09-22,1.0
ORD-108138,2025-10-18,2025-10-18,0.0
ORD-108139,2025-08-16,2025-08-16,0.0
ORD-108140,2025-11-03,2025-11-04,1.0
ORD-108141,2025-10-30,2025-10-30,0.0
ORD-108142,2024-07-09,2024-07-09,0.0
ORD-108143,2025-03-12,2025-03-13,1.0
ORD-108144,2025-01-26,2025-01-26,0.0
ORD-108145,2024-10-24,2024-10-24,0.0
ORD-108146,2025-06-01,2025-06-01,0.0
ORD-108147,2025-11-17,2025-11-17,0.0
ORD-108148,2025-11-01,,
ORD-108149,2025-08-27,2025-08-27,0.0
ORD-108150,2025-03-10,2025-03-11,1.0
ORD-108151,2025-09-04,2025-09-04,0.0
ORD-108152,2025-10-11,2025-10-11,0.0
ORD-108153,2025-06-29,2025-06-30,1.0
ORD-108154,2025-10-18,2025-10-18,0.0
ORD-108155,2025-07-13,2025-07-13,0.0
ORD-108156,2024-11-24,2024-11-25,1.0
ORD-108157,2024-09-08,2024-09-08,0.0
ORD-108158,2024-08-13,2024-08-14,1.0
ORD-108159,2025-07-08,2025-07-09,1.0
ORD-108160,2025-11-07,2025-11-09,2.0
ORD-108161,2025-12-20,2025-12-22,2.0
ORD-108162,2025-09-20,2025-09-20,0.0
ORD-108163,2025-05-03,2025-05-03,0.0
ORD-108164,2025-10-14,2025-10-15,1.0
ORD-108165,2025-09-27,2025-09-27,0.0
ORD-108166,2025-10-15,2025-10-16,1.0
ORD-108167,2025-09-13,2025-09-14,1.0
ORD-108168,2025-11-07,2025-11-07,0.0
ORD-108169,2025-08-16,2025-08-16,0.0
ORD-108170,2025-08-13,2025-08-13,0.0
ORD-108171,2025-08-24,2025-08-25,1.0
ORD-108172,2025-11-28,2025-11-29,1.0
ORD-108173,2025-11-28,2025-11-28,0.0
ORD-108174,2024-06-10,2024-06-11,1.0
ORD-108175,2025-04-23,2025-04-23,0.0
ORD-108176,2025-06-24,2025-06-24,0.0
ORD-108177,2025-06-26,2025-06-26,0.0
ORD-108178,2025-08-23,2025-08-23,0.0
ORD-108179,2025-10-25,2025-10-25,0.0
ORD-108180,2025-01-26,,
ORD-108181,2025-10-23,,
ORD-108182,2025-11-11,2025-11-11,0.0
ORD-108183,2025-08-01,2025-08-02,1.0
ORD-108184,2025-07-12,2025-07-12,0.0
ORD-108185,2025-06-09,2025-06-10,1.0
ORD-108186,2025-11-08,,
ORD-108187,2025-08-25,,
ORD-108188,2024-10-01,2024-10-01,0.0
ORD-108189,2025-04-11,2025-04-13,2.0
ORD-108190,2025-02-04,2025-02-04,0.0
ORD-108191,2024-08-28,2024-08-28,0.0
ORD-108192,2025-01-30,2025-01-31,1.0
ORD-108193,2024-11-22,2024-11-22,0.0
ORD-108194,2025-07-31,,
ORD-108195,2024-10-23,2024-10-23,0.0
ORD-108196,2025-11-18,2025-11-18,0.0
ORD-108197,2025-05-01,2025-05-02,1.0
ORD-108198,2025-05-27,2025-05-27,0.0
ORD-108199,2024-07-15,2024-07-15,0.0
ORD-108200,2025-06-15,2025-06-16,1.0
ORD-108201,2025-01-16,2025-01-17,1.0
ORD-108202,2025-03-01,2025-03-01,0.0
ORD-108203,2025-10-06,2025-10-06,0.0
ORD-108204,2024-10-29,2024-10-29,0.0
ORD-108205,2025-01-24,2025-01-25,1.0
ORD-108206,2024-12-24,2024-12-25,1.0
ORD-108207,2024-08-28,,
ORD-108208,2025-11-29,2025-11-29,0.0
ORD-108209,2024-11-22,2024-11-22,0.0
ORD-108210,2025-04-18,2025-04-18,0.0
ORD-108211,2025-09-16,2025-09-16,0.0
ORD-108212,2025-09-28,,
ORD-108213,2025-06-25,,
ORD-108214,2024-10-17,2024-10-17,0.0
ORD-108215,2025-07-11,2025-07-11,0.0
ORD-108216,2025-11-22,2025-11-23,1.0
ORD-108217,2024-04-28,2024-04-28,0.0
ORD-108218,2025-03-04,2025-03-04,0.0
ORD-108219,2025-09-29,2025-10-02,3.0
ORD-108220,2025-10-07,2025-10-07,0.0
ORD-108221,2025-09-21,2025-09-22,1.0
ORD-108222,2025-10-20,2025-10-20,0.0
ORD-108223,2025-11-20,2025-11-20,0.0
ORD-108224,2025-05-16,2025-05-16,0.0
ORD-108225,2024-10-14,2024-10-14,0.0
ORD-108226,2025-03-29,,
ORD-108227,2024-08-17,2024-08-17,0.0
ORD-108228,2025-07-29,2025-07-30,1.0
ORD-108229,2025-10-07,2025-10-07,0.0
ORD-108230,2024-12-15,2024-12-15,0.0
ORD-108231,2025-03-30,,
ORD-108232,2025-05-02,2025-05-02,0.0
ORD-108233,2024-10-25,2024-10-25,0.0
ORD-108234,2025-02-23,2025-02-23,0.0
ORD-108235,2025-02-12,2025-02-12,0.0
ORD-108236,2024-12-17,2024-12-17,0.0
ORD-108237,2024-10-12,2024-10-12,0.0
ORD-108238,2025-10-01,2025-10-01,0.0
ORD-108239,2025-04-29,2025-04-30,1.0
ORD-108240,2025-09-10,2025-09-10,0.0
ORD-108241,2025-01-08,,
ORD-108242,2024-08-29,2024-08-29,0.0
ORD-108243,2025-05-14,2025-05-14,0.0
ORD-108244,2024-11-06,2024-11-06,0.0
ORD-108245,2024-11-16,2024-11-16,0.0
ORD-108246,2025-05-12,2025-05-13,1.0
ORD-108247,2025-02-28,,
ORD-108248,2025-01-23,2025-01-26,3.0
ORD-108249,2025-10-19,2025-10-22,3.0
ORD-108250,2024-11-07,2024-11-07,0.0
ORD-108251,2025-10-25,2025-10-27,2.0
ORD-108252,2025-09-29,2025-09-29,0.0
ORD-108253,2025-02-15,2025-02-15,0.0
ORD-108254,2025-04-16,2025-04-16,0.0
ORD-108255,2024-08-31,2024-08-31,0.0
ORD-108256,2025-11-16,2025-11-16,0.0
ORD-108257,2024-12-27,2024-12-28,1.0
ORD-108258,2024-06-29,2024-06-29,0.0
ORD-108259,2025-04-30,2025-04-30,0.0
ORD-108260,2025-07-02,2025-07-02,0.0
ORD-108261,2025-03-29,2025-03-31,2.0
ORD-108262,2024-08-06,2024-08-09,3.0
ORD-108263,2025-08-01,2025-08-02,1.0
ORD-108264,2025-11-13,2025-11-16,3.0
ORD-108265,2025-11-23,2025-11-23,0.0
ORD-108266,2025-10-24,2025-10-24,0.0
ORD-108267,2025-10-20,2025-10-20,0.0
ORD-108268,2025-12-14,2025-12-14,0.0
ORD-108269,2024-09-10,2024-09-10,0.0
ORD-108270,2024-12-12,2024-12-13,1.0
ORD-108271,2024-09-26,,
ORD-108272,2024-12-13,2024-12-13,0.0
ORD-108273,2025-11-12,2025-11-14,2.0
ORD-108274,2025-12-19,2025-12-19,0.0
ORD-108275,2025-11-06,2025-11-07,1.0
ORD-108276,2024-06-23,2024-06-23,0.0
ORD-108277,2025-09-24,2025-09-26,2.0
ORD-108278,2025-10-05,2025-10-05,0.0
ORD-108279,2025-03-08,2025-03-09,1.0
ORD-108280,2025-07-13,2025-07-13,0.0
ORD-108281,2025-11-09,2025-11-09,0.0
ORD-108282,2025-12-29,2025-12-29,0.0
ORD-108283,2024-03-09,2024-03-09,0.0
ORD-108284,2025-05-21,2025-05-23,2.0
ORD-108285,2025-11-14,2025-11-14,0.0
ORD-108286,2024-10-15,,
ORD-108287,2025-05-21,2025-05-22,1.0
ORD-108288,2024-09-30,2024-09-30,0.0
ORD-108289,2025-01-20,2025-01-20,0.0
ORD-108290,2025-03-03,2025-03-03,0.0
ORD-108291,2025-09-10,2025-09-10,0.0
ORD-108292,2025-08-12,2025-08-13,1.0
ORD-108293,2025-12-19,2025-12-19,0.0
ORD-108294,2026-01-04,2026-01-05,1.0
ORD-108295,2025-11-01,2025-11-01,0.0
ORD-108296,2025-10-26,2025-10-26,0.0
ORD-108297,2025-05-14,2025-05-15,1.0
ORD-108298,2025-09-03,2025-09-04,1.0
ORD-108299,2024-10-19,,
ORD-108300,2024-10-19,,
ORD-108301,2025-11-06,2025-11-06,0.0
ORD-108302,2025-03-24,2025-03-25,1.0
ORD-108303,2024-10-21,2024-10-24,3.0
ORD-108304,2025-10-24,,
ORD-108305,2024-11-16,2024-11-17,1.0
ORD-108306,2024-11-05,2024-11-05,0.0
ORD-108307,2024-11-18,2024-11-18,0.0
ORD-108308,2025-06-06,2025-06-06,0.0
ORD-108309,2025-01-30,2025-01-30,0.0
ORD-108310,2025-01-12,2025-01-13,1.0
ORD-108311,2024-07-15,2024-07-15,0.0
ORD-108312,2025-09-08,,
ORD-108313,2025-08-28,2025-08-29,1.0
ORD-108314,2025-10-27,2025-10-28,1.0
ORD-108315,2024-12-16,2024-12-16,0.0
ORD-108316,2025-06-21,2025-06-21,0.0
ORD-108317,2024-11-28,2024-11-28,0.0
ORD-108318,2025-04-14,2025-04-14,0.0
ORD-108319,2025-10-12,2025-10-12,0.0
ORD-108320,2025-08-25,2025-08-26,1.0
ORD-108321,2024-07-25,2024-07-25,0.0
ORD-108322,2025-04-17,2025-04-17,0.0
ORD-108323,2025-08-05,2025-08-06,1.0
ORD-108324,2025-03-29,2025-03-31,2.0
ORD-108325,2024-07-30,2024-07-30,0.0
ORD-108326,2024-10-31,2024-10-31,0.0
ORD-108327,2024-10-25,2024-10-25,0.0
ORD-108328,2025-10-28,2025-10-30,2.0
ORD-108329,2025-09-27,2025-09-28,1.0
ORD-108330,2024-11-07,2024-11-07,0.0
ORD-108331,2025-07-14,2025-07-15,1.0
ORD-108332,2025-05-06,2025-05-07,1.0
ORD-108333,2025-10-12,2025-10-13,1.0
ORD-108334,2025-02-09,2025-02-09,0.0
ORD-108335,2025-04-20,2025-04-22,2.0
ORD-108336,2025-10-27,2025-10-27,0.0
ORD-108337,2025-11-14,2025-11-17,3.0
ORD-108338,2024-07-24,2024-07-25,1.0
ORD-108339,2025-02-19,2025-02-19,0.0
ORD-108340,2025-01-21,2025-01-21,0.0
ORD-108341,2025-10-13,2025-10-13,0.0
ORD-108342,2024-11-21,2024-11-21,0.0
ORD-108343,2025-05-18,2025-05-18,0.0
ORD-108344,2025-11-07,2025-11-08,1.0
ORD-108345,2025-04-30,2025-05-01,1.0
ORD-108346,2025-11-11,2025-11-11,0.0
ORD-108347,2024-11-22,2024-11-22,0.0
ORD-108348,2025-10-21,,
ORD-108349,2025-02-07,2025-02-08,1.0
ORD-108350,2025-06-16,2025-06-16,0.0
ORD-108351,2024-12-17,2024-12-17,0.0
ORD-108352,2025-11-28,2025-11-28,0.0
ORD-108353,2025-10-02,2025-10-02,0.0
ORD-108354,2024-11-07,2024-11-07,0.0
ORD-108355,2024-11-19,2024-11-19,0.0
ORD-108356,2025-02-27,2025-03-01,2.0
ORD-108357,2025-10-30,2025-10-30,0.0
ORD-108358,2025-07-12,2025-07-12,0.0
ORD-108359,2025-02-02,2025-02-02,0.0
ORD-108360,2025-07-28,2025-07-29,1.0
ORD-108361,2025-12-01,2025-12-01,0.0
ORD-108362,2025-05-30,2025-05-30,0.0
ORD-108363,2025-08-04,,
ORD-108364,2024-12-14,2024-12-14,0.0
ORD-108365,2025-02-24,2025-02-24,0.0
ORD-108366,2025-04-26,2025-04-26,0.0
ORD-108367,2024-11-24,2024-11-24,0.0
ORD-108368,2025-02-22,2025-02-23,1.0
ORD-108369,2025-09-15,2025-09-17,2.0
ORD-108370,2025-11-18,2025-11-23,5.0
ORD-108371,2025-11-14,2025-11-16,2.0
ORD-108372,2025-11-25,2025-11-26,1.0
ORD-108373,2025-12-08,2025-12-10,2.0
ORD-108374,2025-02-15,2025-02-17,2.0
ORD-108375,2024-10-18,2024-10-18,0.0
ORD-108376,2024-10-01,2024-10-04,3.0
ORD-108377,2024-07-13,2024-07-13,0.0
ORD-108378,2025-05-25,2025-05-25,0.0
ORD-108379,2025-06-21,,
ORD-108380,2025-09-07,2025-09-10,3.0
ORD-108381,2024-11-04,2024-11-04,0.0
ORD-108382,2025-10-08,2025-10-09,1.0
ORD-108383,2025-09-30,2025-10-01,1.0
ORD-108384,2024-03-15,2024-03-15,0.0
ORD-108385,2025-09-25,2025-09-26,1.0
ORD-108386,2025-03-01,2025-03-01,0.0
ORD-108387,2025-02-28,,
ORD-108388,2025-08-29,2025-08-30,1.0
ORD-108389,2025-09-26,2025-09-27,1.0
ORD-108390,2025-09-08,2025-09-08,0.0
ORD-108391,2024-10-09,2024-10-09,0.0
ORD-108392,2025-10-25,2025-10-26,1.0
ORD-108393,2025-03-09,2025-03-09,0.0
ORD-108394,2025-09-15,2025-09-15,0.0
ORD-108395,2025-03-21,2025-03-23,2.0
ORD-108396,2024-11-03,2024-11-03,0.0
ORD-108397,2025-09-22,2025-09-22,0.0
ORD-108398,2024-11-16,2024-11-18,2.0
ORD-108399,2025-11-17,,
ORD-108400,2024-12-22,2024-12-24,2.0
ORD-108401,2024-08-13,2024-08-13,0.0
ORD-108402,2025-05-12,2025-05-14,2.0
ORD-108403,2024-04-14,2024-04-15,1.0
ORD-108404,2024-04-30,2024-04-30,0.0
ORD-108405,2025-06-11,,
ORD-108406,2025-08-28,2025-08-29,1.0
ORD-108407,2025-07-04,2025-07-05,1.0
ORD-108408,2025-05-06,2025-05-08,2.0
ORD-108409,2024-11-17,2024-11-17,0.0
ORD-108410,2024-12-11,2024-12-11,0.0
ORD-108411,2025-12-10,2025-12-10,0.0
ORD-108412,2025-09-01,2025-09-01,0.0
ORD-108413,2025-08-17,2025-08-18,1.0
ORD-108414,2025-10-23,2025-10-23,0.0
ORD-108415,2025-11-10,2025-11-10,0.0
ORD-108416,2025-11-25,,
ORD-108417,2024-02-26,2024-02-28,2.0
ORD-108418,2025-08-27,2025-08-27,0.0
ORD-108419,2025-06-22,2025-06-22,0.0
ORD-108420,2024-10-08,2024-10-08,0.0
ORD-108421,2024-10-11,2024-10-12,1.0
ORD-108422,2025-04-06,2025-04-09,3.0
ORD-108423,2025-09-08,2025-09-08,0.0
ORD-108424,2025-03-30,2025-03-30,0.0
ORD-108425,2025-09-30,,
ORD-108426,2024-07-22,2024-07-24,2.0
ORD-108427,2025-03-22,2025-03-22,0.0
ORD-108428,2025-03-13,2025-03-14,1.0
ORD-108429,2025-12-20,2025-12-20,0.0
ORD-108430,2025-09-27,2025-09-27,0.0
ORD-108431,2025-07-10,2025-07-10,0.0
ORD-108432,2024-06-23,2024-06-25,2.0
ORD-108433,2025-06-24,2025-06-24,0.0
ORD-108434,2025-10-26,2025-10-27,1.0
ORD-108435,2025-09-28,2025-09-28,0.0
ORD-108436,2025-08-14,,
ORD-108437,2025-04-06,2025-04-06,0.0
ORD-108438,2025-08-23,2025-08-23,0.0
ORD-108439,2024-12-23,2024-12-23,0.0
ORD-108440,2025-09-09,2025-09-09,0.0
ORD-108441,2025-12-02,2025-12-03,1.0
ORD-108442,2024-09-27,2024-09-27,0.0
ORD-108443,2025-11-18,2025-11-19,1.0
ORD-108444,2024-10-08,2024-10-08,0.0
ORD-108445,2025-01-21,2025-01-21,0.0
ORD-108446,2024-10-29,2024-10-30,1.0
ORD-108447,2025-10-30,2025-10-30,0.0
ORD-108448,2025-10-09,2025-10-10,1.0
ORD-108449,2024-06-09,2024-06-09,0.0
ORD-108450,2025-08-14,2025-08-15,1.0
ORD-108451,2025-03-23,2025-03-23,0.0
ORD-108452,2025-11-14,2025-11-14,0.0
ORD-108453,2025-02-02,2025-02-02,0.0
ORD-108454,2025-03-15,2025-03-15,0.0
ORD-108455,2025-11-08,2025-11-08,0.0
ORD-108456,2025-11-11,2025-11-11,0.0
ORD-108457,2024-10-22,2024-10-24,2.0
ORD-108458,2025-12-09,,
ORD-108459,2024-11-20,2024-11-20,0.0
ORD-108460,2025-11-09,2025-11-11,2.0
ORD-108461,2025-01-05,2025-01-05,0.0
ORD-108462,2024-11-04,,
ORD-108463,2025-09-14,2025-09-14,0.0
ORD-108464,2025-11-04,2025-11-04,0.0
ORD-108465,2024-05-21,2024-05-22,1.0
ORD-108466,2025-02-12,,
ORD-108467,2025-10-18,2025-10-20,2.0
ORD-108468,2025-06-16,2025-06-16,0.0
ORD-108469,2025-09-07,2025-09-07,0.0
ORD-108470,2025-10-19,2025-10-19,0.0
ORD-108471,2025-07-15,2025-07-15,0.0
ORD-108472,2025-11-10,2025-11-10,0.0
ORD-108473,2025-05-24,2025-05-25,1.0
ORD-108474,2025-08-22,2025-08-22,0.0
ORD-108475,2025-07-30,2025-08-01,2.0
ORD-108476,2025-08-13,2025-08-13,0.0
ORD-108477,2024-10-31,2024-11-01,1.0
ORD-108478,2025-11-03,2025-11-03,0.0
ORD-108479,2024-09-15,2024-09-16,1.0
ORD-108480,2024-10-08,,
ORD-108481,2025-12-11,2025-12-11,0.0
ORD-108482,2025-01-14,2025-01-14,0.0
ORD-108483,2025-11-19,2025-11-19,0.0
ORD-108484,2025-10-06,2025-10-06,0.0
ORD-108485,2025-02-09,2025-02-09,0.0
ORD-108486,2025-10-30,2025-11-01,2.0
ORD-108487,2025-06-28,2025-06-28,0.0
ORD-108488,2025-06-20,2025-06-20,0.0
ORD-108489,2025-12-03,2025-12-04,1.0
ORD-108490,2025-11-03,,
ORD-108491,2025-12-21,2025-12-21,0.0
ORD-108492,2025-11-28,2025-11-28,0.0
ORD-108493,2025-07-16,2025-07-16,0.0
ORD-108494,2025-04-07,2025-04-07,0.0
ORD-108495,2025-05-10,2025-05-11,1.0
ORD-108496,2024-12-07,2024-12-07,0.0
ORD-108497,2025-10-15,2025-10-15,0.0
ORD-108498,2025-07-24,2025-07-24,0.0
ORD-108499,2024-11-18,2024-11-18,0.0
ORD-108500,2024-09-13,2024-09-15,2.0
ORD-108501,2025-09-17,2025-09-17,0.0
ORD-108502,2025-12-04,2025-12-04,0.0
ORD-108503,2025-09-20,,
ORD-108504,2025-06-23,2025-06-24,1.0
ORD-108505,2025-11-18,2025-11-18,0.0
ORD-108506,2024-11-21,2024-11-22,1.0
ORD-108507,2025-10-25,2025-10-26,1.0
ORD-108508,2025-09-28,2025-09-28,0.0
ORD-108509,2025-11-14,2025-11-16,2.0
ORD-108510,2025-09-26,2025-09-26,0.0
ORD-108511,2025-11-28,2025-11-28,0.0
ORD-108512,2024-07-19,2024-07-19,0.0
ORD-108513,2024-10-24,,
ORD-108514,2024-11-24,2024-11-24,0.0
ORD-108515,2025-06-23,2025-06-23,0.0
ORD-108516,2025-12-08,2025-12-11,3.0
ORD-108517,2025-10-25,2025-10-25,0.0
ORD-108518,2025-04-20,2025-04-21,1.0
ORD-108519,2025-09-14,2025-09-15,1.0
ORD-108520,2025-10-01,2025-10-01,0.0
ORD-108521,2025-04-19,2025-04-20,1.0
ORD-108522,2025-09-07,2025-09-07,0.0
ORD-108523,2024-10-16,2024-10-16,0.0
ORD-108524,2025-10-21,,
ORD-108525,2025-06-22,2025-06-22,0.0
ORD-108526,2025-11-21,2025-11-24,3.0
ORD-108527,2024-10-22,2024-10-24,2.0
ORD-108528,2024-10-04,2024-10-04,0.0
ORD-108529,2025-10-27,2025-10-27,0.0
ORD-108530,2024-11-13,,
ORD-108531,2025-12-12,2025-12-12,0.0
ORD-108532,2025-10-09,2025-10-10,1.0
ORD-108533,2025-10-30,2025-11-02,3.0
ORD-108534,2025-07-25,2025-07-25,0.0
ORD-108535,2025-11-19,2025-11-19,0.0
ORD-108536,2024-07-24,,
ORD-108537,2025-07-11,2025-07-11,0.0
ORD-108538,2024-12-05,2024-12-06,1.0
ORD-108539,2024-12-04,,
ORD-108540,2025-08-19,2025-08-19,0.0
ORD-108541,2025-03-13,,
ORD-108542,2025-10-13,2025-10-13,0.0
ORD-108543,2025-08-06,2025-08-07,1.0
ORD-108544,2024-08-01,2024-08-01,0.0
ORD-108545,2025-03-08,2025-03-09,1.0
ORD-108546,2025-08-24,2025-08-25,1.0
ORD-108547,2025-11-25,2025-11-26,1.0
ORD-108548,2025-11-30,2025-12-02,2.0
ORD-108549,2024-06-28,2024-06-28,0.0
ORD-108550,2024-12-25,2024-12-25,0.0
ORD-108551,2025-08-29,2025-08-29,0.0
ORD-108552,2025-11-12,2025-11-12,0.0
ORD-108553,2025-04-01,2025-04-01,0.0
ORD-108554,2024-05-24,2024-05-24,0.0
ORD-108555,2024-12-05,2024-12-05,0.0
ORD-108556,2025-07-14,2025-07-14,0.0
ORD-108557,2025-04-21,2025-04-24,3.0
ORD-108558,2025-04-13,2025-04-13,0.0
ORD-108559,2024-05-03,2024-05-03,0.0
ORD-108560,2024-12-07,2024-12-07,0.0
ORD-108561,2025-08-09,2025-08-09,0.0
ORD-108562,2025-06-26,2025-06-27,1.0
ORD-108563,2025-06-17,2025-06-17,0.0
ORD-108564,2025-11-15,2025-11-15,0.0
ORD-108565,2025-08-09,,
ORD-108566,2025-10-31,2025-10-31,0.0
ORD-108567,2025-11-16,2025-11-16,0.0
ORD-108568,2025-06-01,2025-06-01,0.0
ORD-108569,2025-10-06,2025-10-08,2.0
ORD-108570,2025-04-01,2025-04-01,0.0
ORD-108571,2025-09-19,2025-09-22,3.0
ORD-108572,2025-11-16,2025-11-16,0.0
ORD-108573,2025-03-29,2025-03-29,0.0
ORD-108574,2024-08-31,2024-09-01,1.0
ORD-108575,2025-08-21,2025-08-21,0.0
ORD-108576,2025-09-25,2025-09-25,0.0
ORD-108577,2025-11-14,2025-11-14,0.0
ORD-108578,2024-10-05,2024-10-05,0.0
ORD-108579,2025-12-06,2025-12-06,0.0
ORD-108580,2025-02-07,2025-02-09,2.0
ORD-108581,2025-12-01,2025-12-02,1.0
ORD-108582,2025-09-03,2025-09-03,0.0
ORD-108583,2025-10-30,2025-10-31,1.0
ORD-108584,2025-10-25,2025-10-25,0.0
ORD-108585,2024-08-14,2024-08-14,0.0
ORD-108586,2025-10-24,2025-10-24,0.0
ORD-108587,2025-01-08,2025-01-10,2.0
ORD-108588,2025-12-21,2025-12-21,0.0
ORD-108589,2025-02-13,2025-02-14,1.0
ORD-108590,2024-10-09,2024-10-09,0.0
ORD-108591,2025-07-11,2025-07-12,1.0
ORD-108592,2025-01-28,2025-01-28,0.0
ORD-108593,2025-07-10,2025-07-10,0.0
ORD-108594,2024-08-10,,
ORD-108595,2024-07-03,2024-07-04,1.0
ORD-108596,2025-08-05,2025-08-06,1.0
ORD-108597,2024-09-10,,
ORD-108598,2025-08-18,2025-08-18,0.0
ORD-108599,2025-10-19,2025-10-19,0.0
ORD-108600,2025-02-14,,
ORD-108601,2025-08-08,2025-08-08,0.0
ORD-108602,2025-11-24,2025-11-24,0.0
ORD-108603,2025-08-23,2025-08-23,0.0
ORD-108604,2025-10-22,2025-10-22,0.0
ORD-108605,2025-10-28,,
ORD-108606,2025-05-29,2025-05-31,2.0
ORD-108607,2025-05-16,2025-05-16,0.0
ORD-108608,2025-05-19,,
ORD-108609,2025-10-25,2025-10-25,0.0
ORD-108610,2025-03-05,2025-03-06,1.0
ORD-108611,2025-06-07,,
ORD-108612,2025-11-18,2025-11-20,2.0
ORD-108613,2025-06-22,2025-06-23,1.0
ORD-108614,2025-08-13,2025-08-13,0.0
ORD-108615,2025-11-16,2025-11-16,0.0
ORD-108616,2024-11-10,2024-11-10,0.0
ORD-108617,2024-06-25,2024-06-27,2.0
ORD-108618,2025-08-29,2025-08-29,0.0
ORD-108619,2025-11-06,2025-11-07,1.0
ORD-108620,2025-03-30,2025-03-30,0.0
ORD-108621,2024-11-02,2024-11-02,0.0
ORD-108622,2025-02-11,2025-02-13,2.0
ORD-108623,2025-03-16,2025-03-16,0.0
ORD-108624,2025-01-22,2025-01-22,0.0
ORD-108625,2025-11-09,2025-11-09,0.0
ORD-108626,2025-10-09,2025-10-09,0.0
ORD-108627,2025-11-14,2025-11-14,0.0
ORD-108628,2025-06-13,2025-06-16,3.0
ORD-108629,2024-11-18,2024-11-20,2.0
ORD-108630,2024-12-28,2024-12-28,0.0
ORD-108631,2024-07-03,2024-07-03,0.0
ORD-108632,2024-11-04,2024-11-04,0.0
ORD-108633,2024-05-25,2024-05-25,0.0
ORD-108634,2025-10-27,2025-10-27,0.0
ORD-108635,2025-05-06,2025-05-07,1.0
ORD-108636,2025-04-04,2025-04-04,0.0
ORD-108637,2025-11-17,2025-11-17,0.0
ORD-108638,2025-05-25,2025-05-25,0.0
ORD-108639,2025-02-05,2025-02-05,0.0
ORD-108640,2024-05-25,2024-05-25,0.0
ORD-108641,2025-07-16,2025-07-18,2.0
ORD-108642,2025-12-10,2025-12-10,0.0
ORD-108643,2024-07-29,2024-07-29,0.0
ORD-108644,2024-11-27,2024-11-28,1.0
ORD-108645,2024-05-25,2024-05-25,0.0
ORD-108646,2025-05-31,2025-05-31,0.0
ORD-108647,2025-04-10,2025-04-10,0.0
ORD-108648,2024-08-28,2024-08-28,0.0
ORD-108649,2025-11-09,2025-11-10,1.0
ORD-108650,2025-12-12,2025-12-12,0.0
ORD-108651,2025-04-10,2025-04-10,0.0
ORD-108652,2025-10-19,2025-10-19,0.0
ORD-108653,2025-02-05,2025-02-07,2.0
ORD-108654,2024-08-03,2024-08-03,0.0
ORD-108655,2025-12-13,2025-12-16,3.0
ORD-108656,2024-11-02,,
ORD-108657,2025-04-03,2025-04-04,1.0
ORD-108658,2025-04-05,2025-04-06,1.0
ORD-108659,2025-05-17,2025-05-20,3.0
ORD-108660,2025-11-26,2025-11-27,1.0
ORD-108661,2025-10-26,2025-10-26,0.0
ORD-108662,2024-10-21,2024-10-21,0.0
ORD-108663,2025-04-22,2025-04-22,0.0
ORD-108664,2024-03-31,2024-04-02,2.0
ORD-108665,2025-10-04,2025-10-05,1.0
ORD-108666,2025-03-30,2025-03-30,0.0
ORD-108667,2024-10-13,2024-10-13,0.0
ORD-108668,2025-10-20,2025-10-22,2.0
ORD-108669,2025-05-05,2025-05-05,0.0
ORD-108670,2025-10-20,2025-10-21,1.0
ORD-108671,2025-04-22,2025-04-22,0.0
ORD-108672,2025-11-27,2025-11-27,0.0
ORD-108673,2025-06-22,2025-06-23,1.0
ORD-108674,2025-05-22,2025-05-22,0.0
ORD-108675,2025-07-23,2025-07-24,1.0
ORD-108676,2025-05-15,2025-05-15,0.0
ORD-108677,2025-07-09,2025-07-10,1.0
ORD-108678,2025-11-11,2025-11-11,0.0
ORD-108679,2025-08-07,2025-08-07,0.0
ORD-108680,2025-01-26,2025-01-26,0.0
ORD-108681,2025-05-19,2025-05-20,1.0
ORD-108682,2025-06-14,2025-06-14,0.0
ORD-108683,2025-07-16,,
ORD-108684,2024-05-28,,
ORD-108685,2025-10-17,2025-10-17,0.0
ORD-108686,2025-10-23,2025-10-24,1.0
ORD-108687,2025-12-23,2025-12-23,0.0
ORD-108688,2024-10-20,2024-10-20,0.0
ORD-108689,2025-05-22,2025-05-22,0.0
ORD-108690,2025-01-22,2025-01-22,0.0
ORD-108691,2024-12-15,2024-12-16,1.0
ORD-108692,2024-12-20,2024-12-20,0.0
ORD-108693,2025-08-09,2025-08-09,0.0
ORD-108694,2024-10-01,,
ORD-108695,2025-04-01,2025-04-01,0.0
ORD-108696,2025-04-01,2025-04-01,0.0
ORD-108697,2024-09-01,2024-09-02,1.0
ORD-108698,2025-10-11,2025-10-11,0.0
ORD-108699,2024-05-30,2024-05-31,1.0
ORD-108700,2025-09-03,2025-09-03,0.0
ORD-108701,2025-10-27,,
ORD-108702,2025-05-13,,
ORD-108703,2025-10-30,2025-10-31,1.0
ORD-108704,2025-10-01,2025-10-01,0.0
ORD-108705,2025-07-14,2025-07-15,1.0
ORD-108706,2025-10-28,2025-10-29,1.0
ORD-108707,2024-07-14,2024-07-14,0.0
ORD-108708,2024-11-10,,
ORD-108709,2025-11-27,2025-11-29,2.0
ORD-108710,2024-06-04,2024-06-05,1.0
ORD-108711,2025-05-13,2025-05-13,0.0
ORD-108712,2025-09-09,2025-09-09,0.0
ORD-108713,2025-11-17,2025-11-18,1.0
ORD-108714,2025-10-28,2025-10-30,2.0
ORD-108715,2025-06-04,,
ORD-108716,2025-07-06,2025-07-06,0.0
ORD-108717,2024-12-11,2024-12-11,0.0
ORD-108718,2024-07-18,2024-07-18,0.0
ORD-108719,2025-11-26,2025-11-26,0.0
ORD-108720,2025-12-15,2025-12-15,0.0
ORD-108721,2025-01-02,2025-01-04,2.0
ORD-108722,2025-01-21,2025-01-21,0.0
ORD-108723,2024-11-22,2024-11-23,1.0
ORD-108724,2025-10-22,,
ORD-108725,2025-10-23,,
ORD-108726,2024-12-16,2024-12-17,1.0
ORD-108727,2025-10-31,2025-11-01,1.0
ORD-108728,2025-08-29,2025-08-29,0.0
ORD-108729,2025-12-02,2025-12-02,0.0
ORD-108730,2025-06-02,,
ORD-108731,2024-11-08,2024-11-08,0.0
ORD-108732,2025-11-10,,
ORD-108733,2025-05-19,2025-05-19,0.0
ORD-108734,2025-12-02,2025-12-03,1.0
ORD-108735,2025-05-26,2025-05-26,0.0
ORD-108736,2025-05-04,2025-05-05,1.0
ORD-108737,2024-06-29,2024-07-01,2.0
ORD-108738,2024-07-02,2024-07-04,2.0
ORD-108739,2025-05-20,2025-05-20,0.0
ORD-108740,2024-07-15,2024-07-15,0.0
ORD-108741,2025-12-24,2025-12-25,1.0
ORD-108742,2025-12-01,2025-12-01,0.0
ORD-108743,2025-10-23,2025-10-23,0.0
ORD-108744,2025-12-15,2025-12-17,2.0
ORD-108745,2025-06-05,2025-06-06,1.0
ORD-108746,2025-02-08,2025-02-08,0.0
ORD-108747,2025-08-15,,
ORD-108748,2025-11-19,2025-11-20,1.0
ORD-108749,2024-08-20,2024-08-21,1.0
ORD-108750,2024-10-27,2024-10-27,0.0
ORD-108751,2025-03-31,2025-03-31,0.0
ORD-108752,2024-11-04,2024-11-04,0.0
ORD-108753,2025-10-14,2025-10-14,0.0
ORD-108754,2025-04-06,2025-04-06,0.0
ORD-108755,2025-04-17,2025-04-18,1.0
ORD-108756,2025-10-29,2025-10-30,1.0
ORD-108757,2025-11-13,2025-11-15,2.0
ORD-108758,2025-06-04,,
ORD-108759,2025-11-17,2025-11-18,1.0
ORD-108760,2025-05-21,2025-05-22,1.0
ORD-108761,2025-02-28,2025-02-28,0.0
ORD-108762,2025-07-09,2025-07-10,1.0
ORD-108763,2024-05-28,2024-05-28,0.0
ORD-108764,2024-11-11,2024-11-11,0.0
ORD-108765,2024-07-29,2024-07-30,1.0
ORD-108766,2025-03-30,2025-03-30,0.0
ORD-108767,2025-09-30,2025-09-30,0.0
ORD-108768,2025-10-08,2025-10-09,1.0
ORD-108769,2024-03-13,,
ORD-108770,2025-07-13,2025-07-13,0.0
ORD-108771,2025-09-21,2025-09-24,3.0
ORD-108772,2025-03-07,2025-03-09,2.0
ORD-108773,2025-11-09,2025-11-10,1.0
ORD-108774,2025-10-25,2025-10-25,0.0
ORD-108775,2025-02-08,2025-02-08,0.0
ORD-108776,2025-07-30,2025-07-31,1.0
ORD-108777,2024-11-14,2024-11-14,0.0
ORD-108778,2025-04-27,2025-04-27,0.0
ORD-108779,2025-12-16,2025-12-16,0.0
ORD-108780,2025-09-21,2025-09-22,1.0
ORD-108781,2024-10-29,2024-10-31,2.0
ORD-108782,2025-11-17,2025-11-19,2.0
ORD-108783,2025-10-12,2025-10-13,1.0
ORD-108784,2025-01-01,2025-01-01,0.0
ORD-108785,2025-08-08,2025-08-08,0.0
ORD-108786,2025-12-12,2025-12-14,2.0
ORD-108787,2024-10-04,2024-10-04,0.0
ORD-108788,2025-06-21,2025-06-21,0.0
ORD-108789,2025-10-23,2025-10-25,2.0
ORD-108790,2024-08-02,,
ORD-108791,2025-06-02,2025-06-02,0.0
ORD-108792,2025-10-06,,
ORD-108793,2025-03-20,2025-03-20,0.0
ORD-108794,2025-11-06,2025-11-06,0.0
ORD-108795,2025-09-15,,
ORD-108796,2024-06-17,2024-06-17,0.0
ORD-108797,2025-08-17,,
ORD-108798,2025-05-18,2025-05-18,0.0
ORD-108799,2025-12-29,2025-12-30,1.0
ORD-108800,2025-07-22,2025-07-22,0.0
ORD-108801,2024-12-09,2024-12-10,1.0
ORD-108802,2025-01-20,,
ORD-108803,2025-11-17,2025-11-17,0.0
ORD-108804,2024-11-04,2024-11-04,0.0
ORD-108805,2025-11-08,2025-11-08,0.0
ORD-108806,2025-11-12,2025-11-12,0.0
ORD-108807,2025-11-16,2025-11-16,0.0
ORD-108808,2025-06-07,2025-06-07,0.0
ORD-108809,2025-04-27,2025-04-27,0.0
ORD-108810,2024-05-08,2024-05-09,1.0
ORD-108811,2025-09-10,2025-09-10,0.0
ORD-108812,2025-12-31,2025-12-31,0.0
ORD-108813,2025-11-02,2025-11-03,1.0
ORD-108814,2025-10-22,2025-10-22,0.0
ORD-108815,2025-12-04,2025-12-04,0.0
ORD-108816,2025-02-27,2025-02-27,0.0
ORD-108817,2024-01-18,2024-01-18,0.0
ORD-108818,2025-10-19,2025-10-19,0.0
ORD-108819,2025-07-04,2025-07-04,0.0
ORD-108820,2025-08-14,2025-08-15,1.0
ORD-108821,2025-07-05,2025-07-06,1.0
ORD-108822,2024-08-16,2024-08-16,0.0
ORD-108823,2025-08-06,2025-08-07,1.0
ORD-108824,2024-06-18,2024-06-18,0.0
ORD-108825,2025-06-18,,
ORD-108826,2025-03-08,2025-03-08,0.0
ORD-108827,2025-08-31,,
ORD-108828,2024-12-20,2024-12-21,1.0
ORD-108829,2025-01-05,2025-01-06,1.0
ORD-108830,2024-08-04,2024-08-04,0.0
ORD-108831,2025-12-22,2025-12-22,0.0
ORD-108832,2025-07-09,2025-07-09,0.0
ORD-108833,2025-11-15,2025-11-16,1.0
ORD-108834,2025-03-07,2025-03-08,1.0
ORD-108835,2025-10-20,2025-10-20,0.0
ORD-108836,2025-09-15,2025-09-16,1.0
ORD-108837,2025-10-13,2025-10-13,0.0
ORD-108838,2024-10-09,2024-10-10,1.0
ORD-108839,2025-10-25,2025-10-27,2.0
ORD-108840,2025-08-17,2025-08-18,1.0
ORD-108841,2025-02-07,2025-02-07,0.0
ORD-108842,2025-09-04,,
ORD-108843,2025-10-18,2025-10-19,1.0
ORD-108844,2025-09-12,2025-09-12,0.0
ORD-108845,2025-09-15,2025-09-15,0.0
ORD-108846,2025-05-15,2025-05-15,0.0
ORD-108847,2025-12-06,2025-12-06,0.0
ORD-108848,2025-07-29,2025-07-29,0.0
ORD-108849,2025-12-12,2025-12-14,2.0
ORD-108850,2025-11-29,,
ORD-108851,2025-01-24,2025-01-24,0.0
ORD-108852,2025-04-01,2025-04-01,0.0
ORD-108853,2025-07-08,2025-07-10,2.0
ORD-108854,2025-07-23,2025-07-23,0.0
ORD-108855,2025-08-09,2025-08-09,0.0
ORD-108856,2025-11-13,2025-11-13,0.0
ORD-108857,2025-09-21,2025-09-22,1.0
ORD-108858,2025-10-16,2025-10-16,0.0
ORD-108859,2025-03-29,2025-03-29,0.0
ORD-108860,2025-11-01,2025-11-01,0.0
ORD-108861,2025-04-22,2025-04-22,0.0
ORD-108862,2025-11-17,2025-11-18,1.0
ORD-108863,2025-03-27,2025-03-27,0.0
ORD-108864,2025-01-16,2025-01-16,0.0
ORD-108865,2025-07-27,2025-07-28,1.0
ORD-108866,2025-08-26,2025-08-26,0.0
ORD-108867,2025-06-18,2025-06-18,0.0
ORD-108868,2025-07-22,2025-07-22,0.0
ORD-108869,2025-07-04,2025-07-04,0.0
ORD-108870,2025-12-02,,
ORD-108871,2024-08-18,2024-08-20,2.0
ORD-108872,2024-11-08,,
ORD-108873,2024-12-07,2024-12-07,0.0
ORD-108874,2025-11-07,,
ORD-108875,2025-08-06,2025-08-06,0.0
ORD-108876,2025-04-15,2025-04-16,1.0
ORD-108877,2024-07-03,2024-07-05,2.0
ORD-108878,2025-11-21,,
ORD-108879,2025-07-02,2025-07-02,0.0
ORD-108880,2024-09-24,2024-09-25,1.0
ORD-108881,2025-02-25,2025-02-27,2.0
ORD-108882,2024-08-29,2024-08-31,2.0
ORD-108883,2025-10-14,2025-10-16,2.0
ORD-108884,2025-10-15,2025-10-16,1.0
ORD-108885,2025-04-28,2025-04-29,1.0
ORD-108886,2025-06-28,2025-06-28,0.0
ORD-108887,2024-02-04,2024-02-04,0.0
ORD-108888,2025-08-10,2025-08-11,1.0
ORD-108889,2025-09-23,2025-09-23,0.0
ORD-108890,2025-09-09,2025-09-09,0.0
ORD-108891,2024-12-22,2024-12-23,1.0
ORD-108892,2024-04-30,2024-04-30,0.0
ORD-108893,2025-09-10,2025-09-11,1.0
ORD-108894,2024-08-23,2024-08-23,0.0
ORD-108895,2024-08-14,2024-08-14,0.0
ORD-108896,2025-10-29,2025-10-29,0.0
ORD-108897,2025-03-05,2025-03-05,0.0
ORD-108898,2025-12-02,2025-12-02,0.0
ORD-108899,2025-09-13,2025-09-14,1.0
ORD-108900,2025-09-17,2025-09-20,3.0
ORD-108901,2024-10-23,2024-10-23,0.0
ORD-108902,2025-08-26,2025-08-26,0.0
ORD-108903,2024-05-18,2024-05-19,1.0
ORD-108904,2024-03-01,,
ORD-108905,2024-03-14,2024-03-14,0.0
ORD-108906,2025-12-06,2025-12-06,0.0
ORD-108907,2025-07-10,2025-07-10,0.0
ORD-108908,2025-03-31,2025-03-31,0.0
ORD-108909,2025-12-04,2025-12-04,0.0
ORD-108910,2025-08-27,2025-08-27,0.0
ORD-108911,2025-07-02,2025-07-02,0.0
ORD-108912,2025-10-08,2025-10-10,2.0
ORD-108913,2025-12-18,2025-12-18,0.0
ORD-108914,2025-05-24,2025-05-26,2.0
ORD-108915,2024-07-10,2024-07-10,0.0
ORD-108916,2025-09-24,2025-09-24,0.0
ORD-108917,2025-02-17,2025-02-18,1.0
ORD-108918,2025-09-07,2025-09-07,0.0
ORD-108919,2025-07-06,2025-07-07,1.0
ORD-108920,2024-12-25,2024-12-27,2.0
ORD-108921,2025-07-25,2025-07-26,1.0
ORD-108922,2025-10-30,,
ORD-108923,2025-10-28,2025-10-29,1.0
ORD-108924,2025-10-07,2025-10-07,0.0
ORD-108925,2025-11-04,2025-11-04,0.0
ORD-108926,2025-07-25,2025-07-25,0.0
ORD-108927,2024-10-11,2024-10-11,0.0
ORD-108928,2025-02-08,2025-02-08,0.0
ORD-108929,2024-10-21,2024-10-21,0.0
ORD-108930,2024-08-31,2024-08-31,0.0
ORD-108931,2025-07-09,2025-07-09,0.0
ORD-108932,2024-08-21,2024-08-21,0.0
ORD-108933,2024-11-01,2024-11-01,0.0
ORD-108934,2025-10-03,2025-10-03,0.0
ORD-108935,2025-10-29,2025-10-29,0.0
ORD-108936,2025-05-25,2025-05-26,1.0
ORD-108937,2025-08-30,2025-08-30,0.0
ORD-108938,2024-06-12,2024-06-12,0.0
ORD-108939,2025-11-10,2025-11-11,1.0
ORD-108940,2025-09-01,2025-09-04,3.0
ORD-108941,2025-11-01,2025-11-01,0.0
ORD-108942,2025-12-09,,
ORD-108943,2024-12-16,2024-12-16,0.0
ORD-108944,2025-05-03,2025-05-03,0.0
ORD-108945,2025-02-14,2025-02-14,0.0
ORD-108946,2025-04-25,2025-04-26,1.0
ORD-108947,2025-12-16,2025-12-16,0.0
ORD-108948,2025-09-28,2025-09-28,0.0
ORD-108949,2024-12-29,2024-12-31,2.0
ORD-108950,2025-03-15,2025-03-15,0.0
ORD-108951,2024-10-22,2024-10-22,0.0
ORD-108952,2025-01-24,2025-01-24,0.0
ORD-108953,2025-10-27,2025-10-27,0.0
ORD-108954,2025-03-16,2025-03-17,1.0
ORD-108955,2024-06-14,2024-06-14,0.0
ORD-108956,2024-10-24,2024-10-24,0.0
ORD-108957,2024-12-31,2024-12-31,0.0
ORD-108958,2025-08-23,,
ORD-108959,2025-05-05,2025-05-05,0.0
ORD-108960,2025-02-25,2025-02-25,0.0
ORD-108961,2025-06-18,,
ORD-108962,2025-08-30,2025-08-31,1.0
ORD-108963,2025-07-06,2025-07-07,1.0
ORD-108964,2025-11-12,2025-11-13,1.0
ORD-108965,2024-11-25,2024-11-26,1.0
ORD-108966,2025-01-01,2025-01-01,0.0
ORD-108967,2025-08-12,2025-08-12,0.0
ORD-108968,2024-09-07,2024-09-07,0.0
ORD-108969,2025-10-20,2025-10-22,2.0
ORD-108970,2025-10-05,2025-10-05,0.0
ORD-108971,2025-05-14,2025-05-14,0.0
ORD-108972,2025-06-07,2025-06-07,0.0
ORD-108973,2025-06-01,,
ORD-108974,2024-09-15,2024-09-15,0.0
ORD-108975,2025-11-13,2025-11-14,1.0
ORD-108976,2024-06-03,2024-06-03,0.0
ORD-108977,2024-09-06,2024-09-06,0.0
ORD-108978,2025-02-17,,
ORD-108979,2024-04-26,2024-04-27,1.0
ORD-108980,2024-12-27,2024-12-30,3.0
ORD-108981,2025-06-07,2025-06-07,0.0
ORD-108982,2025-06-30,2025-06-30,0.0
ORD-108983,2025-11-13,2025-11-14,1.0
ORD-108984,2025-01-16,2025-01-16,0.0
ORD-108985,2024-04-05,2024-04-06,1.0
ORD-108986,2025-08-19,2025-08-19,0.0
ORD-108987,2026-01-02,2026-01-03,1.0
ORD-108988,2025-10-31,2025-10-31,0.0
ORD-108989,2025-09-03,2025-09-04,1.0
ORD-108990,2025-08-31,2025-08-31,0.0
ORD-108991,2025-08-15,2025-08-16,1.0
ORD-108992,2025-01-20,2025-01-21,1.0
ORD-108993,2025-01-22,2025-01-22,0.0
ORD-108994,2025-08-22,2025-08-22,0.0
ORD-108995,2025-07-09,2025-07-09,0.0
ORD-108996,2025-11-09,2025-11-09,0.0
ORD-108997,2025-11-25,2025-11-27,2.0
ORD-108998,2025-11-10,2025-11-10,0.0
ORD-108999,2024-07-28,2024-07-28,0.0
ORD-109000,2025-04-28,2025-04-28,0.0
ORD-109001,2025-02-03,2025-02-04,1.0
ORD-109002,2024-08-06,2024-08-06,0.0
ORD-109003,2025-11-05,,
ORD-109004,2024-06-28,2024-06-30,2.0
ORD-109005,2025-02-15,2025-02-15,0.0
ORD-109006,2025-09-06,2025-09-06,0.0
ORD-109007,2025-11-06,2025-11-06,0.0
ORD-109008,2025-11-06,,
ORD-109009,2025-03-14,2025-03-14,0.0
ORD-109010,2025-01-29,2025-01-29,0.0
ORD-109011,2025-12-24,2025-12-24,0.0
ORD-109012,2025-07-13,2025-07-14,1.0
ORD-109013,2024-02-28,2024-03-01,2.0
ORD-109014,2025-09-18,2025-09-18,0.0
ORD-109015,2025-01-06,2025-01-06,0.0
ORD-109016,2025-11-18,2025-11-18,0.0
ORD-109017,2025-10-19,2025-10-19,0.0
ORD-109018,2025-01-14,2025-01-14,0.0
ORD-109019,2025-11-09,2025-11-10,1.0
ORD-109020,2025-02-10,2025-02-10,0.0
ORD-109021,2025-08-16,2025-08-16,0.0
ORD-109022,2025-10-21,2025-10-21,0.0
ORD-109023,2025-03-25,2025-03-28,3.0
ORD-109024,2025-09-04,2025-09-04,0.0
ORD-109025,2025-02-13,2025-02-13,0.0
ORD-109026,2024-11-13,2024-11-13,0.0
ORD-109027,2025-12-20,2025-12-20,0.0
ORD-109028,2025-02-03,2025-02-03,0.0
ORD-109029,2025-08-20,2025-08-20,0.0
ORD-109030,2025-10-03,2025-10-05,2.0
ORD-109031,2025-03-28,2025-03-28,0.0
ORD-109032,2025-09-10,2025-09-11,1.0
ORD-109033,2025-11-08,2025-11-09,1.0
ORD-109034,2025-02-17,2025-02-17,0.0
ORD-109035,2025-10-14,2025-10-14,0.0
ORD-109036,2025-05-31,2025-06-01,1.0
ORD-109037,2024-11-20,,
ORD-109038,2024-10-19,2024-10-20,1.0
ORD-109039,2025-08-02,2025-08-02,0.0
ORD-109040,2024-03-31,2024-03-31,0.0
ORD-109041,2024-08-26,,
ORD-109042,2025-08-14,2025-08-14,0.0
ORD-109043,2025-02-19,2025-02-19,0.0
ORD-109044,2025-12-12,2025-12-12,0.0
ORD-109045,2025-11-25,2025-11-26,1.0
ORD-109046,2024-04-18,,
ORD-109047,2025-05-05,2025-05-05,0.0
ORD-109048,2025-02-08,2025-02-08,0.0
ORD-109049,2025-09-03,2025-09-03,0.0
ORD-109050,2025-04-15,2025-04-15,0.0
ORD-109051,2024-11-26,2024-11-27,1.0
ORD-109052,2025-11-10,2025-11-10,0.0
ORD-109053,2025-02-10,,
ORD-109054,2025-06-29,2025-06-30,1.0
ORD-109055,2024-11-01,2024-11-01,0.0
ORD-109056,2024-07-28,2024-07-28,0.0
ORD-109057,2025-06-20,2025-06-21,1.0
ORD-109058,2025-11-19,2025-11-19,0.0
ORD-109059,2025-11-16,2025-11-16,0.0
ORD-109060,2025-10-22,2025-10-22,0.0
ORD-109061,2025-06-25,2025-06-25,0.0
ORD-109062,2025-09-17,,
ORD-109063,2024-11-07,2024-11-08,1.0
ORD-109064,2025-11-12,2025-11-14,2.0
ORD-109065,2025-07-30,2025-08-01,2.0
ORD-109066,2025-09-18,2025-09-18,0.0
ORD-109067,2025-02-15,2025-02-15,0.0
ORD-109068,2024-08-07,,
ORD-109069,2025-03-08,,
ORD-109070,2025-02-02,2025-02-03,1.0
ORD-109071,2025-07-13,2025-07-13,0.0
ORD-109072,2024-10-24,2024-10-25,1.0
ORD-109073,2025-09-08,2025-09-08,0.0
ORD-109074,2025-05-23,2025-05-24,1.0
ORD-109075,2025-08-05,2025-08-05,0.0
ORD-109076,2024-08-11,2024-08-11,0.0
ORD-109077,2025-04-03,2025-04-04,1.0
ORD-109078,2025-05-16,2025-05-16,0.0
ORD-109079,2025-01-23,2025-01-24,1.0
ORD-109080,2025-09-02,2025-09-02,0.0
ORD-109081,2024-08-08,2024-08-09,1.0
ORD-109082,2025-08-17,2025-08-17,0.0
ORD-109083,2025-06-14,2025-06-14,0.0
ORD-109084,2025-10-08,2025-10-08,0.0
ORD-109085,2024-05-27,,
ORD-109086,2025-01-12,2025-01-12,0.0
ORD-109087,2025-03-31,2025-04-03,3.0
ORD-109088,2024-08-01,2024-08-01,0.0
ORD-109089,2025-11-27,2025-11-27,0.0
ORD-109090,2025-09-16,,
ORD-109091,2024-08-05,2024-08-05,0.0
ORD-109092,2025-07-11,2025-07-12,1.0
ORD-109093,2024-05-03,2024-05-05,2.0
ORD-109094,2025-10-29,2025-10-29,0.0
ORD-109095,2025-08-25,2025-08-25,0.0
ORD-109096,2025-11-06,2025-11-06,0.0
ORD-109097,2025-10-14,2025-10-15,1.0
ORD-109098,2024-12-14,2024-12-17,3.0
ORD-109099,2025-11-24,2025-11-24,0.0
ORD-109100,2024-08-10,2024-08-10,0.0
ORD-109101,2025-02-23,2025-02-23,0.0
ORD-109102,2025-08-24,2025-08-26,2.0
ORD-109103,2025-01-25,2025-01-25,0.0
ORD-109104,2025-01-13,2025-01-13,0.0
ORD-109105,2025-01-25,2025-01-25,0.0
ORD-109106,2024-11-19,2024-11-19,0.0
ORD-109107,2025-10-29,2025-10-29,0.0
ORD-109108,2025-02-07,2025-02-07,0.0
ORD-109109,2025-09-24,2025-09-24,0.0
ORD-109110,2025-10-22,2025-10-24,2.0
ORD-109111,2025-01-25,2025-01-25,0.0
ORD-109112,2025-08-28,2025-08-28,0.0
ORD-109113,2025-05-09,2025-05-09,0.0
ORD-109114,2025-01-10,2025-01-10,0.0
ORD-109115,2024-07-13,2024-07-13,0.0
ORD-109116,2025-07-04,2025-07-06,2.0
ORD-109117,2025-09-10,2025-09-13,3.0
ORD-109118,2025-10-07,2025-10-07,0.0
ORD-109119,2025-11-14,2025-11-14,0.0
ORD-109120,2024-12-17,2024-12-22,5.0
ORD-109121,2025-03-29,2025-03-30,1.0
ORD-109122,2025-09-08,2025-09-08,0.0
ORD-109123,2024-12-10,2024-12-12,2.0
ORD-109124,2024-08-02,2024-08-03,1.0
ORD-109125,2025-11-16,2025-11-16,0.0
ORD-109126,2025-09-02,2025-09-02,0.0
ORD-109127,2025-03-16,2025-03-16,0.0
ORD-109128,2025-05-09,2025-05-09,0.0
ORD-109129,2025-11-02,,
ORD-109130,2024-09-30,2024-10-02,2.0
ORD-109131,2025-11-02,2025-11-02,0.0
ORD-109132,2024-11-03,2024-11-03,0.0
ORD-109133,2025-11-11,2025-11-11,0.0
ORD-109134,2025-06-27,2025-06-30,3.0
ORD-109135,2024-12-05,2024-12-05,0.0
ORD-109136,2025-01-23,2025-01-23,0.0
ORD-109137,2025-12-04,2025-12-04,0.0
ORD-109138,2025-06-18,,
ORD-109139,2025-06-09,2025-06-09,0.0
ORD-109140,2025-01-25,2025-01-26,1.0
ORD-109141,2024-11-08,2024-11-08,0.0
ORD-109142,2024-12-21,2024-12-21,0.0
ORD-109143,2024-12-11,2024-12-11,0.0
ORD-109144,2024-12-27,2024-12-27,0.0
ORD-109145,2025-09-10,2025-09-12,2.0
ORD-109146,2025-03-26,,
ORD-109147,2025-12-24,2025-12-24,0.0
ORD-109148,2025-05-29,2025-05-29,0.0
ORD-109149,2025-04-07,2025-04-07,0.0
ORD-109150,2025-08-29,,
ORD-109151,2025-05-04,2025-05-04,0.0
ORD-109152,2025-03-17,2025-03-17,0.0
ORD-109153,2025-12-16,2025-12-17,1.0
ORD-109154,2025-10-26,,
ORD-109155,2025-11-18,2025-11-19,1.0
ORD-109156,2025-06-06,2025-06-06,0.0
ORD-109157,2025-07-09,2025-07-10,1.0
ORD-109158,2025-08-31,2025-09-01,1.0
ORD-109159,2025-09-11,2025-09-12,1.0
ORD-109160,2024-07-27,2024-07-27,0.0
ORD-109161,2025-09-10,2025-09-10,0.0
ORD-109162,2025-06-21,2025-06-21,0.0
ORD-109163,2025-02-10,2025-02-10,0.0
ORD-109164,2024-07-07,2024-07-08,1.0
ORD-109165,2024-09-25,2024-09-26,1.0
ORD-109166,2025-07-29,2025-07-30,1.0
ORD-109167,2025-06-29,2025-06-30,1.0
ORD-109168,2025-03-02,2025-03-02,0.0
ORD-109169,2025-10-22,2025-10-22,0.0
ORD-109170,2025-05-05,2025-05-05,0.0
ORD-109171,2025-07-27,2025-07-27,0.0
ORD-109172,2025-11-15,2025-11-15,0.0
ORD-109173,2024-08-20,2024-08-21,1.0
ORD-109174,2025-03-14,2025-03-17,3.0
ORD-109175,2025-08-20,2025-08-21,1.0
ORD-109176,2025-01-15,2025-01-17,2.0
ORD-109177,2025-03-09,,
ORD-109178,2025-11-13,2025-11-14,1.0
ORD-109179,2024-08-08,2024-08-08,0.0
ORD-109180,2025-05-13,2025-05-13,0.0
ORD-109181,2025-12-07,2025-12-08,1.0
ORD-109182,2025-11-09,2025-11-11,2.0
ORD-109183,2024-12-02,2024-12-02,0.0
ORD-109184,2025-12-15,2025-12-16,1.0
ORD-109185,2024-07-29,,
ORD-109186,2025-04-21,2025-04-21,0.0
ORD-109187,2024-11-06,2024-11-07,1.0
ORD-109188,2025-08-22,2025-08-22,0.0
ORD-109189,2025-09-29,,
ORD-109190,2025-01-23,2025-01-23,0.0
ORD-109191,2025-03-27,2025-03-30,3.0
ORD-109192,2025-09-23,2025-09-24,1.0
ORD-109193,2024-08-16,2024-08-16,0.0
ORD-109194,2025-08-22,2025-08-22,0.0
ORD-109195,2025-11-07,2025-11-07,0.0
ORD-109196,2024-10-20,2024-10-20,0.0
ORD-109197,2025-11-08,2025-11-09,1.0
ORD-109198,2024-06-30,2024-06-30,0.0
ORD-109199,2025-05-31,2025-05-31,0.0
ORD-109200,2025-10-09,2025-10-10,1.0
ORD-109201,2024-06-01,2024-06-01,0.0
ORD-109202,2025-11-26,2025-11-28,2.0
ORD-109203,2024-12-06,2024-12-07,1.0
ORD-109204,2025-11-12,2025-11-12,0.0
ORD-109205,2025-09-10,2025-09-11,1.0
ORD-109206,2024-12-27,2024-12-27,0.0
ORD-109207,2025-06-10,2025-06-10,0.0
ORD-109208,2025-11-04,2025-11-04,0.0
ORD-109209,2025-08-03,2025-08-04,1.0
ORD-109210,2024-09-11,2024-09-11,0.0
ORD-109211,2025-05-03,2025-05-03,0.0
ORD-109212,2025-07-27,2025-07-27,0.0
ORD-109213,2025-09-19,2025-09-20,1.0
ORD-109214,2025-07-30,2025-08-01,2.0
ORD-109215,2025-12-16,2025-12-16,0.0
ORD-109216,2025-11-01,2025-11-01,0.0
ORD-109217,2024-08-16,2024-08-17,1.0
ORD-109218,2024-12-08,2024-12-09,1.0
ORD-109219,2025-06-23,,
ORD-109220,2025-12-21,2025-12-21,0.0
ORD-109221,2025-12-09,2025-12-10,1.0
ORD-109222,2025-03-02,2025-03-02,0.0
ORD-109223,2025-02-13,2025-02-14,1.0
ORD-109224,2025-11-05,2025-11-07,2.0
ORD-109225,2024-10-27,2024-10-27,0.0
ORD-109226,2025-04-26,2025-04-26,0.0
ORD-109227,2024-12-31,,
ORD-109228,2025-01-03,2025-01-05,2.0
ORD-109229,2025-01-03,2025-01-03,0.0
ORD-109230,2025-01-14,2025-01-14,0.0
ORD-109231,2025-11-26,2025-11-26,0.0
ORD-109232,2025-12-09,2025-12-09,0.0
ORD-109233,2025-05-07,2025-05-07,0.0
ORD-109234,2025-10-17,2025-10-17,0.0
ORD-109235,2025-11-05,2025-11-05,0.0
ORD-109236,2025-11-19,2025-11-19,0.0
ORD-109237,2025-02-03,,
ORD-109238,2025-06-30,2025-06-30,0.0
ORD-109239,2025-07-10,2025-07-12,2.0
ORD-109240,2025-07-30,2025-07-30,0.0
ORD-109241,2024-12-04,2024-12-04,0.0
ORD-109242,2025-05-08,2025-05-10,2.0
ORD-109243,2025-06-20,2025-06-20,0.0
ORD-109244,2024-08-29,2024-08-29,0.0
ORD-109245,2025-10-29,2025-10-29,0.0
ORD-109246,2025-11-25,2025-11-25,0.0
ORD-109247,2025-05-09,2025-05-10,1.0
ORD-109248,2025-08-25,2025-08-25,0.0
ORD-109249,2025-04-19,2025-04-19,0.0
ORD-109250,2025-11-23,2025-11-25,2.0
ORD-109251,2024-09-06,2024-09-07,1.0
ORD-109252,2024-07-20,2024-07-20,0.0
ORD-109253,2024-08-20,2024-08-21,1.0
ORD-109254,2025-04-20,2025-04-20,0.0
ORD-109255,2025-01-15,2025-01-15,0.0
ORD-109256,2025-01-30,2025-01-30,0.0
ORD-109257,2024-09-22,2024-09-22,0.0
ORD-109258,2025-12-13,2025-12-14,1.0
ORD-109259,2025-08-20,2025-08-22,2.0
ORD-109260,2024-11-05,,
ORD-109261,2025-12-07,2025-12-09,2.0
ORD-109262,2025-09-01,2025-09-01,0.0
ORD-109263,2024-11-24,2024-11-24,0.0
ORD-109264,2025-12-16,2025-12-18,2.0
ORD-109265,2025-10-21,2025-10-21,0.0
ORD-109266,2025-06-29,2025-06-29,0.0
ORD-109267,2025-05-16,2025-05-17,1.0
ORD-109268,2025-06-09,2025-06-11,2.0
ORD-109269,2025-12-25,2025-12-25,0.0
ORD-109270,2025-05-22,2025-05-23,1.0
ORD-109271,2024-05-24,2024-05-25,1.0
ORD-109272,2025-03-13,2025-03-14,1.0
ORD-109273,2025-05-30,,
ORD-109274,2024-10-06,,
ORD-109275,2025-03-23,2025-03-23,0.0
ORD-109276,2024-10-10,2024-10-10,0.0
ORD-109277,2025-08-03,2025-08-03,0.0
ORD-109278,2025-08-25,2025-08-25,0.0
ORD-109279,2025-05-23,,
ORD-109280,2025-10-13,2025-10-13,0.0
ORD-109281,2024-10-05,2024-10-05,0.0
ORD-109282,2025-05-07,2025-05-07,0.0
ORD-109283,2025-04-02,2025-04-04,2.0
ORD-109284,2024-10-28,2024-10-28,0.0
ORD-109285,2025-10-07,,
ORD-109286,2025-10-31,2025-10-31,0.0
ORD-109287,2024-07-04,2024-07-06,2.0
ORD-109288,2025-11-28,2025-11-28,0.0
ORD-109289,2025-10-20,2025-10-20,0.0
ORD-109290,2025-06-16,2025-06-17,1.0
ORD-109291,2025-09-18,2025-09-18,0.0
ORD-109292,2025-02-20,2025-02-20,0.0
ORD-109293,2025-03-30,2025-04-01,2.0
ORD-109294,2025-04-22,2025-04-22,0.0
ORD-109295,2024-07-27,2024-07-28,1.0
ORD-109296,2024-11-17,2024-11-17,0.0
ORD-109297,2025-03-21,2025-03-23,2.0
ORD-109298,2024-10-08,2024-10-10,2.0
ORD-109299,2025-12-01,2025-12-01,0.0
ORD-109300,2025-06-19,2025-06-20,1.0
ORD-109301,2025-06-10,2025-06-10,0.0
ORD-109302,2024-05-11,2024-05-11,0.0
ORD-109303,2025-03-12,2025-03-12,0.0
ORD-109304,2025-04-26,2025-04-26,0.0
ORD-109305,2025-10-26,2025-10-28,2.0
ORD-109306,2024-06-09,2024-06-09,0.0
ORD-109307,2025-11-20,2025-11-20,0.0
ORD-109308,2025-04-07,2025-04-07,0.0
ORD-109309,2025-08-03,2025-08-03,0.0
ORD-109310,2025-11-07,2025-11-07,0.0
ORD-109311,2025-01-31,,
ORD-109312,2024-04-02,2024-04-04,2.0
ORD-109313,2025-11-03,2025-11-03,0.0
ORD-109314,2024-08-29,2024-08-29,0.0
ORD-109315,2024-02-11,2024-02-11,0.0
ORD-109316,2025-09-07,2025-09-07,0.0
ORD-109317,2025-04-03,2025-04-03,0.0
ORD-109318,2024-12-06,2024-12-07,1.0
ORD-109319,2024-05-21,2024-05-21,0.0
ORD-109320,2024-04-01,2024-04-03,2.0
ORD-109321,2025-10-30,2025-11-01,2.0
ORD-109322,2025-12-16,2025-12-16,0.0
ORD-109323,2025-01-01,2025-01-01,0.0
ORD-109324,2024-06-25,2024-06-28,3.0
ORD-109325,2025-08-09,2025-08-09,0.0
ORD-109326,2025-05-07,2025-05-07,0.0
ORD-109327,2025-09-22,2025-09-22,0.0
ORD-109328,2024-11-06,2024-11-06,0.0
ORD-109329,2025-04-12,2025-04-12,0.0
ORD-109330,2025-06-03,2025-06-03,0.0
ORD-109331,2025-07-07,2025-07-08,1.0
ORD-109332,2025-03-29,2025-03-29,0.0
ORD-109333,2025-02-09,2025-02-09,0.0
ORD-109334,2024-12-14,2024-12-14,0.0
ORD-109335,2025-09-01,2025-09-01,0.0
ORD-109336,2025-05-16,2025-05-16,0.0
ORD-109337,2025-01-10,2025-01-12,2.0
ORD-109338,2025-12-08,2025-12-08,0.0
ORD-109339,2024-10-09,2024-10-09,0.0
ORD-109340,2024-10-25,2024-10-26,1.0
ORD-109341,2024-11-17,2024-11-17,0.0
ORD-109342,2025-09-24,,
ORD-109343,2024-09-25,2024-09-26,1.0
ORD-109344,2025-10-21,2025-10-21,0.0
ORD-109345,2025-07-21,2025-07-24,3.0
ORD-109346,2025-07-31,2025-07-31,0.0
ORD-109347,2025-02-06,2025-02-06,0.0
ORD-109348,2025-08-16,2025-08-16,0.0
ORD-109349,2025-10-31,,
ORD-109350,2025-09-28,2025-10-01,3.0
ORD-109351,2024-11-02,2024-11-03,1.0
ORD-109352,2024-08-20,2024-08-20,0.0
ORD-109353,2025-09-29,2025-09-29,0.0
ORD-109354,2025-07-05,2025-07-05,0.0
ORD-109355,2025-11-21,2025-11-23,2.0
ORD-109356,2025-01-26,2025-01-28,2.0
ORD-109357,2025-07-13,,
ORD-109358,2025-05-01,2025-05-01,0.0
ORD-109359,2025-07-08,2025-07-10,2.0
ORD-109360,2025-05-27,2025-05-28,1.0
ORD-109361,2025-12-12,2025-12-15,3.0
ORD-109362,2024-11-08,2024-11-10,2.0
ORD-109363,2024-10-22,2024-10-22,0.0
ORD-109364,2025-07-18,2025-07-19,1.0
ORD-109365,2025-10-31,2025-10-31,0.0
ORD-109366,2024-08-20,2024-08-20,0.0
ORD-109367,2025-02-25,2025-02-27,2.0
ORD-109368,2025-08-27,2025-08-27,0.0
ORD-109369,2025-10-09,2025-10-09,0.0
ORD-109370,2024-03-28,2024-03-28,0.0
ORD-109371,2025-04-25,2025-04-25,0.0
ORD-109372,2025-10-31,2025-10-31,0.0
ORD-109373,2025-04-28,2025-04-28,0.0
ORD-109374,2025-07-04,2025-07-04,0.0
ORD-109375,2025-03-24,2025-03-25,1.0
ORD-109376,2025-11-25,2025-11-25,0.0
ORD-109377,2025-11-02,2025-11-02,0.0
ORD-109378,2025-06-08,2025-06-09,1.0
ORD-109379,2025-01-04,2025-01-04,0.0
ORD-109380,2025-11-22,2025-11-22,0.0
ORD-109381,2025-11-11,2025-11-11,0.0
ORD-109382,2025-12-15,2025-12-15,0.0
ORD-109383,2025-06-23,2025-06-25,2.0
ORD-109384,2025-08-13,2025-08-13,0.0
ORD-109385,2024-10-21,2024-10-23,2.0
ORD-109386,2025-10-18,2025-10-18,0.0
ORD-109387,2025-10-19,2025-10-19,0.0
ORD-109388,2024-11-15,2024-11-15,0.0
ORD-109389,2025-06-16,2025-06-16,0.0
ORD-109390,2025-10-26,2025-10-26,0.0
ORD-109391,2025-10-27,2025-10-27,0.0
ORD-109392,2024-06-10,,
ORD-109393,2025-12-04,2025-12-04,0.0
ORD-109394,2025-09-14,2025-09-15,1.0
ORD-109395,2025-05-21,2025-05-21,0.0
ORD-109396,2025-11-05,2025-11-08,3.0
ORD-109397,2025-02-25,2025-02-26,1.0
ORD-109398,2024-11-09,2024-11-09,0.0
ORD-109399,2025-12-23,2025-12-26,3.0
ORD-109400,2024-11-13,2024-11-13,0.0
ORD-109401,2025-10-30,2025-10-30,0.0
ORD-109402,2025-10-21,2025-10-24,3.0
ORD-109403,2025-06-01,2025-06-01,0.0
ORD-109404,2025-12-22,2025-12-22,0.0
ORD-109405,2025-08-04,2025-08-05,1.0
ORD-109406,2025-06-29,2025-07-01,2.0
ORD-109407,2024-11-20,2024-11-20,0.0
ORD-109408,2024-05-02,2024-05-02,0.0
ORD-109409,2025-11-04,,
ORD-109410,2025-03-16,2025-03-16,0.0
ORD-109411,2025-05-26,,
ORD-109412,2025-10-30,2025-10-30,0.0
ORD-109413,2025-08-17,2025-08-17,0.0
ORD-109414,2025-02-24,2025-02-24,0.0
ORD-109415,2025-11-03,2025-11-05,2.0
ORD-109416,2025-08-06,2025-08-06,0.0
ORD-109417,2025-09-15,2025-09-17,2.0
ORD-109418,2025-01-16,2025-01-16,0.0
ORD-109419,2025-09-29,2025-09-29,0.0
ORD-109420,2025-08-03,,
ORD-109421,2025-07-24,2025-07-24,0.0
ORD-109422,2025-09-27,2025-09-28,1.0
ORD-109423,2025-11-01,2025-11-01,0.0
ORD-109424,2025-01-18,2025-01-18,0.0
ORD-109425,2025-02-25,2025-02-26,1.0
ORD-109426,2024-05-04,2024-05-04,0.0
ORD-109427,2025-07-29,2025-07-29,0.0
ORD-109428,2025-08-19,2025-08-21,2.0
ORD-109429,2025-11-12,2025-11-13,1.0
ORD-109430,2025-02-16,2025-02-16,0.0
ORD-109431,2024-09-08,2024-09-08,0.0
ORD-109432,2025-10-14,2025-10-15,1.0
ORD-109433,2024-10-01,2024-10-02,1.0
ORD-109434,2025-11-05,,
ORD-109435,2025-12-14,2025-12-14,0.0
ORD-109436,2025-03-17,2025-03-17,0.0
ORD-109437,2024-12-28,2024-12-29,1.0
ORD-109438,2025-11-07,2025-11-07,0.0
ORD-109439,2025-11-08,2025-11-08,0.0
ORD-109440,2025-10-15,2025-10-15,0.0
ORD-109441,2025-11-02,2025-11-02,0.0
ORD-109442,2025-11-16,2025-11-16,0.0
ORD-109443,2025-02-10,,
ORD-109444,2025-06-13,2025-06-13,0.0
ORD-109445,2025-04-09,2025-04-09,0.0
ORD-109446,2024-06-01,,
ORD-109447,2024-11-14,2024-11-14,0.0
ORD-109448,2025-06-11,,
ORD-109449,2025-08-12,2025-08-13,1.0
ORD-109450,2025-05-29,2025-05-31,2.0
ORD-109451,2025-11-11,2025-11-13,2.0
ORD-109452,2025-09-03,2025-09-03,0.0
ORD-109453,2025-10-09,2025-10-09,0.0
ORD-109454,2024-10-24,2024-10-24,0.0
ORD-109455,2026-01-02,2026-01-03,1.0
ORD-109456,2025-01-25,2025-01-25,0.0
ORD-109457,2025-05-22,,
ORD-109458,2024-09-06,2024-09-06,0.0
ORD-109459,2025-09-02,2025-09-02,0.0
ORD-109460,2025-10-31,2025-10-31,0.0
ORD-109461,2025-01-13,2025-01-14,1.0
ORD-109462,2025-10-12,2025-10-12,0.0
ORD-109463,2024-08-05,2024-08-06,1.0
ORD-109464,2025-05-28,2025-05-29,1.0
ORD-109465,2025-04-19,2025-04-22,3.0
ORD-109466,2025-11-20,2025-11-20,0.0
ORD-109467,2025-11-17,2025-11-17,0.0
ORD-109468,2025-06-14,2025-06-14,0.0
ORD-109469,2025-10-29,2025-10-29,0.0
ORD-109470,2025-10-07,2025-10-07,0.0
ORD-109471,2024-12-01,2024-12-02,1.0
ORD-109472,2025-10-17,2025-10-18,1.0
ORD-109473,2024-11-30,2024-11-30,0.0
ORD-109474,2024-10-18,2024-10-18,0.0
ORD-109475,2025-04-04,2025-04-04,0.0
ORD-109476,2025-07-10,,
ORD-109477,2025-10-26,2025-10-26,0.0
ORD-109478,2025-11-05,2025-11-05,0.0
ORD-109479,2025-11-02,2025-11-02,0.0
ORD-109480,2025-04-18,2025-04-18,0.0
ORD-109481,2025-01-27,,
ORD-109482,2025-09-22,2025-09-23,1.0
ORD-109483,2025-09-29,2025-09-29,0.0
ORD-109484,2025-08-19,2025-08-24,5.0
ORD-109485,2025-07-03,2025-07-03,0.0
ORD-109486,2025-05-23,2025-05-23,0.0
ORD-109487,2025-08-16,2025-08-17,1.0
ORD-109488,2025-05-08,2025-05-08,0.0
ORD-109489,2024-07-28,2024-07-29,1.0
ORD-109490,2024-11-21,,
ORD-109491,2024-12-21,2024-12-21,0.0
ORD-109492,2025-05-16,2025-05-16,0.0
ORD-109493,2025-06-06,2025-06-06,0.0
ORD-109494,2025-06-21,2025-06-21,0.0
ORD-109495,2025-04-30,2025-05-01,1.0
ORD-109496,2025-09-16,2025-09-21,5.0
ORD-109497,2025-12-20,2025-12-20,0.0
ORD-109498,2025-11-19,2025-11-21,2.0
ORD-109499,2025-01-07,,
ORD-109500,2025-01-26,2025-01-28,2.0
ORD-109501,2025-11-13,2025-11-13,0.0
ORD-109502,2025-06-26,2025-06-27,1.0
ORD-109503,2024-12-24,2024-12-29,5.0
ORD-109504,2025-06-05,2025-06-06,1.0
ORD-109505,2024-12-22,2024-12-22,0.0
ORD-109506,2025-09-04,,
ORD-109507,2025-09-03,2025-09-03,0.0
ORD-109508,2025-11-18,2025-11-21,3.0
ORD-109509,2025-06-05,2025-06-05,0.0
ORD-109510,2025-01-26,2025-01-26,0.0
ORD-109511,2025-09-08,2025-09-09,1.0
ORD-109512,2024-11-14,2024-11-16,2.0
ORD-109513,2025-04-18,2025-04-19,1.0
ORD-109514,2025-10-04,2025-10-05,1.0
ORD-109515,2024-12-09,2024-12-09,0.0
ORD-109516,2025-12-04,2025-12-04,0.0
ORD-109517,2024-06-10,,
ORD-109518,2025-10-11,,
ORD-109519,2025-09-17,2025-09-17,0.0
ORD-109520,2025-08-05,2025-08-05,0.0
ORD-109521,2025-05-26,2025-05-27,1.0
ORD-109522,2025-03-11,2025-03-11,0.0
ORD-109523,2025-03-21,,
ORD-109524,2025-07-17,2025-07-18,1.0
ORD-109525,2025-02-24,2025-02-25,1.0
ORD-109526,2025-05-11,2025-05-11,0.0
ORD-109527,2024-08-02,2024-08-02,0.0
ORD-109528,2025-10-16,2025-10-16,0.0
ORD-109529,2025-12-11,2025-12-11,0.0
ORD-109530,2025-06-25,2025-06-25,0.0
ORD-109531,2025-05-07,2025-05-07,0.0
ORD-109532,2025-11-17,2025-11-20,3.0
ORD-109533,2025-11-09,2025-11-09,0.0
ORD-109534,2025-09-24,2025-09-24,0.0
ORD-109535,2025-07-13,2025-07-16,3.0
ORD-109536,2025-02-01,2025-02-03,2.0
ORD-109537,2025-11-18,2025-11-18,0.0
ORD-109538,2025-11-10,2025-11-10,0.0
ORD-109539,2025-08-08,2025-08-11,3.0
ORD-109540,2025-11-14,2025-11-14,0.0
ORD-109541,2024-09-05,2024-09-05,0.0
ORD-109542,2024-04-01,2024-04-01,0.0
ORD-109543,2024-08-11,2024-08-11,0.0
ORD-109544,2024-07-10,2024-07-10,0.0
ORD-109545,2025-10-14,2025-10-14,0.0
ORD-109546,2025-11-11,2025-11-12,1.0
ORD-109547,2025-06-20,2025-06-20,0.0
ORD-109548,2025-08-08,2025-08-08,0.0
ORD-109549,2025-02-17,2025-02-18,1.0
ORD-109550,2024-06-07,2024-06-07,0.0
ORD-109551,2025-10-23,,
ORD-109552,2025-01-23,,
ORD-109553,2025-02-20,2025-02-20,0.0
ORD-109554,2025-04-27,2025-04-27,0.0
ORD-109555,2025-05-08,2025-05-08,0.0
ORD-109556,2025-09-14,2025-09-15,1.0
ORD-109557,2024-09-22,2024-09-22,0.0
ORD-109558,2025-04-10,2025-04-10,0.0
ORD-109559,2025-10-25,2025-10-25,0.0
ORD-109560,2025-04-27,2025-04-27,0.0
ORD-109561,2025-05-19,2025-05-20,1.0
ORD-109562,2024-08-09,2024-08-09,0.0
ORD-109563,2024-09-25,2024-09-26,1.0
ORD-109564,2025-11-11,2025-11-12,1.0
ORD-109565,2024-09-04,2024-09-04,0.0
ORD-109566,2024-04-23,2024-04-23,0.0
ORD-109567,2025-10-23,2025-10-23,0.0
ORD-109568,2025-09-21,2025-09-22,1.0
ORD-109569,2024-11-23,2024-11-23,0.0
ORD-109570,2025-10-26,2025-10-27,1.0
ORD-109571,2025-06-17,2025-06-17,0.0
ORD-109572,2024-07-21,2024-07-22,1.0
ORD-109573,2024-11-15,2024-11-15,0.0
ORD-109574,2024-12-22,2024-12-22,0.0
ORD-109575,2025-05-02,2025-05-02,0.0
ORD-109576,2025-05-10,,
ORD-109577,2025-10-29,2025-10-30,1.0
ORD-109578,2025-01-05,2025-01-05,0.0
ORD-109579,2024-10-17,2024-10-17,0.0
ORD-109580,2025-11-05,2025-11-05,0.0
ORD-109581,2025-04-23,2025-04-24,1.0
ORD-109582,2024-10-28,2024-10-28,0.0
ORD-109583,2025-10-14,,
ORD-109584,2024-08-30,2024-08-30,0.0
ORD-109585,2025-04-24,2025-04-24,0.0
ORD-109586,2025-08-02,2025-08-03,1.0
ORD-109587,2025-02-25,2025-02-25,0.0
ORD-109588,2025-04-17,2025-04-17,0.0
ORD-109589,2025-01-18,2025-01-19,1.0
ORD-109590,2025-09-11,2025-09-11,0.0
ORD-109591,2025-02-09,2025-02-09,0.0
ORD-109592,2025-03-28,2025-03-28,0.0
ORD-109593,2025-04-30,,
ORD-109594,2025-07-16,2025-07-16,0.0
ORD-109595,2025-09-28,,
ORD-109596,2025-05-28,2025-05-30,2.0
ORD-109597,2025-11-05,2025-11-05,0.0
ORD-109598,2024-10-18,2024-10-18,0.0
ORD-109599,2025-11-27,2025-11-27,0.0
ORD-109600,2025-02-02,2025-02-03,1.0
ORD-109601,2024-11-01,2024-11-01,0.0
ORD-109602,2025-05-11,2025-05-11,0.0
ORD-109603,2025-11-12,2025-11-12,0.0
ORD-109604,2025-11-16,2025-11-16,0.0
ORD-109605,2024-07-21,2024-07-21,0.0
ORD-109606,2024-05-21,2024-05-21,0.0
ORD-109607,2025-11-16,2025-11-16,0.0
ORD-109608,2025-09-30,2025-09-30,0.0
ORD-109609,2024-08-17,2024-08-18,1.0
ORD-109610,2025-09-23,2025-09-25,2.0
ORD-109611,2025-08-03,2025-08-06,3.0
ORD-109612,2025-02-24,,
ORD-109613,2025-11-06,2025-11-07,1.0
ORD-109614,2024-10-08,2024-10-08,0.0
ORD-109615,2024-12-18,2024-12-20,2.0
ORD-109616,2025-07-24,2025-07-24,0.0
ORD-109617,2024-06-17,2024-06-17,0.0
ORD-109618,2025-04-04,2025-04-04,0.0
ORD-109619,2025-08-18,2025-08-19,1.0
ORD-109620,2025-08-15,2025-08-15,0.0
ORD-109621,2024-10-30,2024-10-30,0.0
ORD-109622,2025-07-10,2025-07-11,1.0
ORD-109623,2025-11-12,2025-11-12,0.0
ORD-109624,2025-11-16,2025-11-17,1.0
ORD-109625,2024-05-28,2024-05-28,0.0
ORD-109626,2025-12-10,2025-12-10,0.0
ORD-109627,2025-01-28,2025-01-28,0.0
ORD-109628,2025-08-14,2025-08-14,0.0
ORD-109629,2025-03-22,2025-03-22,0.0
ORD-109630,2025-04-30,2025-04-30,0.0
ORD-109631,2025-11-02,2025-11-02,0.0
ORD-109632,2025-10-15,,
ORD-109633,2025-02-26,2025-02-27,1.0
ORD-109634,2025-10-15,2025-10-16,1.0
ORD-109635,2025-11-03,2025-11-04,1.0
ORD-109636,2025-07-24,2025-07-24,0.0
ORD-109637,2025-07-05,2025-07-05,0.0
ORD-109638,2024-10-30,2024-11-01,2.0
ORD-109639,2024-10-29,2024-10-29,0.0
ORD-109640,2025-12-26,2025-12-26,0.0
ORD-109641,2024-07-08,2024-07-08,0.0
ORD-109642,2024-09-21,2024-09-21,0.0
ORD-109643,2025-10-14,2025-10-15,1.0
ORD-109644,2025-09-04,2025-09-04,0.0
ORD-109645,2025-05-14,2025-05-14,0.0
ORD-109646,2025-08-31,2025-08-31,0.0
ORD-109647,2024-04-09,2024-04-09,0.0
ORD-109648,2025-12-19,2025-12-19,0.0
ORD-109649,2024-09-06,2024-09-06,0.0
ORD-109650,2025-11-30,2025-11-30,0.0
ORD-109651,2025-11-04,2025-11-05,1.0
ORD-109652,2025-10-14,2025-10-14,0.0
ORD-109653,2025-10-26,2025-10-27,1.0
ORD-109654,2024-10-19,2024-10-19,0.0
ORD-109655,2025-11-05,2025-11-05,0.0
ORD-109656,2025-04-30,2025-05-02,2.0
ORD-109657,2024-07-02,2024-07-02,0.0
ORD-109658,2025-09-06,2025-09-06,0.0
ORD-109659,2025-11-12,2025-11-14,2.0
ORD-109660,2025-09-09,2025-09-10,1.0
ORD-109661,2025-08-17,2025-08-17,0.0
ORD-109662,2025-09-16,2025-09-16,0.0
ORD-109663,2025-09-07,2025-09-07,0.0
ORD-109664,2024-11-30,2024-11-30,0.0
ORD-109665,2025-08-02,,
ORD-109666,2025-02-04,2025-02-06,2.0
ORD-109667,2024-11-09,2024-11-10,1.0
ORD-109668,2024-05-24,2024-05-24,0.0
ORD-109669,2025-11-10,2025-11-10,0.0
ORD-109670,2025-09-23,,
ORD-109671,2024-11-11,2024-11-12,1.0
ORD-109672,2025-08-14,2025-08-17,3.0
ORD-109673,2025-11-20,2025-11-20,0.0
ORD-109674,2024-11-10,2024-11-10,0.0
ORD-109675,2024-11-15,2024-11-17,2.0
ORD-109676,2025-11-02,2025-11-03,1.0
ORD-109677,2025-01-31,,
ORD-109678,2025-11-27,2025-11-30,3.0
ORD-109679,2024-08-15,2024-08-17,2.0
ORD-109680,2025-07-13,2025-07-13,0.0
ORD-109681,2025-09-05,2025-09-05,0.0
ORD-109682,2025-08-01,,
ORD-109683,2024-10-19,2024-10-19,0.0
ORD-109684,2025-08-13,,
ORD-109685,2024-12-09,2024-12-10,1.0
ORD-109686,2024-11-10,2024-11-10,0.0
ORD-109687,2024-09-29,2024-09-29,0.0
ORD-109688,2025-12-21,2025-12-21,0.0
ORD-109689,2024-11-24,2024-11-24,0.0
ORD-109690,2025-09-09,2025-09-10,1.0
ORD-109691,2025-12-06,2025-12-09,3.0
ORD-109692,2025-07-18,2025-07-18,0.0
ORD-109693,2024-12-21,2024-12-21,0.0
ORD-109694,2025-07-06,2025-07-08,2.0
ORD-109695,2025-08-17,2025-08-18,1.0
ORD-109696,2025-11-10,2025-11-10,0.0
ORD-109697,2024-12-22,2024-12-24,2.0
ORD-109698,2025-11-09,2025-11-10,1.0
ORD-109699,2025-09-29,2025-09-29,0.0
ORD-109700,2025-04-09,2025-04-11,2.0
ORD-109701,2025-11-23,,
ORD-109702,2024-08-08,2024-08-08,0.0
ORD-109703,2025-09-27,2025-09-27,0.0
ORD-109704,2025-01-01,2025-01-01,0.0
ORD-109705,2025-05-18,2025-05-18,0.0
ORD-109706,2025-05-11,2025-05-11,0.0
ORD-109707,2025-03-30,2025-03-30,0.0
ORD-109708,2025-10-26,,
ORD-109709,2025-09-24,2025-09-24,0.0
ORD-109710,2024-08-24,2024-08-24,0.0
ORD-109711,2025-06-23,2025-06-23,0.0
ORD-109712,2024-04-14,2024-04-14,0.0
ORD-109713,2025-11-29,2025-11-29,0.0
ORD-109714,2025-02-02,2025-02-04,2.0
ORD-109715,2024-06-07,2024-06-07,0.0
ORD-109716,2024-08-22,2024-08-22,0.0
ORD-109717,2025-10-21,2025-10-21,0.0
ORD-109718,2025-12-05,2025-12-05,0.0
ORD-109719,2025-10-25,2025-10-25,0.0
ORD-109720,2025-11-27,2025-11-27,0.0
ORD-109721,2025-06-01,2025-06-02,1.0
ORD-109722,2025-12-23,,
ORD-109723,2024-12-31,2024-12-31,0.0
ORD-109724,2025-09-16,2025-09-17,1.0
ORD-109725,2025-12-08,2025-12-09,1.0
ORD-109726,2025-07-07,2025-07-07,0.0
ORD-109727,2025-11-24,2025-11-24,0.0
ORD-109728,2024-11-14,2024-11-14,0.0
ORD-109729,2024-09-28,2024-09-28,0.0
ORD-109730,2025-01-09,2025-01-09,0.0
ORD-109731,2025-08-10,2025-08-10,0.0
ORD-109732,2025-11-04,2025-11-04,0.0
ORD-109733,2025-11-02,2025-11-02,0.0
ORD-109734,2025-05-17,2025-05-17,0.0
ORD-109735,2024-07-25,2024-07-25,0.0
ORD-109736,2025-04-06,2025-04-07,1.0
ORD-109737,2025-06-29,2025-06-30,1.0
ORD-109738,2025-09-22,2025-09-23,1.0
ORD-109739,2024-08-19,2024-08-19,0.0
ORD-109740,2024-05-29,2024-05-30,1.0
ORD-109741,2025-07-17,2025-07-17,0.0
ORD-109742,2025-10-01,2025-10-01,0.0
ORD-109743,2025-03-09,2025-03-09,0.0
ORD-109744,2025-10-04,2025-10-04,0.0
ORD-109745,2025-07-11,2025-07-16,5.0
ORD-109746,2025-05-04,2025-05-07,3.0
ORD-109747,2025-12-01,2025-12-04,3.0
ORD-109748,2024-10-28,2024-10-29,1.0
ORD-109749,2025-10-27,2025-10-28,1.0
ORD-109750,2024-09-26,2024-09-26,0.0
ORD-109751,2025-06-14,2025-06-14,0.0
ORD-109752,2025-09-25,2025-09-25,0.0
ORD-109753,2025-12-06,2025-12-06,0.0
ORD-109754,2025-05-15,2025-05-15,0.0
ORD-109755,2025-10-24,2025-10-24,0.0
ORD-109756,2025-11-11,2025-11-11,0.0
ORD-109757,2025-02-12,2025-02-13,1.0
ORD-109758,2025-10-20,2025-10-20,0.0
ORD-109759,2025-11-18,2025-11-18,0.0
ORD-109760,2024-10-22,2024-10-23,1.0
ORD-109761,2024-12-24,,
ORD-109762,2025-06-13,2025-06-13,0.0
ORD-109763,2025-10-21,2025-10-21,0.0
ORD-109764,2024-05-22,2024-05-24,2.0
ORD-109765,2025-02-21,,
ORD-109766,2024-08-28,2024-08-29,1.0
ORD-109767,2025-08-15,,
ORD-109768,2025-03-17,2025-03-19,2.0
ORD-109769,2024-10-15,2024-10-15,0.0
ORD-109770,2025-08-21,,
ORD-109771,2025-10-20,2025-10-21,1.0
ORD-109772,2025-10-08,,
ORD-109773,2025-09-29,2025-09-29,0.0
ORD-109774,2025-06-20,2025-06-20,0.0
ORD-109775,2025-10-18,2025-10-18,0.0
ORD-109776,2025-08-24,2025-08-25,1.0
ORD-109777,2025-04-09,2025-04-10,1.0
ORD-109778,2025-01-28,2025-01-28,0.0
ORD-109779,2025-12-11,2025-12-11,0.0
ORD-109780,2025-11-18,2025-11-20,2.0
ORD-109781,2025-11-16,2025-11-18,2.0
ORD-109782,2024-10-29,2024-10-29,0.0
ORD-109783,2025-07-13,2025-07-13,0.0
ORD-109784,2025-01-13,2025-01-14,1.0
ORD-109785,2024-11-24,2024-11-26,2.0
ORD-109786,2025-05-31,2025-06-01,1.0
ORD-109787,2025-11-20,2025-11-21,1.0
ORD-109788,2025-05-08,2025-05-08,0.0
ORD-109789,2025-12-16,2025-12-16,0.0
ORD-109790,2025-09-09,2025-09-09,0.0
ORD-109791,2025-01-12,2025-01-12,0.0
ORD-109792,2025-07-15,2025-07-16,1.0
ORD-109793,2025-11-02,2025-11-02,0.0
ORD-109794,2024-11-05,2024-11-05,0.0
ORD-109795,2025-12-20,2025-12-21,1.0
ORD-109796,2024-11-06,2024-11-07,1.0
ORD-109797,2025-05-30,,
ORD-109798,2025-02-16,2025-02-16,0.0
ORD-109799,2024-09-24,2024-09-26,2.0
ORD-109800,2025-11-13,2025-11-14,1.0
ORD-109801,2025-07-14,2025-07-17,3.0
ORD-109802,2024-11-18,2024-11-18,0.0
ORD-109803,2024-06-30,,
ORD-109804,2026-01-03,2026-01-03,0.0
ORD-109805,2025-11-07,2025-11-07,0.0
ORD-109806,2024-11-11,,
ORD-109807,2024-05-29,2024-05-29,0.0
ORD-109808,2024-06-26,2024-06-26,0.0
ORD-109809,2025-04-28,2025-04-28,0.0
ORD-109810,2025-04-29,,
ORD-109811,2025-10-03,2025-10-04,1.0
ORD-109812,2025-07-24,2025-07-24,0.0
ORD-109813,2024-11-17,2024-11-17,0.0
ORD-109814,2024-12-09,2024-12-09,0.0
ORD-109815,2025-05-07,2025-05-07,0.0
ORD-109816,2024-06-07,2024-06-07,0.0
ORD-109817,2025-01-04,2025-01-04,0.0
ORD-109818,2024-09-30,2024-09-30,0.0
ORD-109819,2025-01-26,,
ORD-109820,2025-10-12,2025-10-13,1.0
ORD-109821,2025-09-24,2025-09-24,0.0
ORD-109822,2025-09-03,2025-09-03,0.0
ORD-109823,2025-05-28,2025-05-28,0.0
ORD-109824,2025-01-26,2025-01-28,2.0
ORD-109825,2024-11-02,2024-11-02,0.0
ORD-109826,2025-10-05,2025-10-05,0.0
ORD-109827,2025-12-16,2025-12-16,0.0
ORD-109828,2025-11-12,2025-11-12,0.0
ORD-109829,2024-10-25,2024-10-25,0.0
ORD-109830,2025-06-04,2025-06-04,0.0
ORD-109831,2024-10-20,2024-10-22,2.0
ORD-109832,2025-10-03,,
ORD-109833,2024-11-14,2024-11-15,1.0
ORD-109834,2024-08-24,2024-08-25,1.0
ORD-109835,2025-09-09,2025-09-09,0.0
ORD-109836,2025-06-05,2025-06-05,0.0
ORD-109837,2024-06-19,2024-06-19,0.0
ORD-109838,2025-10-29,2025-10-29,0.0
ORD-109839,2025-01-30,2025-01-31,1.0
ORD-109840,2025-08-03,2025-08-03,0.0
ORD-109841,2025-08-24,2025-08-25,1.0
ORD-109842,2025-12-08,2025-12-10,2.0
ORD-109843,2025-06-30,2025-06-30,0.0
ORD-109844,2025-10-30,,
ORD-109845,2024-11-09,2024-11-09,0.0
ORD-109846,2025-07-31,2025-07-31,0.0
ORD-109847,2025-11-14,2025-11-14,0.0
ORD-109848,2024-11-14,,
ORD-109849,2025-05-04,2025-05-04,0.0
ORD-109850,2025-04-06,2025-04-08,2.0
ORD-109851,2025-10-25,2025-10-25,0.0
ORD-109852,2025-09-05,2025-09-05,0.0
ORD-109853,2024-10-27,2024-10-27,0.0
ORD-109854,2025-10-29,2025-10-30,1.0
ORD-109855,2025-12-07,2025-12-07,0.0
ORD-109856,2024-09-10,2024-09-10,0.0
ORD-109857,2024-06-13,2024-06-14,1.0
ORD-109858,2025-10-18,2025-10-18,0.0
ORD-109859,2025-03-08,2025-03-08,0.0
ORD-109860,2025-11-01,2025-11-02,1.0
ORD-109861,2025-11-26,2025-11-28,2.0
ORD-109862,2025-03-10,2025-03-12,2.0
ORD-109863,2025-03-06,2025-03-07,1.0
ORD-109864,2025-04-15,2025-04-15,0.0
ORD-109865,2025-12-30,2025-12-31,1.0
ORD-109866,2025-05-26,2025-05-28,2.0
ORD-109867,2025-07-24,2025-07-25,1.0
ORD-109868,2024-09-15,2024-09-17,2.0
ORD-109869,2025-05-10,2025-05-10,0.0
ORD-109870,2025-10-18,2025-10-18,0.0
ORD-109871,2025-10-01,2025-10-03,2.0
ORD-109872,2025-11-13,2025-11-13,0.0
ORD-109873,2025-03-29,2025-03-30,1.0
ORD-109874,2024-07-19,2024-07-20,1.0
ORD-109875,2025-07-08,2025-07-08,0.0
ORD-109876,2025-09-26,2025-09-27,1.0
ORD-109877,2025-06-02,2025-06-02,0.0
ORD-109878,2024-10-11,,
ORD-109879,2025-09-22,2025-09-23,1.0
ORD-109880,2025-08-13,2025-08-14,1.0
ORD-109881,2025-09-01,2025-09-02,1.0
ORD-109882,2025-09-26,2025-09-26,0.0
ORD-109883,2024-08-14,2024-08-15,1.0
ORD-109884,2025-07-30,2025-07-31,1.0
ORD-109885,2025-02-25,2025-02-27,2.0
ORD-109886,2025-01-07,2025-01-07,0.0
ORD-109887,2025-02-21,2025-02-21,0.0
ORD-109888,2024-11-22,2024-11-22,0.0
ORD-109889,2025-03-28,2025-03-28,0.0
ORD-109890,2024-09-09,2024-09-09,0.0
ORD-109891,2025-10-16,2025-10-16,0.0
ORD-109892,2025-12-04,2025-12-04,0.0
ORD-109893,2025-09-23,2025-09-23,0.0
ORD-109894,2024-12-26,2024-12-26,0.0
ORD-109895,2024-11-17,2024-11-19,2.0
ORD-109896,2024-08-09,2024-08-09,0.0
ORD-109897,2025-10-21,,
ORD-109898,2024-02-27,2024-02-27,0.0
ORD-109899,2024-08-09,2024-08-09,0.0
ORD-109900,2025-01-30,,
ORD-109901,2024-06-17,2024-06-17,0.0
ORD-109902,2025-04-27,2025-04-29,2.0
ORD-109903,2024-06-26,2024-06-26,0.0
ORD-109904,2024-03-25,2024-03-26,1.0
ORD-109905,2025-08-22,2025-08-27,5.0
ORD-109906,2025-06-05,2025-06-06,1.0
ORD-109907,2025-07-18,2025-07-18,0.0
ORD-109908,2024-07-01,2024-07-02,1.0
ORD-109909,2025-02-02,2025-02-02,0.0
ORD-109910,2025-10-22,2025-10-25,3.0
ORD-109911,2025-10-30,2025-10-30,0.0
ORD-109912,2025-12-01,2025-12-02,1.0
ORD-109913,2025-07-24,2025-07-24,0.0
ORD-109914,2025-05-19,,
ORD-109915,2024-05-18,2024-05-18,0.0
ORD-109916,2025-10-02,2025-10-02,0.0
ORD-109917,2025-03-20,2025-03-22,2.0
ORD-109918,2025-10-20,,
ORD-109919,2025-09-24,,
ORD-109920,2024-07-05,2024-07-05,0.0
ORD-109921,2025-11-12,2025-11-17,5.0
ORD-109922,2025-06-13,2025-06-13,0.0
ORD-109923,2025-06-25,2025-06-26,1.0
ORD-109924,2024-02-21,2024-02-22,1.0
ORD-109925,2025-07-18,2025-07-18,0.0
ORD-109926,2025-01-03,2025-01-04,1.0
ORD-109927,2025-08-26,2025-08-26,0.0
ORD-109928,2024-10-29,2024-10-30,1.0
ORD-109929,2024-11-29,2024-11-29,0.0
ORD-109930,2025-11-10,2025-11-12,2.0
ORD-109931,2025-06-05,2025-06-07,2.0
ORD-109932,2024-08-07,2024-08-07,0.0
ORD-109933,2025-11-06,2025-11-06,0.0
ORD-109934,2025-04-27,2025-04-27,0.0
ORD-109935,2025-06-18,2025-06-20,2.0
ORD-109936,2025-03-17,2025-03-17,0.0
ORD-109937,2025-04-13,2025-04-18,5.0
ORD-109938,2025-11-09,2025-11-11,2.0
ORD-109939,2025-04-14,2025-04-14,0.0
ORD-109940,2025-11-13,2025-11-14,1.0
ORD-109941,2025-08-04,,
ORD-109942,2025-07-19,2025-07-20,1.0
ORD-109943,2025-11-29,2025-12-02,3.0
ORD-109944,2025-02-24,2025-02-24,0.0
ORD-109945,2025-07-12,2025-07-13,1.0
ORD-109946,2025-12-13,,
ORD-109947,2025-11-13,2025-11-13,0.0
ORD-109948,2025-04-22,2025-04-22,0.0
ORD-109949,2025-08-29,2025-08-31,2.0
ORD-109950,2025-02-05,2025-02-08,3.0
ORD-109951,2024-02-07,2024-02-07,0.0
ORD-109952,2025-07-22,2025-07-24,2.0
ORD-109953,2024-11-24,2024-11-24,0.0
ORD-109954,2024-10-28,2024-10-28,0.0
ORD-109955,2025-02-07,2025-02-07,0.0
ORD-109956,2025-07-19,2025-07-20,1.0
ORD-109957,2025-07-06,2025-07-07,1.0
ORD-109958,2025-12-25,2025-12-25,0.0
ORD-109959,2025-08-17,2025-08-17,0.0
ORD-109960,2025-06-11,2025-06-12,1.0
ORD-109961,2025-01-08,2025-01-10,2.0
ORD-109962,2025-03-10,,
ORD-109963,2025-10-07,2025-10-09,2.0
ORD-109964,2024-08-05,2024-08-06,1.0
ORD-109965,2025-08-01,2025-08-02,1.0
ORD-109966,2025-09-13,2025-09-14,1.0
ORD-109967,2025-06-01,2025-06-01,0.0
ORD-109968,2025-09-25,2025-09-27,2.0
ORD-109969,2025-10-04,2025-10-07,3.0
ORD-109970,2025-10-22,2025-10-22,0.0
ORD-109971,2025-11-10,2025-11-11,1.0
ORD-109972,2025-04-24,2025-04-27,3.0
ORD-109973,2025-07-26,,
ORD-109974,2025-11-09,,
ORD-109975,2025-08-04,2025-08-04,0.0
ORD-109976,2025-08-19,2025-08-19,0.0
ORD-109977,2025-08-15,2025-08-15,0.0
ORD-109978,2025-10-13,2025-10-13,0.0
ORD-109979,2024-11-05,2024-11-06,1.0
ORD-109980,2025-11-04,2025-11-04,0.0
ORD-109981,2025-08-24,2025-08-25,1.0
ORD-109982,2025-11-19,2025-11-19,0.0
ORD-109983,2025-12-22,2025-12-23,1.0
ORD-109984,2025-10-05,2025-10-05,0.0
ORD-109985,2025-02-17,2025-02-17,0.0
ORD-109986,2025-11-15,2025-11-15,0.0
ORD-109987,2025-08-12,2025-08-12,0.0
ORD-109988,2024-11-22,2024-11-22,0.0
ORD-109989,2025-10-06,2025-10-06,0.0
ORD-109990,2025-11-15,2025-11-17,2.0
ORD-109991,2025-12-21,2025-12-21,0.0
ORD-109992,2025-01-08,2025-01-08,0.0
ORD-109993,2024-08-21,2024-08-21,0.0
ORD-109994,2024-05-23,2024-05-25,2.0
ORD-109995,2025-05-20,2025-05-20,0.0
ORD-109996,2025-07-28,2025-07-30,2.0
ORD-109997,2025-09-17,2025-09-17,0.0
ORD-109998,2025-07-23,2025-07-23,0.0
ORD-109999,2025-04-10,2025-04-12,2.0
ORD-110000,2025-10-10,2025-10-12,2.0
ORD-110001,2025-05-11,2025-05-13,2.0
ORD-110002,2025-08-07,2025-08-07,0.0
ORD-110003,2025-08-04,2025-08-04,0.0
ORD-110004,2025-09-06,2025-09-06,0.0
ORD-110005,2025-11-15,2025-11-15,0.0
ORD-110006,2024-12-19,2024-12-19,0.0
ORD-110007,2025-05-30,2025-06-01,2.0
ORD-110008,2024-08-13,2024-08-14,1.0
ORD-110009,2025-12-25,2025-12-25,0.0
ORD-110010,2025-11-08,2025-11-08,0.0
ORD-110011,2025-10-01,2025-10-01,0.0
ORD-110012,2025-12-23,2025-12-23,0.0
ORD-110013,2025-08-21,2025-08-21,0.0
ORD-110014,2025-07-22,,
ORD-110015,2024-09-02,2024-09-02,0.0
ORD-110016,2024-12-31,2024-12-31,0.0
ORD-110017,2025-10-25,2025-10-25,0.0
ORD-110018,2025-05-01,2025-05-01,0.0
ORD-110019,2025-11-10,2025-11-11,1.0
ORD-110020,2024-10-27,2024-10-27,0.0
ORD-110021,2025-10-14,2025-10-14,0.0
ORD-110022,2025-03-17,2025-03-18,1.0
ORD-110023,2024-10-23,2024-10-23,0.0
ORD-110024,2025-12-12,2025-12-12,0.0
ORD-110025,2024-11-04,2024-11-05,1.0
ORD-110026,2025-08-05,2025-08-06,1.0
ORD-110027,2025-05-23,2025-05-23,0.0
ORD-110028,2025-07-27,2025-07-27,0.0
ORD-110029,2025-12-03,2025-12-04,1.0
ORD-110030,2024-10-22,2024-10-22,0.0
ORD-110031,2024-11-10,,
ORD-110032,2025-05-23,2025-05-23,0.0
ORD-110033,2024-03-09,2024-03-10,1.0
ORD-110034,2025-04-30,2025-04-30,0.0
ORD-110035,2025-09-27,2025-09-27,0.0
ORD-110036,2024-05-21,2024-05-23,2.0
ORD-110037,2024-10-20,2024-10-20,0.0
ORD-110038,2025-07-10,2025-07-10,0.0
ORD-110039,2025-07-14,2025-07-17,3.0
ORD-110040,2025-10-04,2025-10-04,0.0
ORD-110041,2024-08-11,2024-08-11,0.0
ORD-110042,2025-10-10,2025-10-11,1.0
ORD-110043,2025-12-31,2026-01-02,2.0
ORD-110044,2025-06-14,2025-06-14,0.0
ORD-110045,2025-09-24,2025-09-26,2.0
ORD-110046,2025-11-13,2025-11-15,2.0
ORD-110047,2024-08-06,2024-08-08,2.0
ORD-110048,2024-08-28,2024-08-28,0.0
ORD-110049,2025-10-15,,
ORD-110050,2025-10-07,2025-10-07,0.0
ORD-110051,2025-10-21,,
ORD-110052,2024-07-17,2024-07-17,0.0
ORD-110053,2024-08-19,2024-08-19,0.0
ORD-110054,2024-11-09,2024-11-09,0.0
ORD-110055,2024-11-13,2024-11-15,2.0
ORD-110056,2024-04-21,2024-04-23,2.0
ORD-110057,2025-02-16,2025-02-16,0.0
ORD-110058,2025-11-27,2025-11-28,1.0
ORD-110059,2025-03-05,2025-03-05,0.0
ORD-110060,2025-05-30,2025-05-30,0.0
ORD-110061,2024-05-14,2024-05-14,0.0
ORD-110062,2025-10-27,2025-10-27,0.0
ORD-110063,2025-11-08,2025-11-08,0.0
ORD-110064,2025-03-21,2025-03-21,0.0
ORD-110065,2025-12-22,2025-12-22,0.0
ORD-110066,2025-09-30,2025-10-03,3.0
ORD-110067,2025-12-02,2025-12-05,3.0
ORD-110068,2025-12-22,2025-12-22,0.0
ORD-110069,2025-10-13,2025-10-13,0.0
ORD-110070,2025-04-12,2025-04-12,0.0
ORD-110071,2025-03-27,2025-03-30,3.0
ORD-110072,2025-07-26,2025-07-27,1.0
ORD-110073,2024-03-06,2024-03-06,0.0
ORD-110074,2025-11-03,,
ORD-110075,2025-10-23,2025-10-24,1.0
ORD-110076,2025-11-14,2025-11-14,0.0
ORD-110077,2025-02-19,2025-02-21,2.0
ORD-110078,2025-08-07,2025-08-07,0.0
ORD-110079,2025-10-01,2025-10-01,0.0
ORD-110080,2025-07-26,2025-07-27,1.0
ORD-110081,2024-11-12,2024-11-12,0.0
ORD-110082,2024-12-12,2024-12-14,2.0
ORD-110083,2025-01-08,2025-01-10,2.0
ORD-110084,2025-05-04,2025-05-04,0.0
ORD-110085,2024-11-03,2024-11-03,0.0
ORD-110086,2025-07-17,2025-07-17,0.0
ORD-110087,2024-11-15,2024-11-17,2.0
ORD-110088,2024-02-12,2024-02-13,1.0
ORD-110089,2025-11-05,2025-11-05,0.0
ORD-110090,2025-08-28,2025-08-30,2.0
ORD-110091,2025-11-17,2025-11-18,1.0
ORD-110092,2025-04-03,2025-04-03,0.0
ORD-110093,2025-07-06,2025-07-07,1.0
ORD-110094,2025-10-22,2025-10-24,2.0
ORD-110095,2025-02-09,2025-02-10,1.0
ORD-110096,2024-10-22,,
ORD-110097,2025-03-16,2025-03-16,0.0
ORD-110098,2025-07-30,2025-08-02,3.0
ORD-110099,2025-06-12,2025-06-12,0.0
ORD-110100,2025-11-18,2025-11-19,1.0
ORD-110101,2024-06-20,,
ORD-110102,2024-03-06,2024-03-07,1.0
ORD-110103,2025-11-27,2025-11-27,0.0
ORD-110104,2024-12-29,2024-12-30,1.0
ORD-110105,2025-06-18,2025-06-18,0.0
ORD-110106,2024-07-28,2024-07-28,0.0
ORD-110107,2025-10-31,,
ORD-110108,2025-11-26,2025-11-26,0.0
ORD-110109,2025-02-27,2025-02-28,1.0
ORD-110110,2024-08-15,,
ORD-110111,2024-07-25,2024-07-25,0.0
ORD-110112,2024-11-05,,
ORD-110113,2025-01-15,2025-01-15,0.0
ORD-110114,2025-09-24,2025-09-24,0.0
ORD-110115,2025-02-03,2025-02-06,3.0
ORD-110116,2025-11-24,2025-11-24,0.0
ORD-110117,2025-09-14,2025-09-14,0.0
ORD-110118,2025-10-17,2025-10-17,0.0
ORD-110119,2025-06-30,2025-06-30,0.0
ORD-110120,2025-12-17,,
ORD-110121,2025-04-07,2025-04-07,0.0
ORD-110122,2025-12-18,2025-12-18,0.0
ORD-110123,2025-08-28,2025-08-28,0.0
ORD-110124,2025-06-19,2025-06-19,0.0
ORD-110125,2025-10-01,2025-10-02,1.0
ORD-110126,2025-10-19,2025-10-21,2.0
ORD-110127,2025-06-16,2025-06-17,1.0
ORD-110128,2025-05-02,2025-05-02,0.0
ORD-110129,2025-11-28,2025-11-28,0.0
ORD-110130,2025-08-17,2025-08-17,0.0
ORD-110131,2025-01-25,2025-01-25,0.0
ORD-110132,2026-01-02,2026-01-02,0.0
ORD-110133,2024-06-26,2024-06-27,1.0
ORD-110134,2025-01-02,2025-01-03,1.0
ORD-110135,2025-08-20,2025-08-20,0.0
ORD-110136,2025-02-05,2025-02-07,2.0
ORD-110137,2025-07-31,,
ORD-110138,2025-07-14,2025-07-14,0.0
ORD-110139,2025-12-04,2025-12-04,0.0
ORD-110140,2025-01-28,2025-01-28,0.0
ORD-110141,2024-07-03,2024-07-03,0.0
ORD-110142,2025-04-03,2025-04-03,0.0
ORD-110143,2025-04-25,2025-04-25,0.0
ORD-110144,2025-01-04,2025-01-04,0.0
ORD-110145,2025-06-27,2025-06-29,2.0
ORD-110146,2024-10-23,2024-10-23,0.0
ORD-110147,2025-04-21,2025-04-22,1.0
ORD-110148,2025-06-07,2025-06-07,0.0
ORD-110149,2025-04-10,2025-04-11,1.0
ORD-110150,2024-12-23,2024-12-23,0.0
ORD-110151,2025-11-02,2025-11-03,1.0
ORD-110152,2024-05-08,2024-05-08,0.0
ORD-110153,2025-12-03,2025-12-04,1.0
ORD-110154,2024-12-31,2024-12-31,0.0
ORD-110155,2024-03-23,2024-03-23,0.0
ORD-110156,2024-06-04,,
ORD-110157,2024-12-06,2024-12-08,2.0
ORD-110158,2024-09-20,2024-09-22,2.0
ORD-110159,2024-11-13,2024-11-13,0.0
ORD-110160,2025-11-16,2025-11-17,1.0
ORD-110161,2024-10-20,2024-10-21,1.0
ORD-110162,2025-10-25,2025-10-26,1.0
ORD-110163,2025-08-12,2025-08-13,1.0
ORD-110164,2025-10-02,2025-10-02,0.0
ORD-110165,2025-11-08,2025-11-08,0.0
ORD-110166,2025-04-02,2025-04-04,2.0
ORD-110167,2025-02-03,2025-02-04,1.0
ORD-110168,2024-11-26,2024-11-26,0.0
ORD-110169,2025-03-31,2025-04-01,1.0
ORD-110170,2025-08-22,2025-08-23,1.0
ORD-110171,2025-04-21,2025-04-21,0.0
ORD-110172,2025-08-13,2025-08-13,0.0
ORD-110173,2025-05-15,2025-05-15,0.0
ORD-110174,2025-02-26,2025-03-01,3.0
ORD-110175,2025-04-15,2025-04-16,1.0
ORD-110176,2025-09-14,2025-09-15,1.0
ORD-110177,2024-09-02,2024-09-02,0.0
ORD-110178,2024-09-18,2024-09-18,0.0
ORD-110179,2025-07-09,2025-07-09,0.0
ORD-110180,2024-11-22,2024-11-22,0.0
ORD-110181,2024-08-07,2024-08-07,0.0
ORD-110182,2024-08-27,2024-08-27,0.0
ORD-110183,2025-02-07,2025-02-07,0.0
ORD-110184,2025-01-26,2025-01-26,0.0
ORD-110185,2025-08-10,2025-08-10,0.0
ORD-110186,2025-09-28,2025-09-30,2.0
ORD-110187,2025-07-04,2025-07-04,0.0
ORD-110188,2025-03-02,2025-03-02,0.0
ORD-110189,2025-08-15,2025-08-15,0.0
ORD-110190,2024-09-27,2024-09-27,0.0
ORD-110191,2025-08-19,2025-08-19,0.0
ORD-110192,2025-03-22,2025-03-23,1.0
ORD-110193,2025-02-28,2025-02-28,0.0
ORD-110194,2024-11-20,2024-11-20,0.0
ORD-110195,2025-06-10,2025-06-10,0.0
ORD-110196,2024-10-20,2024-10-20,0.0
ORD-110197,2024-11-08,2024-11-10,2.0
ORD-110198,2025-10-28,2025-10-28,0.0
ORD-110199,2025-09-09,2025-09-10,1.0
ORD-110200,2025-10-02,2025-10-02,0.0
ORD-110201,2025-09-26,2025-09-27,1.0
ORD-110202,2024-11-16,2024-11-16,0.0
ORD-110203,2025-12-01,,
ORD-110204,2025-12-28,2025-12-28,0.0
ORD-110205,2025-07-08,2025-07-09,1.0
ORD-110206,2025-09-19,2025-09-19,0.0
ORD-110207,2025-09-24,2025-09-24,0.0
ORD-110208,2025-05-09,2025-05-10,1.0
ORD-110209,2025-04-05,2025-04-06,1.0
ORD-110210,2025-11-01,2025-11-02,1.0
ORD-110211,2025-05-12,,
ORD-110212,2025-08-13,2025-08-13,0.0
ORD-110213,2024-10-20,2024-10-20,0.0
ORD-110214,2025-06-15,2025-06-16,1.0
ORD-110215,2025-11-11,2025-11-11,0.0
ORD-110216,2025-03-29,2025-03-29,0.0
ORD-110217,2025-11-06,2025-11-06,0.0
ORD-110218,2024-11-14,2024-11-16,2.0
ORD-110219,2025-07-03,2025-07-03,0.0
ORD-110220,2024-11-17,2024-11-17,0.0
ORD-110221,2024-09-11,2024-09-12,1.0
ORD-110222,2025-10-13,2025-10-13,0.0
ORD-110223,2025-05-10,2025-05-10,0.0
ORD-110224,2025-10-23,2025-10-23,0.0
ORD-110225,2025-11-21,2025-11-21,0.0
ORD-110226,2024-05-14,2024-05-15,1.0
ORD-110227,2024-12-14,2024-12-15,1.0
ORD-110228,2025-12-06,,
ORD-110229,2025-10-31,2025-11-02,2.0
ORD-110230,2025-10-21,2025-10-21,0.0
ORD-110231,2024-03-19,2024-03-19,0.0
ORD-110232,2025-10-02,2025-10-02,0.0
ORD-110233,2025-11-24,2025-11-25,1.0
ORD-110234,2025-05-11,2025-05-11,0.0
ORD-110235,2024-11-12,,
ORD-110236,2025-04-26,2025-04-27,1.0
ORD-110237,2025-07-02,2025-07-02,0.0
ORD-110238,2025-11-07,2025-11-08,1.0
ORD-110239,2024-07-03,2024-07-03,0.0
ORD-110240,2024-06-17,2024-06-18,1.0
ORD-110241,2025-10-18,2025-10-18,0.0
ORD-110242,2025-08-02,2025-08-03,1.0
ORD-110243,2024-12-02,2024-12-02,0.0
ORD-110244,2025-01-22,2025-01-22,0.0
ORD-110245,2025-09-08,2025-09-09,1.0
ORD-110246,2024-12-17,2024-12-17,0.0
ORD-110247,2025-02-22,2025-02-22,0.0
ORD-110248,2025-10-24,2025-10-24,0.0
ORD-110249,2025-01-23,2025-01-23,0.0
ORD-110250,2025-11-10,2025-11-11,1.0
ORD-110251,2024-10-12,2024-10-12,0.0
ORD-110252,2024-03-21,2024-03-21,0.0
ORD-110253,2025-10-31,,
ORD-110254,2024-10-07,,
ORD-110255,2024-12-23,2024-12-23,0.0
ORD-110256,2025-06-30,2025-07-01,1.0
ORD-110257,2025-03-03,2025-03-03,0.0
ORD-110258,2024-01-27,2024-01-28,1.0
ORD-110259,2025-01-28,2025-01-29,1.0
ORD-110260,2024-09-29,2024-09-30,1.0
ORD-110261,2025-11-24,2025-11-26,2.0
ORD-110262,2025-12-15,2025-12-15,0.0
ORD-110263,2024-08-30,2024-08-30,0.0
ORD-110264,2025-09-30,2025-09-30,0.0
ORD-110265,2025-12-11,2025-12-11,0.0
ORD-110266,2024-09-23,,
ORD-110267,2025-07-16,2025-07-16,0.0
ORD-110268,2025-06-29,,
ORD-110269,2025-08-10,2025-08-12,2.0
ORD-110270,2025-10-02,2025-10-02,0.0
ORD-110271,2025-06-02,,
ORD-110272,2025-07-28,2025-07-28,0.0
ORD-110273,2025-09-18,2025-09-19,1.0
ORD-110274,2025-10-05,2025-10-05,0.0
ORD-110275,2025-06-26,2025-06-29,3.0
ORD-110276,2025-10-17,2025-10-17,0.0
ORD-110277,2025-12-21,2025-12-22,1.0
ORD-110278,2024-07-06,2024-07-07,1.0
ORD-110279,2024-07-07,2024-07-08,1.0
ORD-110280,2025-09-24,2025-09-25,1.0
ORD-110281,2024-11-03,2024-11-03,0.0
ORD-110282,2024-04-08,2024-04-08,0.0
ORD-110283,2025-02-08,2025-02-08,0.0
ORD-110284,2024-12-24,2024-12-25,1.0
ORD-110285,2024-09-07,2024-09-07,0.0
ORD-110286,2025-08-29,2025-08-29,0.0
ORD-110287,2025-12-15,2025-12-20,5.0
ORD-110288,2024-08-17,,
ORD-110289,2025-11-07,2025-11-07,0.0
ORD-110290,2025-10-30,2025-11-01,2.0
ORD-110291,2025-10-18,2025-10-18,0.0
ORD-110292,2025-09-26,,
ORD-110293,2025-05-21,2025-05-21,0.0
ORD-110294,2024-11-21,2024-11-22,1.0
ORD-110295,2025-07-07,,
ORD-110296,2024-09-30,2024-10-01,1.0
ORD-110297,2025-12-16,2025-12-16,0.0
ORD-110298,2025-04-25,2025-04-25,0.0
ORD-110299,2025-12-02,,
ORD-110300,2025-02-18,2025-02-20,2.0
ORD-110301,2025-08-20,,
ORD-110302,2025-08-16,2025-08-16,0.0
ORD-110303,2024-03-19,2024-03-21,2.0
ORD-110304,2025-05-26,2025-05-26,0.0
ORD-110305,2024-06-19,2024-06-20,1.0
ORD-110306,2025-12-08,,
ORD-110307,2025-07-11,,
ORD-110308,2025-11-29,2025-11-30,1.0
ORD-110309,2025-11-11,2025-11-11,0.0
ORD-110310,2025-06-16,2025-06-16,0.0
ORD-110311,2025-09-07,2025-09-08,1.0
ORD-110312,2024-10-22,2024-10-22,0.0
ORD-110313,2025-12-11,,
ORD-110314,2025-10-22,2025-10-22,0.0
ORD-110315,2024-10-28,2024-10-29,1.0
ORD-110316,2025-09-28,2025-09-28,0.0
ORD-110317,2024-12-29,,
ORD-110318,2024-06-30,2024-06-30,0.0
ORD-110319,2025-10-29,2025-10-30,1.0
ORD-110320,2025-11-01,2025-11-04,3.0
ORD-110321,2025-10-15,2025-10-15,0.0
ORD-110322,2025-10-29,,
ORD-110323,2025-10-26,2025-10-28,2.0
ORD-110324,2025-05-23,2025-05-23,0.0
ORD-110325,2025-11-24,2025-11-24,0.0
ORD-110326,2025-02-28,2025-03-01,1.0
ORD-110327,2025-05-20,2025-05-21,1.0
ORD-110328,2025-03-19,2025-03-19,0.0
ORD-110329,2025-03-08,2025-03-08,0.0
ORD-110330,2025-08-23,2025-08-23,0.0
ORD-110331,2025-09-18,,
ORD-110332,2025-05-08,2025-05-09,1.0
ORD-110333,2025-10-15,2025-10-15,0.0
ORD-110334,2025-01-30,,
ORD-110335,2025-10-06,2025-10-07,1.0
ORD-110336,2025-11-16,2025-11-17,1.0
ORD-110337,2025-08-25,,
ORD-110338,2025-11-05,2025-11-06,1.0
ORD-110339,2025-11-19,2025-11-21,2.0
ORD-110340,2025-07-17,2025-07-17,0.0
ORD-110341,2025-01-04,2025-01-05,1.0
ORD-110342,2025-02-06,2025-02-08,2.0
ORD-110343,2025-11-04,2025-11-04,0.0
ORD-110344,2025-11-05,2025-11-07,2.0
ORD-110345,2025-08-25,2025-08-25,0.0
ORD-110346,2024-10-14,2024-10-14,0.0
ORD-110347,2025-06-16,2025-06-16,0.0
ORD-110348,2024-02-21,2024-02-22,1.0
ORD-110349,2024-05-19,2024-05-20,1.0
ORD-110350,2025-06-25,2025-06-27,2.0
ORD-110351,2025-07-03,2025-07-03,0.0
ORD-110352,2025-03-10,2025-03-10,0.0
ORD-110353,2025-06-07,2025-06-08,1.0
ORD-110354,2025-11-11,2025-11-11,0.0
ORD-110355,2025-09-08,2025-09-08,0.0
ORD-110356,2024-10-23,,
ORD-110357,2025-01-06,2025-01-06,0.0
ORD-110358,2025-05-28,2025-05-28,0.0
ORD-110359,2025-11-16,2025-11-16,0.0
ORD-110360,2025-11-12,2025-11-12,0.0
ORD-110361,2025-09-22,2025-09-22,0.0
ORD-110362,2025-03-08,2025-03-08,0.0
ORD-110363,2025-04-03,2025-04-05,2.0
ORD-110364,2025-03-09,,
ORD-110365,2025-10-28,2025-10-30,2.0
ORD-110366,2025-08-13,2025-08-13,0.0
ORD-110367,2025-11-20,2025-11-20,0.0
ORD-110368,2025-05-16,2025-05-16,0.0
ORD-110369,2025-05-12,2025-05-12,0.0
ORD-110370,2024-11-20,2024-11-22,2.0
ORD-110371,2025-07-05,2025-07-05,0.0
ORD-110372,2025-10-09,2025-10-10,1.0
ORD-110373,2024-11-10,,
ORD-110374,2024-10-22,2024-10-27,5.0
ORD-110375,2025-12-28,2025-12-28,0.0
ORD-110376,2025-08-20,2025-08-20,0.0
ORD-110377,2025-04-27,2025-04-27,0.0
ORD-110378,2025-01-13,2025-01-15,2.0
ORD-110379,2025-11-03,2025-11-03,0.0
ORD-110380,2025-05-23,,
ORD-110381,2024-09-28,2024-09-28,0.0
ORD-110382,2024-10-26,2024-10-28,2.0
ORD-110383,2025-06-20,2025-06-20,0.0
ORD-110384,2025-05-24,2025-05-24,0.0
ORD-110385,2025-09-27,2025-09-27,0.0
ORD-110386,2025-11-04,2025-11-04,0.0
ORD-110387,2025-02-18,2025-02-21,3.0
ORD-110388,2025-06-27,2025-06-30,3.0
ORD-110389,2025-03-20,2025-03-21,1.0
ORD-110390,2025-03-12,2025-03-13,1.0
ORD-110391,2025-09-10,2025-09-10,0.0
ORD-110392,2024-10-25,2024-10-25,0.0
ORD-110393,2025-11-02,2025-11-02,0.0
ORD-110394,2025-05-13,2025-05-15,2.0
ORD-110395,2024-10-16,2024-10-16,0.0
ORD-110396,2024-04-09,2024-04-10,1.0
ORD-110397,2025-12-11,2025-12-12,1.0
ORD-110398,2025-08-29,2025-08-29,0.0
ORD-110399,2025-08-19,2025-08-21,2.0
ORD-110400,2025-06-07,2025-06-08,1.0
ORD-110401,2025-05-20,2025-05-20,0.0
ORD-110402,2025-07-03,2025-07-03,0.0
ORD-110403,2025-10-23,2025-10-23,0.0
ORD-110404,2024-08-01,2024-08-01,0.0
ORD-110405,2025-11-03,2025-11-03,0.0
ORD-110406,2025-10-26,2025-10-28,2.0
ORD-110407,2025-07-12,2025-07-12,0.0
ORD-110408,2025-08-04,2025-08-04,0.0
ORD-110409,2025-12-02,2025-12-02,0.0
ORD-110410,2025-02-27,2025-02-27,0.0
ORD-110411,2025-03-01,2025-03-01,0.0
ORD-110412,2025-11-25,2025-11-26,1.0
ORD-110413,2024-12-19,2024-12-20,1.0
ORD-110414,2025-12-09,2025-12-09,0.0
ORD-110415,2024-08-24,,
ORD-110416,2025-04-18,2025-04-18,0.0
ORD-110417,2025-05-11,,
ORD-110418,2025-11-13,2025-11-13,0.0
ORD-110419,2025-11-10,2025-11-10,0.0
ORD-110420,2025-01-09,2025-01-09,0.0
ORD-110421,2025-12-23,2025-12-23,0.0
ORD-110422,2025-08-21,2025-08-22,1.0
ORD-110423,2025-10-01,,
ORD-110424,2025-08-31,,
ORD-110425,2025-10-04,,
ORD-110426,2025-10-30,,
ORD-110427,2024-08-14,2024-08-14,0.0
ORD-110428,2024-12-05,2024-12-06,1.0
ORD-110429,2025-10-26,2025-10-26,0.0
ORD-110430,2025-05-14,2025-05-14,0.0
ORD-110431,2024-09-06,2024-09-06,0.0
ORD-110432,2025-08-22,2025-08-22,0.0
ORD-110433,2025-12-16,2025-12-16,0.0
ORD-110434,2025-01-26,2025-01-26,0.0
ORD-110435,2025-12-26,2025-12-26,0.0
ORD-110436,2025-09-19,2025-09-19,0.0
ORD-110437,2025-09-26,2025-09-28,2.0
ORD-110438,2024-12-26,2024-12-26,0.0
ORD-110439,2025-10-10,2025-10-10,0.0
ORD-110440,2025-09-14,2025-09-14,0.0
ORD-110441,2025-05-02,2025-05-02,0.0
ORD-110442,2025-06-17,2025-06-17,0.0
ORD-110443,2025-03-03,2025-03-03,0.0
ORD-110444,2025-11-23,2025-11-25,2.0
ORD-110445,2024-06-28,2024-06-29,1.0
ORD-110446,2025-10-20,2025-10-20,0.0
ORD-110447,2025-11-08,2025-11-10,2.0
ORD-110448,2025-12-25,2025-12-25,0.0
ORD-110449,2025-08-13,2025-08-15,2.0
ORD-110450,2025-08-14,2025-08-14,0.0
ORD-110451,2024-11-12,2024-11-12,0.0
ORD-110452,2025-02-25,,
ORD-110453,2024-07-29,2024-07-30,1.0
ORD-110454,2025-11-22,2025-11-22,0.0
ORD-110455,2024-05-10,2024-05-10,0.0
ORD-110456,2025-03-10,2025-03-12,2.0
ORD-110457,2025-10-18,2025-10-18,0.0
ORD-110458,2025-12-19,2025-12-19,0.0
ORD-110459,2025-06-22,2025-06-25,3.0
ORD-110460,2025-03-11,2025-03-11,0.0
ORD-110461,2025-10-27,2025-10-27,0.0
ORD-110462,2025-07-19,2025-07-19,0.0
ORD-110463,2025-12-02,2025-12-02,0.0
ORD-110464,2025-10-23,2025-10-24,1.0
ORD-110465,2024-02-05,2024-02-05,0.0
ORD-110466,2025-09-12,2025-09-13,1.0
ORD-110467,2025-10-20,2025-10-20,0.0
ORD-110468,2025-12-12,2025-12-15,3.0
ORD-110469,2024-11-26,2024-11-29,3.0
ORD-110470,2025-06-17,2025-06-17,0.0
ORD-110471,2024-10-31,2024-11-01,1.0
ORD-110472,2025-10-14,,
ORD-110473,2025-11-21,,
ORD-110474,2025-11-26,,
ORD-110475,2025-01-05,2025-01-10,5.0
ORD-110476,2024-08-21,2024-08-21,0.0
ORD-110477,2026-01-03,2026-01-04,1.0
ORD-110478,2025-05-11,2025-05-11,0.0
ORD-110479,2025-09-19,,
ORD-110480,2024-11-02,2024-11-02,0.0
ORD-110481,2025-01-23,,
ORD-110482,2025-04-15,2025-04-16,1.0
ORD-110483,2025-09-24,2025-09-26,2.0
ORD-110484,2024-10-22,2024-10-22,0.0
ORD-110485,2025-06-12,2025-06-13,1.0
ORD-110486,2025-08-27,2025-08-27,0.0
ORD-110487,2025-09-23,2025-09-23,0.0
ORD-110488,2025-01-02,2025-01-03,1.0
ORD-110489,2025-05-04,,
ORD-110490,2024-06-09,2024-06-09,0.0
ORD-110491,2025-01-01,2025-01-01,0.0
ORD-110492,2025-10-17,2025-10-17,0.0
ORD-110493,2025-11-10,2025-11-10,0.0
ORD-110494,2025-10-28,2025-10-28,0.0
ORD-110495,2025-12-08,2025-12-09,1.0
ORD-110496,2024-08-19,2024-08-21,2.0
ORD-110497,2024-06-22,2024-06-23,1.0
ORD-110498,2024-05-25,2024-05-25,0.0
ORD-110499,2025-12-25,2025-12-25,0.0
ORD-110500,2025-02-19,2025-02-19,0.0
ORD-110501,2024-09-14,2024-09-14,0.0
ORD-110502,2025-07-28,2025-07-28,0.0
ORD-110503,2025-11-18,2025-11-18,0.0
ORD-110504,2025-11-05,2025-11-08,3.0
ORD-110505,2025-10-02,2025-10-02,0.0
ORD-110506,2024-08-24,2024-08-25,1.0
ORD-110507,2025-11-26,2025-11-26,0.0
ORD-110508,2025-11-09,2025-11-09,0.0
ORD-110509,2025-11-01,2025-11-02,1.0
ORD-110510,2025-11-11,2025-11-11,0.0
ORD-110511,2025-03-05,2025-03-05,0.0
ORD-110512,2025-10-20,2025-10-21,1.0
ORD-110513,2025-11-17,2025-11-17,0.0
ORD-110514,2025-11-05,2025-11-08,3.0
ORD-110515,2025-03-15,2025-03-16,1.0
ORD-110516,2025-08-11,2025-08-11,0.0
ORD-110517,2025-07-19,2025-07-19,0.0
ORD-110518,2025-09-24,2025-09-27,3.0
ORD-110519,2025-09-05,2025-09-05,0.0
ORD-110520,2024-12-16,2024-12-16,0.0
ORD-110521,2025-01-12,2025-01-12,0.0
ORD-110522,2025-08-19,2025-08-19,0.0
ORD-110523,2024-04-16,2024-04-16,0.0
ORD-110524,2025-01-27,2025-01-28,1.0
ORD-110525,2024-10-04,2024-10-06,2.0
ORD-110526,2025-10-19,2025-10-22,3.0
ORD-110527,2024-06-06,2024-06-06,0.0
ORD-110528,2025-10-25,2025-10-25,0.0
ORD-110529,2025-04-03,2025-04-03,0.0
ORD-110530,2025-11-10,2025-11-10,0.0
ORD-110531,2025-11-14,2025-11-15,1.0
ORD-110532,2025-09-27,2025-09-27,0.0
ORD-110533,2025-01-29,2025-01-29,0.0
ORD-110534,2024-10-14,2024-10-14,0.0
ORD-110535,2025-10-13,2025-10-13,0.0
ORD-110536,2024-11-13,2024-11-15,2.0
ORD-110537,2025-07-26,2025-07-26,0.0
ORD-110538,2025-01-31,2025-01-31,0.0
ORD-110539,2024-11-18,2024-11-20,2.0
ORD-110540,2025-02-09,2025-02-10,1.0
ORD-110541,2025-08-04,2025-08-04,0.0
ORD-110542,2024-10-20,2024-10-21,1.0
ORD-110543,2024-11-16,2024-11-16,0.0
ORD-110544,2025-02-27,2025-02-28,1.0
ORD-110545,2025-03-14,,
ORD-110546,2025-11-23,2025-11-23,0.0
ORD-110547,2025-05-20,2025-05-21,1.0
ORD-110548,2025-02-13,2025-02-13,0.0
ORD-110549,2025-02-06,2025-02-07,1.0
ORD-110550,2025-10-24,2025-10-25,1.0
ORD-110551,2025-08-20,2025-08-20,0.0
ORD-110552,2025-04-26,2025-04-26,0.0
ORD-110553,2025-02-11,2025-02-11,0.0
ORD-110554,2025-06-17,2025-06-17,0.0
ORD-110555,2025-10-31,2025-10-31,0.0
ORD-110556,2025-06-04,2025-06-05,1.0
ORD-110557,2024-12-13,2024-12-15,2.0
ORD-110558,2025-03-05,2025-03-06,1.0
ORD-110559,2025-09-19,2025-09-19,0.0
ORD-110560,2025-09-19,2025-09-19,0.0
ORD-110561,2024-12-18,2024-12-18,0.0
ORD-110562,2024-11-14,2024-11-14,0.0
ORD-110563,2025-12-30,2025-12-30,0.0
ORD-110564,2025-08-19,2025-08-19,0.0
ORD-110565,2024-11-21,2024-11-21,0.0
ORD-110566,2025-04-01,2025-04-01,0.0
ORD-110567,2024-10-25,,
ORD-110568,2024-11-10,2024-11-11,1.0
ORD-110569,2025-11-13,2025-11-13,0.0
ORD-110570,2025-09-14,2025-09-14,0.0
ORD-110571,2025-10-24,2025-10-26,2.0
ORD-110572,2025-11-04,2025-11-04,0.0
ORD-110573,2025-04-03,2025-04-08,5.0
ORD-110574,2024-06-03,2024-06-03,0.0
ORD-110575,2025-02-14,2025-02-14,0.0
ORD-110576,2025-09-21,2025-09-23,2.0
ORD-110577,2025-01-05,2025-01-05,0.0
ORD-110578,2025-11-12,2025-11-13,1.0
ORD-110579,2026-01-01,,
ORD-110580,2025-02-05,2025-02-05,0.0
ORD-110581,2025-01-29,2025-01-30,1.0
ORD-110582,2025-07-02,2025-07-03,1.0
ORD-110583,2025-07-09,2025-07-10,1.0
ORD-110584,2024-11-15,2024-11-18,3.0
ORD-110585,2024-12-26,2024-12-27,1.0
ORD-110586,2024-06-27,2024-06-27,0.0
ORD-110587,2025-03-07,2025-03-07,0.0
ORD-110588,2024-04-30,2024-04-30,0.0
ORD-110589,2025-12-12,2025-12-14,2.0
ORD-110590,2025-06-27,2025-06-27,0.0
ORD-110591,2025-01-14,2025-01-15,1.0
ORD-110592,2025-07-11,2025-07-13,2.0
ORD-110593,2024-12-15,2024-12-15,0.0
ORD-110594,2025-02-15,2025-02-16,1.0
ORD-110595,2025-11-20,2025-11-20,0.0
ORD-110596,2024-07-21,2024-07-21,0.0
ORD-110597,2024-10-27,2024-10-27,0.0
ORD-110598,2025-08-24,2025-08-24,0.0
ORD-110599,2025-11-11,2025-11-11,0.0
ORD-110600,2025-10-28,2025-10-28,0.0
ORD-110601,2025-11-03,2025-11-03,0.0
ORD-110602,2025-11-12,2025-11-12,0.0
ORD-110603,2025-12-15,2025-12-15,0.0
ORD-110604,2025-07-06,2025-07-06,0.0
ORD-110605,2025-05-23,,
ORD-110606,2025-12-28,,
ORD-110607,2025-07-12,2025-07-12,0.0
ORD-110608,2025-12-01,2025-12-01,0.0
ORD-110609,2025-08-10,2025-08-13,3.0
ORD-110610,2025-07-23,2025-07-24,1.0
ORD-110611,2025-12-10,2025-12-10,0.0
ORD-110612,2025-12-06,2025-12-06,0.0
ORD-110613,2025-11-18,2025-11-19,1.0
ORD-110614,2024-11-15,2024-11-15,0.0
ORD-110615,2024-09-03,2024-09-04,1.0
ORD-110616,2025-01-11,2025-01-13,2.0
ORD-110617,2025-08-08,2025-08-08,0.0
ORD-110618,2025-02-01,2025-02-01,0.0
ORD-110619,2025-01-29,2025-01-29,0.0
ORD-110620,2024-09-17,2024-09-20,3.0
ORD-110621,2024-12-18,2024-12-18,0.0
ORD-110622,2025-11-28,2025-12-01,3.0
ORD-110623,2025-02-23,2025-02-23,0.0
ORD-110624,2025-12-24,2025-12-24,0.0
ORD-110625,2024-07-13,2024-07-13,0.0
ORD-110626,2024-10-06,2024-10-06,0.0
ORD-110627,2025-04-01,,
ORD-110628,2025-08-13,2025-08-13,0.0
ORD-110629,2024-07-08,2024-07-09,1.0
ORD-110630,2025-09-10,2025-09-11,1.0
ORD-110631,2025-03-06,2025-03-08,2.0
ORD-110632,2025-08-10,2025-08-10,0.0
ORD-110633,2025-09-03,2025-09-04,1.0
ORD-110634,2024-04-15,2024-04-15,0.0
ORD-110635,2024-08-04,2024-08-04,0.0
ORD-110636,2025-08-24,2025-08-24,0.0
ORD-110637,2024-11-03,2024-11-03,0.0
ORD-110638,2025-12-23,2025-12-23,0.0
ORD-110639,2025-02-02,2025-02-05,3.0
ORD-110640,2024-10-19,2024-10-22,3.0
ORD-110641,2025-08-18,2025-08-20,2.0
ORD-110642,2025-11-16,2025-11-16,0.0
ORD-110643,2025-07-18,2025-07-20,2.0
ORD-110644,2025-05-18,2025-05-19,1.0
ORD-110645,2025-08-17,2025-08-17,0.0
ORD-110646,2025-02-13,2025-02-13,0.0
ORD-110647,2025-01-15,2025-01-15,0.0
ORD-110648,2025-11-03,2025-11-05,2.0
ORD-110649,2025-06-18,2025-06-19,1.0
ORD-110650,2024-09-10,,
ORD-110651,2024-08-30,2024-09-01,2.0
ORD-110652,2024-08-24,2024-08-24,0.0
ORD-110653,2024-05-16,2024-05-16,0.0
ORD-110654,2025-12-13,2025-12-13,0.0
ORD-110655,2025-06-12,2025-06-12,0.0
ORD-110656,2024-04-03,2024-04-04,1.0
ORD-110657,2024-12-21,2024-12-22,1.0
ORD-110658,2025-04-18,,
ORD-110659,2025-02-01,2025-02-01,0.0
ORD-110660,2025-10-07,2025-10-09,2.0
ORD-110661,2025-04-15,2025-04-15,0.0
ORD-110662,2024-10-21,2024-10-24,3.0
ORD-110663,2024-11-04,2024-11-04,0.0
ORD-110664,2025-06-10,2025-06-10,0.0
ORD-110665,2024-12-02,2024-12-02,0.0
ORD-110666,2025-03-13,2025-03-13,0.0
ORD-110667,2024-10-23,2024-10-23,0.0
ORD-110668,2025-09-13,2025-09-13,0.0
ORD-110669,2025-11-20,2025-11-20,0.0
ORD-110670,2025-07-28,2025-07-28,0.0
ORD-110671,2025-12-28,2025-12-30,2.0
ORD-110672,2025-11-11,2025-11-11,0.0
ORD-110673,2025-10-24,2025-10-25,1.0
ORD-110674,2025-10-04,2025-10-04,0.0
ORD-110675,2025-06-01,2025-06-01,0.0
ORD-110676,2024-08-16,2024-08-16,0.0
ORD-110677,2025-01-20,2025-01-21,1.0
ORD-110678,2024-06-10,2024-06-10,0.0
ORD-110679,2025-05-24,2025-05-24,0.0
ORD-110680,2025-04-07,2025-04-08,1.0
ORD-110681,2025-06-27,2025-06-27,0.0
ORD-110682,2025-09-04,2025-09-04,0.0
ORD-110683,2025-10-21,2025-10-21,0.0
ORD-110684,2025-11-07,2025-11-07,0.0
ORD-110685,2025-11-04,2025-11-04,0.0
ORD-110686,2025-11-07,2025-11-08,1.0
ORD-110687,2025-09-22,2025-09-22,0.0
ORD-110688,2025-12-02,2025-12-02,0.0
ORD-110689,2025-06-27,2025-06-27,0.0
ORD-110690,2025-05-13,2025-05-15,2.0
ORD-110691,2025-12-28,2025-12-28,0.0
ORD-110692,2025-06-28,2025-06-28,0.0
ORD-110693,2025-10-03,2025-10-05,2.0
ORD-110694,2025-11-01,2025-11-01,0.0
ORD-110695,2024-10-22,2024-10-23,1.0
ORD-110696,2025-03-30,2025-03-30,0.0
ORD-110697,2025-07-17,2025-07-17,0.0
ORD-110698,2025-04-18,2025-04-21,3.0
ORD-110699,2024-11-09,,
ORD-110700,2025-11-17,2025-11-17,0.0
ORD-110701,2025-05-30,2025-05-30,0.0
ORD-110702,2024-07-18,2024-07-19,1.0
ORD-110703,2025-09-24,2025-09-24,0.0
ORD-110704,2025-09-12,2025-09-12,0.0
ORD-110705,2024-06-07,2024-06-07,0.0
ORD-110706,2024-10-10,,
ORD-110707,2025-04-19,2025-04-19,0.0
ORD-110708,2025-12-15,2025-12-16,1.0
ORD-110709,2025-01-27,2025-01-27,0.0
ORD-110710,2024-08-31,2024-08-31,0.0
ORD-110711,2024-12-03,2024-12-03,0.0
ORD-110712,2025-12-06,2025-12-06,0.0
ORD-110713,2025-11-16,2025-11-16,0.0
ORD-110714,2025-08-14,,
ORD-110715,2025-05-07,2025-05-07,0.0
ORD-110716,2025-11-18,2025-11-18,0.0
ORD-110717,2025-03-01,2025-03-01,0.0
ORD-110718,2025-01-11,2025-01-11,0.0
ORD-110719,2025-06-18,2025-06-18,0.0
ORD-110720,2025-10-01,2025-10-01,0.0
ORD-110721,2025-11-02,,
ORD-110722,2025-09-27,2025-09-28,1.0
ORD-110723,2024-05-15,2024-05-20,5.0
ORD-110724,2025-05-12,2025-05-12,0.0
ORD-110725,2025-08-03,2025-08-03,0.0
ORD-110726,2024-10-22,2024-10-22,0.0
ORD-110727,2025-07-22,2025-07-22,0.0
ORD-110728,2025-09-13,,
ORD-110729,2025-07-28,2025-07-28,0.0
ORD-110730,2024-05-26,2024-05-26,0.0
ORD-110731,2024-09-17,2024-09-20,3.0
ORD-110732,2025-10-31,2025-10-31,0.0
ORD-110733,2024-11-09,2024-11-10,1.0
ORD-110734,2025-12-04,2025-12-05,1.0
ORD-110735,2025-06-06,,
ORD-110736,2025-07-29,2025-07-29,0.0
ORD-110737,2025-08-26,,
ORD-110738,2025-06-24,2025-06-24,0.0
ORD-110739,2025-01-16,2025-01-16,0.0
ORD-110740,2025-01-01,2025-01-01,0.0
ORD-110741,2025-07-08,2025-07-08,0.0
ORD-110742,2024-05-25,2024-05-28,3.0
ORD-110743,2024-11-28,2024-11-28,0.0
ORD-110744,2025-11-09,2025-11-11,2.0
ORD-110745,2025-03-27,,
ORD-110746,2024-05-29,,
ORD-110747,2024-09-01,2024-09-01,0.0
ORD-110748,2025-11-25,2025-11-25,0.0
ORD-110749,2024-07-19,2024-07-20,1.0
ORD-110750,2025-11-23,2025-11-28,5.0
ORD-110751,2025-11-18,2025-11-18,0.0
ORD-110752,2025-01-19,2025-01-19,0.0
ORD-110753,2025-12-05,,
ORD-110754,2025-07-11,2025-07-12,1.0
ORD-110755,2025-09-07,2025-09-08,1.0
ORD-110756,2025-04-17,2025-04-17,0.0
ORD-110757,2025-04-09,2025-04-09,0.0
ORD-110758,2025-11-06,2025-11-06,0.0
ORD-110759,2025-03-21,2025-03-21,0.0
ORD-110760,2024-11-03,2024-11-03,0.0
ORD-110761,2025-12-09,2025-12-10,1.0
ORD-110762,2024-10-22,2024-10-23,1.0
ORD-110763,2024-08-21,2024-08-21,0.0
ORD-110764,2025-09-28,2025-09-28,0.0
ORD-110765,2024-05-24,2024-05-24,0.0
ORD-110766,2025-01-28,2025-01-28,0.0
ORD-110767,2025-07-08,2025-07-08,0.0
ORD-110768,2025-08-15,2025-08-15,0.0
ORD-110769,2025-02-16,2025-02-16,0.0
ORD-110770,2025-11-13,2025-11-14,1.0
ORD-110771,2025-07-09,2025-07-10,1.0
ORD-110772,2024-05-08,2024-05-08,0.0
ORD-110773,2025-06-07,2025-06-10,3.0
ORD-110774,2025-11-13,2025-11-15,2.0
ORD-110775,2025-07-03,2025-07-03,0.0
ORD-110776,2024-08-16,2024-08-16,0.0
ORD-110777,2025-01-09,2025-01-10,1.0
ORD-110778,2025-07-23,2025-07-23,0.0
ORD-110779,2025-05-29,2025-05-29,0.0
ORD-110780,2025-08-18,2025-08-18,0.0
ORD-110781,2025-02-28,2025-02-28,0.0
ORD-110782,2025-10-09,2025-10-09,0.0
ORD-110783,2025-12-06,2025-12-06,0.0
ORD-110784,2026-01-02,2026-01-03,1.0
ORD-110785,2025-12-02,2025-12-04,2.0
ORD-110786,2025-07-27,2025-07-29,2.0
ORD-110787,2025-08-27,2025-08-30,3.0
ORD-110788,2025-09-05,2025-09-05,0.0
ORD-110789,2024-11-16,2024-11-16,0.0
ORD-110790,2025-07-01,2025-07-01,0.0
ORD-110791,2025-08-21,2025-08-21,0.0
ORD-110792,2025-07-31,2025-08-02,2.0
ORD-110793,2025-07-21,,
ORD-110794,2025-03-16,2025-03-16,0.0
ORD-110795,2025-11-06,2025-11-07,1.0
ORD-110796,2025-11-02,2025-11-02,0.0
ORD-110797,2025-10-05,2025-10-05,0.0
ORD-110798,2025-01-19,2025-01-20,1.0
ORD-110799,2024-02-23,2024-02-24,1.0
ORD-110800,2025-05-07,2025-05-08,1.0
ORD-110801,2025-04-13,2025-04-14,1.0
ORD-110802,2025-05-01,2025-05-06,5.0
ORD-110803,2025-10-22,2025-10-22,0.0
ORD-110804,2024-10-30,,
ORD-110805,2025-11-15,2025-11-15,0.0
ORD-110806,2024-05-22,2024-05-22,0.0
ORD-110807,2025-04-16,2025-04-16,0.0
ORD-110808,2025-05-30,2025-05-31,1.0
ORD-110809,2024-11-29,2024-11-30,1.0
ORD-110810,2025-10-10,2025-10-10,0.0
ORD-110811,2025-01-04,2025-01-04,0.0
ORD-110812,2025-12-08,2025-12-08,0.0
ORD-110813,2025-08-27,2025-08-27,0.0
ORD-110814,2025-10-10,2025-10-10,0.0
ORD-110815,2025-09-15,2025-09-15,0.0
ORD-110816,2024-12-25,2024-12-26,1.0
ORD-110817,2024-06-09,2024-06-10,1.0
ORD-110818,2024-11-18,2024-11-18,0.0
ORD-110819,2024-04-15,2024-04-15,0.0
ORD-110820,2025-12-13,2025-12-14,1.0
ORD-110821,2025-11-15,2025-11-17,2.0
ORD-110822,2025-06-13,2025-06-14,1.0
ORD-110823,2025-01-12,,
ORD-110824,2025-10-12,2025-10-13,1.0
ORD-110825,2025-10-18,2025-10-18,0.0
ORD-110826,2024-09-21,2024-09-21,0.0
ORD-110827,2025-08-21,2025-08-21,0.0
ORD-110828,2025-02-24,2025-02-25,1.0
ORD-110829,2025-08-18,2025-08-18,0.0
ORD-110830,2025-11-10,,
ORD-110831,2024-10-18,2024-10-18,0.0
ORD-110832,2025-02-25,2025-02-26,1.0
ORD-110833,2025-09-10,2025-09-11,1.0
ORD-110834,2025-12-25,2025-12-28,3.0
ORD-110835,2025-04-05,2025-04-05,0.0
ORD-110836,2025-07-16,2025-07-17,1.0
ORD-110837,2025-10-25,2025-10-25,0.0
ORD-110838,2025-08-13,2025-08-13,0.0
ORD-110839,2025-11-16,2025-11-16,0.0
ORD-110840,2024-07-26,,
ORD-110841,2025-11-10,2025-11-10,0.0
ORD-110842,2024-10-06,2024-10-07,1.0
ORD-110843,2025-02-19,2025-02-19,0.0
ORD-110844,2025-01-26,2025-01-26,0.0
ORD-110845,2025-10-18,,
ORD-110846,2025-01-08,,
ORD-110847,2025-01-19,2025-01-19,0.0
ORD-110848,2025-07-02,2025-07-02,0.0
ORD-110849,2025-08-25,2025-08-26,1.0
ORD-110850,2025-10-14,2025-10-15,1.0
ORD-110851,2025-09-29,2025-09-29,0.0
ORD-110852,2025-11-07,2025-11-07,0.0
ORD-110853,2025-10-20,2025-10-23,3.0
ORD-110854,2025-11-05,2025-11-06,1.0
ORD-110855,2024-12-05,2024-12-06,1.0
ORD-110856,2025-07-31,2025-08-01,1.0
ORD-110857,2025-08-19,2025-08-20,1.0
ORD-110858,2025-09-13,2025-09-13,0.0
ORD-110859,2025-01-29,2025-01-29,0.0
ORD-110860,2025-08-15,2025-08-15,0.0
ORD-110861,2025-01-21,2025-01-21,0.0
ORD-110862,2025-10-27,2025-10-28,1.0
ORD-110863,2025-08-08,2025-08-11,3.0
ORD-110864,2025-12-11,2025-12-11,0.0
ORD-110865,2024-05-30,2024-05-30,0.0
ORD-110866,2025-08-15,2025-08-18,3.0
ORD-110867,2024-08-07,2024-08-07,0.0
ORD-110868,2024-10-18,2024-10-19,1.0
ORD-110869,2025-11-06,,
ORD-110870,2025-08-28,2025-08-29,1.0
ORD-110871,2024-10-26,2024-10-26,0.0
ORD-110872,2025-11-10,2025-11-10,0.0
ORD-110873,2025-08-30,2025-08-30,0.0
ORD-110874,2025-05-16,2025-05-16,0.0
ORD-110875,2024-11-15,2024-11-17,2.0
ORD-110876,2025-05-11,2025-05-11,0.0
ORD-110877,2025-03-18,,
ORD-110878,2025-11-05,2025-11-05,0.0
ORD-110879,2025-07-19,2025-07-20,1.0
ORD-110880,2025-11-01,2025-11-01,0.0
ORD-110881,2025-08-05,2025-08-06,1.0
ORD-110882,2025-09-25,2025-09-26,1.0
ORD-110883,2025-09-09,2025-09-11,2.0
ORD-110884,2024-11-03,2024-11-04,1.0
ORD-110885,2025-11-15,2025-11-15,0.0
ORD-110886,2025-11-15,2025-11-18,3.0
ORD-110887,2025-09-01,2025-09-01,0.0
ORD-110888,2024-12-30,2024-12-30,0.0
ORD-110889,2025-02-25,2025-02-25,0.0
ORD-110890,2025-10-25,2025-10-25,0.0
ORD-110891,2025-04-08,2025-04-08,0.0
ORD-110892,2025-10-25,2025-10-25,0.0
ORD-110893,2024-05-20,2024-05-20,0.0
ORD-110894,2024-12-12,2024-12-13,1.0
ORD-110895,2025-04-01,2025-04-01,0.0
ORD-110896,2025-10-13,2025-10-13,0.0
ORD-110897,2025-08-31,,
ORD-110898,2025-01-31,2025-01-31,0.0
ORD-110899,2025-04-29,2025-04-30,1.0
ORD-110900,2024-08-16,2024-08-16,0.0
ORD-110901,2025-02-09,2025-02-09,0.0
ORD-110902,2024-07-02,2024-07-02,0.0
ORD-110903,2025-11-12,2025-11-12,0.0
ORD-110904,2025-06-08,,
ORD-110905,2025-08-27,2025-08-30,3.0
ORD-110906,2024-08-08,2024-08-08,0.0
ORD-110907,2025-12-06,2025-12-06,0.0
ORD-110908,2025-08-31,,
ORD-110909,2024-08-01,,
ORD-110910,2024-08-04,2024-08-05,1.0
ORD-110911,2024-10-22,2024-10-22,0.0
ORD-110912,2025-09-13,2025-09-14,1.0
ORD-110913,2025-11-03,2025-11-03,0.0
ORD-110914,2024-11-09,2024-11-09,0.0
ORD-110915,2025-09-01,2025-09-01,0.0
ORD-110916,2024-10-21,2024-10-22,1.0
ORD-110917,2025-01-11,2025-01-13,2.0
ORD-110918,2025-11-14,2025-11-15,1.0
ORD-110919,2025-07-07,2025-07-08,1.0
ORD-110920,2025-07-13,2025-07-13,0.0
ORD-110921,2025-04-19,2025-04-20,1.0
ORD-110922,2025-11-09,2025-11-10,1.0
ORD-110923,2024-12-22,2024-12-24,2.0
ORD-110924,2025-08-25,2025-08-25,0.0
ORD-110925,2025-10-13,2025-10-14,1.0
ORD-110926,2025-07-14,2025-07-14,0.0
ORD-110927,2024-10-09,2024-10-09,0.0
ORD-110928,2025-11-29,2025-11-29,0.0
ORD-110929,2025-07-05,2025-07-05,0.0
ORD-110930,2025-04-28,2025-04-28,0.0
ORD-110931,2025-05-10,2025-05-12,2.0
ORD-110932,2025-08-11,2025-08-11,0.0
ORD-110933,2025-07-25,2025-07-25,0.0
ORD-110934,2024-07-23,2024-07-23,0.0
ORD-110935,2025-09-20,2025-09-20,0.0
ORD-110936,2025-10-18,2025-10-18,0.0
ORD-110937,2025-09-15,2025-09-15,0.0
ORD-110938,2025-11-24,2025-11-24,0.0
ORD-110939,2024-10-22,2024-10-22,0.0
ORD-110940,2025-04-02,2025-04-02,0.0
ORD-110941,2025-11-11,2025-11-11,0.0
ORD-110942,2025-11-08,2025-11-09,1.0
ORD-110943,2025-11-16,2025-11-16,0.0
ORD-110944,2025-01-07,2025-01-08,1.0
ORD-110945,2025-08-02,2025-08-04,2.0
ORD-110946,2026-01-01,2026-01-01,0.0
ORD-110947,2024-12-19,2024-12-20,1.0
ORD-110948,2025-11-17,2025-11-17,0.0
ORD-110949,2025-09-21,2025-09-21,0.0
ORD-110950,2025-08-21,,
ORD-110951,2025-09-19,2025-09-19,0.0
ORD-110952,2024-11-16,2024-11-18,2.0
ORD-110953,2025-10-31,2025-11-01,1.0
ORD-110954,2024-12-01,2024-12-01,0.0
ORD-110955,2025-09-18,2025-09-18,0.0
ORD-110956,2025-12-03,2025-12-04,1.0
ORD-110957,2025-12-08,2025-12-09,1.0
ORD-110958,2024-07-22,2024-07-22,0.0
ORD-110959,2025-07-16,2025-07-16,0.0
ORD-110960,2024-06-21,2024-06-23,2.0
ORD-110961,2024-12-08,2024-12-08,0.0
ORD-110962,2025-10-23,2025-10-23,0.0
ORD-110963,2025-11-13,2025-11-15,2.0
ORD-110964,2025-08-04,2025-08-07,3.0
ORD-110965,2025-12-24,2025-12-24,0.0
ORD-110966,2024-09-26,2024-09-26,0.0
ORD-110967,2024-11-23,2024-11-28,5.0
ORD-110968,2024-04-23,2024-04-23,0.0
ORD-110969,2025-11-12,,
ORD-110970,2025-11-02,2025-11-02,0.0
ORD-110971,2025-12-16,2025-12-19,3.0
ORD-110972,2025-10-16,2025-10-16,0.0
ORD-110973,2025-10-22,2025-10-22,0.0
ORD-110974,2025-11-14,2025-11-15,1.0
ORD-110975,2025-11-25,2025-11-26,1.0
ORD-110976,2025-07-13,2025-07-13,0.0
ORD-110977,2025-08-20,2025-08-21,1.0
ORD-110978,2025-01-14,2025-01-14,0.0
ORD-110979,2025-05-27,2025-05-29,2.0
ORD-110980,2025-10-29,2025-10-29,0.0
ORD-110981,2025-11-08,2025-11-08,0.0
ORD-110982,2025-12-08,2025-12-08,0.0
ORD-110983,2025-06-27,2025-06-29,2.0
ORD-110984,2024-08-06,2024-08-06,0.0
ORD-110985,2025-01-29,,
ORD-110986,2025-04-05,2025-04-05,0.0
ORD-110987,2024-10-06,2024-10-09,3.0
ORD-110988,2024-06-18,2024-06-20,2.0
ORD-110989,2025-08-06,2025-08-07,1.0
ORD-110990,2025-11-14,2025-11-14,0.0
ORD-110991,2025-07-22,2025-07-22,0.0
ORD-110992,2025-12-07,2025-12-07,0.0
ORD-110993,2025-08-03,2025-08-04,1.0
ORD-110994,2025-10-30,2025-11-01,2.0
ORD-110995,2025-10-29,2025-10-31,2.0
ORD-110996,2024-07-19,,
ORD-110997,2024-10-22,2024-10-23,1.0
ORD-110998,2025-11-10,2025-11-10,0.0
ORD-110999,2024-11-10,2024-11-10,0.0
ORD-111000,2025-05-14,2025-05-14,0.0
ORD-111001,2025-05-13,2025-05-16,3.0
ORD-111002,2024-09-04,2024-09-04,0.0
ORD-111003,2024-11-06,2024-11-07,1.0
ORD-111004,2024-05-02,2024-05-02,0.0
ORD-111005,2024-10-12,2024-10-13,1.0
ORD-111006,2024-11-12,2024-11-13,1.0
ORD-111007,2025-04-12,2025-04-12,0.0
ORD-111008,2025-08-21,2025-08-22,1.0
ORD-111009,2025-12-07,2025-12-07,0.0
ORD-111010,2025-08-16,2025-08-17,1.0
ORD-111011,2024-08-21,2024-08-22,1.0
ORD-111012,2024-06-02,,
ORD-111013,2024-08-15,2024-08-15,0.0
ORD-111014,2025-11-11,2025-11-14,3.0
ORD-111015,2024-12-11,2024-12-11,0.0
ORD-111016,2025-11-07,2025-11-07,0.0
ORD-111017,2025-04-01,2025-04-01,0.0
ORD-111018,2025-02-24,2025-02-24,0.0
ORD-111019,2025-11-04,2025-11-04,0.0
ORD-111020,2025-11-08,2025-11-09,1.0
ORD-111021,2025-09-13,2025-09-14,1.0
ORD-111022,2025-01-09,2025-01-09,0.0
ORD-111023,2025-04-26,2025-04-26,0.0
ORD-111024,2025-05-23,,
ORD-111025,2025-09-20,2025-09-23,3.0
ORD-111026,2025-03-26,2025-03-26,0.0
ORD-111027,2025-02-12,2025-02-13,1.0
ORD-111028,2025-05-18,2025-05-18,0.0
ORD-111029,2024-05-01,,
ORD-111030,2024-05-29,2024-05-29,0.0
ORD-111031,2025-10-25,2025-10-25,0.0
ORD-111032,2025-12-06,2025-12-07,1.0
ORD-111033,2025-02-11,2025-02-11,0.0
ORD-111034,2024-09-13,2024-09-14,1.0
ORD-111035,2024-09-16,2024-09-17,1.0
ORD-111036,2025-01-28,2025-01-29,1.0
ORD-111037,2025-11-03,,
ORD-111038,2025-08-19,2025-08-20,1.0
ORD-111039,2025-11-10,,
ORD-111040,2025-07-02,2025-07-03,1.0
ORD-111041,2025-10-10,2025-10-10,0.0
ORD-111042,2025-03-02,2025-03-02,0.0
ORD-111043,2025-09-15,2025-09-16,1.0
ORD-111044,2025-05-22,2025-05-22,0.0
ORD-111045,2025-10-10,2025-10-10,0.0
ORD-111046,2025-11-18,2025-11-23,5.0
ORD-111047,2025-09-04,2025-09-04,0.0
ORD-111048,2025-11-02,2025-11-02,0.0
ORD-111049,2025-05-03,2025-05-04,1.0
ORD-111050,2025-10-20,,
ORD-111051,2025-03-22,2025-03-22,0.0
ORD-111052,2025-08-24,2025-08-25,1.0
ORD-111053,2025-07-01,2025-07-01,0.0
ORD-111054,2025-08-11,2025-08-11,0.0
ORD-111055,2025-06-16,2025-06-16,0.0
ORD-111056,2025-02-17,2025-02-19,2.0
ORD-111057,2025-08-29,2025-08-29,0.0
ORD-111058,2024-12-18,2024-12-18,0.0
ORD-111059,2025-08-19,2025-08-20,1.0
ORD-111060,2024-09-07,2024-09-07,0.0
ORD-111061,2025-11-18,2025-11-18,0.0
ORD-111062,2025-12-03,2025-12-06,3.0
ORD-111063,2024-04-21,2024-04-21,0.0
ORD-111064,2025-03-05,2025-03-08,3.0
ORD-111065,2024-09-30,2024-09-30,0.0
ORD-111066,2025-05-01,2025-05-01,0.0
ORD-111067,2025-11-05,2025-11-05,0.0
ORD-111068,2025-10-19,2025-10-21,2.0
ORD-111069,2025-11-21,,
ORD-111070,2024-06-30,2024-06-30,0.0
ORD-111071,2025-07-14,2025-07-15,1.0
ORD-111072,2025-10-22,2025-10-22,0.0
ORD-111073,2025-07-12,2025-07-12,0.0
ORD-111074,2025-01-27,2025-01-30,3.0
ORD-111075,2025-12-20,2025-12-20,0.0
ORD-111076,2025-09-16,2025-09-17,1.0
ORD-111077,2024-12-07,2024-12-09,2.0
ORD-111078,2025-11-17,2025-11-17,0.0
ORD-111079,2024-09-15,2024-09-15,0.0
ORD-111080,2025-12-01,2025-12-04,3.0
ORD-111081,2024-10-29,2024-10-30,1.0
ORD-111082,2025-05-21,2025-05-21,0.0
ORD-111083,2025-10-10,2025-10-10,0.0
ORD-111084,2024-10-31,2024-11-01,1.0
ORD-111085,2024-12-07,2024-12-07,0.0
ORD-111086,2025-05-19,2025-05-20,1.0
ORD-111087,2025-11-08,2025-11-11,3.0
ORD-111088,2025-10-04,2025-10-05,1.0
ORD-111089,2025-03-09,,
ORD-111090,2024-07-26,2024-07-27,1.0
ORD-111091,2025-11-18,2025-11-18,0.0
ORD-111092,2025-05-02,2025-05-02,0.0
ORD-111093,2025-03-02,2025-03-02,0.0
ORD-111094,2025-05-23,2025-05-23,0.0
ORD-111095,2025-12-02,2025-12-02,0.0
ORD-111096,2025-08-29,2025-08-29,0.0
ORD-111097,2025-03-26,2025-03-26,0.0
ORD-111098,2024-11-02,2024-11-03,1.0
ORD-111099,2025-11-30,2025-12-01,1.0
ORD-111100,2025-07-10,,
ORD-111101,2025-01-14,2025-01-16,2.0
ORD-111102,2025-04-06,2025-04-06,0.0
ORD-111103,2024-06-26,,
ORD-111104,2025-06-02,2025-06-02,0.0
ORD-111105,2025-11-17,2025-11-17,0.0
ORD-111106,2025-06-26,,
ORD-111107,2025-08-12,,
ORD-111108,2025-09-11,2025-09-11,0.0
ORD-111109,2025-10-22,2025-10-25,3.0
ORD-111110,2024-07-13,2024-07-13,0.0
ORD-111111,2025-03-15,2025-03-15,0.0
ORD-111112,2025-01-17,2025-01-18,1.0
ORD-111113,2025-09-01,2025-09-01,0.0
ORD-111114,2024-12-05,2024-12-05,0.0
ORD-111115,2025-06-02,2025-06-02,0.0
ORD-111116,2025-06-25,2025-06-27,2.0
ORD-111117,2024-09-14,2024-09-16,2.0
ORD-111118,2025-02-02,,
ORD-111119,2025-03-22,2025-03-23,1.0
ORD-111120,2025-11-15,2025-11-15,0.0
ORD-111121,2025-11-13,2025-11-13,0.0
ORD-111122,2025-12-06,2025-12-08,2.0
ORD-111123,2025-06-11,2025-06-11,0.0
ORD-111124,2025-07-18,2025-07-20,2.0
ORD-111125,2025-08-24,2025-08-25,1.0
ORD-111126,2025-12-08,2025-12-08,0.0
ORD-111127,2025-01-12,2025-01-12,0.0
ORD-111128,2025-10-23,2025-10-23,0.0
ORD-111129,2025-11-15,2025-11-15,0.0
ORD-111130,2025-08-14,2025-08-15,1.0
ORD-111131,2025-10-18,,
ORD-111132,2024-12-29,2024-12-29,0.0
ORD-111133,2025-05-06,2025-05-06,0.0
ORD-111134,2025-05-07,2025-05-08,1.0
ORD-111135,2025-10-21,2025-10-21,0.0
ORD-111136,2024-08-08,2024-08-09,1.0
ORD-111137,2025-11-11,2025-11-11,0.0
ORD-111138,2025-12-13,2025-12-14,1.0
ORD-111139,2025-04-24,2025-04-27,3.0
ORD-111140,2025-12-05,2025-12-05,0.0
ORD-111141,2025-01-25,2025-01-26,1.0
ORD-111142,2025-09-26,2025-09-26,0.0
ORD-111143,2025-03-22,2025-03-23,1.0
ORD-111144,2024-10-13,2024-10-18,5.0
ORD-111145,2024-10-26,2024-10-27,1.0
ORD-111146,2024-10-13,2024-10-13,0.0
ORD-111147,2025-07-09,2025-07-10,1.0
ORD-111148,2024-11-14,2024-11-14,0.0
ORD-111149,2025-07-15,,
ORD-111150,2024-10-16,2024-10-18,2.0
ORD-111151,2025-09-11,2025-09-13,2.0
ORD-111152,2025-07-25,2025-07-25,0.0
ORD-111153,2025-06-24,2025-06-26,2.0
ORD-111154,2025-03-15,2025-03-15,0.0
ORD-111155,2025-03-09,,
ORD-111156,2025-07-16,,
ORD-111157,2025-12-10,2025-12-10,0.0
ORD-111158,2025-03-22,2025-03-25,3.0
ORD-111159,2025-12-03,2025-12-05,2.0
ORD-111160,2025-08-21,2025-08-21,0.0
ORD-111161,2025-01-22,,
ORD-111162,2025-03-04,2025-03-05,1.0
ORD-111163,2025-06-14,2025-06-14,0.0
ORD-111164,2025-03-20,2025-03-20,0.0
ORD-111165,2025-10-22,2025-10-24,2.0
ORD-111166,2025-04-28,2025-04-28,0.0
ORD-111167,2025-06-01,2025-06-01,0.0
ORD-111168,2024-11-21,2024-11-22,1.0
ORD-111169,2024-08-28,,
ORD-111170,2024-10-25,2024-10-25,0.0
ORD-111171,2025-10-06,2025-10-06,0.0
ORD-111172,2025-11-21,2025-11-22,1.0
ORD-111173,2025-10-12,2025-10-13,1.0
ORD-111174,2025-08-16,2025-08-16,0.0
ORD-111175,2025-03-14,2025-03-15,1.0
ORD-111176,2025-09-02,2025-09-02,0.0
ORD-111177,2025-12-12,2025-12-13,1.0
ORD-111178,2025-10-08,2025-10-08,0.0
ORD-111179,2025-12-19,,
ORD-111180,2024-08-10,2024-08-11,1.0
ORD-111181,2025-11-22,2025-11-22,0.0
ORD-111182,2025-10-29,,
ORD-111183,2025-08-20,2025-08-21,1.0
ORD-111184,2025-04-17,2025-04-18,1.0
ORD-111185,2025-07-03,2025-07-03,0.0
ORD-111186,2025-02-13,2025-02-13,0.0
ORD-111187,2025-04-17,2025-04-17,0.0
ORD-111188,2025-03-09,2025-03-11,2.0
ORD-111189,2024-10-24,,
ORD-111190,2024-11-07,,
ORD-111191,2025-02-26,2025-02-28,2.0
ORD-111192,2025-10-31,2025-10-31,0.0
ORD-111193,2025-09-21,2025-09-23,2.0
ORD-111194,2025-08-27,2025-08-29,2.0
ORD-111195,2025-03-07,2025-03-08,1.0
ORD-111196,2025-02-12,2025-02-14,2.0
ORD-111197,2025-08-13,2025-08-15,2.0
ORD-111198,2025-03-22,2025-03-22,0.0
ORD-111199,2025-04-20,2025-04-20,0.0
ORD-111200,2024-12-15,2024-12-17,2.0
ORD-111201,2025-08-24,2025-08-26,2.0
ORD-111202,2025-10-27,2025-10-28,1.0
ORD-111203,2025-06-30,2025-07-02,2.0
ORD-111204,2025-03-17,2025-03-17,0.0
ORD-111205,2025-10-16,2025-10-17,1.0
ORD-111206,2024-07-27,,
ORD-111207,2025-09-12,2025-09-12,0.0
ORD-111208,2025-10-28,2025-10-28,0.0
ORD-111209,2025-10-09,2025-10-09,0.0
ORD-111210,2025-05-03,2025-05-05,2.0
ORD-111211,2025-09-29,,
ORD-111212,2025-11-21,,
ORD-111213,2025-10-25,2025-10-25,0.0
ORD-111214,2025-11-03,2025-11-03,0.0
ORD-111215,2025-10-09,2025-10-10,1.0
ORD-111216,2025-10-23,2025-10-23,0.0
ORD-111217,2025-12-06,2025-12-07,1.0
ORD-111218,2025-07-06,2025-07-06,0.0
ORD-111219,2024-10-21,,
ORD-111220,2025-10-26,2025-10-26,0.0
ORD-111221,2025-10-25,2025-10-25,0.0
ORD-111222,2025-03-31,2025-03-31,0.0
ORD-111223,2025-09-19,2025-09-19,0.0
ORD-111224,2024-06-01,2024-06-03,2.0
ORD-111225,2025-11-05,2025-11-05,0.0
ORD-111226,2025-05-16,2025-05-17,1.0
ORD-111227,2025-04-17,2025-04-17,0.0
ORD-111228,2025-07-18,2025-07-19,1.0
ORD-111229,2025-03-09,2025-03-10,1.0
ORD-111230,2025-05-28,2025-05-28,0.0
ORD-111231,2024-10-31,2024-11-02,2.0
ORD-111232,2024-12-10,2024-12-12,2.0
ORD-111233,2025-09-02,2025-09-02,0.0
ORD-111234,2025-06-10,2025-06-11,1.0
ORD-111235,2024-09-07,2024-09-08,1.0
ORD-111236,2025-07-11,2025-07-11,0.0
ORD-111237,2025-11-03,2025-11-03,0.0
ORD-111238,2025-05-09,2025-05-09,0.0
ORD-111239,2025-08-28,,
ORD-111240,2024-06-06,,
ORD-111241,2025-11-17,2025-11-17,0.0
ORD-111242,2025-08-13,2025-08-13,0.0
ORD-111243,2024-08-11,2024-08-13,2.0
ORD-111244,2025-10-07,2025-10-07,0.0
ORD-111245,2024-07-16,2024-07-16,0.0
ORD-111246,2024-08-01,2024-08-03,2.0
ORD-111247,2025-07-26,2025-07-26,0.0
ORD-111248,2025-04-21,,
ORD-111249,2025-12-04,2025-12-04,0.0
ORD-111250,2025-10-27,2025-10-27,0.0
ORD-111251,2025-09-09,2025-09-10,1.0
ORD-111252,2024-04-12,2024-04-12,0.0
ORD-111253,2025-02-20,2025-02-22,2.0
ORD-111254,2025-03-24,2025-03-24,0.0
ORD-111255,2025-10-19,,
ORD-111256,2025-06-27,2025-06-27,0.0
ORD-111257,2025-02-22,2025-02-22,0.0
ORD-111258,2025-12-22,2025-12-23,1.0
ORD-111259,2025-10-10,,
ORD-111260,2024-10-24,2024-10-24,0.0
ORD-111261,2025-10-16,2025-10-17,1.0
ORD-111262,2025-11-24,2025-11-24,0.0
ORD-111263,2025-11-05,2025-11-05,0.0
ORD-111264,2025-02-11,2025-02-11,0.0
ORD-111265,2025-03-03,2025-03-03,0.0
ORD-111266,2025-11-05,2025-11-05,0.0
ORD-111267,2025-03-29,2025-03-29,0.0
ORD-111268,2025-12-21,2025-12-21,0.0
ORD-111269,2025-08-21,2025-08-23,2.0
ORD-111270,2024-07-14,2024-07-14,0.0
ORD-111271,2025-02-03,2025-02-03,0.0
ORD-111272,2024-10-21,2024-10-21,0.0
ORD-111273,2024-10-02,2024-10-02,0.0
ORD-111274,2025-02-14,2025-02-15,1.0
ORD-111275,2024-10-07,,
ORD-111276,2024-08-12,2024-08-12,0.0
ORD-111277,2025-11-18,2025-11-18,0.0
ORD-111278,2024-03-20,2024-03-20,0.0
ORD-111279,2024-11-14,2024-11-15,1.0
ORD-111280,2025-01-16,2025-01-16,0.0
ORD-111281,2025-06-16,2025-06-16,0.0
ORD-111282,2025-05-17,2025-05-17,0.0
ORD-111283,2025-04-23,2025-04-24,1.0
ORD-111284,2025-11-01,2025-11-02,1.0
ORD-111285,2025-01-03,2025-01-05,2.0
ORD-111286,2025-06-05,2025-06-06,1.0
ORD-111287,2024-12-02,2024-12-04,2.0
ORD-111288,2025-01-20,2025-01-20,0.0
ORD-111289,2025-02-22,2025-02-22,0.0
ORD-111290,2025-01-10,2025-01-12,2.0
ORD-111291,2025-08-03,2025-08-03,0.0
ORD-111292,2024-12-07,2024-12-08,1.0
ORD-111293,2025-05-26,2025-05-26,0.0
ORD-111294,2025-12-05,2025-12-06,1.0
ORD-111295,2025-08-18,2025-08-18,0.0
ORD-111296,2025-05-13,2025-05-13,0.0
ORD-111297,2025-08-08,2025-08-09,1.0
ORD-111298,2025-01-18,2025-01-18,0.0
ORD-111299,2025-06-24,,
ORD-111300,2024-09-08,2024-09-08,0.0
ORD-111301,2025-07-03,2025-07-06,3.0
ORD-111302,2024-10-02,2024-10-03,1.0
ORD-111303,2025-08-19,2025-08-19,0.0
ORD-111304,2025-09-11,2025-09-11,0.0
ORD-111305,2025-04-21,2025-04-22,1.0
ORD-111306,2025-04-28,2025-04-28,0.0
ORD-111307,2024-05-05,2024-05-07,2.0
ORD-111308,2025-01-28,2025-01-28,0.0
ORD-111309,2024-12-17,2024-12-18,1.0
ORD-111310,2025-10-06,2025-10-06,0.0
ORD-111311,2025-11-18,,
ORD-111312,2025-10-30,2025-11-02,3.0
ORD-111313,2025-11-19,2025-11-19,0.0
ORD-111314,2025-11-07,2025-11-09,2.0
ORD-111315,2025-12-06,,
ORD-111316,2024-08-07,2024-08-07,0.0
ORD-111317,2025-10-19,2025-10-19,0.0
ORD-111318,2025-09-30,2025-10-02,2.0
ORD-111319,2024-12-26,2024-12-26,0.0
ORD-111320,2025-11-16,2025-11-17,1.0
ORD-111321,2025-11-04,2025-11-04,0.0
ORD-111322,2025-11-03,2025-11-03,0.0
ORD-111323,2025-07-11,2025-07-12,1.0
ORD-111324,2024-12-24,2024-12-24,0.0
ORD-111325,2025-06-05,,
ORD-111326,2024-11-19,2024-11-20,1.0
ORD-111327,2025-11-14,2025-11-14,0.0
ORD-111328,2025-10-24,2025-10-24,0.0
ORD-111329,2025-11-13,,
ORD-111330,2025-04-03,2025-04-04,1.0
ORD-111331,2025-01-25,2025-01-25,0.0
ORD-111332,2025-10-22,2025-10-22,0.0
ORD-111333,2025-01-14,2025-01-14,0.0
ORD-111334,2025-11-05,2025-11-07,2.0
ORD-111335,2024-06-09,2024-06-10,1.0
ORD-111336,2025-08-23,2025-08-23,0.0
ORD-111337,2025-10-18,2025-10-18,0.0
ORD-111338,2024-09-02,2024-09-02,0.0
ORD-111339,2024-11-04,2024-11-04,0.0
ORD-111340,2025-05-15,,
ORD-111341,2024-09-19,2024-09-20,1.0
ORD-111342,2024-10-05,2024-10-06,1.0
ORD-111343,2025-11-08,,
ORD-111344,2025-06-07,2025-06-10,3.0
ORD-111345,2025-10-22,2025-10-22,0.0
ORD-111346,2025-07-22,2025-07-22,0.0
ORD-111347,2024-11-12,2024-11-14,2.0
ORD-111348,2025-01-20,2025-01-20,0.0
ORD-111349,2025-05-06,2025-05-06,0.0
ORD-111350,2025-07-17,2025-07-17,0.0
ORD-111351,2025-10-22,2025-10-23,1.0
ORD-111352,2025-09-23,2025-09-23,0.0
ORD-111353,2025-05-29,,
ORD-111354,2025-09-02,2025-09-02,0.0
ORD-111355,2024-09-25,2024-09-25,0.0
ORD-111356,2024-12-13,2024-12-13,0.0
ORD-111357,2025-10-21,2025-10-21,0.0
ORD-111358,2025-08-13,2025-08-13,0.0
ORD-111359,2025-05-24,2025-05-24,0.0
ORD-111360,2025-10-28,2025-10-28,0.0
ORD-111361,2025-12-06,,
ORD-111362,2025-09-26,2025-09-29,3.0
ORD-111363,2025-10-19,2025-10-21,2.0
ORD-111364,2024-07-20,2024-07-20,0.0
ORD-111365,2025-05-11,2025-05-11,0.0
ORD-111366,2024-11-12,2024-11-12,0.0
ORD-111367,2025-05-22,2025-05-23,1.0
ORD-111368,2025-02-09,2025-02-10,1.0
ORD-111369,2024-11-24,2024-11-25,1.0
ORD-111370,2024-12-09,2024-12-11,2.0
ORD-111371,2025-08-26,2025-08-26,0.0
ORD-111372,2025-01-11,2025-01-11,0.0
ORD-111373,2025-02-27,2025-02-27,0.0
ORD-111374,2025-02-17,2025-02-17,0.0
ORD-111375,2025-10-13,,
ORD-111376,2025-09-14,2025-09-14,0.0
ORD-111377,2025-10-13,2025-10-13,0.0
ORD-111378,2024-08-31,2024-09-01,1.0
ORD-111379,2025-12-07,2025-12-07,0.0
ORD-111380,2025-12-21,2025-12-21,0.0
ORD-111381,2025-03-26,2025-03-26,0.0
ORD-111382,2025-07-09,,
ORD-111383,2025-06-28,2025-06-28,0.0
ORD-111384,2025-12-21,2025-12-23,2.0
ORD-111385,2025-07-07,,
ORD-111386,2024-09-01,2024-09-01,0.0
ORD-111387,2025-03-30,2025-03-30,0.0
ORD-111388,2025-08-09,2025-08-10,1.0
ORD-111389,2025-03-26,2025-03-26,0.0
ORD-111390,2025-07-22,2025-07-22,0.0
ORD-111391,2025-10-19,2025-10-19,0.0
ORD-111392,2024-10-08,2024-10-09,1.0
ORD-111393,2024-09-29,2024-09-29,0.0
ORD-111394,2025-06-21,2025-06-21,0.0
ORD-111395,2025-05-23,2025-05-23,0.0
ORD-111396,2025-06-20,2025-06-20,0.0
ORD-111397,2024-10-26,2024-10-26,0.0
ORD-111398,2025-04-12,2025-04-12,0.0
ORD-111399,2024-11-05,2024-11-05,0.0
ORD-111400,2025-12-03,2025-12-03,0.0
ORD-111401,2025-03-21,2025-03-22,1.0
ORD-111402,2025-03-20,2025-03-20,0.0
ORD-111403,2024-11-29,2024-11-29,0.0
ORD-111404,2025-04-02,2025-04-03,1.0
ORD-111405,2025-05-24,2025-05-24,0.0
ORD-111406,2025-10-27,2025-10-28,1.0
ORD-111407,2025-01-29,2025-01-30,1.0
ORD-111408,2025-02-14,2025-02-14,0.0
ORD-111409,2025-11-01,2025-11-02,1.0
ORD-111410,2024-03-23,2024-03-23,0.0
ORD-111411,2025-05-13,2025-05-13,0.0
ORD-111412,2025-01-04,2025-01-04,0.0
ORD-111413,2025-10-04,2025-10-05,1.0
ORD-111414,2025-11-28,2025-11-28,0.0
ORD-111415,2025-12-08,2025-12-08,0.0
ORD-111416,2025-12-06,2025-12-07,1.0
ORD-111417,2025-12-30,2025-12-30,0.0
ORD-111418,2025-12-18,2025-12-23,5.0
ORD-111419,2025-04-09,2025-04-09,0.0
ORD-111420,2025-05-17,2025-05-17,0.0
ORD-111421,2024-11-05,2024-11-05,0.0
ORD-111422,2025-09-17,2025-09-18,1.0
ORD-111423,2025-02-21,2025-02-22,1.0
ORD-111424,2024-11-03,,
ORD-111425,2025-11-06,2025-11-06,0.0
ORD-111426,2025-01-01,2025-01-02,1.0
ORD-111427,2025-08-05,2025-08-07,2.0
ORD-111428,2025-05-13,2025-05-15,2.0
ORD-111429,2025-06-29,,
ORD-111430,2025-02-25,2025-02-25,0.0
ORD-111431,2025-01-20,2025-01-20,0.0
ORD-111432,2025-11-01,2025-11-02,1.0
ORD-111433,2024-06-09,2024-06-09,0.0
ORD-111434,2024-07-30,2024-07-30,0.0
ORD-111435,2025-09-23,2025-09-25,2.0
ORD-111436,2025-11-18,2025-11-18,0.0
ORD-111437,2025-11-06,2025-11-06,0.0
ORD-111438,2025-07-31,2025-08-01,1.0
ORD-111439,2024-07-20,2024-07-21,1.0
ORD-111440,2025-10-02,2025-10-02,0.0
ORD-111441,2025-04-08,2025-04-10,2.0
ORD-111442,2025-11-28,2025-11-28,0.0
ORD-111443,2025-12-12,2025-12-14,2.0
ORD-111444,2024-09-07,2024-09-07,0.0
ORD-111445,2025-10-04,2025-10-04,0.0
ORD-111446,2025-02-22,2025-02-22,0.0
ORD-111447,2025-09-02,2025-09-03,1.0
ORD-111448,2025-09-13,2025-09-13,0.0
ORD-111449,2024-01-06,2024-01-06,0.0
ORD-111450,2025-03-26,2025-03-26,0.0
ORD-111451,2025-06-16,2025-06-16,0.0
ORD-111452,2024-09-13,2024-09-15,2.0
ORD-111453,2024-08-14,2024-08-16,2.0
ORD-111454,2024-11-03,2024-11-04,1.0
ORD-111455,2024-11-07,2024-11-07,0.0
ORD-111456,2025-12-09,,
ORD-111457,2025-06-03,2025-06-03,0.0
ORD-111458,2024-05-30,2024-05-31,1.0
ORD-111459,2025-10-19,2025-10-19,0.0
ORD-111460,2025-04-08,2025-04-08,0.0
ORD-111461,2025-07-08,2025-07-08,0.0
ORD-111462,2025-03-25,2025-03-26,1.0
ORD-111463,2025-11-30,2025-11-30,0.0
ORD-111464,2025-11-17,2025-11-17,0.0
ORD-111465,2025-10-24,,
ORD-111466,2025-02-20,2025-02-22,2.0
ORD-111467,2025-08-12,2025-08-12,0.0
ORD-111468,2025-09-01,2025-09-02,1.0
ORD-111469,2025-09-26,2025-09-27,1.0
ORD-111470,2025-08-18,2025-08-18,0.0
ORD-111471,2025-07-23,2025-07-23,0.0
ORD-111472,2025-11-16,2025-11-16,0.0
ORD-111473,2025-06-30,2025-06-30,0.0
ORD-111474,2025-11-20,,
ORD-111475,2025-05-25,2025-05-25,0.0
ORD-111476,2024-09-07,2024-09-07,0.0
ORD-111477,2025-10-28,2025-10-29,1.0
ORD-111478,2024-03-27,,
ORD-111479,2025-07-20,2025-07-20,0.0
ORD-111480,2025-08-16,2025-08-16,0.0
ORD-111481,2025-10-14,2025-10-14,0.0
ORD-111482,2024-07-27,2024-07-27,0.0
ORD-111483,2025-11-16,2025-11-16,0.0
ORD-111484,2024-05-21,2024-05-22,1.0
ORD-111485,2025-04-24,2025-04-25,1.0
ORD-111486,2025-01-15,2025-01-15,0.0
ORD-111487,2025-02-07,2025-02-07,0.0
ORD-111488,2025-11-09,2025-11-09,0.0
ORD-111489,2025-11-06,2025-11-07,1.0
ORD-111490,2025-04-10,2025-04-10,0.0
ORD-111491,2025-12-03,,
ORD-111492,2024-12-26,2024-12-26,0.0
ORD-111493,2025-10-04,2025-10-07,3.0
ORD-111494,2024-11-07,2024-11-07,0.0
ORD-111495,2024-11-04,2024-11-06,2.0
ORD-111496,2025-06-26,2025-06-26,0.0
ORD-111497,2025-08-29,2025-08-29,0.0
ORD-111498,2024-10-18,2024-10-18,0.0
ORD-111499,2025-12-16,2025-12-16,0.0
ORD-111500,2025-07-31,2025-07-31,0.0
ORD-111501,2025-09-26,2025-09-27,1.0
ORD-111502,2025-07-10,2025-07-10,0.0
ORD-111503,2025-07-03,2025-07-03,0.0
ORD-111504,2025-06-30,2025-07-01,1.0
ORD-111505,2025-06-06,2025-06-06,0.0
ORD-111506,2025-03-14,,
ORD-111507,2024-11-08,2024-11-08,0.0
ORD-111508,2025-10-04,2025-10-04,0.0
ORD-111509,2024-08-16,2024-08-16,0.0
ORD-111510,2025-04-17,,
ORD-111511,2025-03-23,2025-03-23,0.0
ORD-111512,2025-11-03,2025-11-03,0.0
ORD-111513,2025-06-05,,
ORD-111514,2025-10-24,2025-10-24,0.0
ORD-111515,2025-11-21,2025-11-23,2.0
ORD-111516,2025-06-08,2025-06-08,0.0
ORD-111517,2025-05-28,2025-05-28,0.0
ORD-111518,2025-11-01,2025-11-03,2.0
ORD-111519,2025-10-28,2025-10-28,0.0
ORD-111520,2025-02-05,2025-02-05,0.0
ORD-111521,2025-02-10,2025-02-10,0.0
ORD-111522,2024-08-28,2024-08-28,0.0
ORD-111523,2025-11-04,2025-11-06,2.0
ORD-111524,2025-11-14,,
ORD-111525,2024-07-12,2024-07-13,1.0
ORD-111526,2025-03-19,,
ORD-111527,2025-11-29,2025-11-29,0.0
ORD-111528,2025-12-13,2025-12-15,2.0
ORD-111529,2025-05-31,2025-05-31,0.0
ORD-111530,2024-12-14,2024-12-15,1.0
ORD-111531,2024-06-04,2024-06-04,0.0
ORD-111532,2025-11-12,2025-11-15,3.0
ORD-111533,2024-11-08,2024-11-08,0.0
ORD-111534,2024-09-14,2024-09-14,0.0
ORD-111535,2025-06-04,2025-06-04,0.0
ORD-111536,2025-05-05,2025-05-05,0.0
ORD-111537,2025-12-14,2025-12-14,0.0
ORD-111538,2025-12-13,2025-12-13,0.0
ORD-111539,2025-12-17,2025-12-17,0.0
ORD-111540,2025-01-26,2025-01-26,0.0
ORD-111541,2025-11-12,,
ORD-111542,2025-06-16,2025-06-16,0.0
ORD-111543,2025-01-16,2025-01-21,5.0
ORD-111544,2025-11-03,2025-11-03,0.0
ORD-111545,2025-08-03,2025-08-04,1.0
ORD-111546,2025-09-28,2025-09-28,0.0
ORD-111547,2025-11-01,2025-11-01,0.0
ORD-111548,2025-11-04,2025-11-04,0.0
ORD-111549,2024-09-26,2024-10-01,5.0
ORD-111550,2024-09-20,2024-09-20,0.0
ORD-111551,2025-10-16,2025-10-16,0.0
ORD-111552,2025-11-08,2025-11-09,1.0
ORD-111553,2025-10-31,2025-10-31,0.0
ORD-111554,2025-12-24,2025-12-24,0.0
ORD-111555,2025-09-25,2025-09-26,1.0
ORD-111556,2025-11-06,2025-11-06,0.0
ORD-111557,2025-11-01,,
ORD-111558,2025-11-10,2025-11-12,2.0
ORD-111559,2025-10-30,2025-10-30,0.0
ORD-111560,2025-07-15,2025-07-15,0.0
ORD-111561,2024-05-17,2024-05-17,0.0
ORD-111562,2025-09-30,2025-09-30,0.0
ORD-111563,2025-11-16,2025-11-17,1.0
ORD-111564,2025-12-04,,
ORD-111565,2025-07-22,2025-07-23,1.0
ORD-111566,2025-06-23,2025-06-25,2.0
ORD-111567,2025-12-09,2025-12-09,0.0
ORD-111568,2025-06-24,,
ORD-111569,2025-07-03,2025-07-03,0.0
ORD-111570,2025-08-28,2025-08-28,0.0
ORD-111571,2025-11-21,2025-11-21,0.0
ORD-111572,2025-02-25,2025-02-25,0.0
ORD-111573,2024-12-03,2024-12-05,2.0
ORD-111574,2024-07-04,2024-07-05,1.0
ORD-111575,2025-06-03,2025-06-03,0.0
ORD-111576,2025-09-15,2025-09-15,0.0
ORD-111577,2024-11-03,2024-11-03,0.0
ORD-111578,2024-06-24,2024-06-24,0.0
ORD-111579,2025-08-02,2025-08-02,0.0
ORD-111580,2025-04-05,2025-04-06,1.0
ORD-111581,2025-11-15,2025-11-15,0.0
ORD-111582,2025-12-04,2025-12-04,0.0
ORD-111583,2024-12-09,2024-12-12,3.0
ORD-111584,2025-07-29,2025-07-30,1.0
ORD-111585,2025-06-23,2025-06-23,0.0
ORD-111586,2025-01-01,2025-01-03,2.0
ORD-111587,2024-07-07,2024-07-07,0.0
ORD-111588,2024-10-22,2024-10-22,0.0
ORD-111589,2025-01-16,,
ORD-111590,2024-09-06,2024-09-06,0.0
ORD-111591,2025-09-24,2025-09-26,2.0
ORD-111592,2024-10-29,,
ORD-111593,2025-11-04,2025-11-04,0.0
ORD-111594,2025-06-02,2025-06-02,0.0
ORD-111595,2024-06-03,2024-06-03,0.0
ORD-111596,2025-05-02,2025-05-02,0.0
ORD-111597,2024-03-28,2024-03-28,0.0
ORD-111598,2025-09-25,2025-09-25,0.0
ORD-111599,2025-12-13,2025-12-13,0.0
ORD-111600,2025-06-08,2025-06-09,1.0
ORD-111601,2025-11-12,2025-11-12,0.0
ORD-111602,2024-09-13,2024-09-13,0.0
ORD-111603,2025-06-06,,
ORD-111604,2024-12-04,2024-12-04,0.0
ORD-111605,2025-03-24,2025-03-26,2.0
ORD-111606,2025-09-18,2025-09-18,0.0
ORD-111607,2025-06-19,2025-06-19,0.0
ORD-111608,2025-09-06,2025-09-06,0.0
ORD-111609,2025-05-27,2025-05-28,1.0
ORD-111610,2025-07-25,2025-07-25,0.0
ORD-111611,2025-09-28,2025-09-29,1.0
ORD-111612,2024-10-27,2024-10-27,0.0
ORD-111613,2025-03-03,2025-03-06,3.0
ORD-111614,2025-12-19,2025-12-19,0.0
ORD-111615,2024-08-16,2024-08-16,0.0
ORD-111616,2025-05-22,,
ORD-111617,2025-10-07,2025-10-07,0.0
ORD-111618,2025-12-31,,
ORD-111619,2025-04-09,2025-04-09,0.0
ORD-111620,2025-12-04,2025-12-04,0.0
ORD-111621,2025-06-18,2025-06-18,0.0
ORD-111622,2024-12-15,2024-12-16,1.0
ORD-111623,2025-12-02,2025-12-02,0.0
ORD-111624,2025-08-21,2025-08-21,0.0
ORD-111625,2025-02-14,,
ORD-111626,2024-12-27,2024-12-28,1.0
ORD-111627,2025-09-08,2025-09-08,0.0
ORD-111628,2024-11-24,2024-11-25,1.0
ORD-111629,2024-11-16,2024-11-16,0.0
ORD-111630,2026-01-06,2026-01-06,0.0
ORD-111631,2024-12-24,2024-12-24,0.0
ORD-111632,2025-10-02,2025-10-02,0.0
ORD-111633,2025-09-21,2025-09-22,1.0
ORD-111634,2025-07-30,2025-07-31,1.0
ORD-111635,2025-12-27,2025-12-27,0.0
ORD-111636,2025-09-01,2025-09-01,0.0
ORD-111637,2024-10-03,2024-10-03,0.0
ORD-111638,2025-08-21,2025-08-21,0.0
ORD-111639,2025-11-13,2025-11-13,0.0
ORD-111640,2024-09-17,2024-09-17,0.0
ORD-111641,2025-11-08,2025-11-08,0.0
ORD-111642,2025-02-16,2025-02-19,3.0
ORD-111643,2025-01-03,2025-01-04,1.0
ORD-111644,2024-05-18,2024-05-20,2.0
ORD-111645,2024-06-08,2024-06-13,5.0
ORD-111646,2025-10-10,2025-10-11,1.0
ORD-111647,2025-09-13,2025-09-13,0.0
ORD-111648,2025-08-09,2025-08-09,0.0
ORD-111649,2025-06-21,2025-06-23,2.0
ORD-111650,2025-06-25,2025-06-27,2.0
ORD-111651,2025-12-01,2025-12-02,1.0
ORD-111652,2025-11-19,2025-11-19,0.0
ORD-111653,2025-08-29,2025-08-30,1.0
ORD-111654,2025-12-20,2025-12-20,0.0
ORD-111655,2024-08-19,2024-08-19,0.0
ORD-111656,2025-08-30,2025-09-02,3.0
ORD-111657,2025-11-29,2025-11-29,0.0
ORD-111658,2024-12-28,2024-12-28,0.0
ORD-111659,2025-01-16,2025-01-16,0.0
ORD-111660,2025-01-05,2025-01-06,1.0
ORD-111661,2024-10-27,2024-10-28,1.0
ORD-111662,2025-01-28,2025-01-30,2.0
ORD-111663,2025-11-20,2025-11-21,1.0
ORD-111664,2024-08-17,2024-08-17,0.0
ORD-111665,2024-07-25,2024-07-27,2.0
ORD-111666,2025-11-28,2025-11-28,0.0
ORD-111667,2025-09-09,2025-09-10,1.0
ORD-111668,2025-07-29,2025-07-29,0.0
ORD-111669,2025-10-19,2025-10-19,0.0
ORD-111670,2024-08-09,2024-08-10,1.0
ORD-111671,2025-07-16,2025-07-16,0.0
ORD-111672,2025-02-28,2025-03-03,3.0
ORD-111673,2025-09-30,2025-09-30,0.0
ORD-111674,2025-11-24,2025-11-24,0.0
ORD-111675,2025-06-18,2025-06-18,0.0
ORD-111676,2024-08-28,2024-08-28,0.0
ORD-111677,2026-01-06,2026-01-06,0.0
ORD-111678,2025-06-18,,
ORD-111679,2025-02-15,2025-02-15,0.0
ORD-111680,2024-09-03,2024-09-03,0.0
ORD-111681,2025-08-19,2025-08-19,0.0
ORD-111682,2025-08-12,2025-08-12,0.0
ORD-111683,2025-08-28,,
ORD-111684,2025-11-16,2025-11-16,0.0
ORD-111685,2025-10-19,,
ORD-111686,2025-08-24,2025-08-24,0.0
ORD-111687,2025-07-28,2025-07-28,0.0
ORD-111688,2025-08-07,2025-08-08,1.0
ORD-111689,2025-03-25,2025-03-25,0.0
ORD-111690,2024-10-27,2024-10-28,1.0
ORD-111691,2025-10-19,2025-10-19,0.0
ORD-111692,2025-09-10,2025-09-11,1.0
ORD-111693,2024-08-23,2024-08-25,2.0
ORD-111694,2024-08-14,2024-08-15,1.0
ORD-111695,2025-01-27,2025-01-27,0.0
ORD-111696,2024-11-09,2024-11-09,0.0
ORD-111697,2024-10-29,2024-10-29,0.0
ORD-111698,2025-10-24,2025-10-25,1.0
ORD-111699,2024-02-18,2024-02-18,0.0
ORD-111700,2024-12-22,2024-12-22,0.0
ORD-111701,2025-11-20,2025-11-22,2.0
ORD-111702,2025-01-28,2025-01-28,0.0
ORD-111703,2025-06-24,2025-06-26,2.0
ORD-111704,2025-08-31,2025-08-31,0.0
ORD-111705,2025-06-16,2025-06-18,2.0
ORD-111706,2025-10-21,2025-10-24,3.0
ORD-111707,2025-01-31,2025-01-31,0.0
ORD-111708,2025-10-09,2025-10-11,2.0
ORD-111709,2025-07-14,2025-07-15,1.0
ORD-111710,2025-09-02,2025-09-03,1.0
ORD-111711,2025-03-25,2025-03-25,0.0
ORD-111712,2025-07-14,2025-07-14,0.0
ORD-111713,2025-04-29,2025-05-01,2.0
ORD-111714,2024-04-04,2024-04-04,0.0
ORD-111715,2024-12-10,2024-12-10,0.0
ORD-111716,2024-05-31,2024-05-31,0.0
ORD-111717,2025-04-21,2025-04-23,2.0
ORD-111718,2025-01-16,2025-01-16,0.0
ORD-111719,2025-11-25,2025-11-25,0.0
ORD-111720,2024-08-22,2024-08-23,1.0
ORD-111721,2024-03-24,2024-03-24,0.0
ORD-111722,2025-11-03,2025-11-04,1.0
ORD-111723,2025-11-05,2025-11-05,0.0
ORD-111724,2024-10-24,2024-10-24,0.0
ORD-111725,2025-11-04,,
ORD-111726,2025-09-18,2025-09-20,2.0
ORD-111727,2025-06-11,2025-06-13,2.0
ORD-111728,2025-11-05,2025-11-08,3.0
ORD-111729,2025-04-22,2025-04-22,0.0
ORD-111730,2025-04-22,2025-04-23,1.0
ORD-111731,2025-04-15,2025-04-16,1.0
ORD-111732,2024-08-29,2024-09-03,5.0
ORD-111733,2025-11-08,2025-11-10,2.0
ORD-111734,2025-10-05,2025-10-05,0.0
ORD-111735,2025-06-14,2025-06-14,0.0
ORD-111736,2025-12-28,2025-12-29,1.0
ORD-111737,2025-01-18,2025-01-19,1.0
ORD-111738,2025-12-29,2025-12-29,0.0
ORD-111739,2025-06-03,2025-06-03,0.0
ORD-111740,2025-03-13,2025-03-13,0.0
ORD-111741,2025-05-21,2025-05-22,1.0
ORD-111742,2025-02-19,2025-02-21,2.0
ORD-111743,2025-11-16,,
ORD-111744,2025-12-17,2025-12-17,0.0
ORD-111745,2025-10-04,2025-10-05,1.0
ORD-111746,2025-09-18,2025-09-18,0.0
ORD-111747,2025-11-22,2025-11-23,1.0
ORD-111748,2025-09-15,2025-09-15,0.0
ORD-111749,2024-06-06,,
ORD-111750,2025-10-12,,
ORD-111751,2025-12-06,2025-12-06,0.0
ORD-111752,2025-03-07,2025-03-07,0.0
ORD-111753,2025-01-28,2025-01-31,3.0
ORD-111754,2024-05-22,2024-05-24,2.0
ORD-111755,2024-10-20,2024-10-20,0.0
ORD-111756,2025-11-15,2025-11-15,0.0
ORD-111757,2025-05-09,2025-05-10,1.0
ORD-111758,2025-10-26,2025-10-26,0.0
ORD-111759,2025-10-19,2025-10-19,0.0
ORD-111760,2025-11-10,2025-11-11,1.0
ORD-111761,2024-10-30,2024-10-30,0.0
ORD-111762,2025-03-26,2025-03-26,0.0
ORD-111763,2024-11-09,2024-11-09,0.0
ORD-111764,2025-09-05,2025-09-05,0.0
ORD-111765,2025-08-24,2025-08-24,0.0
ORD-111766,2024-09-23,2024-09-23,0.0
ORD-111767,2025-09-04,2025-09-04,0.0
ORD-111768,2024-11-18,2024-11-18,0.0
ORD-111769,2025-07-26,2025-07-26,0.0
ORD-111770,2025-12-02,2025-12-04,2.0
ORD-111771,2025-12-05,2025-12-06,1.0
ORD-111772,2025-11-20,2025-11-21,1.0
ORD-111773,2025-06-30,,
ORD-111774,2025-08-12,2025-08-12,0.0
ORD-111775,2025-07-15,2025-07-18,3.0
ORD-111776,2025-08-20,2025-08-20,0.0
ORD-111777,2024-11-02,2024-11-02,0.0
ORD-111778,2025-06-24,2025-06-24,0.0
ORD-111779,2025-11-04,2025-11-04,0.0
ORD-111780,2025-03-24,,
ORD-111781,2024-04-07,2024-04-08,1.0
ORD-111782,2025-02-24,2025-02-25,1.0
ORD-111783,2025-01-19,,
ORD-111784,2025-11-01,2025-11-01,0.0
ORD-111785,2024-11-18,2024-11-18,0.0
ORD-111786,2025-11-26,2025-11-26,0.0
ORD-111787,2025-07-09,2025-07-09,0.0
ORD-111788,2024-09-14,2024-09-14,0.0
ORD-111789,2024-03-18,2024-03-18,0.0
ORD-111790,2025-08-30,,
ORD-111791,2024-09-25,2024-09-25,0.0
ORD-111792,2025-11-15,,
ORD-111793,2025-07-04,2025-07-05,1.0
ORD-111794,2025-08-14,2025-08-14,0.0
ORD-111795,2024-07-22,2024-07-22,0.0
ORD-111796,2024-12-28,,
ORD-111797,2024-04-24,2024-04-24,0.0
ORD-111798,2024-12-09,2024-12-09,0.0
ORD-111799,2025-02-25,2025-02-25,0.0
ORD-111800,2025-02-21,2025-02-26,5.0
ORD-111801,2025-11-09,,
ORD-111802,2025-12-30,2025-12-30,0.0
ORD-111803,2025-01-13,2025-01-13,0.0
ORD-111804,2025-08-16,2025-08-16,0.0
ORD-111805,2024-04-10,2024-04-12,2.0
ORD-111806,2025-02-28,2025-02-28,0.0
ORD-111807,2025-01-31,2025-01-31,0.0
ORD-111808,2025-12-02,2025-12-02,0.0
ORD-111809,2025-10-29,2025-10-29,0.0
ORD-111810,2025-05-08,2025-05-08,0.0
ORD-111811,2025-06-29,2025-06-29,0.0
ORD-111812,2025-09-02,2025-09-02,0.0
ORD-111813,2025-01-25,2025-01-25,0.0
ORD-111814,2025-04-04,2025-04-05,1.0
ORD-111815,2025-07-15,2025-07-15,0.0
ORD-111816,2024-11-09,2024-11-10,1.0
ORD-111817,2025-02-21,2025-02-22,1.0
ORD-111818,2025-04-21,2025-04-21,0.0
ORD-111819,2024-11-08,2024-11-08,0.0
ORD-111820,2024-10-27,2024-10-28,1.0
ORD-111821,2025-10-17,2025-10-17,0.0
ORD-111822,2025-08-26,2025-08-26,0.0
ORD-111823,2025-07-25,2025-07-25,0.0
ORD-111824,2025-05-03,2025-05-06,3.0
ORD-111825,2025-07-11,2025-07-11,0.0
ORD-111826,2024-10-05,2024-10-05,0.0
ORD-111827,2025-06-25,2025-06-26,1.0
ORD-111828,2025-07-08,2025-07-08,0.0
ORD-111829,2025-12-19,2025-12-19,0.0
ORD-111830,2024-11-07,2024-11-07,0.0
ORD-111831,2025-10-23,2025-10-24,1.0
ORD-111832,2024-12-18,2024-12-18,0.0
ORD-111833,2025-12-16,2025-12-16,0.0
ORD-111834,2024-08-17,,
ORD-111835,2025-08-21,2025-08-21,0.0
ORD-111836,2024-09-04,2024-09-04,0.0
ORD-111837,2024-09-04,2024-09-04,0.0
ORD-111838,2025-01-01,2025-01-02,1.0
ORD-111839,2025-11-07,2025-11-08,1.0
ORD-111840,2025-02-01,2025-02-01,0.0
ORD-111841,2024-05-13,,
ORD-111842,2024-07-22,,
ORD-111843,2025-06-17,2025-06-17,0.0
ORD-111844,2024-10-27,2024-10-29,2.0
ORD-111845,2025-02-28,2025-03-02,2.0
ORD-111846,2024-10-19,2024-10-19,0.0
ORD-111847,2025-07-27,2025-07-27,0.0
ORD-111848,2025-02-03,2025-02-04,1.0
ORD-111849,2025-09-24,2025-09-24,0.0
ORD-111850,2025-01-11,2025-01-11,0.0
ORD-111851,2024-09-29,2024-09-30,1.0
ORD-111852,2025-11-14,2025-11-14,0.0
ORD-111853,2025-06-02,2025-06-02,0.0
ORD-111854,2025-07-25,2025-07-25,0.0
ORD-111855,2025-11-14,2025-11-15,1.0
ORD-111856,2025-11-15,2025-11-15,0.0
ORD-111857,2024-06-05,2024-06-06,1.0
ORD-111858,2025-10-07,2025-10-07,0.0
ORD-111859,2025-10-26,2025-10-26,0.0
ORD-111860,2025-02-07,2025-02-09,2.0
ORD-111861,2024-09-07,2024-09-07,0.0
ORD-111862,2025-09-17,2025-09-19,2.0
ORD-111863,2025-01-21,2025-01-22,1.0
ORD-111864,2025-04-11,2025-04-11,0.0
ORD-111865,2025-04-19,2025-04-19,0.0
ORD-111866,2025-05-26,2025-05-27,1.0
ORD-111867,2025-09-11,2025-09-11,0.0
ORD-111868,2025-10-15,2025-10-16,1.0
ORD-111869,2026-01-02,2026-01-03,1.0
ORD-111870,2025-05-01,2025-05-02,1.0
ORD-111871,2025-06-17,2025-06-17,0.0
ORD-111872,2025-05-30,2025-05-30,0.0
ORD-111873,2024-11-14,,
ORD-111874,2025-10-22,2025-10-23,1.0
ORD-111875,2025-09-09,2025-09-09,0.0
ORD-111876,2025-06-18,2025-06-18,0.0
ORD-111877,2024-02-01,2024-02-01,0.0
ORD-111878,2024-11-13,2024-11-13,0.0
ORD-111879,2025-11-20,2025-11-20,0.0
ORD-111880,2025-11-15,2025-11-15,0.0
ORD-111881,2025-09-10,2025-09-10,0.0
ORD-111882,2024-08-30,,
ORD-111883,2025-02-04,2025-02-05,1.0
ORD-111884,2024-12-24,2024-12-24,0.0
ORD-111885,2025-08-11,2025-08-11,0.0
ORD-111886,2024-09-15,2024-09-17,2.0
ORD-111887,2025-09-22,,
ORD-111888,2024-12-02,2024-12-02,0.0
ORD-111889,2025-05-08,2025-05-08,0.0
ORD-111890,2025-04-01,2025-04-01,0.0
ORD-111891,2025-07-24,2025-07-24,0.0
ORD-111892,2025-10-31,2025-11-03,3.0
ORD-111893,2024-12-08,2024-12-08,0.0
ORD-111894,2025-02-03,2025-02-03,0.0
ORD-111895,2025-12-06,2025-12-06,0.0
ORD-111896,2025-08-24,2025-08-24,0.0
ORD-111897,2024-06-15,2024-06-15,0.0
ORD-111898,2024-11-17,2024-11-18,1.0
ORD-111899,2025-06-30,2025-06-30,0.0
ORD-111900,2024-11-09,2024-11-09,0.0
ORD-111901,2025-04-01,2025-04-01,0.0
ORD-111902,2024-08-31,2024-08-31,0.0
ORD-111903,2024-09-29,2024-09-29,0.0
ORD-111904,2025-05-23,2025-05-23,0.0
ORD-111905,2025-12-03,2025-12-03,0.0
ORD-111906,2025-04-02,2025-04-03,1.0
ORD-111907,2025-06-22,2025-06-23,1.0
ORD-111908,2025-07-31,2025-08-01,1.0
ORD-111909,2025-11-07,2025-11-07,0.0
ORD-111910,2024-04-18,2024-04-18,0.0
ORD-111911,2024-08-04,2024-08-04,0.0
ORD-111912,2025-02-21,2025-02-22,1.0
ORD-111913,2024-07-23,2024-07-23,0.0
ORD-111914,2024-09-12,2024-09-14,2.0
ORD-111915,2025-07-25,,
ORD-111916,2025-05-19,2025-05-19,0.0
ORD-111917,2024-10-23,2024-10-23,0.0
ORD-111918,2025-04-07,2025-04-09,2.0
ORD-111919,2025-08-07,2025-08-07,0.0
ORD-111920,2025-03-17,2025-03-17,0.0
ORD-111921,2025-01-05,2025-01-06,1.0
ORD-111922,2025-11-05,2025-11-05,0.0
ORD-111923,2024-11-17,2024-11-17,0.0
ORD-111924,2025-06-22,2025-06-23,1.0
ORD-111925,2025-05-05,2025-05-05,0.0
ORD-111926,2025-07-26,2025-07-26,0.0
ORD-111927,2025-07-24,2025-07-24,0.0
ORD-111928,2025-06-24,2025-06-25,1.0
ORD-111929,2025-11-27,2025-11-27,0.0
ORD-111930,2024-12-13,2024-12-15,2.0
ORD-111931,2025-01-19,2025-01-19,0.0
ORD-111932,2025-05-22,,
ORD-111933,2025-08-24,2025-08-26,2.0
ORD-111934,2025-04-26,2025-04-27,1.0
ORD-111935,2025-12-10,2025-12-10,0.0
ORD-111936,2024-07-29,,
ORD-111937,2025-12-02,2025-12-02,0.0
ORD-111938,2025-08-03,2025-08-03,0.0
ORD-111939,2025-09-27,2025-09-27,0.0
ORD-111940,2024-08-11,2024-08-11,0.0
ORD-111941,2025-12-11,2025-12-16,5.0
ORD-111942,2025-09-17,2025-09-17,0.0
ORD-111943,2025-08-24,2025-08-24,0.0
ORD-111944,2024-03-29,2024-03-31,2.0
ORD-111945,2025-08-27,2025-08-28,1.0
ORD-111946,2025-07-10,,
ORD-111947,2025-07-21,2025-07-21,0.0
ORD-111948,2024-10-25,2024-10-26,1.0
ORD-111949,2025-12-02,2025-12-02,0.0
ORD-111950,2024-12-04,2024-12-05,1.0
ORD-111951,2024-06-12,2024-06-12,0.0
ORD-111952,2025-08-08,2025-08-09,1.0
ORD-111953,2024-05-27,2024-05-27,0.0
ORD-111954,2024-12-17,2024-12-17,0.0
ORD-111955,2024-06-22,2024-06-22,0.0
ORD-111956,2025-12-16,2025-12-17,1.0
ORD-111957,2025-11-01,2025-11-01,0.0
ORD-111958,2024-07-18,,
ORD-111959,2024-10-02,2024-10-03,1.0
ORD-111960,2025-11-21,2025-11-22,1.0
ORD-111961,2024-09-20,2024-09-20,0.0
ORD-111962,2024-11-11,2024-11-13,2.0
ORD-111963,2025-06-27,2025-06-27,0.0
ORD-111964,2025-12-18,,
ORD-111965,2025-11-09,2025-11-09,0.0
ORD-111966,2025-03-17,2025-03-18,1.0
ORD-111967,2025-02-21,2025-02-23,2.0
ORD-111968,2025-12-13,2025-12-13,0.0
ORD-111969,2024-04-22,,
ORD-111970,2025-12-05,2025-12-05,0.0
ORD-111971,2025-09-20,2025-09-20,0.0
ORD-111972,2024-05-17,2024-05-17,0.0
ORD-111973,2025-10-26,2025-10-29,3.0
ORD-111974,2025-09-28,2025-09-28,0.0
ORD-111975,2025-11-13,2025-11-13,0.0
ORD-111976,2024-11-23,2024-11-25,2.0
ORD-111977,2025-01-07,2025-01-07,0.0
ORD-111978,2025-01-26,2025-01-26,0.0
ORD-111979,2025-10-19,2025-10-20,1.0
ORD-111980,2025-11-16,2025-11-17,1.0
ORD-111981,2025-07-27,,
ORD-111982,2025-05-13,2025-05-13,0.0
ORD-111983,2025-09-30,2025-10-01,1.0
ORD-111984,2025-02-24,2025-02-24,0.0
ORD-111985,2025-02-14,2025-02-15,1.0
ORD-111986,2025-08-24,2025-08-24,0.0
ORD-111987,2025-06-30,2025-06-30,0.0
ORD-111988,2025-09-12,2025-09-12,0.0
ORD-111989,2024-11-23,2024-11-23,0.0
ORD-111990,2025-10-31,2025-11-01,1.0
ORD-111991,2024-10-29,2024-10-30,1.0
ORD-111992,2025-11-14,2025-11-15,1.0
ORD-111993,2025-11-08,2025-11-10,2.0
ORD-111994,2025-09-10,2025-09-10,0.0
ORD-111995,2025-10-17,2025-10-17,0.0
ORD-111996,2025-08-08,2025-08-09,1.0
ORD-111997,2025-07-26,2025-07-26,0.0
ORD-111998,2024-12-10,,
ORD-111999,2025-10-15,2025-10-15,0.0
ORD-112000,2025-02-16,2025-02-16,0.0
ORD-112001,2025-11-17,2025-11-20,3.0
ORD-112002,2025-12-31,2025-12-31,0.0
ORD-112003,2025-11-01,2025-11-02,1.0
ORD-112004,2025-04-17,2025-04-18,1.0
ORD-112005,2025-11-18,2025-11-18,0.0
ORD-112006,2025-06-16,2025-06-16,0.0
ORD-112007,2025-08-27,2025-08-27,0.0
ORD-112008,2026-01-05,2026-01-05,0.0
ORD-112009,2025-10-25,2025-10-25,0.0
ORD-112010,2025-02-02,,
ORD-112011,2025-10-27,2025-10-27,0.0
ORD-112012,2025-09-06,2025-09-07,1.0
ORD-112013,2025-07-27,2025-08-01,5.0
ORD-112014,2025-04-28,2025-04-28,0.0
ORD-112015,2024-09-09,2024-09-11,2.0
ORD-112016,2024-12-18,2024-12-18,0.0
ORD-112017,2025-09-14,2025-09-14,0.0
ORD-112018,2025-10-29,2025-10-29,0.0
ORD-112019,2025-09-23,2025-09-23,0.0
ORD-112020,2025-02-02,2025-02-03,1.0
ORD-112021,2024-10-30,2024-10-31,1.0
ORD-112022,2024-05-30,2024-05-30,0.0
ORD-112023,2025-05-04,2025-05-04,0.0
ORD-112024,2025-02-20,2025-02-22,2.0
ORD-112025,2025-12-14,2025-12-15,1.0
ORD-112026,2025-01-13,2025-01-13,0.0
ORD-112027,2025-08-26,2025-08-26,0.0
ORD-112028,2024-09-01,2024-09-01,0.0
ORD-112029,2024-08-13,2024-08-13,0.0
ORD-112030,2025-07-03,2025-07-03,0.0
ORD-112031,2025-09-26,2025-09-26,0.0
ORD-112032,2025-10-28,2025-10-28,0.0
ORD-112033,2025-04-30,2025-05-01,1.0
ORD-112034,2025-09-01,2025-09-04,3.0
ORD-112035,2025-01-13,2025-01-15,2.0
ORD-112036,2025-08-18,2025-08-18,0.0
ORD-112037,2025-12-30,2025-12-30,0.0
ORD-112038,2025-10-22,2025-10-22,0.0
ORD-112039,2024-08-18,2024-08-18,0.0
ORD-112040,2025-09-16,2025-09-16,0.0
ORD-112041,2025-10-20,2025-10-20,0.0
ORD-112042,2025-08-08,2025-08-08,0.0
ORD-112043,2025-11-26,2025-11-26,0.0
ORD-112044,2024-10-17,2024-10-20,3.0
ORD-112045,2025-10-04,2025-10-04,0.0
ORD-112046,2025-12-12,2025-12-12,0.0
ORD-112047,2025-06-30,2025-07-02,2.0
ORD-112048,2025-12-03,2025-12-04,1.0
ORD-112049,2024-12-18,2024-12-18,0.0
ORD-112050,2025-10-22,2025-10-22,0.0
ORD-112051,2024-12-12,2024-12-12,0.0
ORD-112052,2025-09-20,2025-09-21,1.0
ORD-112053,2025-05-14,2025-05-14,0.0
ORD-112054,2025-07-29,2025-07-29,0.0
ORD-112055,2024-11-26,2024-11-26,0.0
ORD-112056,2025-10-21,,
ORD-112057,2025-10-09,2025-10-09,0.0
ORD-112058,2025-08-21,2025-08-23,2.0
ORD-112059,2025-10-05,2025-10-06,1.0
ORD-112060,2024-07-11,2024-07-14,3.0
ORD-112061,2024-04-30,2024-04-30,0.0
ORD-112062,2025-11-04,2025-11-07,3.0
ORD-112063,2025-11-24,2025-11-24,0.0
ORD-112064,2024-11-11,2024-11-11,0.0
ORD-112065,2024-11-20,,
ORD-112066,2025-08-03,2025-08-05,2.0
ORD-112067,2024-12-29,2024-12-29,0.0
ORD-112068,2024-10-03,2024-10-03,0.0
ORD-112069,2024-08-08,2024-08-11,3.0
ORD-112070,2024-04-28,2024-04-28,0.0
ORD-112071,2025-03-13,2025-03-13,0.0
ORD-112072,2025-03-01,2025-03-01,0.0
ORD-112073,2025-10-25,2025-10-25,0.0
ORD-112074,2025-12-18,,
ORD-112075,2024-12-26,2024-12-27,1.0
ORD-112076,2025-08-21,2025-08-22,1.0
ORD-112077,2025-04-05,2025-04-05,0.0
ORD-112078,2025-02-28,2025-03-01,1.0
ORD-112079,2024-12-30,,
ORD-112080,2025-05-10,2025-05-11,1.0
ORD-112081,2025-10-11,2025-10-11,0.0
ORD-112082,2025-10-21,2025-10-21,0.0
ORD-112083,2025-12-24,2025-12-26,2.0
ORD-112084,2024-11-14,2024-11-14,0.0
ORD-112085,2025-12-03,2025-12-03,0.0
ORD-112086,2025-11-09,2025-11-09,0.0
ORD-112087,2025-11-05,2025-11-05,0.0
ORD-112088,2025-01-20,2025-01-20,0.0
ORD-112089,2024-11-16,2024-11-17,1.0
ORD-112090,2024-10-30,2024-10-30,0.0
ORD-112091,2024-11-11,2024-11-11,0.0
ORD-112092,2025-11-03,2025-11-03,0.0
ORD-112093,2025-10-16,2025-10-16,0.0
ORD-112094,2025-12-12,,
ORD-112095,2025-08-11,2025-08-11,0.0
ORD-112096,2024-08-25,2024-08-26,1.0
ORD-112097,2024-10-13,2024-10-14,1.0
ORD-112098,2025-09-13,2025-09-13,0.0
ORD-112099,2025-05-21,2025-05-21,0.0
ORD-112100,2024-11-03,2024-11-03,0.0
ORD-112101,2025-03-03,2025-03-05,2.0
ORD-112102,2025-11-07,2025-11-09,2.0
ORD-112103,2025-07-24,2025-07-27,3.0
ORD-112104,2024-07-04,2024-07-05,1.0
ORD-112105,2025-01-29,2025-01-30,1.0
ORD-112106,2025-10-09,2025-10-11,2.0
ORD-112107,2025-11-21,2025-11-21,0.0
ORD-112108,2025-07-11,2025-07-11,0.0
ORD-112109,2025-11-22,2025-11-24,2.0
ORD-112110,2025-02-15,2025-02-15,0.0
ORD-112111,2025-11-06,2025-11-06,0.0
ORD-112112,2025-10-02,,
ORD-112113,2025-11-09,,
ORD-112114,2025-05-05,2025-05-06,1.0
ORD-112115,2025-09-08,2025-09-08,0.0
ORD-112116,2024-05-18,2024-05-21,3.0
ORD-112117,2025-06-15,2025-06-15,0.0
ORD-112118,2024-09-11,2024-09-11,0.0
ORD-112119,2024-11-06,2024-11-06,0.0
ORD-112120,2025-01-22,2025-01-22,0.0
ORD-112121,2024-11-12,2024-11-12,0.0
ORD-112122,2025-03-22,2025-03-22,0.0
ORD-112123,2025-11-08,,
ORD-112124,2025-11-15,2025-11-15,0.0
ORD-112125,2025-12-18,2025-12-19,1.0
ORD-112126,2025-08-21,2025-08-21,0.0
ORD-112127,2025-11-11,2025-11-11,0.0
ORD-112128,2025-09-10,2025-09-10,0.0
ORD-112129,2025-11-08,2025-11-10,2.0
ORD-112130,2024-10-02,2024-10-03,1.0
ORD-112131,2025-12-02,2025-12-02,0.0
ORD-112132,2024-07-28,2024-07-30,2.0
ORD-112133,2025-08-16,2025-08-16,0.0
ORD-112134,2025-01-19,2025-01-19,0.0
ORD-112135,2025-02-19,2025-02-19,0.0
ORD-112136,2025-06-28,,
ORD-112137,2025-11-22,2025-11-22,0.0
ORD-112138,2025-06-15,2025-06-16,1.0
ORD-112139,2025-11-30,2025-11-30,0.0
ORD-112140,2024-08-01,2024-08-01,0.0
ORD-112141,2025-05-30,2025-06-01,2.0
ORD-112142,2025-06-03,2025-06-04,1.0
ORD-112143,2025-10-07,2025-10-07,0.0
ORD-112144,2025-10-30,2025-10-30,0.0
ORD-112145,2025-04-17,2025-04-18,1.0
ORD-112146,2025-10-29,2025-10-29,0.0
ORD-112147,2024-10-18,2024-10-19,1.0
ORD-112148,2025-03-27,2025-03-27,0.0
ORD-112149,2025-11-17,2025-11-17,0.0
ORD-112150,2025-03-26,2025-03-26,0.0
ORD-112151,2024-11-04,2024-11-04,0.0
ORD-112152,2025-11-03,2025-11-04,1.0
ORD-112153,2025-09-01,2025-09-01,0.0
ORD-112154,2025-11-22,2025-11-23,1.0
ORD-112155,2025-07-22,2025-07-22,0.0
ORD-112156,2025-09-11,2025-09-11,0.0
ORD-112157,2025-11-01,2025-11-01,0.0
ORD-112158,2024-10-25,2024-10-25,0.0
ORD-112159,2025-08-09,2025-08-11,2.0
ORD-112160,2025-11-01,2025-11-01,0.0
ORD-112161,2025-11-13,,
ORD-112162,2025-10-22,2025-10-24,2.0
ORD-112163,2025-04-10,2025-04-10,0.0
ORD-112164,2025-11-25,2025-11-25,0.0
ORD-112165,2025-09-18,2025-09-18,0.0
ORD-112166,2025-09-26,2025-09-26,0.0
ORD-112167,2025-12-23,2025-12-24,1.0
ORD-112168,2025-11-10,2025-11-10,0.0
ORD-112169,2025-06-16,2025-06-19,3.0
ORD-112170,2024-10-10,2024-10-10,0.0
ORD-112171,2024-06-05,2024-06-05,0.0
ORD-112172,2025-08-04,2025-08-05,1.0
ORD-112173,2025-03-21,2025-03-23,2.0
ORD-112174,2025-03-02,2025-03-02,0.0
ORD-112175,2025-11-01,,
ORD-112176,2025-08-18,,
ORD-112177,2025-10-17,2025-10-18,1.0
ORD-112178,2024-10-02,2024-10-02,0.0
ORD-112179,2025-02-16,2025-02-19,3.0
ORD-112180,2025-06-29,2025-06-29,0.0
ORD-112181,2025-01-10,2025-01-10,0.0
ORD-112182,2025-11-07,2025-11-08,1.0
ORD-112183,2024-11-10,2024-11-10,0.0
ORD-112184,2025-10-29,2025-10-30,1.0
ORD-112185,2025-11-18,2025-11-18,0.0
ORD-112186,2024-07-31,2024-07-31,0.0
ORD-112187,2025-10-09,2025-10-10,1.0
ORD-112188,2025-08-02,2025-08-02,0.0
ORD-112189,2025-03-07,2025-03-09,2.0
ORD-112190,2024-10-22,2024-10-22,0.0
ORD-112191,2025-03-08,2025-03-08,0.0
ORD-112192,2025-11-07,2025-11-09,2.0
ORD-112193,2025-10-31,2025-10-31,0.0
ORD-112194,2025-08-04,2025-08-04,0.0
ORD-112195,2025-06-19,,
ORD-112196,2025-08-30,2025-08-31,1.0
ORD-112197,2025-08-27,2025-08-27,0.0
ORD-112198,2025-08-18,2025-08-18,0.0
ORD-112199,2025-11-05,2025-11-06,1.0
ORD-112200,2025-09-01,2025-09-01,0.0
ORD-112201,2024-03-04,2024-03-09,5.0
ORD-112202,2025-10-26,2025-10-26,0.0
ORD-112203,2024-04-15,2024-04-15,0.0
ORD-112204,2024-08-09,2024-08-09,0.0
ORD-112205,2025-10-22,2025-10-22,0.0
ORD-112206,2025-11-19,2025-11-19,0.0
ORD-112207,2025-06-04,2025-06-04,0.0
ORD-112208,2025-07-25,2025-07-26,1.0
ORD-112209,2025-07-25,2025-07-27,2.0
ORD-112210,2025-11-07,2025-11-08,1.0
ORD-112211,2024-03-08,2024-03-09,1.0
ORD-112212,2025-06-24,2025-06-24,0.0
ORD-112213,2025-12-03,2025-12-03,0.0
ORD-112214,2025-09-29,2025-09-30,1.0
ORD-112215,2025-03-16,2025-03-18,2.0
ORD-112216,2024-09-15,2024-09-15,0.0
ORD-112217,2025-05-19,2025-05-19,0.0
ORD-112218,2025-06-15,2025-06-15,0.0
ORD-112219,2025-03-29,2025-03-29,0.0
ORD-112220,2025-10-08,2025-10-08,0.0
ORD-112221,2024-09-22,2024-09-22,0.0
ORD-112222,2024-10-30,2024-10-30,0.0
ORD-112223,2025-06-26,2025-06-26,0.0
ORD-112224,2025-08-13,2025-08-13,0.0
ORD-112225,2025-08-24,2025-08-24,0.0
ORD-112226,2025-10-10,2025-10-13,3.0
ORD-112227,2024-06-03,,
ORD-112228,2024-08-18,2024-08-18,0.0
ORD-112229,2026-01-01,2026-01-03,2.0
ORD-112230,2025-11-06,2025-11-06,0.0
ORD-112231,2025-05-20,2025-05-20,0.0
ORD-112232,2025-07-04,2025-07-04,0.0
ORD-112233,2025-08-30,2025-09-01,2.0
ORD-112234,2025-08-30,2025-08-31,1.0
ORD-112235,2025-10-14,,
ORD-112236,2025-07-16,2025-07-17,1.0
ORD-112237,2025-08-10,2025-08-10,0.0
ORD-112238,2025-06-17,2025-06-17,0.0
ORD-112239,2025-08-24,2025-08-24,0.0
ORD-112240,2025-11-14,2025-11-14,0.0
ORD-112241,2025-05-23,2025-05-23,0.0
ORD-112242,2024-04-22,,
ORD-112243,2025-04-06,2025-04-06,0.0
ORD-112244,2025-06-25,2025-06-27,2.0
ORD-112245,2025-04-06,2025-04-06,0.0
ORD-112246,2024-12-20,2024-12-20,0.0
ORD-112247,2025-03-20,2025-03-20,0.0
ORD-112248,2025-11-26,2025-11-26,0.0
ORD-112249,2025-10-28,2025-10-28,0.0
ORD-112250,2025-08-21,2025-08-21,0.0
ORD-112251,2024-04-24,2024-04-25,1.0
ORD-112252,2024-10-22,2024-10-22,0.0
ORD-112253,2025-02-19,2025-02-19,0.0
ORD-112254,2025-08-15,2025-08-18,3.0
ORD-112255,2024-11-17,2024-11-18,1.0
ORD-112256,2024-12-09,2024-12-11,2.0
ORD-112257,2024-06-10,,
ORD-112258,2024-11-02,2024-11-02,0.0
ORD-112259,2025-06-13,2025-06-14,1.0
ORD-112260,2025-09-02,,
ORD-112261,2025-08-09,2025-08-09,0.0
ORD-112262,2025-06-13,2025-06-13,0.0
ORD-112263,2025-11-03,,
ORD-112264,2024-11-19,2024-11-22,3.0
ORD-112265,2025-01-11,,
ORD-112266,2024-06-22,,
ORD-112267,2025-04-15,2025-04-17,2.0
ORD-112268,2025-08-03,2025-08-03,0.0
ORD-112269,2025-07-12,2025-07-12,0.0
ORD-112270,2024-05-20,2024-05-20,0.0
ORD-112271,2025-11-04,,
ORD-112272,2025-10-24,2025-10-25,1.0
ORD-112273,2025-07-04,2025-07-04,0.0
ORD-112274,2025-11-17,2025-11-18,1.0
ORD-112275,2024-07-24,2024-07-25,1.0
ORD-112276,2024-11-13,2024-11-13,0.0
ORD-112277,2025-08-16,2025-08-17,1.0
ORD-112278,2025-08-19,2025-08-19,0.0
ORD-112279,2025-01-19,2025-01-21,2.0
ORD-112280,2024-10-18,2024-10-18,0.0
ORD-112281,2025-02-10,2025-02-11,1.0
ORD-112282,2025-08-06,2025-08-09,3.0
ORD-112283,2025-11-03,2025-11-05,2.0
ORD-112284,2025-04-19,2025-04-20,1.0
ORD-112285,2025-07-19,2025-07-19,0.0
ORD-112286,2025-02-24,2025-02-26,2.0
ORD-112287,2025-12-20,2025-12-20,0.0
ORD-112288,2024-08-04,2024-08-04,0.0
ORD-112289,2025-04-06,,
ORD-112290,2025-11-10,2025-11-11,1.0
ORD-112291,2024-06-30,2024-06-30,0.0
ORD-112292,2025-11-14,2025-11-17,3.0
ORD-112293,2025-11-15,2025-11-16,1.0
ORD-112294,2025-02-04,2025-02-04,0.0
ORD-112295,2024-05-15,,
ORD-112296,2024-09-01,2024-09-01,0.0
ORD-112297,2025-10-25,2025-10-26,1.0
ORD-112298,2025-10-28,2025-10-28,0.0
ORD-112299,2025-10-15,,
ORD-112300,2025-07-16,2025-07-16,0.0
ORD-112301,2024-11-28,2024-11-29,1.0
ORD-112302,2025-08-27,2025-08-27,0.0
ORD-112303,2024-06-27,2024-06-27,0.0
ORD-112304,2025-04-13,,
ORD-112305,2025-09-17,,
ORD-112306,2025-08-14,2025-08-14,0.0
ORD-112307,2025-11-08,2025-11-10,2.0
ORD-112308,2025-10-01,2025-10-01,0.0
ORD-112309,2024-09-06,2024-09-07,1.0
ORD-112310,2024-09-01,2024-09-01,0.0
ORD-112311,2024-11-16,,
ORD-112312,2025-11-14,2025-11-14,0.0
ORD-112313,2025-07-22,2025-07-23,1.0
ORD-112314,2025-01-09,2025-01-09,0.0
ORD-112315,2025-11-16,2025-11-16,0.0
ORD-112316,2025-11-24,2025-11-24,0.0
ORD-112317,2024-07-25,2024-07-27,2.0
ORD-112318,2025-02-04,,
ORD-112319,2025-11-05,2025-11-05,0.0
ORD-112320,2024-06-13,2024-06-14,1.0
ORD-112321,2025-06-18,2025-06-18,0.0
ORD-112322,2025-10-22,2025-10-22,0.0
ORD-112323,2024-07-27,2024-07-28,1.0
ORD-112324,2024-09-24,,
ORD-112325,2025-05-23,2025-05-23,0.0
ORD-112326,2025-08-22,,
ORD-112327,2025-05-10,,
ORD-112328,2024-05-15,2024-05-15,0.0
ORD-112329,2025-08-22,2025-08-22,0.0
ORD-112330,2025-01-30,2025-01-31,1.0
ORD-112331,2025-01-28,2025-01-28,0.0
ORD-112332,2025-08-28,2025-08-29,1.0
ORD-112333,2024-11-02,2024-11-02,0.0
ORD-112334,2025-03-19,2025-03-20,1.0
ORD-112335,2025-01-30,2025-01-30,0.0
ORD-112336,2025-11-20,2025-11-21,1.0
ORD-112337,2025-04-29,2025-04-30,1.0
ORD-112338,2024-11-20,2024-11-21,1.0
ORD-112339,2025-02-05,,
ORD-112340,2025-06-07,2025-06-07,0.0
ORD-112341,2024-10-26,2024-10-27,1.0
ORD-112342,2025-06-19,2025-06-21,2.0
ORD-112343,2025-04-07,2025-04-08,1.0
ORD-112344,2025-11-26,2025-11-26,0.0
ORD-112345,2024-07-01,2024-07-01,0.0
ORD-112346,2025-08-28,2025-08-28,0.0
ORD-112347,2024-05-28,2024-05-28,0.0
ORD-112348,2024-12-04,2024-12-04,0.0
ORD-112349,2025-01-10,2025-01-10,0.0
ORD-112350,2024-06-09,2024-06-09,0.0
ORD-112351,2025-06-14,2025-06-14,0.0
ORD-112352,2025-06-20,2025-06-23,3.0
ORD-112353,2025-12-07,,
ORD-112354,2024-08-20,2024-08-20,0.0
ORD-112355,2025-05-26,2025-05-27,1.0
ORD-112356,2024-08-17,2024-08-17,0.0
ORD-112357,2025-11-10,2025-11-10,0.0
ORD-112358,2025-05-15,2025-05-15,0.0
ORD-112359,2025-09-23,2025-09-23,0.0
ORD-112360,2025-08-16,2025-08-16,0.0
ORD-112361,2025-12-22,2025-12-22,0.0
ORD-112362,2025-11-18,2025-11-18,0.0
ORD-112363,2025-04-09,2025-04-09,0.0
ORD-112364,2024-10-22,2024-10-22,0.0
ORD-112365,2025-03-12,2025-03-12,0.0
ORD-112366,2025-05-17,2025-05-18,1.0
ORD-112367,2025-02-17,2025-02-19,2.0
ORD-112368,2025-10-23,2025-10-24,1.0
ORD-112369,2025-11-07,2025-11-07,0.0
ORD-112370,2025-10-06,2025-10-06,0.0
ORD-112371,2025-08-18,2025-08-20,2.0
ORD-112372,2025-10-02,2025-10-02,0.0
ORD-112373,2024-12-05,2024-12-05,0.0
ORD-112374,2025-04-09,2025-04-09,0.0
ORD-112375,2025-02-01,2025-02-02,1.0
ORD-112376,2024-12-17,2024-12-17,0.0
ORD-112377,2025-06-09,2025-06-09,0.0
ORD-112378,2025-08-19,2025-08-19,0.0
ORD-112379,2025-05-03,2025-05-03,0.0
ORD-112380,2025-02-08,2025-02-08,0.0
ORD-112381,2024-11-12,,
ORD-112382,2025-05-24,2025-05-24,0.0
ORD-112383,2024-11-09,2024-11-10,1.0
ORD-112384,2025-09-08,2025-09-11,3.0
ORD-112385,2024-08-07,2024-08-07,0.0
ORD-112386,2025-07-22,2025-07-22,0.0
ORD-112387,2025-10-24,2025-10-25,1.0
ORD-112388,2025-11-05,2025-11-06,1.0
ORD-112389,2025-11-09,2025-11-09,0.0
ORD-112390,2024-10-08,2024-10-08,0.0
ORD-112391,2025-10-25,2025-10-27,2.0
ORD-112392,2025-08-17,2025-08-17,0.0
ORD-112393,2025-11-01,2025-11-01,0.0
ORD-112394,2025-12-10,2025-12-10,0.0
ORD-112395,2025-10-26,2025-10-26,0.0
ORD-112396,2025-02-28,2025-02-28,0.0
ORD-112397,2024-10-21,2024-10-23,2.0
ORD-112398,2025-08-13,,
ORD-112399,2024-11-10,2024-11-10,0.0
ORD-112400,2024-11-14,2024-11-14,0.0
ORD-112401,2025-09-13,2025-09-14,1.0
ORD-112402,2025-10-18,2025-10-18,0.0
ORD-112403,2025-09-10,2025-09-10,0.0
ORD-112404,2024-10-24,2024-10-25,1.0
ORD-112405,2025-04-14,2025-04-14,0.0
ORD-112406,2024-12-30,2024-12-30,0.0
ORD-112407,2025-11-26,2025-11-26,0.0
ORD-112408,2024-12-24,2024-12-24,0.0
ORD-112409,2024-04-17,2024-04-17,0.0
ORD-112410,2025-09-19,2025-09-19,0.0
ORD-112411,2024-09-02,2024-09-02,0.0
ORD-112412,2025-12-31,2025-12-31,0.0
ORD-112413,2025-10-26,2025-10-29,3.0
ORD-112414,2025-11-27,2025-11-29,2.0
ORD-112415,2025-10-18,2025-10-19,1.0
ORD-112416,2025-02-02,2025-02-02,0.0
ORD-112417,2024-11-13,2024-11-13,0.0
ORD-112418,2025-11-07,2025-11-07,0.0
ORD-112419,2025-09-20,2025-09-22,2.0
ORD-112420,2025-03-14,,
ORD-112421,2024-12-03,2024-12-04,1.0
ORD-112422,2025-08-26,2025-08-27,1.0
ORD-112423,2025-11-17,2025-11-17,0.0
ORD-112424,2025-06-12,2025-06-15,3.0
ORD-112425,2024-11-09,2024-11-10,1.0
ORD-112426,2025-10-04,2025-10-05,1.0
ORD-112427,2025-05-26,,
ORD-112428,2025-06-04,,
ORD-112429,2025-12-29,2025-12-29,0.0
ORD-112430,2025-02-10,2025-02-10,0.0
ORD-112431,2025-05-09,2025-05-09,0.0
ORD-112432,2025-03-18,2025-03-18,0.0
ORD-112433,2025-12-19,2025-12-21,2.0
ORD-112434,2025-04-16,2025-04-17,1.0
ORD-112435,2024-12-16,2024-12-18,2.0
ORD-112436,2025-12-24,2025-12-24,0.0
ORD-112437,2025-03-19,2025-03-19,0.0
ORD-112438,2024-05-20,2024-05-25,5.0
ORD-112439,2025-08-27,2025-08-27,0.0
ORD-112440,2025-11-19,2025-11-19,0.0
ORD-112441,2025-11-28,2025-11-28,0.0
ORD-112442,2024-07-13,2024-07-15,2.0
ORD-112443,2025-08-22,2025-08-22,0.0
ORD-112444,2025-02-21,,
ORD-112445,2024-09-12,2024-09-15,3.0
ORD-112446,2025-09-14,2025-09-14,0.0
ORD-112447,2025-05-18,2025-05-18,0.0
ORD-112448,2025-10-04,2025-10-04,0.0
ORD-112449,2025-01-30,2025-01-30,0.0
ORD-112450,2025-12-12,2025-12-15,3.0
ORD-112451,2025-10-16,2025-10-16,0.0
ORD-112452,2025-09-25,2025-09-26,1.0
ORD-112453,2025-07-08,2025-07-08,0.0
ORD-112454,2025-10-05,2025-10-05,0.0
ORD-112455,2025-09-03,,
ORD-112456,2025-10-27,2025-10-28,1.0
ORD-112457,2025-06-30,2025-06-30,0.0
ORD-112458,2025-08-07,2025-08-07,0.0
ORD-112459,2025-02-21,2025-02-21,0.0
ORD-112460,2025-04-17,,
ORD-112461,2024-07-18,2024-07-18,0.0
ORD-112462,2024-11-21,2024-11-24,3.0
ORD-112463,2025-10-31,2025-10-31,0.0
ORD-112464,2025-07-18,2025-07-21,3.0
ORD-112465,2025-07-04,2025-07-04,0.0
ORD-112466,2025-11-06,2025-11-06,0.0
ORD-112467,2025-06-03,2025-06-03,0.0
ORD-112468,2025-03-24,2025-03-25,1.0
ORD-112469,2025-02-16,2025-02-21,5.0
ORD-112470,2025-08-16,2025-08-16,0.0
ORD-112471,2025-04-29,,
ORD-112472,2025-10-06,2025-10-06,0.0
ORD-112473,2025-10-23,2025-10-23,0.0
ORD-112474,2025-01-19,2025-01-19,0.0
ORD-112475,2025-12-13,2025-12-15,2.0
ORD-112476,2025-11-09,2025-11-09,0.0
ORD-112477,2024-11-07,2024-11-10,3.0
ORD-112478,2025-07-02,2025-07-02,0.0
ORD-112479,2025-03-04,2025-03-04,0.0
ORD-112480,2025-07-25,2025-07-25,0.0
ORD-112481,2024-11-15,2024-11-15,0.0
ORD-112482,2025-11-10,2025-11-12,2.0
ORD-112483,2025-12-19,2025-12-19,0.0
ORD-112484,2025-08-22,2025-08-22,0.0
ORD-112485,2025-04-25,2025-04-25,0.0
ORD-112486,2025-02-13,2025-02-13,0.0
ORD-112487,2025-11-25,2025-11-26,1.0
ORD-112488,2025-03-31,2025-03-31,0.0
ORD-112489,2024-12-30,2024-12-31,1.0
ORD-112490,2025-09-20,,
ORD-112491,2025-11-17,2025-11-17,0.0
ORD-112492,2025-06-26,2025-06-26,0.0
ORD-112493,2025-08-19,2025-08-21,2.0
ORD-112494,2025-12-17,2025-12-17,0.0
ORD-112495,2025-06-29,2025-07-01,2.0
ORD-112496,2025-09-01,2025-09-02,1.0
ORD-112497,2025-10-23,,
ORD-112498,2025-11-21,2025-11-21,0.0
ORD-112499,2025-03-27,,
ORD-112500,2025-02-09,2025-02-11,2.0
ORD-112501,2025-07-21,2025-07-21,0.0
ORD-112502,2025-04-25,2025-04-28,3.0
ORD-112503,2025-10-24,2025-10-26,2.0
ORD-112504,2024-12-07,2024-12-08,1.0
ORD-112505,2025-04-07,2025-04-08,1.0
ORD-112506,2024-06-18,2024-06-19,1.0
ORD-112507,2024-06-18,,
ORD-112508,2025-06-12,2025-06-12,0.0
ORD-112509,2025-12-17,2025-12-17,0.0
ORD-112510,2025-02-03,2025-02-05,2.0
ORD-112511,2025-09-17,2025-09-17,0.0
ORD-112512,2025-05-26,2025-05-29,3.0
ORD-112513,2025-12-10,2025-12-11,1.0
ORD-112514,2025-01-10,2025-01-10,0.0
ORD-112515,2025-10-22,2025-10-22,0.0
ORD-112516,2025-12-11,2025-12-12,1.0
ORD-112517,2025-11-04,2025-11-04,0.0
ORD-112518,2024-08-14,,
ORD-112519,2025-07-16,2025-07-16,0.0
ORD-112520,2025-07-04,2025-07-04,0.0
ORD-112521,2024-03-30,2024-03-30,0.0
ORD-112522,2025-10-27,2025-10-27,0.0
ORD-112523,2025-04-16,2025-04-16,0.0
ORD-112524,2024-10-17,2024-10-17,0.0
ORD-112525,2025-03-05,2025-03-05,0.0
ORD-112526,2024-12-28,,
ORD-112527,2025-06-16,2025-06-16,0.0
ORD-112528,2025-11-12,2025-11-14,2.0
ORD-112529,2025-08-15,2025-08-16,1.0
ORD-112530,2025-04-11,2025-04-11,0.0
ORD-112531,2025-04-11,2025-04-11,0.0
ORD-112532,2025-10-14,2025-10-14,0.0
ORD-112533,2025-12-05,2025-12-07,2.0
ORD-112534,2025-08-17,2025-08-18,1.0
ORD-112535,2024-12-15,2024-12-20,5.0
ORD-112536,2024-09-02,2024-09-02,0.0
ORD-112537,2025-10-18,2025-10-18,0.0
ORD-112538,2025-01-11,2025-01-12,1.0
ORD-112539,2024-12-24,2024-12-25,1.0
ORD-112540,2025-03-05,2025-03-05,0.0
ORD-112541,2025-01-17,2025-01-17,0.0
ORD-112542,2025-11-12,2025-11-12,0.0
ORD-112543,2025-09-10,2025-09-10,0.0
ORD-112544,2025-01-01,2025-01-04,3.0
ORD-112545,2025-07-19,2025-07-19,0.0
ORD-112546,2025-08-11,,
ORD-112547,2024-11-10,2024-11-10,0.0
ORD-112548,2024-12-29,,
ORD-112549,2025-01-04,2025-01-04,0.0
ORD-112550,2025-03-10,2025-03-10,0.0
ORD-112551,2025-03-18,2025-03-18,0.0
ORD-112552,2025-07-20,2025-07-21,1.0
ORD-112553,2024-10-31,2024-11-01,1.0
ORD-112554,2025-09-07,2025-09-07,0.0
ORD-112555,2025-05-19,2025-05-19,0.0
ORD-112556,2025-04-20,2025-04-20,0.0
ORD-112557,2025-10-18,2025-10-18,0.0
ORD-112558,2025-11-04,2025-11-04,0.0
ORD-112559,2024-02-03,2024-02-04,1.0
ORD-112560,2025-05-09,2025-05-09,0.0
ORD-112561,2025-02-22,2025-02-22,0.0
ORD-112562,2025-04-28,2025-04-28,0.0
ORD-112563,2025-09-23,2025-09-23,0.0
ORD-112564,2025-09-18,2025-09-18,0.0
ORD-112565,2025-07-20,,
ORD-112566,2025-07-11,2025-07-11,0.0
ORD-112567,2025-08-27,2025-08-27,0.0
ORD-112568,2025-08-24,2025-08-24,0.0
ORD-112569,2025-11-27,2025-11-27,0.0
ORD-112570,2024-11-22,2024-11-22,0.0
ORD-112571,2025-03-19,2025-03-19,0.0
ORD-112572,2025-10-25,2025-10-25,0.0
ORD-112573,2025-12-27,2026-01-01,5.0
ORD-112574,2024-09-25,2024-09-25,0.0
ORD-112575,2025-06-05,,
ORD-112576,2025-09-21,2025-09-21,0.0
ORD-112577,2025-09-14,2025-09-15,1.0
ORD-112578,2025-01-30,,
ORD-112579,2024-06-09,2024-06-09,0.0
ORD-112580,2025-02-17,,
ORD-112581,2025-05-08,,
ORD-112582,2024-11-07,2024-11-07,0.0
ORD-112583,2025-03-20,2025-03-21,1.0
ORD-112584,2024-07-13,2024-07-16,3.0
ORD-112585,2025-08-03,2025-08-06,3.0
ORD-112586,2025-07-04,2025-07-04,0.0
ORD-112587,2025-02-03,,
ORD-112588,2025-07-12,2025-07-12,0.0
ORD-112589,2025-10-13,2025-10-13,0.0
ORD-112590,2024-05-22,2024-05-23,1.0
ORD-112591,2024-11-14,2024-11-14,0.0
ORD-112592,2025-05-13,2025-05-13,0.0
ORD-112593,2025-10-11,2025-10-12,1.0
ORD-112594,2025-05-10,2025-05-12,2.0
ORD-112595,2025-04-02,2025-04-02,0.0
ORD-112596,2024-12-01,2024-12-03,2.0
ORD-112597,2024-02-09,2024-02-09,0.0
ORD-112598,2025-02-15,2025-02-15,0.0
ORD-112599,2024-09-14,2024-09-14,0.0
ORD-112600,2024-08-24,2024-08-24,0.0
ORD-112601,2025-03-20,,
ORD-112602,2025-07-19,2025-07-19,0.0
ORD-112603,2025-08-17,2025-08-17,0.0
ORD-112604,2025-10-25,2025-10-25,0.0
ORD-112605,2025-03-20,2025-03-20,0.0
ORD-112606,2025-02-16,2025-02-17,1.0
ORD-112607,2024-12-09,2024-12-14,5.0
ORD-112608,2025-08-17,2025-08-18,1.0
ORD-112609,2025-09-10,2025-09-11,1.0
ORD-112610,2025-05-05,2025-05-05,0.0
ORD-112611,2025-11-29,2025-12-01,2.0
ORD-112612,2025-08-12,2025-08-12,0.0
ORD-112613,2025-08-30,,
ORD-112614,2025-10-07,2025-10-07,0.0
ORD-112615,2024-11-27,2024-11-27,0.0
ORD-112616,2024-08-21,2024-08-26,5.0
ORD-112617,2025-10-06,2025-10-06,0.0
ORD-112618,2024-11-30,2024-11-30,0.0
ORD-112619,2025-04-03,,
ORD-112620,2024-11-16,2024-11-18,2.0
ORD-112621,2024-11-04,2024-11-04,0.0
ORD-112622,2025-06-02,2025-06-04,2.0
ORD-112623,2025-05-27,2025-05-27,0.0
ORD-112624,2025-06-20,,
ORD-112625,2025-04-03,,
ORD-112626,2025-08-01,2025-08-04,3.0
ORD-112627,2024-10-20,2024-10-20,0.0
ORD-112628,2025-10-05,2025-10-07,2.0
ORD-112629,2025-01-13,2025-01-13,0.0
ORD-112630,2025-06-06,2025-06-06,0.0
ORD-112631,2024-12-03,2024-12-04,1.0
ORD-112632,2025-05-26,2025-05-26,0.0
ORD-112633,2025-12-23,2025-12-28,5.0
ORD-112634,2025-04-29,2025-05-02,3.0
ORD-112635,2025-11-28,,
ORD-112636,2024-09-01,2024-09-01,0.0
ORD-112637,2024-10-12,2024-10-12,0.0
ORD-112638,2024-04-02,2024-04-02,0.0
ORD-112639,2025-09-04,2025-09-04,0.0
ORD-112640,2025-09-19,,
ORD-112641,2025-05-07,2025-05-10,3.0
ORD-112642,2025-02-22,2025-02-22,0.0
ORD-112643,2025-12-08,2025-12-08,0.0
ORD-112644,2025-03-27,2025-03-27,0.0
ORD-112645,2025-10-18,2025-10-18,0.0
ORD-112646,2025-08-24,2025-08-24,0.0
ORD-112647,2025-10-25,2025-10-26,1.0
ORD-112648,2024-11-12,2024-11-13,1.0
ORD-112649,2024-12-20,2024-12-21,1.0
ORD-112650,2025-07-29,2025-07-29,0.0
ORD-112651,2025-01-06,,
ORD-112652,2024-07-28,2024-07-28,0.0
ORD-112653,2025-03-16,2025-03-16,0.0
ORD-112654,2025-01-27,2025-01-27,0.0
ORD-112655,2025-04-21,2025-04-21,0.0
ORD-112656,2024-05-14,2024-05-14,0.0
ORD-112657,2025-01-11,2025-01-11,0.0
ORD-112658,2024-11-09,2024-11-09,0.0
ORD-112659,2025-02-21,,
ORD-112660,2024-09-07,2024-09-07,0.0
ORD-112661,2025-12-30,,
ORD-112662,2024-10-25,2024-10-27,2.0
ORD-112663,2025-10-11,2025-10-11,0.0
ORD-112664,2025-08-16,2025-08-16,0.0
ORD-112665,2025-10-13,2025-10-14,1.0
ORD-112666,2025-11-23,2025-11-24,1.0
ORD-112667,2025-01-22,2025-01-24,2.0
ORD-112668,2025-10-22,2025-10-23,1.0
ORD-112669,2025-08-22,2025-08-24,2.0
ORD-112670,2024-11-14,,
ORD-112671,2025-05-08,2025-05-08,0.0
ORD-112672,2024-02-05,2024-02-05,0.0
ORD-112673,2025-07-29,2025-07-29,0.0
ORD-112674,2025-12-03,2025-12-03,0.0
ORD-112675,2025-03-30,2025-03-30,0.0
ORD-112676,2025-03-29,2025-03-29,0.0
ORD-112677,2025-12-09,,
ORD-112678,2025-07-22,2025-07-24,2.0
ORD-112679,2025-12-24,2025-12-26,2.0
ORD-112680,2024-08-27,2024-08-28,1.0
ORD-112681,2024-10-31,2024-10-31,0.0
ORD-112682,2025-08-13,,
ORD-112683,2025-08-17,2025-08-18,1.0
ORD-112684,2025-07-05,2025-07-05,0.0
ORD-112685,2025-01-22,2025-01-22,0.0
ORD-112686,2025-11-16,2025-11-17,1.0
ORD-112687,2024-07-09,2024-07-09,0.0
ORD-112688,2025-11-13,2025-11-13,0.0
ORD-112689,2025-09-10,2025-09-12,2.0
ORD-112690,2025-12-14,2025-12-14,0.0
ORD-112691,2024-11-01,,
ORD-112692,2025-06-06,2025-06-06,0.0
ORD-112693,2025-03-24,2025-03-24,0.0
ORD-112694,2025-11-28,2025-11-30,2.0
ORD-112695,2024-03-04,2024-03-04,0.0
ORD-112696,2024-08-16,2024-08-16,0.0
ORD-112697,2025-10-14,2025-10-14,0.0
ORD-112698,2024-11-25,2024-11-25,0.0
ORD-112699,2025-08-25,2025-08-25,0.0
ORD-112700,2025-11-25,2025-11-25,0.0
ORD-112701,2025-05-31,2025-05-31,0.0
ORD-112702,2025-05-23,2025-05-23,0.0
ORD-112703,2025-09-24,2025-09-24,0.0
ORD-112704,2025-04-23,,
ORD-112705,2025-09-09,2025-09-09,0.0
ORD-112706,2025-01-13,2025-01-15,2.0
ORD-112707,2024-11-04,2024-11-04,0.0
ORD-112708,2025-04-22,2025-04-23,1.0
ORD-112709,2025-01-25,2025-01-30,5.0
ORD-112710,2025-08-12,2025-08-12,0.0
ORD-112711,2025-08-17,2025-08-17,0.0
ORD-112712,2025-02-22,2025-02-22,0.0
ORD-112713,2025-01-07,2025-01-07,0.0
ORD-112714,2025-11-04,2025-11-04,0.0
ORD-112715,2025-10-18,2025-10-19,1.0
ORD-112716,2024-10-29,2024-10-29,0.0
ORD-112717,2025-09-05,2025-09-05,0.0
ORD-112718,2025-08-20,2025-08-20,0.0
ORD-112719,2025-01-03,2025-01-04,1.0
ORD-112720,2024-12-14,2024-12-15,1.0
ORD-112721,2025-10-28,2025-10-28,0.0
ORD-112722,2024-09-23,,
ORD-112723,2025-10-15,2025-10-16,1.0
ORD-112724,2025-01-25,2025-01-26,1.0
ORD-112725,2024-09-08,2024-09-08,0.0
ORD-112726,2025-11-20,2025-11-20,0.0
ORD-112727,2025-06-04,2025-06-04,0.0
ORD-112728,2024-12-31,2025-01-01,1.0
ORD-112729,2025-02-04,2025-02-05,1.0
ORD-112730,2024-07-09,2024-07-10,1.0
ORD-112731,2025-08-31,2025-09-02,2.0
ORD-112732,2024-12-31,2024-12-31,0.0
ORD-112733,2024-08-02,2024-08-03,1.0
ORD-112734,2024-07-11,2024-07-11,0.0
ORD-112735,2024-12-19,2024-12-19,0.0
ORD-112736,2025-12-09,,
ORD-112737,2025-12-14,2025-12-15,1.0
ORD-112738,2025-04-20,2025-04-20,0.0
ORD-112739,2025-10-30,2025-10-31,1.0
ORD-112740,2025-11-20,2025-11-21,1.0
ORD-112741,2025-06-12,2025-06-13,1.0
ORD-112742,2025-11-12,2025-11-12,0.0
ORD-112743,2025-02-23,2025-02-23,0.0
ORD-112744,2025-06-30,2025-06-30,0.0
ORD-112745,2024-02-29,2024-02-29,0.0
ORD-112746,2024-11-10,2024-11-12,2.0
ORD-112747,2025-11-20,2025-11-20,0.0
ORD-112748,2025-10-31,2025-10-31,0.0
ORD-112749,2025-09-04,2025-09-05,1.0
ORD-112750,2025-02-21,2025-02-21,0.0
ORD-112751,2025-10-11,2025-10-12,1.0
ORD-112752,2025-07-05,2025-07-05,0.0
ORD-112753,2025-03-10,2025-03-10,0.0
ORD-112754,2025-08-08,2025-08-08,0.0
ORD-112755,2025-10-08,2025-10-08,0.0
ORD-112756,2025-11-01,,
ORD-112757,2025-07-21,2025-07-21,0.0
ORD-112758,2025-11-23,2025-11-23,0.0
ORD-112759,2024-08-03,2024-08-03,0.0
ORD-112760,2025-06-21,2025-06-22,1.0
ORD-112761,2025-05-22,2025-05-22,0.0
ORD-112762,2025-08-15,2025-08-16,1.0
ORD-112763,2025-11-17,2025-11-18,1.0
ORD-112764,2025-03-03,2025-03-06,3.0
ORD-112765,2024-11-17,,
ORD-112766,2025-01-22,,
ORD-112767,2025-09-21,2025-09-22,1.0
ORD-112768,2024-10-08,2024-10-09,1.0
ORD-112769,2025-11-14,2025-11-14,0.0
ORD-112770,2025-06-30,2025-06-30,0.0
ORD-112771,2025-08-23,2025-08-23,0.0
ORD-112772,2024-10-13,2024-10-16,3.0
ORD-112773,2024-09-08,2024-09-08,0.0
ORD-112774,2024-08-01,2024-08-02,1.0
ORD-112775,2024-12-27,2024-12-29,2.0
ORD-112776,2025-04-04,2025-04-05,1.0
ORD-112777,2025-04-22,2025-04-22,0.0
ORD-112778,2025-12-10,2025-12-10,0.0
ORD-112779,2025-10-11,2025-10-11,0.0
ORD-112780,2025-09-11,2025-09-14,3.0
ORD-112781,2024-10-14,2024-10-14,0.0
ORD-112782,2025-11-08,2025-11-08,0.0
ORD-112783,2024-10-02,2024-10-03,1.0
ORD-112784,2025-07-15,2025-07-15,0.0
ORD-112785,2025-04-09,,
ORD-112786,2025-11-28,2025-11-28,0.0
ORD-112787,2024-12-02,2024-12-02,0.0
ORD-112788,2024-12-14,2024-12-14,0.0
ORD-112789,2025-10-31,2025-10-31,0.0
ORD-112790,2025-11-16,2025-11-16,0.0
ORD-112791,2025-08-30,2025-09-01,2.0
ORD-112792,2024-11-06,,
ORD-112793,2024-09-28,2024-09-28,0.0
ORD-112794,2025-04-04,2025-04-04,0.0
ORD-112795,2025-01-29,2025-02-01,3.0
ORD-112796,2025-01-04,2025-01-04,0.0
ORD-112797,2024-12-03,2024-12-03,0.0
ORD-112798,2025-11-06,2025-11-08,2.0
ORD-112799,2025-03-07,2025-03-07,0.0
ORD-112800,2025-04-04,2025-04-04,0.0
ORD-112801,2025-10-29,2025-10-29,0.0
ORD-112802,2025-08-20,2025-08-22,2.0
ORD-112803,2025-11-04,2025-11-04,0.0
ORD-112804,2024-11-02,2024-11-02,0.0
ORD-112805,2025-08-12,2025-08-12,0.0
ORD-112806,2024-07-29,2024-07-30,1.0
ORD-112807,2025-04-07,2025-04-07,0.0
ORD-112808,2024-06-07,2024-06-07,0.0
ORD-112809,2024-12-19,2024-12-21,2.0
ORD-112810,2025-11-29,2025-12-02,3.0
ORD-112811,2025-05-17,2025-05-17,0.0
ORD-112812,2025-10-23,2025-10-23,0.0
ORD-112813,2024-11-27,2024-11-27,0.0
ORD-112814,2025-09-07,2025-09-07,0.0
ORD-112815,2024-04-16,2024-04-18,2.0
ORD-112816,2024-09-18,2024-09-18,0.0
ORD-112817,2025-11-13,2025-11-13,0.0
ORD-112818,2025-08-12,2025-08-12,0.0
ORD-112819,2025-01-29,2025-01-29,0.0
ORD-112820,2025-05-23,2025-05-23,0.0
ORD-112821,2025-03-20,2025-03-20,0.0
ORD-112822,2025-10-14,,
ORD-112823,2024-03-17,2024-03-17,0.0
ORD-112824,2025-01-26,2025-01-26,0.0
ORD-112825,2025-09-19,2025-09-19,0.0
ORD-112826,2025-11-18,2025-11-23,5.0
ORD-112827,2025-11-08,2025-11-08,0.0
ORD-112828,2025-11-24,2025-11-24,0.0
ORD-112829,2025-12-02,2025-12-02,0.0
ORD-112830,2025-04-14,2025-04-14,0.0
ORD-112831,2025-10-02,2025-10-02,0.0
ORD-112832,2025-07-11,2025-07-12,1.0
ORD-112833,2025-09-09,2025-09-10,1.0
ORD-112834,2025-11-19,2025-11-20,1.0
ORD-112835,2025-12-08,2025-12-08,0.0
ORD-112836,2025-08-11,2025-08-16,5.0
ORD-112837,2025-03-07,2025-03-07,0.0
ORD-112838,2025-09-30,2025-09-30,0.0
ORD-112839,2024-08-19,,
ORD-112840,2025-10-29,2025-10-29,0.0
ORD-112841,2025-10-27,,
ORD-112842,2025-11-08,2025-11-08,0.0
ORD-112843,2025-09-23,2025-09-25,2.0
ORD-112844,2025-11-03,2025-11-03,0.0
ORD-112845,2025-06-18,,
ORD-112846,2025-10-30,2025-10-31,1.0
ORD-112847,2025-07-03,2025-07-05,2.0
ORD-112848,2025-08-03,,
ORD-112849,2025-11-16,2025-11-17,1.0
ORD-112850,2025-04-23,2025-04-24,1.0
ORD-112851,2024-12-05,2024-12-06,1.0
ORD-112852,2025-07-02,2025-07-02,0.0
ORD-112853,2025-12-05,2025-12-06,1.0
ORD-112854,2025-11-06,2025-11-06,0.0
ORD-112855,2024-12-30,2024-12-30,0.0
ORD-112856,2025-09-25,2025-09-27,2.0
ORD-112857,2025-12-30,,
ORD-112858,2024-09-30,2024-09-30,0.0
ORD-112859,2024-12-23,2024-12-23,0.0
ORD-112860,2025-12-23,2025-12-28,5.0
ORD-112861,2025-02-20,2025-02-20,0.0
ORD-112862,2024-12-14,2024-12-14,0.0
ORD-112863,2025-10-19,2025-10-19,0.0
ORD-112864,2025-11-17,,
ORD-112865,2025-11-03,2025-11-03,0.0
ORD-112866,2025-06-24,2025-06-26,2.0
ORD-112867,2025-10-16,2025-10-16,0.0
ORD-112868,2025-04-14,2025-04-14,0.0
ORD-112869,2025-04-19,2025-04-20,1.0
ORD-112870,2025-09-12,2025-09-12,0.0
ORD-112871,2025-09-17,2025-09-18,1.0
ORD-112872,2024-02-04,2024-02-05,1.0
ORD-112873,2025-06-02,2025-06-02,0.0
ORD-112874,2025-12-24,2025-12-24,0.0
ORD-112875,2024-11-05,2024-11-06,1.0
ORD-112876,2024-12-23,2024-12-23,0.0
ORD-112877,2025-07-30,2025-07-30,0.0
ORD-112878,2025-01-04,2025-01-04,0.0
ORD-112879,2025-07-16,2025-07-17,1.0
ORD-112880,2025-10-11,2025-10-13,2.0
ORD-112881,2024-09-23,2024-09-23,0.0
ORD-112882,2025-09-20,2025-09-20,0.0
ORD-112883,2024-06-03,,
ORD-112884,2025-07-28,2025-07-29,1.0
ORD-112885,2025-10-31,2025-11-02,2.0
ORD-112886,2024-08-31,2024-08-31,0.0
ORD-112887,2025-07-05,2025-07-05,0.0
ORD-112888,2025-05-06,2025-05-06,0.0
ORD-112889,2025-04-15,2025-04-16,1.0
ORD-112890,2024-09-13,,
ORD-112891,2024-07-22,2024-07-22,0.0
ORD-112892,2024-11-14,2024-11-15,1.0
ORD-112893,2024-08-23,2024-08-23,0.0
ORD-112894,2024-11-09,2024-11-09,0.0
ORD-112895,2025-11-10,,
ORD-112896,2025-06-11,2025-06-11,0.0
ORD-112897,2025-08-08,2025-08-08,0.0
ORD-112898,2025-11-10,2025-11-10,0.0
ORD-112899,2025-07-15,2025-07-15,0.0
ORD-112900,2024-12-27,,
ORD-112901,2025-02-11,2025-02-13,2.0
ORD-112902,2025-11-14,2025-11-14,0.0
ORD-112903,2025-02-08,2025-02-08,0.0
ORD-112904,2025-01-06,,
ORD-112905,2025-12-22,2025-12-23,1.0
ORD-112906,2025-03-18,2025-03-18,0.0
ORD-112907,2025-01-10,,
ORD-112908,2026-01-02,2026-01-02,0.0
ORD-112909,2024-08-31,2024-09-01,1.0
ORD-112910,2025-06-10,2025-06-10,0.0
ORD-112911,2024-12-24,2024-12-24,0.0
ORD-112912,2025-08-21,2025-08-21,0.0
ORD-112913,2025-11-26,2025-11-26,0.0
ORD-112914,2025-03-23,2025-03-25,2.0
ORD-112915,2025-05-16,2025-05-16,0.0
ORD-112916,2025-07-31,2025-07-31,0.0
ORD-112917,2025-04-20,2025-04-20,0.0
ORD-112918,2024-08-17,2024-08-17,0.0
ORD-112919,2025-10-12,2025-10-14,2.0
ORD-112920,2025-11-19,2025-11-19,0.0
ORD-112921,2025-03-10,2025-03-10,0.0
ORD-112922,2025-08-06,2025-08-07,1.0
ORD-112923,2025-04-19,2025-04-19,0.0
ORD-112924,2024-07-29,2024-07-29,0.0
ORD-112925,2026-01-02,2026-01-02,0.0
ORD-112926,2025-12-04,2025-12-04,0.0
ORD-112927,2025-10-25,2025-10-25,0.0
ORD-112928,2025-11-12,2025-11-14,2.0
ORD-112929,2025-11-22,2025-11-22,0.0
ORD-112930,2025-01-24,2025-01-24,0.0
ORD-112931,2025-08-11,2025-08-11,0.0
ORD-112932,2025-11-14,2025-11-15,1.0
ORD-112933,2025-11-29,2025-12-02,3.0
ORD-112934,2024-11-19,2024-11-20,1.0
ORD-112935,2025-03-31,2025-03-31,0.0
ORD-112936,2025-09-26,2025-10-01,5.0
ORD-112937,2025-08-18,2025-08-19,1.0
ORD-112938,2025-10-28,2025-10-28,0.0
ORD-112939,2025-04-01,2025-04-01,0.0
ORD-112940,2025-03-08,2025-03-08,0.0
ORD-112941,2025-04-18,2025-04-18,0.0
ORD-112942,2025-11-12,2025-11-12,0.0
ORD-112943,2025-01-06,2025-01-06,0.0
ORD-112944,2024-12-29,2024-12-31,2.0
ORD-112945,2024-02-16,2024-02-16,0.0
ORD-112946,2025-08-23,2025-08-25,2.0
ORD-112947,2024-11-06,2024-11-07,1.0
ORD-112948,2025-11-03,2025-11-03,0.0
ORD-112949,2024-12-21,2024-12-21,0.0
ORD-112950,2025-11-27,,
ORD-112951,2025-11-01,2025-11-01,0.0
ORD-112952,2024-09-19,2024-09-20,1.0
ORD-112953,2025-11-12,2025-11-12,0.0
ORD-112954,2024-04-17,2024-04-17,0.0
ORD-112955,2025-11-03,2025-11-03,0.0
ORD-112956,2024-09-13,2024-09-14,1.0
ORD-112957,2024-10-29,2024-10-29,0.0
ORD-112958,2024-12-22,2024-12-24,2.0
ORD-112959,2025-08-26,2025-08-27,1.0
ORD-112960,2025-08-09,2025-08-09,0.0
ORD-112961,2024-08-22,,
ORD-112962,2025-06-12,2025-06-12,0.0
ORD-112963,2025-10-26,2025-10-26,0.0
ORD-112964,2025-05-24,2025-05-25,1.0
ORD-112965,2025-04-15,,
ORD-112966,2025-05-14,2025-05-14,0.0
ORD-112967,2024-09-10,,
ORD-112968,2025-04-12,2025-04-12,0.0
ORD-112969,2024-10-30,2024-10-30,0.0
ORD-112970,2025-04-14,2025-04-14,0.0
ORD-112971,2025-10-30,2025-10-31,1.0
ORD-112972,2025-05-30,2025-05-30,0.0
ORD-112973,2025-09-09,2025-09-09,0.0
ORD-112974,2025-03-16,2025-03-17,1.0
ORD-112975,2025-11-01,2025-11-01,0.0
ORD-112976,2025-04-30,2025-04-30,0.0
ORD-112977,2024-11-05,2024-11-05,0.0
ORD-112978,2025-03-24,2025-03-24,0.0
ORD-112979,2025-05-08,2025-05-10,2.0
ORD-112980,2024-12-17,2024-12-18,1.0
ORD-112981,2025-10-27,2025-10-27,0.0
ORD-112982,2025-12-18,2025-12-20,2.0
ORD-112983,2025-01-24,2025-01-24,0.0
ORD-112984,2025-11-26,2025-11-26,0.0
ORD-112985,2025-11-21,2025-11-22,1.0
ORD-112986,2025-12-03,2025-12-03,0.0
ORD-112987,2024-07-17,2024-07-17,0.0
ORD-112988,2025-06-01,2025-06-01,0.0
ORD-112989,2025-04-11,2025-04-12,1.0
ORD-112990,2025-07-22,2025-07-22,0.0
ORD-112991,2024-09-24,2024-09-24,0.0
ORD-112992,2025-09-26,2025-10-01,5.0
ORD-112993,2025-07-13,2025-07-14,1.0
ORD-112994,2025-08-16,2025-08-16,0.0
ORD-112995,2025-01-30,2025-01-30,0.0
ORD-112996,2025-01-22,2025-01-22,0.0
ORD-112997,2026-01-01,2026-01-01,0.0
ORD-112998,2025-06-18,2025-06-20,2.0
ORD-112999,2025-02-27,2025-02-27,0.0
ORD-113000,2025-01-12,2025-01-12,0.0
ORD-113001,2024-10-04,2024-10-04,0.0
ORD-113002,2024-11-02,2024-11-04,2.0
ORD-113003,2025-06-22,2025-06-24,2.0
ORD-113004,2025-04-26,2025-04-26,0.0
ORD-113005,2025-05-28,2025-05-30,2.0
ORD-113006,2025-04-28,2025-04-28,0.0
ORD-113007,2024-08-06,2024-08-06,0.0
ORD-113008,2025-11-04,2025-11-04,0.0
ORD-113009,2024-12-13,2024-12-14,1.0
ORD-113010,2025-11-11,2025-11-11,0.0
ORD-113011,2024-12-25,2024-12-26,1.0
ORD-113012,2025-01-31,2025-01-31,0.0
ORD-113013,2025-10-29,2025-10-29,0.0
ORD-113014,2024-11-29,2024-11-29,0.0
ORD-113015,2025-07-27,2025-07-27,0.0
ORD-113016,2025-02-05,2025-02-05,0.0
ORD-113017,2025-07-06,2025-07-06,0.0
ORD-113018,2025-01-31,2025-01-31,0.0
ORD-113019,2025-04-08,2025-04-09,1.0
ORD-113020,2025-08-24,2025-08-24,0.0
ORD-113021,2025-08-21,2025-08-21,0.0
ORD-113022,2025-11-14,,
ORD-113023,2024-08-02,2024-08-02,0.0
ORD-113024,2025-10-17,2025-10-17,0.0
ORD-113025,2024-11-16,2024-11-16,0.0
ORD-113026,2024-05-05,2024-05-05,0.0
ORD-113027,2025-10-30,2025-10-31,1.0
ORD-113028,2025-09-13,2025-09-14,1.0
ORD-113029,2025-01-03,2025-01-05,2.0
ORD-113030,2025-11-01,2025-11-06,5.0
ORD-113031,2025-10-13,2025-10-14,1.0
ORD-113032,2025-05-14,2025-05-14,0.0
ORD-113033,2025-10-08,2025-10-10,2.0
ORD-113034,2025-10-15,2025-10-15,0.0
ORD-113035,2025-08-21,2025-08-23,2.0
ORD-113036,2024-05-18,2024-05-18,0.0
ORD-113037,2025-05-07,2025-05-08,1.0
ORD-113038,2025-03-03,2025-03-05,2.0
ORD-113039,2025-05-02,2025-05-03,1.0
ORD-113040,2024-11-02,2024-11-02,0.0
ORD-113041,2024-11-05,2024-11-05,0.0
ORD-113042,2025-03-03,2025-03-03,0.0
ORD-113043,2024-10-26,2024-10-28,2.0
ORD-113044,2025-04-05,2025-04-07,2.0
ORD-113045,2025-10-22,2025-10-22,0.0
ORD-113046,2025-12-22,,
ORD-113047,2025-07-28,2025-07-28,0.0
ORD-113048,2025-03-27,2025-03-28,1.0
ORD-113049,2025-04-24,2025-04-24,0.0
ORD-113050,2025-06-28,,
ORD-113051,2025-08-29,2025-08-30,1.0
ORD-113052,2025-12-08,2025-12-08,0.0
ORD-113053,2025-01-11,2025-01-11,0.0
ORD-113054,2025-09-24,,
ORD-113055,2025-09-17,2025-09-17,0.0
ORD-113056,2025-12-07,2025-12-07,0.0
ORD-113057,2024-05-26,,
ORD-113058,2025-11-15,2025-11-15,0.0
ORD-113059,2025-04-04,2025-04-09,5.0
ORD-113060,2025-07-18,2025-07-18,0.0
ORD-113061,2025-12-20,2025-12-20,0.0
ORD-113062,2025-11-22,2025-11-22,0.0
ORD-113063,2025-10-26,2025-10-26,0.0
ORD-113064,2025-08-03,2025-08-04,1.0
ORD-113065,2025-02-21,2025-02-21,0.0
ORD-113066,2025-07-03,2025-07-04,1.0
ORD-113067,2025-07-02,2025-07-02,0.0
ORD-113068,2024-10-02,2024-10-02,0.0
ORD-113069,2025-11-14,,
ORD-113070,2025-01-10,2025-01-12,2.0
ORD-113071,2025-03-22,2025-03-22,0.0
ORD-113072,2025-06-01,2025-06-01,0.0
ORD-113073,2025-11-25,,
ORD-113074,2025-11-21,2025-11-24,3.0
ORD-113075,2024-07-10,,
ORD-113076,2025-01-30,2025-01-31,1.0
ORD-113077,2024-12-25,2024-12-26,1.0
ORD-113078,2025-01-06,2025-01-06,0.0
ORD-113079,2025-08-20,2025-08-20,0.0
ORD-113080,2024-07-31,2024-08-01,1.0
ORD-113081,2024-10-17,,
ORD-113082,2025-08-20,,
ORD-113083,2024-12-16,2024-12-17,1.0
ORD-113084,2025-01-02,2025-01-02,0.0
ORD-113085,2025-11-03,2025-11-03,0.0
ORD-113086,2025-07-25,2025-07-25,0.0
ORD-113087,2025-02-17,2025-02-19,2.0
ORD-113088,2025-04-02,2025-04-02,0.0
ORD-113089,2025-12-10,2025-12-12,2.0
ORD-113090,2025-06-30,,
ORD-113091,2025-08-07,2025-08-07,0.0
ORD-113092,2025-07-13,2025-07-16,3.0
ORD-113093,2024-02-15,2024-02-15,0.0
ORD-113094,2025-06-05,2025-06-05,0.0
ORD-113095,2025-10-28,2025-10-28,0.0
ORD-113096,2024-09-18,2024-09-18,0.0
ORD-113097,2024-02-27,2024-02-27,0.0
ORD-113098,2025-01-12,2025-01-12,0.0
ORD-113099,2025-07-03,2025-07-03,0.0
ORD-113100,2025-05-28,2025-05-28,0.0
ORD-113101,2025-11-10,2025-11-10,0.0
ORD-113102,2025-08-04,2025-08-04,0.0
ORD-113103,2025-10-04,2025-10-04,0.0
ORD-113104,2024-12-05,2024-12-05,0.0
ORD-113105,2025-10-06,2025-10-07,1.0
ORD-113106,2025-07-13,2025-07-14,1.0
ORD-113107,2024-10-27,2024-10-27,0.0
ORD-113108,2025-09-21,2025-09-21,0.0
ORD-113109,2025-04-10,2025-04-11,1.0
ORD-113110,2025-02-02,2025-02-02,0.0
ORD-113111,2025-09-23,2025-09-23,0.0
ORD-113112,2025-09-19,2025-09-19,0.0
ORD-113113,2025-01-07,2025-01-07,0.0
ORD-113114,2025-11-08,2025-11-09,1.0
ORD-113115,2025-10-20,2025-10-20,0.0
ORD-113116,2025-11-14,2025-11-15,1.0
ORD-113117,2024-12-02,2024-12-02,0.0
ORD-113118,2025-12-05,2025-12-10,5.0
ORD-113119,2025-02-17,2025-02-18,1.0
ORD-113120,2024-10-24,2024-10-24,0.0
ORD-113121,2024-10-25,2024-10-27,2.0
ORD-113122,2025-01-24,2025-01-24,0.0
ORD-113123,2025-07-27,2025-07-27,0.0
ORD-113124,2025-01-15,2025-01-15,0.0
ORD-113125,2025-12-15,2025-12-16,1.0
ORD-113126,2025-06-05,2025-06-05,0.0
ORD-113127,2025-08-03,2025-08-03,0.0
ORD-113128,2025-06-30,,
ORD-113129,2024-10-01,2024-10-01,0.0
ORD-113130,2025-09-19,2025-09-19,0.0
ORD-113131,2025-11-16,2025-11-16,0.0
ORD-113132,2025-02-27,2025-02-27,0.0
ORD-113133,2025-08-13,2025-08-14,1.0
ORD-113134,2024-10-21,2024-10-21,0.0
ORD-113135,2025-11-15,2025-11-15,0.0
ORD-113136,2025-09-19,2025-09-19,0.0
ORD-113137,2025-08-11,2025-08-11,0.0
ORD-113138,2025-10-20,,
ORD-113139,2024-04-25,2024-04-26,1.0
ORD-113140,2024-10-16,2024-10-17,1.0
ORD-113141,2025-03-23,2025-03-24,1.0
ORD-113142,2025-04-12,,
ORD-113143,2025-04-14,2025-04-14,0.0
ORD-113144,2024-11-26,2024-11-26,0.0
ORD-113145,2025-11-17,2025-11-18,1.0
ORD-113146,2025-06-18,,
ORD-113147,2025-11-21,2025-11-22,1.0
ORD-113148,2025-09-04,2025-09-04,0.0
ORD-113149,2025-05-13,2025-05-15,2.0
ORD-113150,2025-07-17,,
ORD-113151,2024-09-11,2024-09-11,0.0
ORD-113152,2025-08-23,2025-08-24,1.0
ORD-113153,2025-08-21,2025-08-23,2.0
ORD-113154,2025-07-15,2025-07-17,2.0
ORD-113155,2025-11-02,,
ORD-113156,2025-09-19,2025-09-19,0.0
ORD-113157,2025-11-17,2025-11-17,0.0
ORD-113158,2025-08-04,2025-08-05,1.0
ORD-113159,2025-11-19,2025-11-20,1.0
ORD-113160,2024-12-09,2024-12-11,2.0
ORD-113161,2025-03-02,2025-03-03,1.0
ORD-113162,2025-08-07,2025-08-07,0.0
ORD-113163,2025-01-30,2025-01-31,1.0
ORD-113164,2024-11-17,2024-11-18,1.0
ORD-113165,2025-02-17,2025-02-17,0.0
ORD-113166,2025-09-26,2025-09-26,0.0
ORD-113167,2025-11-16,2025-11-17,1.0
ORD-113168,2025-03-29,2025-03-31,2.0
ORD-113169,2024-10-11,2024-10-11,0.0
ORD-113170,2025-10-21,2025-10-22,1.0
ORD-113171,2025-08-05,2025-08-05,0.0
ORD-113172,2025-09-29,2025-09-30,1.0
ORD-113173,2025-08-04,,
ORD-113174,2025-10-24,2025-10-24,0.0
ORD-113175,2025-07-17,,
ORD-113176,2025-10-31,2025-10-31,0.0
ORD-113177,2025-11-04,2025-11-04,0.0
ORD-113178,2025-10-15,2025-10-15,0.0
ORD-113179,2025-11-06,,
ORD-113180,2025-08-09,2025-08-09,0.0
ORD-113181,2024-10-23,,
ORD-113182,2025-11-26,,
ORD-113183,2024-06-16,2024-06-16,0.0
ORD-113184,2024-12-29,2024-12-30,1.0
ORD-113185,2024-10-31,2024-10-31,0.0
ORD-113186,2025-03-02,2025-03-02,0.0
ORD-113187,2025-09-03,2025-09-03,0.0
ORD-113188,2024-09-09,2024-09-09,0.0
ORD-113189,2025-02-01,2025-02-06,5.0
ORD-113190,2025-07-07,2025-07-07,0.0
ORD-113191,2025-11-03,2025-11-03,0.0
ORD-113192,2025-03-05,2025-03-05,0.0
ORD-113193,2025-08-11,2025-08-12,1.0
ORD-113194,2024-08-31,2024-09-01,1.0
ORD-113195,2025-08-19,2025-08-19,0.0
ORD-113196,2024-05-20,2024-05-20,0.0
ORD-113197,2025-01-30,2025-02-01,2.0
ORD-113198,2025-08-20,2025-08-22,2.0
ORD-113199,2024-08-14,2024-08-14,0.0
ORD-113200,2025-11-13,2025-11-14,1.0
ORD-113201,2024-09-06,2024-09-07,1.0
ORD-113202,2025-10-10,2025-10-10,0.0
ORD-113203,2025-11-27,2025-11-27,0.0
ORD-113204,2025-04-13,2025-04-14,1.0
ORD-113205,2025-05-11,2025-05-12,1.0
ORD-113206,2025-04-22,,
ORD-113207,2024-11-09,2024-11-09,0.0
ORD-113208,2024-10-24,2024-10-24,0.0
ORD-113209,2025-10-23,2025-10-23,0.0
ORD-113210,2025-03-28,2025-03-29,1.0
ORD-113211,2025-09-14,2025-09-14,0.0
ORD-113212,2025-04-30,2025-04-30,0.0
ORD-113213,2025-06-26,2025-06-27,1.0
ORD-113214,2025-02-11,2025-02-11,0.0
ORD-113215,2025-11-12,2025-11-12,0.0
ORD-113216,2025-03-29,2025-03-29,0.0
ORD-113217,2025-01-27,2025-01-27,0.0
ORD-113218,2024-09-13,2024-09-13,0.0
ORD-113219,2025-03-25,2025-03-25,0.0
ORD-113220,2025-07-17,2025-07-18,1.0
ORD-113221,2025-04-12,2025-04-12,0.0
ORD-113222,2025-07-30,2025-07-31,1.0
ORD-113223,2025-11-18,2025-11-18,0.0
ORD-113224,2024-12-04,2024-12-04,0.0
ORD-113225,2025-04-11,2025-04-12,1.0
ORD-113226,2025-10-09,2025-10-10,1.0
ORD-113227,2025-11-06,2025-11-06,0.0
ORD-113228,2025-08-05,2025-08-05,0.0
ORD-113229,2025-04-01,2025-04-03,2.0
ORD-113230,2025-12-01,2025-12-01,0.0
ORD-113231,2025-07-08,,
ORD-113232,2025-11-05,2025-11-05,0.0
ORD-113233,2025-11-27,2025-11-27,0.0
ORD-113234,2025-01-30,,
ORD-113235,2025-04-25,2025-04-25,0.0
ORD-113236,2025-01-02,2025-01-02,0.0
ORD-113237,2025-12-25,2025-12-26,1.0
ORD-113238,2025-04-16,2025-04-19,3.0
ORD-113239,2025-10-10,,
ORD-113240,2025-05-31,2025-05-31,0.0
ORD-113241,2025-01-19,2025-01-19,0.0
ORD-113242,2025-06-25,,
ORD-113243,2025-02-09,2025-02-09,0.0
ORD-113244,2025-04-28,2025-04-29,1.0
ORD-113245,2024-07-15,2024-07-15,0.0
ORD-113246,2025-09-07,2025-09-07,0.0
ORD-113247,2025-07-27,,
ORD-113248,2025-05-19,2025-05-19,0.0
ORD-113249,2025-12-15,2025-12-18,3.0
ORD-113250,2025-12-13,2025-12-13,0.0
ORD-113251,2025-04-23,2025-04-23,0.0
ORD-113252,2025-09-30,,
ORD-113253,2025-06-23,2025-06-23,0.0
ORD-113254,2024-07-07,2024-07-09,2.0
ORD-113255,2025-12-04,2025-12-04,0.0
ORD-113256,2025-09-11,2025-09-12,1.0
ORD-113257,2025-12-05,2025-12-05,0.0
ORD-113258,2025-03-21,2025-03-22,1.0
ORD-113259,2024-11-30,2024-12-03,3.0
ORD-113260,2025-05-23,2025-05-23,0.0
ORD-113261,2025-04-04,2025-04-05,1.0
ORD-113262,2024-02-12,2024-02-12,0.0
ORD-113263,2025-07-27,2025-07-27,0.0
ORD-113264,2025-11-06,2025-11-09,3.0
ORD-113265,2024-10-21,,
ORD-113266,2024-11-08,,
ORD-113267,2025-11-23,,
ORD-113268,2025-05-25,2025-05-25,0.0
ORD-113269,2025-10-07,2025-10-08,1.0
ORD-113270,2025-06-17,2025-06-17,0.0
ORD-113271,2025-11-18,2025-11-19,1.0
ORD-113272,2025-12-25,2025-12-27,2.0
ORD-113273,2024-11-06,2024-11-06,0.0
ORD-113274,2025-03-10,2025-03-10,0.0
ORD-113275,2024-11-01,2024-11-02,1.0
ORD-113276,2024-07-31,2024-07-31,0.0
ORD-113277,2026-01-01,2026-01-01,0.0
ORD-113278,2025-05-20,2025-05-21,1.0
ORD-113279,2024-11-07,2024-11-08,1.0
ORD-113280,2025-03-08,2025-03-09,1.0
ORD-113281,2025-07-05,2025-07-05,0.0
ORD-113282,2025-07-23,2025-07-23,0.0
ORD-113283,2025-06-29,2025-06-29,0.0
ORD-113284,2025-09-11,2025-09-13,2.0
ORD-113285,2025-08-09,2025-08-10,1.0
ORD-113286,2025-03-10,2025-03-10,0.0
ORD-113287,2024-12-09,2024-12-11,2.0
ORD-113288,2025-07-15,2025-07-15,0.0
ORD-113289,2025-07-26,2025-07-26,0.0
ORD-113290,2024-10-21,2024-10-21,0.0
ORD-113291,2024-03-14,2024-03-14,0.0
ORD-113292,2025-12-17,2025-12-17,0.0
ORD-113293,2025-01-28,,
ORD-113294,2025-01-24,,
ORD-113295,2024-10-30,2024-10-30,0.0
ORD-113296,2025-11-14,2025-11-15,1.0
ORD-113297,2025-09-13,2025-09-15,2.0
ORD-113298,2025-01-13,2025-01-14,1.0
ORD-113299,2025-02-06,2025-02-06,0.0
ORD-113300,2025-03-27,2025-03-29,2.0
ORD-113301,2024-08-20,2024-08-20,0.0
ORD-113302,2024-10-26,2024-10-26,0.0
ORD-113303,2024-10-21,2024-10-23,2.0
ORD-113304,2025-10-19,2025-10-19,0.0
ORD-113305,2025-08-19,2025-08-19,0.0
ORD-113306,2025-12-04,2025-12-04,0.0
ORD-113307,2024-11-20,,
ORD-113308,2025-08-26,2025-08-26,0.0
ORD-113309,2025-08-26,2025-08-26,0.0
ORD-113310,2025-11-13,2025-11-15,2.0
ORD-113311,2024-09-13,2024-09-14,1.0
ORD-113312,2025-10-23,2025-10-24,1.0
ORD-113313,2025-08-03,2025-08-03,0.0
ORD-113314,2025-12-26,2025-12-26,0.0
ORD-113315,2025-04-30,2025-04-30,0.0
ORD-113316,2024-12-23,2024-12-24,1.0
ORD-113317,2025-12-19,2025-12-20,1.0
ORD-113318,2024-11-05,,
ORD-113319,2024-09-04,2024-09-06,2.0
ORD-113320,2025-04-27,2025-04-27,0.0
ORD-113321,2025-02-22,2025-02-22,0.0
ORD-113322,2024-10-21,2024-10-21,0.0
ORD-113323,2024-08-22,2024-08-22,0.0
ORD-113324,2025-09-20,2025-09-20,0.0
ORD-113325,2025-05-06,2025-05-07,1.0
ORD-113326,2025-08-05,2025-08-05,0.0
ORD-113327,2025-03-02,2025-03-02,0.0
ORD-113328,2025-10-20,2025-10-20,0.0
ORD-113329,2025-08-01,2025-08-01,0.0
ORD-113330,2024-12-19,2024-12-20,1.0
ORD-113331,2025-08-28,2025-08-28,0.0
ORD-113332,2025-06-18,2025-06-18,0.0
ORD-113333,2025-05-22,2025-05-24,2.0
ORD-113334,2025-08-14,2025-08-15,1.0
ORD-113335,2025-09-30,2025-09-30,0.0
ORD-113336,2024-10-27,2024-10-30,3.0
ORD-113337,2025-08-16,2025-08-16,0.0
ORD-113338,2025-03-11,,
ORD-113339,2025-08-09,2025-08-14,5.0
ORD-113340,2025-12-04,2025-12-07,3.0
ORD-113341,2025-11-17,2025-11-17,0.0
ORD-113342,2025-09-20,2025-09-20,0.0
ORD-113343,2024-05-11,2024-05-11,0.0
ORD-113344,2024-04-28,2024-05-01,3.0
ORD-113345,2025-11-01,2025-11-03,2.0
ORD-113346,2025-05-31,2025-05-31,0.0
ORD-113347,2025-02-27,2025-02-27,0.0
ORD-113348,2025-08-22,2025-08-23,1.0
ORD-113349,2025-04-21,2025-04-21,0.0
ORD-113350,2025-12-22,2025-12-22,0.0
ORD-113351,2025-02-25,2025-02-25,0.0
ORD-113352,2025-01-18,2025-01-18,0.0
ORD-113353,2025-08-24,2025-08-24,0.0
ORD-113354,2024-09-12,2024-09-12,0.0
ORD-113355,2025-11-21,2025-11-21,0.0
ORD-113356,2024-10-28,2024-10-28,0.0
ORD-113357,2025-07-19,2025-07-19,0.0
ORD-113358,2025-11-25,2025-11-25,0.0
ORD-113359,2025-11-06,,
ORD-113360,2024-11-12,2024-11-13,1.0
ORD-113361,2025-10-29,2025-10-29,0.0
ORD-113362,2024-02-28,2024-03-01,2.0
ORD-113363,2024-09-10,2024-09-10,0.0
ORD-113364,2025-11-17,2025-11-22,5.0
ORD-113365,2025-08-12,2025-08-13,1.0
ORD-113366,2025-02-17,2025-02-17,0.0
ORD-113367,2025-03-11,2025-03-14,3.0
ORD-113368,2025-07-11,2025-07-12,1.0
ORD-113369,2025-08-03,2025-08-03,0.0
ORD-113370,2024-10-23,2024-10-23,0.0
ORD-113371,2025-07-06,2025-07-06,0.0
ORD-113372,2025-08-28,2025-08-28,0.0
ORD-113373,2025-11-03,2025-11-03,0.0
ORD-113374,2024-04-26,2024-04-26,0.0
ORD-113375,2025-09-28,2025-09-28,0.0
ORD-113376,2024-08-21,2024-08-21,0.0
ORD-113377,2025-10-21,2025-10-21,0.0
ORD-113378,2024-11-03,2024-11-04,1.0
ORD-113379,2025-10-17,2025-10-17,0.0
ORD-113380,2025-06-08,2025-06-08,0.0
ORD-113381,2025-10-25,2025-10-25,0.0
ORD-113382,2025-02-02,2025-02-02,0.0
ORD-113383,2025-11-02,2025-11-02,0.0
ORD-113384,2024-12-04,2024-12-04,0.0
ORD-113385,2025-06-06,2025-06-06,0.0
ORD-113386,2025-10-23,2025-10-24,1.0
ORD-113387,2025-09-18,2025-09-18,0.0
ORD-113388,2025-11-01,2025-11-01,0.0
ORD-113389,2024-09-17,2024-09-18,1.0
ORD-113390,2024-11-28,2024-11-28,0.0
ORD-113391,2025-04-23,2025-04-23,0.0
ORD-113392,2024-12-09,2024-12-09,0.0
ORD-113393,2025-04-03,2025-04-06,3.0
ORD-113394,2025-02-08,2025-02-08,0.0
ORD-113395,2025-10-29,2025-10-29,0.0
ORD-113396,2025-04-30,2025-05-02,2.0
ORD-113397,2025-09-21,2025-09-23,2.0
ORD-113398,2024-10-26,2024-10-26,0.0
ORD-113399,2025-04-28,2025-04-28,0.0
ORD-113400,2024-12-29,2024-12-30,1.0
ORD-113401,2025-08-23,2025-08-23,0.0
ORD-113402,2025-08-12,2025-08-12,0.0
ORD-113403,2024-09-10,2024-09-10,0.0
ORD-113404,2025-11-16,2025-11-17,1.0
ORD-113405,2025-09-20,2025-09-20,0.0
ORD-113406,2025-09-03,2025-09-04,1.0
ORD-113407,2025-02-14,2025-02-14,0.0
ORD-113408,2025-10-15,2025-10-15,0.0
ORD-113409,2024-12-19,2024-12-20,1.0
ORD-113410,2024-12-17,2024-12-17,0.0
ORD-113411,2025-04-21,2025-04-22,1.0
ORD-113412,2025-04-11,2025-04-13,2.0
ORD-113413,2025-07-05,2025-07-05,0.0
ORD-113414,2024-09-11,2024-09-11,0.0
ORD-113415,2025-10-25,2025-10-25,0.0
ORD-113416,2025-10-06,2025-10-09,3.0
ORD-113417,2024-10-31,2024-10-31,0.0
ORD-113418,2025-01-06,,
ORD-113419,2025-06-23,2025-06-23,0.0
ORD-113420,2025-11-03,2025-11-03,0.0
ORD-113421,2024-11-16,2024-11-17,1.0
ORD-113422,2025-10-07,2025-10-08,1.0
ORD-113423,2025-08-16,,
ORD-113424,2025-11-14,2025-11-15,1.0
ORD-113425,2025-10-20,2025-10-20,0.0
ORD-113426,2025-12-18,2025-12-18,0.0
ORD-113427,2025-02-26,2025-02-26,0.0
ORD-113428,2024-03-27,2024-03-29,2.0
ORD-113429,2025-10-26,2025-10-26,0.0
ORD-113430,2025-11-20,2025-11-20,0.0
ORD-113431,2025-03-05,2025-03-05,0.0
ORD-113432,2025-09-01,2025-09-01,0.0
ORD-113433,2024-05-07,,
ORD-113434,2025-04-09,2025-04-09,0.0
ORD-113435,2025-09-04,2025-09-06,2.0
ORD-113436,2024-07-02,2024-07-02,0.0
ORD-113437,2025-11-18,2025-11-18,0.0
ORD-113438,2025-01-31,2025-01-31,0.0
ORD-113439,2025-04-05,2025-04-05,0.0
ORD-113440,2025-04-06,2025-04-06,0.0
ORD-113441,2024-11-26,2024-11-26,0.0
ORD-113442,2025-11-05,2025-11-05,0.0
ORD-113443,2024-06-06,2024-06-06,0.0
ORD-113444,2025-08-12,2025-08-12,0.0
ORD-113445,2025-10-11,2025-10-11,0.0
ORD-113446,2024-09-22,2024-09-24,2.0
ORD-113447,2025-04-08,2025-04-10,2.0
ORD-113448,2025-02-08,2025-02-08,0.0
ORD-113449,2025-10-28,2025-10-28,0.0
ORD-113450,2025-09-14,,
ORD-113451,2025-10-27,2025-10-27,0.0
ORD-113452,2025-10-22,2025-10-23,1.0
ORD-113453,2025-10-15,2025-10-15,0.0
ORD-113454,2025-06-18,2025-06-18,0.0
ORD-113455,2025-11-08,2025-11-11,3.0
ORD-113456,2024-05-04,2024-05-04,0.0
ORD-113457,2024-10-23,2024-10-23,0.0
ORD-113458,2025-08-16,2025-08-16,0.0
ORD-113459,2025-10-28,2025-10-28,0.0
ORD-113460,2024-01-12,2024-01-12,0.0
ORD-113461,2024-11-05,2024-11-05,0.0
ORD-113462,2025-07-18,2025-07-18,0.0
ORD-113463,2025-05-08,2025-05-10,2.0
ORD-113464,2025-05-14,2025-05-14,0.0
ORD-113465,2025-11-02,2025-11-02,0.0
ORD-113466,2025-11-28,2025-11-29,1.0
ORD-113467,2025-06-11,2025-06-11,0.0
ORD-113468,2025-09-19,2025-09-20,1.0
ORD-113469,2025-06-04,2025-06-06,2.0
ORD-113470,2025-08-07,2025-08-07,0.0
ORD-113471,2024-11-07,2024-11-07,0.0
ORD-113472,2025-10-03,2025-10-04,1.0
ORD-113473,2024-08-02,2024-08-04,2.0
ORD-113474,2025-08-27,2025-08-28,1.0
ORD-113475,2024-10-24,2024-10-25,1.0
ORD-113476,2025-01-07,2025-01-09,2.0
ORD-113477,2025-09-05,2025-09-05,0.0
ORD-113478,2025-11-15,2025-11-15,0.0
ORD-113479,2025-01-29,2025-01-29,0.0
ORD-113480,2025-05-08,2025-05-08,0.0
ORD-113481,2025-11-21,,
ORD-113482,2025-01-01,2025-01-01,0.0
ORD-113483,2025-06-13,2025-06-13,0.0
ORD-113484,2024-08-15,2024-08-15,0.0
ORD-113485,2025-07-07,2025-07-07,0.0
ORD-113486,2025-11-03,2025-11-03,0.0
ORD-113487,2025-07-10,,
ORD-113488,2025-11-11,2025-11-12,1.0
ORD-113489,2025-06-30,2025-06-30,0.0
ORD-113490,2025-11-17,2025-11-17,0.0
ORD-113491,2025-01-24,2025-01-26,2.0
ORD-113492,2024-11-24,2024-11-24,0.0
ORD-113493,2025-06-18,2025-06-18,0.0
ORD-113494,2025-07-30,2025-07-30,0.0
ORD-113495,2025-11-17,2025-11-17,0.0
ORD-113496,2025-11-08,2025-11-08,0.0
ORD-113497,2025-08-24,,
ORD-113498,2025-06-04,2025-06-04,0.0
ORD-113499,2025-09-06,2025-09-06,0.0
ORD-113500,2025-01-06,2025-01-06,0.0
ORD-113501,2025-12-05,2025-12-05,0.0
ORD-113502,2025-05-11,,
ORD-113503,2024-06-02,2024-06-02,0.0
ORD-113504,2025-10-15,2025-10-15,0.0
ORD-113505,2025-12-11,2025-12-11,0.0
ORD-113506,2025-07-26,,
ORD-113507,2025-11-17,2025-11-19,2.0
ORD-113508,2025-09-27,2025-09-27,0.0
ORD-113509,2025-07-22,2025-07-24,2.0
ORD-113510,2025-10-16,2025-10-16,0.0
ORD-113511,2025-06-19,2025-06-19,0.0
ORD-113512,2025-05-11,2025-05-11,0.0
ORD-113513,2025-10-15,2025-10-18,3.0
ORD-113514,2024-07-23,2024-07-23,0.0
ORD-113515,2024-12-28,2024-12-30,2.0
ORD-113516,2025-11-22,2025-11-23,1.0
ORD-113517,2025-09-26,2025-09-28,2.0
ORD-113518,2025-11-15,2025-11-18,3.0
ORD-113519,2025-12-04,2025-12-04,0.0
ORD-113520,2025-08-19,2025-08-20,1.0
ORD-113521,2025-01-19,,
ORD-113522,2025-08-03,2025-08-03,0.0
ORD-113523,2024-11-23,2024-11-25,2.0
ORD-113524,2024-07-28,,
ORD-113525,2025-11-15,2025-11-15,0.0
ORD-113526,2025-03-11,2025-03-11,0.0
ORD-113527,2025-06-10,2025-06-10,0.0
ORD-113528,2025-10-04,2025-10-04,0.0
ORD-113529,2025-08-17,2025-08-18,1.0
ORD-113530,2024-12-13,2024-12-13,0.0
ORD-113531,2025-09-22,2025-09-23,1.0
ORD-113532,2025-10-15,2025-10-15,0.0
ORD-113533,2024-03-20,2024-03-20,0.0
ORD-113534,2025-06-13,2025-06-14,1.0
ORD-113535,2025-06-15,2025-06-15,0.0
ORD-113536,2024-11-07,2024-11-08,1.0
ORD-113537,2025-11-02,2025-11-03,1.0
ORD-113538,2025-01-26,2025-01-26,0.0
ORD-113539,2024-12-14,2024-12-14,0.0
ORD-113540,2025-01-29,2025-01-29,0.0
ORD-113541,2025-03-03,2025-03-03,0.0
ORD-113542,2025-11-21,,
ORD-113543,2025-11-27,2025-11-28,1.0
ORD-113544,2025-12-27,2025-12-27,0.0
ORD-113545,2025-03-03,,
ORD-113546,2024-11-19,2024-11-20,1.0
ORD-113547,2025-06-03,2025-06-04,1.0
ORD-113548,2025-11-01,2025-11-02,1.0
ORD-113549,2025-08-25,2025-08-25,0.0
ORD-113550,2024-07-20,2024-07-22,2.0
ORD-113551,2024-06-22,2024-06-25,3.0
ORD-113552,2025-02-25,2025-02-27,2.0
ORD-113553,2025-04-13,2025-04-13,0.0
ORD-113554,2024-11-19,,
ORD-113555,2025-10-29,2025-10-29,0.0
ORD-113556,2025-12-25,2025-12-26,1.0
ORD-113557,2025-11-02,2025-11-03,1.0
ORD-113558,2024-11-10,2024-11-10,0.0
ORD-113559,2025-11-20,2025-11-20,0.0
ORD-113560,2025-06-11,2025-06-11,0.0
ORD-113561,2024-11-20,2024-11-20,0.0
ORD-113562,2024-09-18,2024-09-19,1.0
ORD-113563,2024-09-20,2024-09-22,2.0
ORD-113564,2025-03-31,2025-03-31,0.0
ORD-113565,2025-10-09,2025-10-09,0.0
ORD-113566,2024-09-30,2024-10-01,1.0
ORD-113567,2024-08-23,2024-08-23,0.0
ORD-113568,2025-07-12,2025-07-12,0.0
ORD-113569,2025-04-18,2025-04-18,0.0
ORD-113570,2025-02-24,2025-02-24,0.0
ORD-113571,2024-11-13,2024-11-15,2.0
ORD-113572,2025-10-31,2025-11-01,1.0
ORD-113573,2025-06-24,2025-06-25,1.0
ORD-113574,2025-12-11,2025-12-11,0.0
ORD-113575,2025-10-22,2025-10-22,0.0
ORD-113576,2024-10-13,2024-10-13,0.0
ORD-113577,2025-10-05,2025-10-05,0.0
ORD-113578,2025-01-10,2025-01-10,0.0
ORD-113579,2024-10-21,2024-10-21,0.0
ORD-113580,2025-08-17,2025-08-17,0.0
ORD-113581,2025-05-21,2025-05-21,0.0
ORD-113582,2025-10-26,2025-10-26,0.0
ORD-113583,2024-11-09,2024-11-09,0.0
ORD-113584,2025-03-28,2025-03-30,2.0
ORD-113585,2025-12-28,2025-12-28,0.0
ORD-113586,2025-09-11,2025-09-12,1.0
ORD-113587,2024-11-30,2024-12-01,1.0
ORD-113588,2025-12-24,2025-12-24,0.0
ORD-113589,2025-01-20,2025-01-20,0.0
ORD-113590,2025-06-26,2025-06-26,0.0
ORD-113591,2025-03-13,2025-03-16,3.0
ORD-113592,2025-10-31,2025-10-31,0.0
ORD-113593,2024-11-04,2024-11-04,0.0
ORD-113594,2025-10-24,2025-10-24,0.0
ORD-113595,2025-07-29,2025-07-30,1.0
ORD-113596,2024-11-14,2024-11-14,0.0
ORD-113597,2024-09-27,2024-09-28,1.0
ORD-113598,2024-08-30,2024-08-30,0.0
ORD-113599,2025-08-10,,
ORD-113600,2025-09-27,2025-09-27,0.0
ORD-113601,2025-10-10,2025-10-10,0.0
ORD-113602,2025-09-30,2025-09-30,0.0
ORD-113603,2024-08-22,2024-08-22,0.0
ORD-113604,2024-02-19,2024-02-20,1.0
ORD-113605,2025-10-05,2025-10-05,0.0
ORD-113606,2024-08-29,2024-08-29,0.0
ORD-113607,2024-12-16,2024-12-17,1.0
ORD-113608,2025-11-15,2025-11-15,0.0
ORD-113609,2025-11-19,2025-11-19,0.0
ORD-113610,2025-05-07,2025-05-09,2.0
ORD-113611,2024-05-18,2024-05-19,1.0
ORD-113612,2025-01-08,2025-01-08,0.0
ORD-113613,2024-08-08,2024-08-08,0.0
ORD-113614,2025-10-24,2025-10-24,0.0
ORD-113615,2025-04-22,2025-04-22,0.0
ORD-113616,2024-06-03,2024-06-03,0.0
ORD-113617,2025-07-11,2025-07-14,3.0
ORD-113618,2025-11-13,,
ORD-113619,2025-06-17,2025-06-18,1.0
ORD-113620,2025-10-31,2025-10-31,0.0
ORD-113621,2024-12-11,2024-12-11,0.0
ORD-113622,2025-08-16,2025-08-16,0.0
ORD-113623,2025-09-08,2025-09-09,1.0
ORD-113624,2025-08-17,2025-08-17,0.0
ORD-113625,2025-04-29,2025-04-29,0.0
ORD-113626,2025-11-20,2025-11-21,1.0
ORD-113627,2025-11-13,2025-11-13,0.0
ORD-113628,2024-09-23,2024-09-25,2.0
ORD-113629,2025-06-21,2025-06-21,0.0
ORD-113630,2025-07-09,2025-07-09,0.0
ORD-113631,2025-04-16,2025-04-16,0.0
ORD-113632,2024-12-11,2024-12-11,0.0
ORD-113633,2024-09-28,2024-09-28,0.0
ORD-113634,2025-08-09,2025-08-09,0.0
ORD-113635,2025-10-24,2025-10-25,1.0
ORD-113636,2025-08-15,2025-08-15,0.0
ORD-113637,2025-09-29,,
ORD-113638,2025-11-11,2025-11-13,2.0
ORD-113639,2025-12-09,2025-12-09,0.0
ORD-113640,2025-10-19,2025-10-22,3.0
ORD-113641,2025-06-21,2025-06-21,0.0
ORD-113642,2025-08-14,2025-08-14,0.0
ORD-113643,2024-06-19,2024-06-19,0.0
ORD-113644,2025-11-02,,
ORD-113645,2025-08-07,2025-08-07,0.0
ORD-113646,2024-09-06,2024-09-07,1.0
ORD-113647,2025-05-09,,
ORD-113648,2025-08-17,2025-08-17,0.0
ORD-113649,2025-11-04,2025-11-04,0.0
ORD-113650,2025-09-15,2025-09-15,0.0
ORD-113651,2025-10-30,2025-10-30,0.0
ORD-113652,2025-04-07,2025-04-09,2.0
ORD-113653,2025-09-04,2025-09-04,0.0
ORD-113654,2025-10-24,2025-10-24,0.0
ORD-113655,2025-03-13,2025-03-14,1.0
ORD-113656,2025-10-27,2025-10-28,1.0
ORD-113657,2024-11-19,2024-11-19,0.0
ORD-113658,2025-08-21,2025-08-23,2.0
ORD-113659,2024-07-09,2024-07-09,0.0
ORD-113660,2025-06-24,2025-06-24,0.0
ORD-113661,2025-03-15,2025-03-18,3.0
ORD-113662,2025-02-11,2025-02-11,0.0
ORD-113663,2025-04-30,2025-04-30,0.0
ORD-113664,2024-10-29,2024-10-29,0.0
ORD-113665,2025-11-29,2025-11-29,0.0
ORD-113666,2025-09-24,2025-09-25,1.0
ORD-113667,2024-12-22,2024-12-22,0.0
ORD-113668,2025-12-27,2025-12-29,2.0
ORD-113669,2025-02-10,2025-02-10,0.0
ORD-113670,2024-12-25,2024-12-26,1.0
ORD-113671,2025-07-20,2025-07-21,1.0
ORD-113672,2025-05-29,2025-05-29,0.0
ORD-113673,2024-12-23,2024-12-23,0.0
ORD-113674,2024-08-23,2024-08-23,0.0
ORD-113675,2025-10-26,2025-10-27,1.0
ORD-113676,2025-04-25,2025-04-25,0.0
ORD-113677,2025-10-31,2025-10-31,0.0
ORD-113678,2025-05-05,,
ORD-113679,2025-11-24,2025-11-25,1.0
ORD-113680,2025-11-03,2025-11-03,0.0
ORD-113681,2025-03-14,2025-03-16,2.0
ORD-113682,2025-09-10,2025-09-12,2.0
ORD-113683,2024-10-06,2024-10-06,0.0
ORD-113684,2025-10-07,2025-10-07,0.0
ORD-113685,2025-11-11,2025-11-12,1.0
ORD-113686,2025-08-27,,
ORD-113687,2025-08-01,2025-08-04,3.0
ORD-113688,2025-12-26,2025-12-27,1.0
ORD-113689,2024-10-30,2024-10-30,0.0
ORD-113690,2025-01-14,2025-01-15,1.0
ORD-113691,2025-06-09,2025-06-09,0.0
ORD-113692,2024-12-02,2024-12-04,2.0
ORD-113693,2025-02-25,2025-02-25,0.0
ORD-113694,2025-03-22,2025-03-22,0.0
ORD-113695,2025-11-14,,
ORD-113696,2024-12-12,,
ORD-113697,2025-04-10,2025-04-11,1.0
ORD-113698,2025-11-07,2025-11-10,3.0
ORD-113699,2025-08-20,2025-08-23,3.0
ORD-113700,2025-03-25,2025-03-27,2.0
ORD-113701,2025-08-23,2025-08-23,0.0
ORD-113702,2025-11-14,2025-11-14,0.0
ORD-113703,2025-11-16,2025-11-16,0.0
ORD-113704,2024-12-10,2024-12-11,1.0
ORD-113705,2025-06-19,2025-06-19,0.0
ORD-113706,2025-11-07,2025-11-07,0.0
ORD-113707,2025-12-16,2025-12-16,0.0
ORD-113708,2025-10-04,2025-10-04,0.0
ORD-113709,2025-06-12,2025-06-12,0.0
ORD-113710,2024-10-25,2024-10-25,0.0
ORD-113711,2024-06-22,2024-06-22,0.0
ORD-113712,2025-07-08,2025-07-11,3.0
ORD-113713,2025-05-02,2025-05-02,0.0
ORD-113714,2025-11-01,2025-11-02,1.0
ORD-113715,2025-05-30,2025-05-30,0.0
ORD-113716,2024-11-03,2024-11-03,0.0
ORD-113717,2025-06-05,2025-06-06,1.0
ORD-113718,2024-11-20,2024-11-20,0.0
ORD-113719,2025-09-01,2025-09-01,0.0
ORD-113720,2025-07-21,2025-07-21,0.0
ORD-113721,2025-06-12,2025-06-13,1.0
ORD-113722,2025-12-02,2025-12-02,0.0
ORD-113723,2025-07-04,2025-07-04,0.0
ORD-113724,2024-10-19,2024-10-19,0.0
ORD-113725,2025-05-24,,
ORD-113726,2025-10-19,2025-10-19,0.0
ORD-113727,2025-09-30,2025-09-30,0.0
ORD-113728,2025-07-30,2025-07-30,0.0
ORD-113729,2025-09-04,2025-09-05,1.0
ORD-113730,2025-11-14,2025-11-16,2.0
ORD-113731,2024-11-08,2024-11-10,2.0
ORD-113732,2024-12-17,2024-12-18,1.0
ORD-113733,2025-01-10,,
ORD-113734,2026-01-01,2026-01-02,1.0
ORD-113735,2025-11-05,2025-11-05,0.0
ORD-113736,2024-11-27,2024-11-28,1.0
ORD-113737,2025-04-18,2025-04-18,0.0
ORD-113738,2024-12-12,2024-12-12,0.0
ORD-113739,2025-04-06,2025-04-06,0.0
ORD-113740,2025-08-16,,
ORD-113741,2025-06-24,2025-06-24,0.0
ORD-113742,2024-12-22,2024-12-24,2.0
ORD-113743,2024-08-17,,
ORD-113744,2025-06-22,2025-06-22,0.0
ORD-113745,2024-11-20,2024-11-20,0.0
ORD-113746,2025-06-01,2025-06-03,2.0
ORD-113747,2025-03-13,2025-03-13,0.0
ORD-113748,2024-07-08,2024-07-09,1.0
ORD-113749,2025-06-28,2025-06-28,0.0
ORD-113750,2025-01-05,2025-01-05,0.0
ORD-113751,2025-09-17,2025-09-18,1.0
ORD-113752,2025-11-23,2025-11-23,0.0
ORD-113753,2024-07-09,2024-07-09,0.0
ORD-113754,2025-01-11,,
ORD-113755,2025-10-27,2025-10-28,1.0
ORD-113756,2024-10-16,2024-10-16,0.0
ORD-113757,2024-05-03,2024-05-04,1.0
ORD-113758,2025-07-01,2025-07-01,0.0
ORD-113759,2025-07-26,2025-07-29,3.0
ORD-113760,2025-05-25,2025-05-25,0.0
ORD-113761,2025-12-15,2025-12-15,0.0
ORD-113762,2025-02-21,2025-02-23,2.0
ORD-113763,2024-09-18,,
ORD-113764,2025-11-10,2025-11-12,2.0
ORD-113765,2024-07-17,2024-07-17,0.0
ORD-113766,2025-07-15,2025-07-15,0.0
ORD-113767,2025-11-10,2025-11-13,3.0
ORD-113768,2024-12-26,2024-12-26,0.0
ORD-113769,2024-11-20,2024-11-20,0.0
ORD-113770,2024-12-25,2024-12-25,0.0
ORD-113771,2025-12-16,2025-12-18,2.0
ORD-113772,2024-08-06,,
ORD-113773,2025-04-22,2025-04-22,0.0
ORD-113774,2024-08-16,2024-08-17,1.0
ORD-113775,2025-08-21,2025-08-24,3.0
ORD-113776,2025-11-01,,
ORD-113777,2025-05-04,2025-05-05,1.0
ORD-113778,2024-09-25,2024-09-26,1.0
ORD-113779,2025-12-03,2025-12-03,0.0
ORD-113780,2025-09-06,2025-09-06,0.0
ORD-113781,2026-01-01,2026-01-01,0.0
ORD-113782,2025-08-18,2025-08-18,0.0
ORD-113783,2025-08-19,2025-08-19,0.0
ORD-113784,2025-06-28,2025-06-28,0.0
ORD-113785,2025-04-28,2025-04-28,0.0
ORD-113786,2024-10-02,2024-10-02,0.0
ORD-113787,2025-01-24,2025-01-24,0.0
ORD-113788,2024-08-23,2024-08-25,2.0
ORD-113789,2025-09-02,2025-09-02,0.0
ORD-113790,2026-01-01,2026-01-04,3.0
ORD-113791,2025-03-28,2025-03-28,0.0
ORD-113792,2025-10-27,2025-10-27,0.0
ORD-113793,2025-02-25,2025-02-27,2.0
ORD-113794,2025-10-12,2025-10-14,2.0
ORD-113795,2025-11-07,2025-11-07,0.0
ORD-113796,2025-10-20,2025-10-20,0.0
ORD-113797,2025-04-19,2025-04-19,0.0
ORD-113798,2025-11-12,2025-11-13,1.0
ORD-113799,2025-12-01,2025-12-03,2.0
ORD-113800,2025-10-06,2025-10-07,1.0
ORD-113801,2025-02-03,2025-02-06,3.0
ORD-113802,2025-10-19,2025-10-19,0.0
ORD-113803,2024-10-28,2024-10-28,0.0
ORD-113804,2025-11-29,2025-11-30,1.0
ORD-113805,2024-10-25,2024-10-27,2.0
ORD-113806,2025-08-15,2025-08-15,0.0
ORD-113807,2025-04-18,2025-04-18,0.0
ORD-113808,2025-05-21,2025-05-23,2.0
ORD-113809,2025-10-28,2025-10-28,0.0
ORD-113810,2025-06-21,2025-06-21,0.0
ORD-113811,2025-08-31,2025-08-31,0.0
ORD-113812,2025-07-24,2025-07-25,1.0
ORD-113813,2025-06-26,,
ORD-113814,2024-10-23,2024-10-23,0.0
ORD-113815,2025-12-03,2025-12-03,0.0
ORD-113816,2025-04-29,,
ORD-113817,2025-03-12,2025-03-12,0.0
ORD-113818,2025-10-25,2025-10-27,2.0
ORD-113819,2025-04-19,2025-04-19,0.0
ORD-113820,2024-06-11,2024-06-11,0.0
ORD-113821,2024-08-02,2024-08-02,0.0
ORD-113822,2025-10-15,2025-10-17,2.0
ORD-113823,2025-07-28,2025-07-28,0.0
ORD-113824,2024-05-08,2024-05-08,0.0
ORD-113825,2025-03-07,2025-03-07,0.0
ORD-113826,2025-04-14,2025-04-15,1.0
ORD-113827,2025-11-18,2025-11-18,0.0
ORD-113828,2024-06-05,2024-06-06,1.0
ORD-113829,2025-11-21,,
ORD-113830,2025-10-03,2025-10-04,1.0
ORD-113831,2025-01-25,2025-01-25,0.0
ORD-113832,2024-10-23,2024-10-23,0.0
ORD-113833,2025-09-24,2025-09-24,0.0
ORD-113834,2025-08-22,,
ORD-113835,2025-10-20,2025-10-20,0.0
ORD-113836,2025-11-17,2025-11-17,0.0
ORD-113837,2024-05-10,2024-05-10,0.0
ORD-113838,2024-11-10,2024-11-10,0.0
ORD-113839,2025-12-21,2025-12-21,0.0
ORD-113840,2025-03-19,2025-03-19,0.0
ORD-113841,2025-05-29,2025-05-29,0.0
ORD-113842,2025-11-01,2025-11-01,0.0
ORD-113843,2025-06-17,2025-06-20,3.0
ORD-113844,2025-06-13,,
ORD-113845,2024-11-15,2024-11-15,0.0
ORD-113846,2025-08-13,2025-08-13,0.0
ORD-113847,2025-06-01,2025-06-02,1.0
ORD-113848,2025-09-25,2025-09-25,0.0
ORD-113849,2024-11-11,,
ORD-113850,2025-04-03,2025-04-03,0.0
ORD-113851,2025-05-11,2025-05-11,0.0
ORD-113852,2025-02-02,2025-02-02,0.0
ORD-113853,2025-11-30,2025-12-02,2.0
ORD-113854,2024-08-10,2024-08-10,0.0
ORD-113855,2025-02-24,2025-02-24,0.0
ORD-113856,2024-11-18,2024-11-18,0.0
ORD-113857,2025-09-29,2025-09-29,0.0
ORD-113858,2025-12-09,2025-12-09,0.0
ORD-113859,2025-08-03,2025-08-03,0.0
ORD-113860,2025-05-13,2025-05-13,0.0
ORD-113861,2025-04-28,2025-04-28,0.0
ORD-113862,2024-10-21,2024-10-22,1.0
ORD-113863,2025-09-29,2025-09-29,0.0
ORD-113864,2024-12-27,2024-12-27,0.0
ORD-113865,2025-04-16,2025-04-17,1.0
ORD-113866,2025-02-16,2025-02-16,0.0
ORD-113867,2025-01-31,2025-01-31,0.0
ORD-113868,2024-04-14,2024-04-14,0.0
ORD-113869,2024-07-14,2024-07-14,0.0
ORD-113870,2024-10-21,2024-10-22,1.0
ORD-113871,2025-09-17,2025-09-17,0.0
ORD-113872,2024-12-05,2024-12-06,1.0
ORD-113873,2025-05-19,2025-05-20,1.0
ORD-113874,2024-11-14,2024-11-14,0.0
ORD-113875,2025-11-01,2025-11-01,0.0
ORD-113876,2025-10-10,2025-10-11,1.0
ORD-113877,2025-01-14,2025-01-15,1.0
ORD-113878,2024-08-14,2024-08-15,1.0
ORD-113879,2025-08-12,2025-08-12,0.0
ORD-113880,2024-09-28,2024-09-30,2.0
ORD-113881,2025-12-01,2025-12-01,0.0
ORD-113882,2025-07-02,2025-07-02,0.0
ORD-113883,2024-04-06,2024-04-06,0.0
ORD-113884,2025-05-18,2025-05-18,0.0
ORD-113885,2025-01-16,,
ORD-113886,2025-07-02,,
ORD-113887,2025-11-13,2025-11-15,2.0
ORD-113888,2024-08-24,2024-08-27,3.0
ORD-113889,2025-01-21,2025-01-21,0.0
ORD-113890,2025-01-29,2025-01-29,0.0
ORD-113891,2025-10-30,2025-10-30,0.0
ORD-113892,2025-11-14,2025-11-17,3.0
ORD-113893,2025-11-20,2025-11-20,0.0
ORD-113894,2025-03-24,2025-03-27,3.0
ORD-113895,2025-11-20,2025-11-21,1.0
ORD-113896,2024-09-28,2024-10-01,3.0
ORD-113897,2025-11-01,2025-11-01,0.0
ORD-113898,2024-12-23,2024-12-24,1.0
ORD-113899,2024-09-01,2024-09-02,1.0
ORD-113900,2025-12-02,2025-12-03,1.0
ORD-113901,2025-07-01,2025-07-03,2.0
ORD-113902,2025-04-02,2025-04-02,0.0
ORD-113903,2025-04-16,2025-04-16,0.0
ORD-113904,2025-07-14,2025-07-15,1.0
ORD-113905,2024-10-09,2024-10-09,0.0
ORD-113906,2025-11-06,2025-11-06,0.0
ORD-113907,2025-12-08,2025-12-08,0.0
ORD-113908,2025-07-21,2025-07-21,0.0
ORD-113909,2025-05-14,2025-05-15,1.0
ORD-113910,2025-09-14,2025-09-14,0.0
ORD-113911,2024-11-01,2024-11-01,0.0
ORD-113912,2024-12-27,2024-12-27,0.0
ORD-113913,2025-11-02,2025-11-02,0.0
ORD-113914,2025-11-17,2025-11-17,0.0
ORD-113915,2025-12-29,2025-12-30,1.0
ORD-113916,2024-11-23,2024-11-23,0.0
ORD-113917,2024-09-19,2024-09-19,0.0
ORD-113918,2025-11-03,2025-11-03,0.0
ORD-113919,2025-06-17,2025-06-18,1.0
ORD-113920,2025-09-18,2025-09-18,0.0
ORD-113921,2024-08-19,2024-08-22,3.0
ORD-113922,2025-11-17,2025-11-18,1.0
ORD-113923,2025-12-14,2025-12-15,1.0
ORD-113924,2024-11-07,,
ORD-113925,2024-12-23,2024-12-23,0.0
ORD-113926,2024-10-15,2024-10-15,0.0
ORD-113927,2025-02-21,2025-02-23,2.0
ORD-113928,2025-11-06,2025-11-06,0.0
ORD-113929,2025-09-23,2025-09-24,1.0
ORD-113930,2025-05-21,2025-05-21,0.0
ORD-113931,2025-12-07,2025-12-10,3.0
ORD-113932,2025-02-27,2025-02-28,1.0
ORD-113933,2024-11-27,2024-11-28,1.0
ORD-113934,2025-07-08,2025-07-10,2.0
ORD-113935,2025-03-20,2025-03-20,0.0
ORD-113936,2025-09-06,2025-09-06,0.0
ORD-113937,2025-06-12,2025-06-12,0.0
ORD-113938,2025-08-03,2025-08-08,5.0
ORD-113939,2025-11-06,2025-11-06,0.0
ORD-113940,2025-05-28,2025-05-29,1.0
ORD-113941,2025-08-30,2025-08-30,0.0
ORD-113942,2025-03-27,2025-03-27,0.0
ORD-113943,2024-10-25,2024-10-25,0.0
ORD-113944,2025-10-23,2025-10-23,0.0
ORD-113945,2025-11-16,2025-11-16,0.0
ORD-113946,2025-03-11,,
ORD-113947,2025-04-09,2025-04-09,0.0
ORD-113948,2025-11-29,2025-11-29,0.0
ORD-113949,2025-09-02,2025-09-03,1.0
ORD-113950,2025-06-09,2025-06-10,1.0
ORD-113951,2025-11-15,,
ORD-113952,2025-12-09,2025-12-09,0.0
ORD-113953,2025-07-02,,
ORD-113954,2024-10-28,2024-10-31,3.0
ORD-113955,2025-08-31,2025-08-31,0.0
ORD-113956,2025-09-18,2025-09-18,0.0
ORD-113957,2024-11-12,2024-11-15,3.0
ORD-113958,2024-10-29,2024-11-01,3.0
ORD-113959,2024-07-16,2024-07-16,0.0
ORD-113960,2024-10-02,2024-10-02,0.0
ORD-113961,2025-11-27,2025-11-27,0.0
ORD-113962,2025-10-23,2025-10-23,0.0
ORD-113963,2025-02-04,2025-02-04,0.0
ORD-113964,2024-12-18,2024-12-18,0.0
ORD-113965,2025-11-14,2025-11-15,1.0
ORD-113966,2025-01-19,2025-01-19,0.0
ORD-113967,2025-10-31,2025-10-31,0.0
ORD-113968,2025-10-27,2025-10-27,0.0
ORD-113969,2025-11-23,2025-11-23,0.0
ORD-113970,2025-09-30,,
ORD-113971,2024-11-28,2024-11-28,0.0
ORD-113972,2025-06-19,2025-06-19,0.0
ORD-113973,2025-10-23,2025-10-23,0.0
ORD-113974,2025-03-17,2025-03-18,1.0
ORD-113975,2025-05-30,2025-05-30,0.0
ORD-113976,2024-03-30,2024-03-30,0.0
ORD-113977,2025-10-25,2025-10-25,0.0
ORD-113978,2024-03-21,2024-03-21,0.0
ORD-113979,2025-06-30,2025-06-30,0.0
ORD-113980,2024-08-20,2024-08-20,0.0
ORD-113981,2025-07-27,,
ORD-113982,2025-05-03,2025-05-05,2.0
ORD-113983,2025-06-20,2025-06-20,0.0
ORD-113984,2025-04-27,2025-04-30,3.0
ORD-113985,2024-11-04,2024-11-05,1.0
ORD-113986,2025-04-12,2025-04-14,2.0
ORD-113987,2025-09-06,2025-09-07,1.0
ORD-113988,2024-08-27,2024-08-27,0.0
ORD-113989,2025-09-29,2025-10-01,2.0
ORD-113990,2025-04-05,2025-04-05,0.0
ORD-113991,2025-10-23,2025-10-25,2.0
ORD-113992,2025-10-10,2025-10-10,0.0
ORD-113993,2025-12-15,2025-12-16,1.0
ORD-113994,2025-10-11,2025-10-11,0.0
ORD-113995,2025-10-21,2025-10-21,0.0
ORD-113996,2025-11-03,2025-11-04,1.0
ORD-113997,2024-08-07,2024-08-07,0.0
ORD-113998,2024-11-05,,
ORD-113999,2025-11-05,2025-11-06,1.0
ORD-114000,2025-06-03,2025-06-04,1.0
ORD-114001,2024-12-05,2024-12-08,3.0
ORD-114002,2024-11-09,,
ORD-114003,2025-11-07,2025-11-07,0.0
ORD-114004,2025-12-05,2025-12-05,0.0
ORD-114005,2024-08-02,2024-08-03,1.0
ORD-114006,2025-04-20,2025-04-22,2.0
ORD-114007,2025-01-15,,
ORD-114008,2025-11-23,2025-11-24,1.0
ORD-114009,2024-12-24,2024-12-24,0.0
ORD-114010,2025-10-21,2025-10-21,0.0
ORD-114011,2025-02-18,2025-02-18,0.0
ORD-114012,2025-09-16,2025-09-17,1.0
ORD-114013,2025-12-14,2025-12-14,0.0
ORD-114014,2025-03-29,2025-04-03,5.0
ORD-114015,2024-09-24,2024-09-27,3.0
ORD-114016,2025-04-21,2025-04-21,0.0
ORD-114017,2025-11-25,2025-11-25,0.0
ORD-114018,2025-10-29,2025-10-29,0.0
ORD-114019,2025-03-11,2025-03-11,0.0
ORD-114020,2025-10-02,2025-10-02,0.0
ORD-114021,2025-10-26,2025-10-27,1.0
ORD-114022,2025-03-21,,
ORD-114023,2024-10-28,2024-10-28,0.0
ORD-114024,2024-10-09,2024-10-09,0.0
ORD-114025,2025-02-23,2025-02-24,1.0
ORD-114026,2025-08-28,2025-08-29,1.0
ORD-114027,2024-08-23,,
ORD-114028,2025-12-10,2025-12-10,0.0
ORD-114029,2025-09-01,2025-09-01,0.0
ORD-114030,2025-11-21,2025-11-23,2.0
ORD-114031,2024-11-04,2024-11-04,0.0
ORD-114032,2025-10-14,2025-10-15,1.0
ORD-114033,2024-06-02,2024-06-02,0.0
ORD-114034,2025-11-17,2025-11-17,0.0
ORD-114035,2025-09-04,2025-09-06,2.0
ORD-114036,2025-11-06,2025-11-06,0.0
ORD-114037,2024-08-20,2024-08-20,0.0
ORD-114038,2025-12-25,,
ORD-114039,2025-01-23,2025-01-23,0.0
ORD-114040,2024-02-05,2024-02-08,3.0
ORD-114041,2025-01-04,2025-01-04,0.0
ORD-114042,2025-11-16,2025-11-17,1.0
ORD-114043,2025-01-13,2025-01-15,2.0
ORD-114044,2025-07-12,2025-07-12,0.0
ORD-114045,2024-12-23,,
ORD-114046,2024-10-29,,
ORD-114047,2024-12-01,2024-12-01,0.0
ORD-114048,2025-07-11,2025-07-12,1.0
ORD-114049,2025-01-11,2025-01-12,1.0
ORD-114050,2024-11-17,2024-11-17,0.0
ORD-114051,2025-09-14,2025-09-14,0.0
ORD-114052,2025-11-29,2025-12-02,3.0
ORD-114053,2025-10-21,2025-10-21,0.0
ORD-114054,2024-11-18,2024-11-18,0.0
ORD-114055,2025-11-12,2025-11-13,1.0
ORD-114056,2025-10-13,2025-10-13,0.0
ORD-114057,2025-09-25,2025-09-25,0.0
ORD-114058,2024-08-18,2024-08-18,0.0
ORD-114059,2025-08-23,2025-08-25,2.0
ORD-114060,2024-06-19,2024-06-19,0.0
ORD-114061,2025-03-22,2025-03-22,0.0
ORD-114062,2024-10-17,2024-10-17,0.0
ORD-114063,2025-05-31,2025-06-03,3.0
ORD-114064,2025-11-13,2025-11-14,1.0
ORD-114065,2024-11-28,2024-11-29,1.0
ORD-114066,2025-09-21,2025-09-21,0.0
ORD-114067,2025-07-04,2025-07-04,0.0
ORD-114068,2025-05-29,,
ORD-114069,2025-03-09,2025-03-09,0.0
ORD-114070,2025-09-21,2025-09-21,0.0
ORD-114071,2025-11-15,,
ORD-114072,2025-12-17,2025-12-22,5.0
ORD-114073,2025-07-12,2025-07-12,0.0
ORD-114074,2024-11-17,,
ORD-114075,2025-11-20,2025-11-20,0.0
ORD-114076,2024-10-21,2024-10-21,0.0
ORD-114077,2024-05-25,,
ORD-114078,2025-01-08,2025-01-08,0.0
ORD-114079,2025-10-17,2025-10-20,3.0
ORD-114080,2024-09-13,2024-09-13,0.0
ORD-114081,2024-11-03,2024-11-03,0.0
ORD-114082,2025-06-04,2025-06-06,2.0
ORD-114083,2025-10-18,2025-10-18,0.0
ORD-114084,2025-02-16,2025-02-16,0.0
ORD-114085,2025-04-20,2025-04-20,0.0
ORD-114086,2025-11-12,2025-11-13,1.0
ORD-114087,2025-06-04,2025-06-04,0.0
ORD-114088,2025-05-23,2025-05-23,0.0
ORD-114089,2025-05-12,2025-05-12,0.0
ORD-114090,2025-11-02,2025-11-02,0.0
ORD-114091,2025-08-12,2025-08-12,0.0
ORD-114092,2024-06-09,2024-06-09,0.0
ORD-114093,2025-03-06,,
ORD-114094,2025-05-10,2025-05-10,0.0
ORD-114095,2025-01-24,,
ORD-114096,2025-07-10,2025-07-10,0.0
ORD-114097,2025-10-21,2025-10-21,0.0
ORD-114098,2025-10-22,2025-10-23,1.0
ORD-114099,2025-12-26,2025-12-28,2.0
ORD-114100,2024-10-26,2024-10-26,0.0
ORD-114101,2024-12-30,2024-12-30,0.0
ORD-114102,2025-11-16,2025-11-16,0.0
ORD-114103,2024-12-12,2024-12-13,1.0
ORD-114104,2025-03-17,2025-03-17,0.0
ORD-114105,2025-11-10,2025-11-10,0.0
ORD-114106,2025-10-09,2025-10-09,0.0
ORD-114107,2025-10-12,2025-10-12,0.0
ORD-114108,2025-08-01,2025-08-01,0.0
ORD-114109,2024-11-01,2024-11-01,0.0
ORD-114110,2025-02-08,2025-02-08,0.0
ORD-114111,2024-08-13,2024-08-15,2.0
ORD-114112,2024-07-11,2024-07-14,3.0
ORD-114113,2025-11-17,,
ORD-114114,2025-07-04,2025-07-04,0.0
ORD-114115,2025-11-22,2025-11-22,0.0
ORD-114116,2025-10-26,2025-10-26,0.0
ORD-114117,2025-04-06,2025-04-11,5.0
ORD-114118,2024-11-02,2024-11-03,1.0
ORD-114119,2025-12-26,2025-12-28,2.0
ORD-114120,2024-12-27,2024-12-28,1.0
ORD-114121,2025-07-11,,
ORD-114122,2025-08-20,,
ORD-114123,2025-12-26,2025-12-26,0.0
ORD-114124,2025-11-11,,
ORD-114125,2025-10-14,2025-10-16,2.0
ORD-114126,2025-10-25,2025-10-25,0.0
ORD-114127,2025-10-21,2025-10-21,0.0
ORD-114128,2025-04-15,2025-04-15,0.0
ORD-114129,2024-12-29,,
ORD-114130,2024-07-03,2024-07-03,0.0
ORD-114131,2024-07-07,,
ORD-114132,2025-01-29,2025-01-30,1.0
ORD-114133,2025-08-09,2025-08-09,0.0
ORD-114134,2025-03-12,2025-03-12,0.0
ORD-114135,2024-10-11,2024-10-11,0.0
ORD-114136,2025-12-13,,
ORD-114137,2025-02-06,2025-02-06,0.0
ORD-114138,2025-07-29,2025-07-29,0.0
ORD-114139,2025-11-27,2025-11-28,1.0
ORD-114140,2025-01-30,2025-01-30,0.0
ORD-114141,2024-12-17,2024-12-18,1.0
ORD-114142,2024-07-03,2024-07-05,2.0
ORD-114143,2025-11-30,2025-11-30,0.0
ORD-114144,2025-07-16,2025-07-16,0.0
ORD-114145,2025-05-07,2025-05-07,0.0
ORD-114146,2025-10-17,2025-10-17,0.0
ORD-114147,2025-10-19,2025-10-19,0.0
ORD-114148,2024-11-07,2024-11-10,3.0
ORD-114149,2025-01-06,2025-01-08,2.0
ORD-114150,2025-03-08,2025-03-10,2.0
ORD-114151,2024-07-10,2024-07-10,0.0
ORD-114152,2025-07-23,2025-07-24,1.0
ORD-114153,2024-09-26,2024-09-26,0.0
ORD-114154,2025-05-19,2025-05-19,0.0
ORD-114155,2025-01-16,2025-01-17,1.0
ORD-114156,2025-08-16,2025-08-17,1.0
ORD-114157,2024-11-11,2024-11-13,2.0
ORD-114158,2024-11-17,2024-11-19,2.0
ORD-114159,2025-12-07,2025-12-07,0.0
ORD-114160,2024-12-11,2024-12-11,0.0
ORD-114161,2025-09-13,2025-09-13,0.0
ORD-114162,2025-06-10,,
ORD-114163,2025-11-24,2025-11-25,1.0
ORD-114164,2025-02-05,2025-02-05,0.0
ORD-114165,2025-11-09,2025-11-09,0.0
ORD-114166,2025-12-07,2025-12-07,0.0
ORD-114167,2025-11-08,2025-11-11,3.0
ORD-114168,2024-10-24,2024-10-24,0.0
ORD-114169,2025-06-11,2025-06-14,3.0
ORD-114170,2024-06-12,2024-06-14,2.0
ORD-114171,2025-10-29,2025-11-01,3.0
ORD-114172,2024-10-13,2024-10-13,0.0
ORD-114173,2025-05-03,2025-05-03,0.0
ORD-114174,2025-12-02,2025-12-03,1.0
ORD-114175,2025-07-01,2025-07-01,0.0
ORD-114176,2024-11-09,2024-11-09,0.0
ORD-114177,2025-10-31,2025-11-02,2.0
ORD-114178,2025-10-25,,
ORD-114179,2025-03-04,2025-03-06,2.0
ORD-114180,2025-12-04,2025-12-04,0.0
ORD-114181,2025-10-28,2025-10-29,1.0
ORD-114182,2025-07-26,2025-07-26,0.0
ORD-114183,2024-09-01,2024-09-01,0.0
ORD-114184,2025-10-12,,
ORD-114185,2025-10-07,2025-10-07,0.0
ORD-114186,2025-10-05,2025-10-07,2.0
ORD-114187,2024-01-29,2024-01-29,0.0
ORD-114188,2024-07-27,2024-07-28,1.0
ORD-114189,2024-11-23,2024-11-23,0.0
ORD-114190,2024-11-10,2024-11-11,1.0
ORD-114191,2024-09-29,2024-10-01,2.0
ORD-114192,2025-11-07,2025-11-07,0.0
ORD-114193,2025-10-29,2025-10-29,0.0
ORD-114194,2025-09-25,2025-09-25,0.0
ORD-114195,2025-08-23,2025-08-23,0.0
ORD-114196,2025-12-13,2025-12-18,5.0
ORD-114197,2025-09-27,2025-09-30,3.0
ORD-114198,2025-03-11,2025-03-12,1.0
ORD-114199,2025-01-24,2025-01-26,2.0
ORD-114200,2024-10-18,2024-10-18,0.0
ORD-114201,2025-07-26,2025-07-26,0.0
ORD-114202,2025-11-10,2025-11-10,0.0
ORD-114203,2024-03-19,2024-03-19,0.0
ORD-114204,2025-06-24,2025-06-26,2.0
ORD-114205,2025-09-27,2025-09-27,0.0
ORD-114206,2025-02-05,2025-02-06,1.0
ORD-114207,2024-06-17,2024-06-17,0.0
ORD-114208,2025-01-18,2025-01-18,0.0
ORD-114209,2025-11-12,,
ORD-114210,2025-09-20,2025-09-20,0.0
ORD-114211,2025-06-12,2025-06-14,2.0
ORD-114212,2025-08-29,2025-08-31,2.0
ORD-114213,2025-01-10,2025-01-10,0.0
ORD-114214,2024-10-27,2024-10-27,0.0
ORD-114215,2025-06-13,2025-06-13,0.0
ORD-114216,2025-10-07,2025-10-07,0.0
ORD-114217,2025-04-02,2025-04-02,0.0
ORD-114218,2025-11-02,2025-11-04,2.0
ORD-114219,2024-09-18,2024-09-18,0.0
ORD-114220,2025-11-28,2025-11-28,0.0
ORD-114221,2025-07-02,2025-07-02,0.0
ORD-114222,2024-08-04,2024-08-04,0.0
ORD-114223,2024-11-29,2024-11-30,1.0
ORD-114224,2025-06-28,2025-06-28,0.0
ORD-114225,2025-04-24,2025-04-24,0.0
ORD-114226,2025-08-31,2025-08-31,0.0
ORD-114227,2025-11-21,2025-11-22,1.0
ORD-114228,2025-10-10,2025-10-11,1.0
ORD-114229,2025-11-04,2025-11-04,0.0
ORD-114230,2025-04-04,2025-04-04,0.0
ORD-114231,2025-01-21,2025-01-26,5.0
ORD-114232,2025-10-20,2025-10-20,0.0
ORD-114233,2025-03-14,2025-03-14,0.0
ORD-114234,2024-12-30,2024-12-31,1.0
ORD-114235,2025-07-29,2025-08-01,3.0
ORD-114236,2024-09-13,2024-09-14,1.0
ORD-114237,2025-05-25,2025-05-28,3.0
ORD-114238,2025-08-26,2025-08-27,1.0
ORD-114239,2025-05-04,2025-05-04,0.0
ORD-114240,2025-12-07,,
ORD-114241,2025-05-04,2025-05-05,1.0
ORD-114242,2025-09-22,2025-09-22,0.0
ORD-114243,2025-12-03,2025-12-03,0.0
ORD-114244,2025-09-10,2025-09-11,1.0
ORD-114245,2025-06-25,,
ORD-114246,2025-04-22,2025-04-22,0.0
ORD-114247,2025-09-07,2025-09-07,0.0
ORD-114248,2025-11-08,2025-11-10,2.0
ORD-114249,2024-09-25,2024-09-25,0.0
ORD-114250,2025-04-22,2025-04-22,0.0
ORD-114251,2025-05-11,2025-05-11,0.0
ORD-114252,2024-07-10,,
ORD-114253,2024-08-11,2024-08-13,2.0
ORD-114254,2025-07-30,2025-07-30,0.0
ORD-114255,2024-03-15,2024-03-15,0.0
ORD-114256,2025-01-26,2025-01-26,0.0
ORD-114257,2024-08-24,2024-08-27,3.0
ORD-114258,2025-12-19,2025-12-20,1.0
ORD-114259,2025-07-05,2025-07-05,0.0
ORD-114260,2025-04-25,2025-04-28,3.0
ORD-114261,2024-06-12,2024-06-12,0.0
ORD-114262,2025-01-25,2025-01-28,3.0
ORD-114263,2025-02-27,2025-02-27,0.0
ORD-114264,2025-07-13,2025-07-13,0.0
ORD-114265,2025-05-17,2025-05-17,0.0
ORD-114266,2025-02-19,2025-02-19,0.0
ORD-114267,2025-04-02,2025-04-02,0.0
ORD-114268,2025-09-03,2025-09-03,0.0
ORD-114269,2025-07-12,2025-07-12,0.0
ORD-114270,2025-02-26,2025-02-27,1.0
ORD-114271,2024-12-08,2024-12-08,0.0
ORD-114272,2024-04-06,,
ORD-114273,2025-01-23,2025-01-23,0.0
ORD-114274,2025-11-03,2025-11-03,0.0
ORD-114275,2025-12-30,2026-01-02,3.0
ORD-114276,2025-09-05,2025-09-05,0.0
ORD-114277,2025-07-01,2025-07-01,0.0
ORD-114278,2025-04-21,2025-04-21,0.0
ORD-114279,2024-11-04,2024-11-06,2.0
ORD-114280,2025-03-05,2025-03-05,0.0
ORD-114281,2025-04-09,2025-04-09,0.0
ORD-114282,2024-10-31,2024-10-31,0.0
ORD-114283,2025-05-02,2025-05-02,0.0
ORD-114284,2025-10-28,2025-10-29,1.0
ORD-114285,2025-02-22,2025-02-22,0.0
ORD-114286,2025-04-30,2025-05-02,2.0
ORD-114287,2025-06-19,2025-06-19,0.0
ORD-114288,2024-11-06,2024-11-07,1.0
ORD-114289,2025-06-06,2025-06-06,0.0
ORD-114290,2025-08-19,2025-08-20,1.0
ORD-114291,2025-01-19,2025-01-19,0.0
ORD-114292,2025-11-21,2025-11-21,0.0
ORD-114293,2024-10-27,2024-10-27,0.0
ORD-114294,2025-08-11,2025-08-14,3.0
ORD-114295,2025-10-25,2025-10-25,0.0
ORD-114296,2025-12-20,2025-12-20,0.0
ORD-114297,2025-02-02,,
ORD-114298,2025-08-16,2025-08-17,1.0
ORD-114299,2025-04-30,2025-04-30,0.0
ORD-114300,2025-06-18,2025-06-18,0.0
ORD-114301,2025-12-23,2025-12-24,1.0
ORD-114302,2025-07-03,2025-07-04,1.0
ORD-114303,2025-04-16,2025-04-16,0.0
ORD-114304,2025-10-14,2025-10-14,0.0
ORD-114305,2025-09-14,,
ORD-114306,2025-06-23,2025-06-23,0.0
ORD-114307,2025-04-19,2025-04-19,0.0
ORD-114308,2025-12-08,2025-12-10,2.0
ORD-114309,2025-07-13,2025-07-13,0.0
ORD-114310,2025-09-05,2025-09-10,5.0
ORD-114311,2025-12-29,2025-12-31,2.0
ORD-114312,2025-11-22,2025-11-22,0.0
ORD-114313,2025-07-09,2025-07-09,0.0
ORD-114314,2025-07-03,2025-07-04,1.0
ORD-114315,2024-11-23,2024-11-24,1.0
ORD-114316,2025-02-13,2025-02-18,5.0
ORD-114317,2025-08-22,,
ORD-114318,2024-05-12,,
ORD-114319,2025-01-24,2025-01-24,0.0
ORD-114320,2025-11-03,2025-11-04,1.0
ORD-114321,2025-04-28,2025-04-28,0.0
ORD-114322,2025-06-11,2025-06-13,2.0
ORD-114323,2024-12-10,2024-12-13,3.0
ORD-114324,2025-11-16,2025-11-16,0.0
ORD-114325,2024-11-01,2024-11-03,2.0
ORD-114326,2024-10-30,2024-10-31,1.0
ORD-114327,2025-06-09,2025-06-10,1.0
ORD-114328,2025-03-11,,
ORD-114329,2025-07-25,2025-07-25,0.0
ORD-114330,2025-10-06,,
ORD-114331,2025-10-18,2025-10-18,0.0
ORD-114332,2024-10-21,2024-10-23,2.0
ORD-114333,2025-03-24,,
ORD-114334,2025-12-19,2025-12-20,1.0
ORD-114335,2025-11-05,2025-11-06,1.0
ORD-114336,2025-06-15,2025-06-15,0.0
ORD-114337,2025-10-26,2025-10-26,0.0
ORD-114338,2025-10-27,2025-10-28,1.0
ORD-114339,2025-08-19,2025-08-19,0.0
ORD-114340,2024-11-14,2024-11-14,0.0
ORD-114341,2025-10-26,2025-10-27,1.0
ORD-114342,2025-05-26,2025-05-26,0.0
ORD-114343,2025-04-23,2025-04-23,0.0
ORD-114344,2025-10-25,2025-10-25,0.0
ORD-114345,2025-09-24,2025-09-25,1.0
ORD-114346,2025-08-16,2025-08-19,3.0
ORD-114347,2024-11-08,2024-11-10,2.0
ORD-114348,2025-09-01,2025-09-01,0.0
ORD-114349,2025-05-20,2025-05-20,0.0
ORD-114350,2024-01-25,,
ORD-114351,2025-06-23,2025-06-24,1.0
ORD-114352,2025-11-16,2025-11-16,0.0
ORD-114353,2025-11-04,2025-11-04,0.0
ORD-114354,2025-12-21,2025-12-21,0.0
ORD-114355,2024-08-08,2024-08-08,0.0
ORD-114356,2025-09-28,2025-09-28,0.0
ORD-114357,2025-04-17,2025-04-17,0.0
ORD-114358,2025-11-05,2025-11-05,0.0
ORD-114359,2025-01-24,2025-01-25,1.0
ORD-114360,2025-12-31,2025-12-31,0.0
ORD-114361,2024-08-23,2024-08-23,0.0
ORD-114362,2025-09-04,2025-09-04,0.0
ORD-114363,2024-05-29,2024-05-29,0.0
ORD-114364,2024-10-01,2024-10-02,1.0
ORD-114365,2024-09-14,2024-09-14,0.0
ORD-114366,2025-03-03,2025-03-03,0.0
ORD-114367,2024-10-26,2024-10-26,0.0
ORD-114368,2024-11-18,2024-11-18,0.0
ORD-114369,2025-03-17,2025-03-17,0.0
ORD-114370,2025-04-13,2025-04-14,1.0
ORD-114371,2025-05-27,2025-05-27,0.0
ORD-114372,2025-05-12,2025-05-12,0.0
ORD-114373,2025-12-02,2025-12-02,0.0
ORD-114374,2024-08-01,,
ORD-114375,2024-08-16,,
ORD-114376,2024-07-18,2024-07-18,0.0
ORD-114377,2025-04-07,,
ORD-114378,2024-09-16,2024-09-16,0.0
ORD-114379,2025-10-10,2025-10-11,1.0
ORD-114380,2025-10-31,2025-11-01,1.0
ORD-114381,2024-12-01,2024-12-02,1.0
ORD-114382,2024-11-12,,
ORD-114383,2025-10-19,2025-10-21,2.0
ORD-114384,2025-05-19,2025-05-19,0.0
ORD-114385,2025-02-09,2025-02-09,0.0
ORD-114386,2025-04-29,2025-04-30,1.0
ORD-114387,2025-05-09,2025-05-09,0.0
ORD-114388,2025-07-12,2025-07-12,0.0
ORD-114389,2025-10-21,2025-10-22,1.0
ORD-114390,2025-10-19,2025-10-21,2.0
ORD-114391,2025-12-11,2025-12-11,0.0
ORD-114392,2025-11-14,2025-11-14,0.0
ORD-114393,2025-11-05,2025-11-05,0.0
ORD-114394,2025-04-18,2025-04-19,1.0
ORD-114395,2025-01-15,2025-01-16,1.0
ORD-114396,2025-11-03,2025-11-03,0.0
ORD-114397,2025-10-13,2025-10-13,0.0
ORD-114398,2024-10-01,2024-10-04,3.0
ORD-114399,2025-08-30,2025-08-30,0.0
ORD-114400,2025-03-31,2025-04-02,2.0
ORD-114401,2025-10-26,2025-10-26,0.0
ORD-114402,2024-08-05,2024-08-05,0.0
ORD-114403,2025-05-11,2025-05-11,0.0
ORD-114404,2025-10-18,2025-10-18,0.0
ORD-114405,2025-03-10,2025-03-10,0.0
ORD-114406,2025-05-06,2025-05-06,0.0
ORD-114407,2025-08-19,2025-08-19,0.0
ORD-114408,2024-09-19,2024-09-19,0.0
ORD-114409,2025-10-20,2025-10-20,0.0
ORD-114410,2024-10-28,2024-10-31,3.0
ORD-114411,2025-09-20,2025-09-21,1.0
ORD-114412,2025-07-16,2025-07-16,0.0
ORD-114413,2024-10-28,2024-10-28,0.0
ORD-114414,2025-11-05,2025-11-06,1.0
ORD-114415,2025-08-23,2025-08-25,2.0
ORD-114416,2024-05-22,2024-05-22,0.0
ORD-114417,2025-11-13,,
ORD-114418,2024-12-06,2024-12-06,0.0
ORD-114419,2025-02-26,2025-02-26,0.0
ORD-114420,2025-12-10,2025-12-11,1.0
ORD-114421,2025-06-01,2025-06-01,0.0
ORD-114422,2025-05-31,2025-06-02,2.0
ORD-114423,2025-06-20,2025-06-21,1.0
ORD-114424,2024-08-07,2024-08-07,0.0
ORD-114425,2025-12-07,2025-12-07,0.0
ORD-114426,2025-07-05,2025-07-05,0.0
ORD-114427,2025-04-02,2025-04-03,1.0
ORD-114428,2024-08-18,2024-08-18,0.0
ORD-114429,2025-12-12,,
ORD-114430,2024-11-30,2024-11-30,0.0
ORD-114431,2024-11-19,2024-11-21,2.0
ORD-114432,2025-05-23,2025-05-23,0.0
ORD-114433,2025-03-27,2025-03-28,1.0
ORD-114434,2025-03-20,,
ORD-114435,2025-05-15,2025-05-16,1.0
ORD-114436,2025-07-08,2025-07-11,3.0
ORD-114437,2025-04-26,,
ORD-114438,2025-02-08,2025-02-08,0.0
ORD-114439,2024-12-13,2024-12-14,1.0
ORD-114440,2025-05-29,2025-05-29,0.0
ORD-114441,2025-05-29,2025-05-29,0.0
ORD-114442,2025-12-30,2025-12-30,0.0
ORD-114443,2025-11-15,2025-11-15,0.0
ORD-114444,2025-12-07,2025-12-08,1.0
ORD-114445,2024-03-13,2024-03-13,0.0
ORD-114446,2024-09-17,2024-09-20,3.0
ORD-114447,2025-11-11,2025-11-11,0.0
ORD-114448,2025-02-07,2025-02-07,0.0
ORD-114449,2024-10-26,2024-10-26,0.0
ORD-114450,2025-05-12,2025-05-12,0.0
ORD-114451,2025-12-19,2025-12-19,0.0
ORD-114452,2024-08-26,2024-08-26,0.0
ORD-114453,2025-08-22,2025-08-22,0.0
ORD-114454,2025-05-20,2025-05-20,0.0
ORD-114455,2025-04-06,2025-04-07,1.0
ORD-114456,2025-11-06,2025-11-06,0.0
ORD-114457,2024-10-22,2024-10-22,0.0
ORD-114458,2024-10-22,2024-10-22,0.0
ORD-114459,2025-02-18,2025-02-19,1.0
ORD-114460,2024-11-18,2024-11-18,0.0
ORD-114461,2025-07-16,2025-07-16,0.0
ORD-114462,2025-09-19,2025-09-19,0.0
ORD-114463,2025-01-25,2025-01-25,0.0
ORD-114464,2025-01-08,2025-01-10,2.0
ORD-114465,2025-11-08,2025-11-08,0.0
ORD-114466,2025-08-11,2025-08-12,1.0
ORD-114467,2025-06-21,2025-06-21,0.0
ORD-114468,2024-05-20,2024-05-20,0.0
ORD-114469,2025-05-16,2025-05-18,2.0
ORD-114470,2024-06-29,2024-06-30,1.0
ORD-114471,2025-07-08,2025-07-08,0.0
ORD-114472,2024-11-17,2024-11-17,0.0
ORD-114473,2025-08-01,2025-08-01,0.0
ORD-114474,2025-09-01,2025-09-06,5.0
ORD-114475,2024-09-18,2024-09-18,0.0
ORD-114476,2025-12-15,2025-12-15,0.0
ORD-114477,2025-01-19,2025-01-19,0.0
ORD-114478,2025-10-14,2025-10-17,3.0
ORD-114479,2025-10-14,2025-10-15,1.0
ORD-114480,2025-08-17,2025-08-19,2.0
ORD-114481,2024-11-11,,
ORD-114482,2025-08-13,2025-08-13,0.0
ORD-114483,2025-08-23,2025-08-23,0.0
ORD-114484,2025-04-04,2025-04-04,0.0
ORD-114485,2025-10-31,2025-10-31,0.0
ORD-114486,2024-07-25,2024-07-25,0.0
ORD-114487,2025-11-06,2025-11-06,0.0
ORD-114488,2025-03-05,2025-03-05,0.0
ORD-114489,2025-11-06,,
ORD-114490,2024-11-03,2024-11-03,0.0
ORD-114491,2025-10-28,2025-10-28,0.0
ORD-114492,2024-09-14,2024-09-14,0.0
ORD-114493,2025-11-01,2025-11-02,1.0
ORD-114494,2024-10-20,,
ORD-114495,2025-08-31,2025-09-01,1.0
ORD-114496,2025-10-17,2025-10-17,0.0
ORD-114497,2024-09-04,2024-09-04,0.0
ORD-114498,2025-06-14,2025-06-15,1.0
ORD-114499,2025-04-21,2025-04-22,1.0
ORD-114500,2025-06-10,2025-06-11,1.0
ORD-114501,2025-07-14,2025-07-14,0.0
ORD-114502,2025-12-22,2025-12-23,1.0
ORD-114503,2024-03-04,2024-03-06,2.0
ORD-114504,2024-11-06,2024-11-06,0.0
ORD-114505,2025-08-24,2025-08-26,2.0
ORD-114506,2025-12-11,2025-12-13,2.0
ORD-114507,2024-09-21,2024-09-21,0.0
ORD-114508,2025-10-18,,
ORD-114509,2025-08-21,2025-08-22,1.0
ORD-114510,2025-07-31,,
ORD-114511,2025-10-13,2025-10-13,0.0
ORD-114512,2025-11-24,2025-11-25,1.0
ORD-114513,2024-08-08,2024-08-09,1.0
ORD-114514,2025-02-27,2025-02-28,1.0
ORD-114515,2025-11-11,2025-11-11,0.0
ORD-114516,2025-09-09,2025-09-09,0.0
ORD-114517,2025-12-05,2025-12-05,0.0
ORD-114518,2025-11-08,2025-11-08,0.0
ORD-114519,2025-06-13,2025-06-14,1.0
ORD-114520,2025-04-06,2025-04-06,0.0
ORD-114521,2024-08-15,2024-08-16,1.0
ORD-114522,2025-11-01,2025-11-01,0.0
ORD-114523,2025-12-08,2025-12-08,0.0
ORD-114524,2025-11-11,2025-11-11,0.0
ORD-114525,2025-01-08,,
ORD-114526,2025-07-30,2025-07-30,0.0
ORD-114527,2025-10-30,2025-10-30,0.0
ORD-114528,2025-09-07,2025-09-07,0.0
ORD-114529,2025-08-04,2025-08-05,1.0
ORD-114530,2025-11-27,2025-11-27,0.0
ORD-114531,2024-09-30,2024-09-30,0.0
ORD-114532,2025-07-31,2025-08-02,2.0
ORD-114533,2025-10-26,2025-10-26,0.0
ORD-114534,2025-10-04,2025-10-04,0.0
ORD-114535,2025-12-10,2025-12-10,0.0
ORD-114536,2025-05-18,2025-05-18,0.0
ORD-114537,2025-06-13,,
ORD-114538,2025-07-16,2025-07-16,0.0
ORD-114539,2024-09-06,2024-09-06,0.0
ORD-114540,2025-10-18,,
ORD-114541,2025-11-20,2025-11-20,0.0
ORD-114542,2025-11-03,2025-11-04,1.0
ORD-114543,2024-11-02,2024-11-02,0.0
ORD-114544,2025-08-18,2025-08-18,0.0
ORD-114545,2024-10-26,2024-10-26,0.0
ORD-114546,2025-11-14,2025-11-14,0.0
ORD-114547,2024-11-01,2024-11-03,2.0
ORD-114548,2024-11-07,2024-11-08,1.0
ORD-114549,2025-06-08,2025-06-11,3.0
ORD-114550,2024-06-04,2024-06-04,0.0
ORD-114551,2025-03-12,2025-03-12,0.0
ORD-114552,2025-03-05,2025-03-05,0.0
ORD-114553,2024-12-28,,
ORD-114554,2025-04-20,2025-04-20,0.0
ORD-114555,2025-12-14,2025-12-15,1.0
ORD-114556,2025-06-18,2025-06-18,0.0
ORD-114557,2025-06-19,2025-06-19,0.0
ORD-114558,2025-07-24,2025-07-27,3.0
ORD-114559,2024-06-11,2024-06-12,1.0
ORD-114560,2024-12-30,2024-12-30,0.0
ORD-114561,2025-03-15,2025-03-15,0.0
ORD-114562,2024-11-16,2024-11-16,0.0
ORD-114563,2025-11-12,2025-11-15,3.0
ORD-114564,2025-01-19,2025-01-19,0.0
ORD-114565,2024-12-21,2024-12-26,5.0
ORD-114566,2024-11-22,2024-11-22,0.0
ORD-114567,2024-07-25,2024-07-25,0.0
ORD-114568,2024-05-22,2024-05-22,0.0
ORD-114569,2025-04-09,2025-04-09,0.0
ORD-114570,2025-04-23,2025-04-26,3.0
ORD-114571,2025-11-19,2025-11-19,0.0
ORD-114572,2025-11-15,2025-11-16,1.0
ORD-114573,2025-01-04,2025-01-04,0.0
ORD-114574,2025-09-19,2025-09-19,0.0
ORD-114575,2024-10-26,2024-10-26,0.0
ORD-114576,2025-07-12,2025-07-12,0.0
ORD-114577,2025-05-24,2025-05-25,1.0
ORD-114578,2024-10-12,2024-10-12,0.0
ORD-114579,2024-10-30,2024-10-30,0.0
ORD-114580,2025-09-16,,
ORD-114581,2025-10-16,2025-10-17,1.0
ORD-114582,2025-11-15,2025-11-16,1.0
ORD-114583,2025-02-17,2025-02-17,0.0
ORD-114584,2024-08-06,2024-08-07,1.0
ORD-114585,2024-12-09,2024-12-10,1.0
ORD-114586,2025-05-28,2025-05-28,0.0
ORD-114587,2025-07-24,2025-07-24,0.0
ORD-114588,2025-09-07,,
ORD-114589,2024-10-30,2024-10-30,0.0
ORD-114590,2025-11-26,2025-11-26,0.0
ORD-114591,2024-11-10,2024-11-10,0.0
ORD-114592,2025-12-15,2025-12-15,0.0
ORD-114593,2025-09-03,2025-09-08,5.0
ORD-114594,2025-11-04,2025-11-04,0.0
ORD-114595,2025-11-13,2025-11-13,0.0
ORD-114596,2025-09-11,2025-09-14,3.0
ORD-114597,2025-10-09,2025-10-09,0.0
ORD-114598,2024-05-31,,
ORD-114599,2025-10-23,2025-10-23,0.0
ORD-114600,2025-08-17,2025-08-18,1.0
ORD-114601,2024-10-02,2024-10-02,0.0
ORD-114602,2025-03-28,2025-03-28,0.0
ORD-114603,2025-09-19,,
ORD-114604,2024-12-23,2024-12-24,1.0
ORD-114605,2025-05-13,2025-05-13,0.0
ORD-114606,2025-09-29,2025-09-29,0.0
ORD-114607,2025-10-21,2025-10-22,1.0
ORD-114608,2025-06-07,,
ORD-114609,2025-03-11,2025-03-11,0.0
ORD-114610,2024-11-18,2024-11-18,0.0
ORD-114611,2025-09-08,2025-09-08,0.0
ORD-114612,2024-11-18,2024-11-18,0.0
ORD-114613,2024-07-28,2024-07-29,1.0
ORD-114614,2025-07-28,,
ORD-114615,2025-11-05,2025-11-05,0.0
ORD-114616,2025-12-08,2025-12-08,0.0
ORD-114617,2025-07-30,2025-07-30,0.0
ORD-114618,2025-08-29,2025-08-29,0.0
ORD-114619,2025-10-22,2025-10-22,0.0
ORD-114620,2025-04-17,2025-04-17,0.0
ORD-114621,2025-02-01,2025-02-01,0.0
ORD-114622,2025-05-26,2025-05-26,0.0
ORD-114623,2025-09-23,2025-09-24,1.0
ORD-114624,2024-12-06,2024-12-06,0.0
ORD-114625,2025-06-02,2025-06-02,0.0
ORD-114626,2025-05-24,2025-05-24,0.0
ORD-114627,2025-11-02,2025-11-03,1.0
ORD-114628,2025-07-28,2025-07-28,0.0
ORD-114629,2025-08-15,2025-08-15,0.0
ORD-114630,2025-08-15,2025-08-15,0.0
ORD-114631,2024-10-22,2024-10-24,2.0
ORD-114632,2025-02-04,2025-02-04,0.0
ORD-114633,2025-11-17,2025-11-17,0.0
ORD-114634,2025-05-19,2025-05-19,0.0
ORD-114635,2025-03-15,2025-03-15,0.0
ORD-114636,2025-11-12,2025-11-13,1.0
ORD-114637,2025-11-05,2025-11-07,2.0
ORD-114638,2025-04-08,,
ORD-114639,2024-07-25,2024-07-27,2.0
ORD-114640,2024-10-30,2024-10-31,1.0
ORD-114641,2025-11-05,2025-11-05,0.0
ORD-114642,2025-07-23,2025-07-23,0.0
ORD-114643,2024-08-18,2024-08-18,0.0
ORD-114644,2025-07-22,2025-07-22,0.0
ORD-114645,2025-07-14,,
ORD-114646,2025-08-23,2025-08-25,2.0
ORD-114647,2025-11-06,2025-11-06,0.0
ORD-114648,2025-10-28,,
ORD-114649,2025-11-27,2025-11-29,2.0
ORD-114650,2026-01-02,2026-01-02,0.0
ORD-114651,2024-02-01,2024-02-03,2.0
ORD-114652,2024-05-03,2024-05-03,0.0
ORD-114653,2025-04-22,2025-04-24,2.0
ORD-114654,2025-01-22,2025-01-22,0.0
ORD-114655,2025-07-31,,
ORD-114656,2025-05-14,2025-05-15,1.0
ORD-114657,2025-10-02,2025-10-03,1.0
ORD-114658,2026-01-02,2026-01-02,0.0
ORD-114659,2025-11-14,2025-11-15,1.0
ORD-114660,2025-04-01,,
ORD-114661,2024-11-04,2024-11-04,0.0
ORD-114662,2025-08-30,2025-08-30,0.0
ORD-114663,2024-11-05,2024-11-05,0.0
ORD-114664,2025-06-27,2025-06-29,2.0
ORD-114665,2025-11-10,2025-11-10,0.0
ORD-114666,2024-11-06,2024-11-06,0.0
ORD-114667,2025-04-29,2025-04-30,1.0
ORD-114668,2025-10-23,2025-10-23,0.0
ORD-114669,2025-04-07,2025-04-08,1.0
ORD-114670,2024-11-03,2024-11-03,0.0
ORD-114671,2025-01-30,2025-01-31,1.0
ORD-114672,2025-09-28,2025-09-28,0.0
ORD-114673,2024-10-16,2024-10-16,0.0
ORD-114674,2025-06-12,2025-06-12,0.0
ORD-114675,2024-06-28,2024-06-28,0.0
ORD-114676,2024-08-25,2024-08-26,1.0
ORD-114677,2025-12-09,2025-12-09,0.0
ORD-114678,2025-04-27,2025-04-27,0.0
ORD-114679,2025-03-23,2025-03-23,0.0
ORD-114680,2025-08-11,2025-08-11,0.0
ORD-114681,2025-11-12,2025-11-12,0.0
ORD-114682,2025-06-29,,
ORD-114683,2025-05-12,2025-05-12,0.0
ORD-114684,2025-10-14,2025-10-15,1.0
ORD-114685,2025-05-26,2025-05-26,0.0
ORD-114686,2025-03-10,2025-03-11,1.0
ORD-114687,2024-08-31,2024-08-31,0.0
ORD-114688,2025-06-24,2025-06-24,0.0
ORD-114689,2025-01-27,2025-01-29,2.0
ORD-114690,2025-07-24,2025-07-24,0.0
ORD-114691,2025-11-01,2025-11-01,0.0
ORD-114692,2024-11-29,2024-11-29,0.0
ORD-114693,2025-11-10,2025-11-10,0.0
ORD-114694,2025-06-07,2025-06-07,0.0
ORD-114695,2025-10-12,2025-10-12,0.0
ORD-114696,2025-12-15,2025-12-15,0.0
ORD-114697,2025-01-23,2025-01-23,0.0
ORD-114698,2025-01-27,2025-01-27,0.0
ORD-114699,2025-06-02,2025-06-04,2.0
ORD-114700,2025-06-12,2025-06-13,1.0
ORD-114701,2025-08-28,2025-08-28,0.0
ORD-114702,2025-03-16,2025-03-19,3.0
ORD-114703,2025-06-22,2025-06-23,1.0
ORD-114704,2024-06-20,2024-06-20,0.0
ORD-114705,2025-11-02,2025-11-03,1.0
ORD-114706,2025-10-26,2025-10-26,0.0
ORD-114707,2025-05-15,2025-05-15,0.0
ORD-114708,2025-07-26,2025-07-27,1.0
ORD-114709,2025-11-27,2025-11-27,0.0
ORD-114710,2024-12-17,2024-12-17,0.0
ORD-114711,2024-03-17,2024-03-17,0.0
ORD-114712,2024-07-10,2024-07-10,0.0
ORD-114713,2025-06-29,2025-06-29,0.0
ORD-114714,2024-11-11,2024-11-13,2.0
ORD-114715,2024-11-14,,
ORD-114716,2025-01-19,2025-01-21,2.0
ORD-114717,2025-06-12,2025-06-12,0.0
ORD-114718,2024-09-16,2024-09-17,1.0
ORD-114719,2025-12-19,2025-12-19,0.0
ORD-114720,2025-12-01,,
ORD-114721,2025-03-23,2025-03-24,1.0
ORD-114722,2025-03-21,2025-03-21,0.0
ORD-114723,2025-08-08,2025-08-11,3.0
ORD-114724,2025-01-29,2025-01-29,0.0
ORD-114725,2025-06-30,2025-06-30,0.0
ORD-114726,2025-06-10,2025-06-10,0.0
ORD-114727,2025-11-15,2025-11-15,0.0
ORD-114728,2025-01-13,2025-01-14,1.0
ORD-114729,2025-04-27,2025-04-27,0.0
ORD-114730,2025-11-21,2025-11-21,0.0
ORD-114731,2025-08-30,2025-08-30,0.0
ORD-114732,2025-08-17,,
ORD-114733,2025-07-01,2025-07-02,1.0
ORD-114734,2025-09-19,2025-09-22,3.0
ORD-114735,2025-11-05,,
ORD-114736,2026-01-01,2026-01-03,2.0
ORD-114737,2025-05-17,2025-05-17,0.0
ORD-114738,2025-11-04,2025-11-04,0.0
ORD-114739,2025-03-05,2025-03-05,0.0
ORD-114740,2025-11-03,2025-11-03,0.0
ORD-114741,2025-09-05,2025-09-05,0.0
ORD-114742,2025-03-21,2025-03-23,2.0
ORD-114743,2024-10-05,2024-10-07,2.0
ORD-114744,2025-06-02,2025-06-02,0.0
ORD-114745,2025-07-31,2025-07-31,0.0
ORD-114746,2025-05-14,2025-05-16,2.0
ORD-114747,2025-05-18,2025-05-18,0.0
ORD-114748,2025-05-23,2025-05-23,0.0
ORD-114749,2024-10-08,2024-10-09,1.0
ORD-114750,2025-11-17,2025-11-17,0.0
ORD-114751,2025-04-05,2025-04-06,1.0
ORD-114752,2025-11-15,2025-11-15,0.0
ORD-114753,2025-12-05,2025-12-05,0.0
ORD-114754,2025-11-26,2025-11-27,1.0
ORD-114755,2025-05-25,2025-05-25,0.0
ORD-114756,2025-08-08,2025-08-09,1.0
ORD-114757,2024-08-12,2024-08-14,2.0
ORD-114758,2025-11-01,2025-11-01,0.0
ORD-114759,2025-09-25,2025-09-28,3.0
ORD-114760,2024-05-18,2024-05-18,0.0
ORD-114761,2024-09-20,2024-09-20,0.0
ORD-114762,2024-12-10,2024-12-11,1.0
ORD-114763,2024-06-03,2024-06-03,0.0
ORD-114764,2025-03-01,2025-03-01,0.0
ORD-114765,2025-10-21,2025-10-21,0.0
ORD-114766,2025-05-01,2025-05-01,0.0
ORD-114767,2025-08-14,2025-08-14,0.0
ORD-114768,2024-08-14,2024-08-15,1.0
ORD-114769,2025-01-17,,
ORD-114770,2025-07-21,2025-07-21,0.0
ORD-114771,2025-11-23,2025-11-23,0.0
ORD-114772,2025-01-29,2025-01-29,0.0
ORD-114773,2024-06-27,2024-06-27,0.0
ORD-114774,2025-11-14,2025-11-14,0.0
ORD-114775,2025-04-09,2025-04-09,0.0
ORD-114776,2025-12-16,2025-12-16,0.0
ORD-114777,2025-12-19,2025-12-20,1.0
ORD-114778,2024-05-02,2024-05-03,1.0
ORD-114779,2025-02-11,,
ORD-114780,2024-10-27,2024-10-27,0.0
ORD-114781,2025-11-08,2025-11-08,0.0
ORD-114782,2024-05-20,2024-05-21,1.0
ORD-114783,2024-10-22,2024-10-22,0.0
ORD-114784,2024-11-30,,
ORD-114785,2025-06-25,2025-06-25,0.0
ORD-114786,2025-12-19,2025-12-19,0.0
ORD-114787,2025-09-29,2025-09-29,0.0
ORD-114788,2024-11-09,2024-11-10,1.0
ORD-114789,2025-05-05,2025-05-05,0.0
ORD-114790,2025-11-18,2025-11-18,0.0
ORD-114791,2025-10-24,2025-10-26,2.0
ORD-114792,2025-10-24,,
ORD-114793,2025-09-24,2025-09-24,0.0
ORD-114794,2025-05-27,2025-05-27,0.0
ORD-114795,2024-10-05,2024-10-06,1.0
ORD-114796,2025-10-26,2025-10-27,1.0
ORD-114797,2024-12-28,2024-12-28,0.0
ORD-114798,2025-09-10,2025-09-10,0.0
ORD-114799,2025-07-06,2025-07-06,0.0
ORD-114800,2024-09-20,2024-09-21,1.0
ORD-114801,2024-10-30,2024-10-30,0.0
ORD-114802,2025-03-16,2025-03-16,0.0
ORD-114803,2025-11-13,2025-11-13,0.0
ORD-114804,2024-11-13,2024-11-13,0.0
ORD-114805,2025-11-13,2025-11-13,0.0
ORD-114806,2025-10-03,2025-10-03,0.0
ORD-114807,2025-04-05,2025-04-05,0.0
ORD-114808,2024-09-14,2024-09-14,0.0
ORD-114809,2025-09-30,2025-09-30,0.0
ORD-114810,2025-06-20,2025-06-22,2.0
ORD-114811,2025-07-20,2025-07-21,1.0
ORD-114812,2025-11-01,2025-11-03,2.0
ORD-114813,2025-06-25,2025-06-26,1.0
ORD-114814,2025-07-13,2025-07-15,2.0
ORD-114815,2025-07-01,2025-07-01,0.0
ORD-114816,2025-08-16,2025-08-16,0.0
ORD-114817,2025-10-13,2025-10-13,0.0
ORD-114818,2025-05-24,2025-05-24,0.0
ORD-114819,2025-08-27,2025-08-28,1.0
ORD-114820,2025-08-11,2025-08-12,1.0
ORD-114821,2025-11-11,2025-11-11,0.0
ORD-114822,2025-05-15,2025-05-16,1.0
ORD-114823,2025-10-31,2025-10-31,0.0
ORD-114824,2025-06-27,2025-06-27,0.0
ORD-114825,2025-10-27,2025-10-28,1.0
ORD-114826,2025-10-22,2025-10-23,1.0
ORD-114827,2025-11-11,2025-11-11,0.0
ORD-114828,2025-06-08,2025-06-08,0.0
ORD-114829,2025-11-20,2025-11-21,1.0
ORD-114830,2025-07-14,2025-07-14,0.0
ORD-114831,2024-11-25,2024-11-25,0.0
ORD-114832,2025-06-09,2025-06-12,3.0
ORD-114833,2024-07-10,2024-07-10,0.0
ORD-114834,2026-01-02,2026-01-02,0.0
ORD-114835,2025-05-17,2025-05-17,0.0
ORD-114836,2024-08-30,2024-08-31,1.0
ORD-114837,2024-07-10,2024-07-10,0.0
ORD-114838,2025-08-17,2025-08-19,2.0
ORD-114839,2025-10-27,2025-10-29,2.0
ORD-114840,2024-11-12,2024-11-13,1.0
ORD-114841,2025-11-23,2025-11-26,3.0
ORD-114842,2024-12-06,2024-12-06,0.0
ORD-114843,2025-08-18,2025-08-20,2.0
ORD-114844,2025-01-09,,
ORD-114845,2024-10-19,2024-10-19,0.0
ORD-114846,2025-10-10,2025-10-10,0.0
ORD-114847,2025-08-31,2025-09-01,1.0
ORD-114848,2025-05-27,2025-05-27,0.0
ORD-114849,2024-06-03,2024-06-03,0.0
ORD-114850,2025-01-04,2025-01-06,2.0
ORD-114851,2025-08-28,2025-08-28,0.0
ORD-114852,2025-11-07,2025-11-07,0.0
ORD-114853,2024-05-04,2024-05-04,0.0
ORD-114854,2024-08-15,2024-08-16,1.0
ORD-114855,2025-03-26,2025-03-27,1.0
ORD-114856,2025-10-26,2025-10-26,0.0
ORD-114857,2025-10-09,2025-10-09,0.0
ORD-114858,2025-08-25,2025-08-25,0.0
ORD-114859,2025-08-03,,
ORD-114860,2024-12-08,2024-12-08,0.0
ORD-114861,2025-08-22,2025-08-22,0.0
ORD-114862,2025-01-19,2025-01-19,0.0
ORD-114863,2025-02-24,2025-02-24,0.0
ORD-114864,2025-09-18,2025-09-18,0.0
ORD-114865,2024-11-06,2024-11-06,0.0
ORD-114866,2024-07-16,2024-07-16,0.0
ORD-114867,2025-10-06,2025-10-06,0.0
ORD-114868,2025-08-03,2025-08-04,1.0
ORD-114869,2024-10-12,2024-10-13,1.0
ORD-114870,2025-10-27,2025-10-27,0.0
ORD-114871,2024-06-08,2024-06-08,0.0
ORD-114872,2025-10-22,2025-10-22,0.0
ORD-114873,2025-04-08,2025-04-10,2.0
ORD-114874,2025-07-11,2025-07-12,1.0
ORD-114875,2024-03-22,2024-03-22,0.0
ORD-114876,2024-04-17,2024-04-17,0.0
ORD-114877,2025-11-17,2025-11-17,0.0
ORD-114878,2025-10-30,2025-10-30,0.0
ORD-114879,2025-11-24,2025-11-24,0.0
ORD-114880,2025-11-16,2025-11-17,1.0
ORD-114881,2024-08-25,2024-08-28,3.0
ORD-114882,2024-11-13,2024-11-13,0.0
ORD-114883,2025-08-02,2025-08-02,0.0
ORD-114884,2025-11-19,2025-11-20,1.0
ORD-114885,2025-06-18,2025-06-18,0.0
ORD-114886,2025-11-05,2025-11-06,1.0
ORD-114887,2025-10-19,2025-10-19,0.0
ORD-114888,2025-10-11,2025-10-11,0.0
ORD-114889,2025-10-20,2025-10-20,0.0
ORD-114890,2024-08-07,2024-08-07,0.0
ORD-114891,2025-08-31,2025-08-31,0.0
ORD-114892,2024-11-02,,
ORD-114893,2025-06-19,2025-06-19,0.0
ORD-114894,2024-09-11,,
ORD-114895,2025-06-18,2025-06-18,0.0
ORD-114896,2025-06-28,2025-06-28,0.0
ORD-114897,2024-11-13,2024-11-13,0.0
ORD-114898,2025-12-09,2025-12-10,1.0
ORD-114899,2024-03-16,2024-03-17,1.0
ORD-114900,2025-06-05,2025-06-06,1.0
ORD-114901,2025-11-10,2025-11-11,1.0
ORD-114902,2025-10-25,2025-10-25,0.0
ORD-114903,2025-09-17,2025-09-18,1.0
ORD-114904,2025-11-07,2025-11-07,0.0
ORD-114905,2025-03-14,2025-03-17,3.0
ORD-114906,2025-11-28,2025-12-01,3.0
ORD-114907,2025-12-20,2025-12-20,0.0
ORD-114908,2025-12-27,2025-12-28,1.0
ORD-114909,2025-06-06,2025-06-09,3.0
ORD-114910,2025-04-28,2025-04-28,0.0
ORD-114911,2024-04-25,2024-04-26,1.0
ORD-114912,2025-11-11,2025-11-12,1.0
ORD-114913,2025-11-03,2025-11-03,0.0
ORD-114914,2024-10-02,2024-10-02,0.0
ORD-114915,2025-11-13,2025-11-13,0.0
ORD-114916,2024-06-13,2024-06-14,1.0
ORD-114917,2025-04-26,2025-04-26,0.0
ORD-114918,2025-09-02,,
ORD-114919,2025-01-13,2025-01-13,0.0
ORD-114920,2025-12-24,2025-12-24,0.0
ORD-114921,2024-07-19,2024-07-19,0.0
ORD-114922,2024-08-07,2024-08-07,0.0
ORD-114923,2025-11-30,2025-11-30,0.0
ORD-114924,2025-08-29,2025-08-29,0.0
ORD-114925,2025-07-17,2025-07-20,3.0
ORD-114926,2025-05-26,2025-05-26,0.0
ORD-114927,2024-05-18,2024-05-19,1.0
ORD-114928,2025-06-19,2025-06-19,0.0
ORD-114929,2024-03-12,2024-03-12,0.0
ORD-114930,2025-02-03,2025-02-03,0.0
ORD-114931,2025-05-06,2025-05-06,0.0
ORD-114932,2025-01-12,2025-01-12,0.0
ORD-114933,2025-07-04,,
ORD-114934,2025-04-26,2025-04-27,1.0
ORD-114935,2025-02-28,2025-03-03,3.0
ORD-114936,2024-05-30,2024-05-30,0.0
ORD-114937,2025-11-04,2025-11-05,1.0
ORD-114938,2025-04-15,,
ORD-114939,2025-02-26,2025-02-27,1.0
ORD-114940,2025-10-17,2025-10-19,2.0
ORD-114941,2025-08-22,2025-08-23,1.0
ORD-114942,2025-08-30,2025-08-30,0.0
ORD-114943,2025-11-15,,
ORD-114944,2025-09-09,2025-09-09,0.0
ORD-114945,2025-04-29,2025-04-29,0.0
ORD-114946,2025-08-13,2025-08-13,0.0
ORD-114947,2025-07-28,2025-07-28,0.0
ORD-114948,2025-03-22,2025-03-23,1.0
ORD-114949,2025-02-01,2025-02-01,0.0
ORD-114950,2025-10-23,2025-10-23,0.0
ORD-114951,2025-08-09,2025-08-09,0.0
ORD-114952,2025-12-16,2025-12-16,0.0
ORD-114953,2025-05-15,2025-05-16,1.0
ORD-114954,2025-10-28,2025-10-29,1.0
ORD-114955,2025-08-30,2025-08-31,1.0
ORD-114956,2025-10-18,2025-10-19,1.0
ORD-114957,2025-06-15,2025-06-15,0.0
ORD-114958,2024-10-22,2024-10-22,0.0
ORD-114959,2024-08-05,2024-08-08,3.0
ORD-114960,2025-02-19,2025-02-21,2.0
ORD-114961,2025-02-24,2025-02-26,2.0
ORD-114962,2025-10-30,2025-10-31,1.0
ORD-114963,2025-08-01,2025-08-01,0.0
ORD-114964,2025-12-12,,
ORD-114965,2025-07-30,2025-07-30,0.0
ORD-114966,2025-10-24,2025-10-24,0.0
ORD-114967,2025-05-08,2025-05-08,0.0
ORD-114968,2025-04-21,2025-04-21,0.0
ORD-114969,2025-12-23,2025-12-23,0.0
ORD-114970,2025-10-26,2025-10-26,0.0
ORD-114971,2025-07-30,2025-07-30,0.0
ORD-114972,2025-10-18,2025-10-18,0.0
ORD-114973,2026-01-03,2026-01-04,1.0
ORD-114974,2025-01-08,2025-01-10,2.0
ORD-114975,2025-07-04,2025-07-04,0.0
ORD-114976,2025-10-04,2025-10-06,2.0
ORD-114977,2025-08-15,2025-08-16,1.0
ORD-114978,2025-11-25,2025-11-26,1.0
ORD-114979,2024-10-31,2024-10-31,0.0
ORD-114980,2024-09-12,2024-09-13,1.0
ORD-114981,2025-06-04,2025-06-04,0.0
ORD-114982,2025-09-30,2025-09-30,0.0
ORD-114983,2024-04-18,2024-04-18,0.0
ORD-114984,2025-12-07,2025-12-07,0.0
ORD-114985,2024-12-08,2024-12-08,0.0
ORD-114986,2024-09-25,2024-09-26,1.0
ORD-114987,2024-12-13,2024-12-14,1.0
ORD-114988,2025-10-30,2025-10-30,0.0
ORD-114989,2025-10-29,2025-10-29,0.0
ORD-114990,2025-04-16,2025-04-16,0.0
ORD-114991,2025-08-01,2025-08-01,0.0
ORD-114992,2024-12-12,2024-12-12,0.0
ORD-114993,2025-12-05,2025-12-05,0.0
ORD-114994,2025-10-30,2025-10-30,0.0
ORD-114995,2025-08-05,2025-08-07,2.0
ORD-114996,2025-09-08,2025-09-08,0.0
ORD-114997,2025-05-31,2025-05-31,0.0
ORD-114998,2025-05-21,2025-05-22,1.0
ORD-114999,2024-04-09,2024-04-10,1.0
ORD-115000,2025-01-29,2025-01-29,0.0
ORD-115001,2025-03-20,2025-03-21,1.0
ORD-115002,2025-12-11,2025-12-11,0.0
ORD-115003,2024-11-21,2024-11-22,1.0
ORD-115004,2025-11-10,,
ORD-115005,2025-12-25,2025-12-26,1.0
ORD-115006,2025-10-21,2025-10-21,0.0
ORD-115007,2024-11-04,2024-11-04,0.0
ORD-115008,2025-10-07,2025-10-07,0.0
ORD-115009,2025-02-01,2025-02-01,0.0
ORD-115010,2025-11-27,2025-11-27,0.0
ORD-115011,2024-04-20,2024-04-21,1.0
ORD-115012,2025-03-07,2025-03-07,0.0
ORD-115013,2024-10-13,2024-10-15,2.0
ORD-115014,2025-06-18,2025-06-18,0.0
ORD-115015,2025-11-09,2025-11-09,0.0
ORD-115016,2025-05-30,2025-05-31,1.0
ORD-115017,2025-01-26,2025-01-26,0.0
ORD-115018,2025-08-07,2025-08-07,0.0
ORD-115019,2025-07-09,2025-07-10,1.0
ORD-115020,2025-08-20,2025-08-21,1.0
ORD-115021,2025-09-18,,
ORD-115022,2025-11-10,2025-11-11,1.0
ORD-115023,2025-10-19,2025-10-22,3.0
ORD-115024,2024-09-26,2024-09-27,1.0
ORD-115025,2025-06-07,2025-06-07,0.0
ORD-115026,2025-06-05,2025-06-06,1.0
ORD-115027,2025-03-15,2025-03-18,3.0
ORD-115028,2024-08-12,2024-08-12,0.0
ORD-115029,2025-10-08,2025-10-08,0.0
ORD-115030,2024-08-17,2024-08-17,0.0
ORD-115031,2025-02-05,2025-02-08,3.0
ORD-115032,2024-11-06,2024-11-06,0.0
ORD-115033,2024-06-26,2024-06-27,1.0
ORD-115034,2025-12-06,2025-12-06,0.0
ORD-115035,2025-10-12,2025-10-12,0.0
ORD-115036,2025-11-14,2025-11-14,0.0
ORD-115037,2025-09-05,2025-09-05,0.0
ORD-115038,2025-07-04,2025-07-04,0.0
ORD-115039,2025-12-01,2025-12-01,0.0
ORD-115040,2025-07-14,2025-07-14,0.0
ORD-115041,2025-06-09,2025-06-11,2.0
ORD-115042,2025-04-29,2025-04-29,0.0
ORD-115043,2025-08-21,2025-08-22,1.0
ORD-115044,2024-08-01,2024-08-02,1.0
ORD-115045,2024-11-03,2024-11-03,0.0
ORD-115046,2025-07-05,2025-07-05,0.0
ORD-115047,2024-09-28,2024-09-29,1.0
ORD-115048,2025-10-03,2025-10-03,0.0
ORD-115049,2024-10-22,2024-10-22,0.0
ORD-115050,2025-08-15,2025-08-15,0.0
ORD-115051,2025-10-27,,
ORD-115052,2025-01-30,2025-01-30,0.0
ORD-115053,2025-11-10,2025-11-10,0.0
ORD-115054,2025-02-25,2025-02-26,1.0
ORD-115055,2025-01-31,2025-02-01,1.0
ORD-115056,2024-02-09,2024-02-09,0.0
ORD-115057,2025-06-10,2025-06-10,0.0
ORD-115058,2025-09-14,2025-09-14,0.0
ORD-115059,2025-12-11,2025-12-11,0.0
ORD-115060,2025-10-19,2025-10-19,0.0
ORD-115061,2025-11-07,2025-11-07,0.0
ORD-115062,2025-02-11,2025-02-12,1.0
ORD-115063,2025-03-19,2025-03-19,0.0
ORD-115064,2025-05-22,2025-05-22,0.0
ORD-115065,2025-09-24,2025-09-25,1.0
ORD-115066,2024-10-15,2024-10-15,0.0
ORD-115067,2025-08-06,2025-08-06,0.0
ORD-115068,2025-01-04,2025-01-04,0.0
ORD-115069,2025-11-01,2025-11-02,1.0
ORD-115070,2025-07-13,2025-07-14,1.0
ORD-115071,2024-12-04,2024-12-04,0.0
ORD-115072,2025-01-30,2025-01-30,0.0
ORD-115073,2024-12-23,2024-12-25,2.0
ORD-115074,2025-12-13,2025-12-13,0.0
ORD-115075,2024-06-03,2024-06-04,1.0
ORD-115076,2025-10-25,2025-10-26,1.0
ORD-115077,2025-11-28,2025-11-29,1.0
ORD-115078,2025-07-07,2025-07-07,0.0
ORD-115079,2025-10-19,2025-10-20,1.0
ORD-115080,2024-10-29,2024-10-30,1.0
ORD-115081,2025-09-22,2025-09-22,0.0
ORD-115082,2025-08-27,2025-08-27,0.0
ORD-115083,2025-12-23,2025-12-23,0.0
ORD-115084,2025-08-09,2025-08-09,0.0
ORD-115085,2025-11-22,2025-11-22,0.0
ORD-115086,2025-10-22,2025-10-22,0.0
ORD-115087,2025-10-29,2025-10-30,1.0
ORD-115088,2025-11-09,2025-11-10,1.0
ORD-115089,2025-08-16,2025-08-17,1.0
ORD-115090,2025-07-06,2025-07-06,0.0
ORD-115091,2025-04-01,2025-04-02,1.0
ORD-115092,2024-10-24,2024-10-24,0.0
ORD-115093,2025-10-30,2025-10-31,1.0
ORD-115094,2025-12-17,2025-12-17,0.0
ORD-115095,2025-05-01,2025-05-01,0.0
ORD-115096,2025-03-11,2025-03-12,1.0
ORD-115097,2025-07-28,2025-07-28,0.0
ORD-115098,2025-01-21,2025-01-21,0.0
ORD-115099,2024-09-13,,
ORD-115100,2025-04-10,2025-04-10,0.0
ORD-115101,2025-11-22,2025-11-22,0.0
ORD-115102,2025-12-24,2025-12-24,0.0
ORD-115103,2024-09-20,2024-09-20,0.0
ORD-115104,2025-05-06,2025-05-07,1.0
ORD-115105,2025-04-28,2025-04-28,0.0
ORD-115106,2025-05-18,,
ORD-115107,2024-03-10,2024-03-11,1.0
ORD-115108,2025-12-30,2026-01-01,2.0
ORD-115109,2024-09-03,2024-09-03,0.0
ORD-115110,2024-04-05,2024-04-05,0.0
ORD-115111,2025-06-11,2025-06-12,1.0
ORD-115112,2025-08-13,2025-08-13,0.0
ORD-115113,2024-06-30,2024-07-03,3.0
ORD-115114,2024-08-21,2024-08-21,0.0
ORD-115115,2025-12-17,2025-12-19,2.0
ORD-115116,2025-09-08,2025-09-08,0.0
ORD-115117,2025-04-20,2025-04-20,0.0
ORD-115118,2024-07-28,2024-07-28,0.0
ORD-115119,2025-12-22,2025-12-22,0.0
ORD-115120,2025-06-28,2025-06-29,1.0
ORD-115121,2024-11-01,2024-11-01,0.0
ORD-115122,2025-08-14,2025-08-14,0.0
ORD-115123,2025-11-14,2025-11-17,3.0
ORD-115124,2024-07-07,2024-07-07,0.0
ORD-115125,2025-04-29,2025-04-29,0.0
ORD-115126,2025-08-23,2025-08-23,0.0
ORD-115127,2025-10-24,2025-10-25,1.0
ORD-115128,2025-10-09,,
ORD-115129,2024-08-03,2024-08-04,1.0
ORD-115130,2025-10-24,2025-10-24,0.0
ORD-115131,2025-10-06,2025-10-06,0.0
ORD-115132,2025-06-01,2025-06-01,0.0
ORD-115133,2025-11-10,2025-11-10,0.0
ORD-115134,2025-10-08,2025-10-08,0.0
ORD-115135,2025-11-03,2025-11-05,2.0
ORD-115136,2025-12-12,2025-12-12,0.0
ORD-115137,2025-10-25,2025-10-25,0.0
ORD-115138,2024-12-11,,
ORD-115139,2024-04-25,2024-04-28,3.0
ORD-115140,2025-09-20,2025-09-22,2.0
ORD-115141,2025-05-05,,
ORD-115142,2024-12-12,2024-12-13,1.0
ORD-115143,2025-11-11,2025-11-12,1.0
ORD-115144,2025-08-04,2025-08-04,0.0
ORD-115145,2025-03-02,2025-03-04,2.0
ORD-115146,2025-02-03,2025-02-04,1.0
ORD-115147,2025-12-29,2025-12-29,0.0
ORD-115148,2024-06-25,2024-06-25,0.0
ORD-115149,2025-04-12,,
ORD-115150,2024-08-27,2024-08-27,0.0
ORD-115151,2025-03-09,,
ORD-115152,2024-01-27,2024-01-27,0.0
ORD-115153,2025-07-24,2025-07-24,0.0
ORD-115154,2025-08-19,2025-08-19,0.0
ORD-115155,2025-08-27,2025-08-27,0.0
ORD-115156,2025-12-07,2025-12-08,1.0
ORD-115157,2025-10-22,2025-10-23,1.0
ORD-115158,2024-09-03,2024-09-03,0.0
ORD-115159,2024-07-24,2024-07-24,0.0
ORD-115160,2025-08-23,2025-08-25,2.0
ORD-115161,2025-08-28,2025-08-28,0.0
ORD-115162,2025-01-27,2025-01-28,1.0
ORD-115163,2025-01-26,2025-01-26,0.0
ORD-115164,2024-11-05,2024-11-05,0.0
ORD-115165,2025-06-21,2025-06-22,1.0
ORD-115166,2025-10-30,2025-10-31,1.0
ORD-115167,2024-08-22,2024-08-22,0.0
ORD-115168,2025-10-03,,
ORD-115169,2025-06-11,2025-06-11,0.0
ORD-115170,2025-08-09,2025-08-10,1.0
ORD-115171,2025-11-01,2025-11-01,0.0
ORD-115172,2025-11-17,2025-11-18,1.0
ORD-115173,2024-08-22,2024-08-22,0.0
ORD-115174,2025-05-24,2025-05-24,0.0
ORD-115175,2025-12-07,2025-12-07,0.0
ORD-115176,2025-02-22,2025-02-23,1.0
ORD-115177,2025-11-18,2025-11-18,0.0
ORD-115178,2025-10-11,2025-10-11,0.0
ORD-115179,2024-11-15,2024-11-15,0.0
ORD-115180,2025-05-22,2025-05-22,0.0
ORD-115181,2025-03-13,2025-03-15,2.0
ORD-115182,2025-06-09,2025-06-09,0.0
ORD-115183,2025-04-10,2025-04-10,0.0
ORD-115184,2024-09-29,2024-09-29,0.0
ORD-115185,2025-09-27,2025-09-27,0.0
ORD-115186,2025-09-22,2025-09-22,0.0
ORD-115187,2025-09-16,2025-09-16,0.0
ORD-115188,2025-06-16,2025-06-21,5.0
ORD-115189,2024-11-22,2024-11-23,1.0
ORD-115190,2025-10-21,2025-10-26,5.0
ORD-115191,2025-11-30,,
ORD-115192,2025-07-07,2025-07-07,0.0
ORD-115193,2025-12-02,2025-12-02,0.0
ORD-115194,2024-09-10,2024-09-13,3.0
ORD-115195,2025-07-23,2025-07-23,0.0
ORD-115196,2024-08-01,2024-08-01,0.0
ORD-115197,2025-10-14,2025-10-14,0.0
ORD-115198,2024-08-12,2024-08-12,0.0
ORD-115199,2025-03-25,2025-03-25,0.0
ORD-115200,2025-04-20,2025-04-20,0.0
ORD-115201,2025-08-10,2025-08-10,0.0
ORD-115202,2024-03-20,2024-03-20,0.0
ORD-115203,2024-12-11,2024-12-11,0.0
ORD-115204,2025-01-17,2025-01-18,1.0
ORD-115205,2025-11-27,2025-11-27,0.0
ORD-115206,2024-06-08,2024-06-09,1.0
ORD-115207,2024-09-16,2024-09-16,0.0
ORD-115208,2025-04-02,2025-04-02,0.0
ORD-115209,2024-04-24,2024-04-24,0.0
ORD-115210,2024-11-07,2024-11-07,0.0
ORD-115211,2025-08-09,2025-08-10,1.0
ORD-115212,2024-08-30,,
ORD-115213,2025-08-14,2025-08-14,0.0
ORD-115214,2025-06-02,2025-06-02,0.0
ORD-115215,2024-10-21,2024-10-21,0.0
ORD-115216,2024-10-27,2024-10-27,0.0
ORD-115217,2024-08-10,2024-08-10,0.0
ORD-115218,2024-09-23,2024-09-23,0.0
ORD-115219,2025-09-30,2025-09-30,0.0
ORD-115220,2025-10-26,,
ORD-115221,2025-07-16,2025-07-18,2.0
ORD-115222,2025-03-13,2025-03-16,3.0
ORD-115223,2024-06-09,2024-06-12,3.0
ORD-115224,2025-07-26,2025-07-27,1.0
ORD-115225,2025-12-01,,
ORD-115226,2025-11-07,2025-11-07,0.0
ORD-115227,2025-04-25,2025-04-25,0.0
ORD-115228,2025-10-12,2025-10-12,0.0
ORD-115229,2024-03-26,2024-03-26,0.0
ORD-115230,2025-10-18,,
ORD-115231,2025-12-03,2025-12-03,0.0
ORD-115232,2025-02-07,2025-02-08,1.0
ORD-115233,2024-09-19,2024-09-22,3.0
ORD-115234,2025-11-12,2025-11-12,0.0
ORD-115235,2024-09-19,2024-09-19,0.0
ORD-115236,2024-12-11,2024-12-13,2.0
ORD-115237,2025-04-09,2025-04-10,1.0
ORD-115238,2025-08-14,2025-08-14,0.0
ORD-115239,2024-07-09,2024-07-11,2.0
ORD-115240,2024-12-28,2024-12-28,0.0
ORD-115241,2025-10-23,2025-10-23,0.0
ORD-115242,2025-11-16,2025-11-16,0.0
ORD-115243,2024-10-23,2024-10-23,0.0
ORD-115244,2025-05-07,2025-05-07,0.0
ORD-115245,2025-09-27,2025-09-27,0.0
ORD-115246,2024-07-14,2024-07-14,0.0
ORD-115247,2025-08-30,2025-08-30,0.0
ORD-115248,2025-06-15,,
ORD-115249,2025-03-06,2025-03-06,0.0
ORD-115250,2025-11-18,2025-11-18,0.0
ORD-115251,2025-08-12,2025-08-12,0.0
ORD-115252,2024-08-29,2024-08-29,0.0
ORD-115253,2025-12-17,2025-12-20,3.0
ORD-115254,2024-11-16,2024-11-16,0.0
ORD-115255,2025-10-02,2025-10-07,5.0
ORD-115256,2025-09-16,2025-09-16,0.0
ORD-115257,2025-08-05,2025-08-05,0.0
ORD-115258,2025-07-15,2025-07-15,0.0
ORD-115259,2024-08-01,2024-08-01,0.0
ORD-115260,2024-07-27,2024-07-27,0.0
ORD-115261,2025-10-31,2025-11-02,2.0
ORD-115262,2025-11-02,2025-11-03,1.0
ORD-115263,2024-09-26,2024-09-26,0.0
ORD-115264,2025-12-07,,
ORD-115265,2025-02-25,2025-02-25,0.0
ORD-115266,2024-11-12,2024-11-12,0.0
ORD-115267,2025-03-03,2025-03-03,0.0
ORD-115268,2025-03-29,2025-03-29,0.0
ORD-115269,2024-05-18,2024-05-18,0.0
ORD-115270,2024-10-03,,
ORD-115271,2025-02-20,2025-02-20,0.0
ORD-115272,2025-05-08,2025-05-08,0.0
ORD-115273,2025-05-23,2025-05-24,1.0
ORD-115274,2024-09-15,2024-09-15,0.0
ORD-115275,2025-07-16,2025-07-17,1.0
ORD-115276,2025-07-26,2025-07-26,0.0
ORD-115277,2025-06-16,2025-06-17,1.0
ORD-115278,2025-09-07,,
ORD-115279,2025-06-24,2025-06-25,1.0
ORD-115280,2025-01-31,2025-01-31,0.0
ORD-115281,2025-11-27,2025-11-28,1.0
ORD-115282,2025-08-18,2025-08-18,0.0
ORD-115283,2025-02-11,2025-02-11,0.0
ORD-115284,2025-01-20,2025-01-20,0.0
ORD-115285,2024-11-03,2024-11-04,1.0
ORD-115286,2024-10-25,2024-10-25,0.0
ORD-115287,2024-10-09,2024-10-09,0.0
ORD-115288,2024-04-25,2024-04-25,0.0
ORD-115289,2025-09-03,2025-09-03,0.0
ORD-115290,2025-11-20,,
ORD-115291,2025-11-02,2025-11-03,1.0
ORD-115292,2025-11-17,2025-11-19,2.0
ORD-115293,2024-10-07,2024-10-09,2.0
ORD-115294,2025-04-15,2025-04-15,0.0
ORD-115295,2025-10-27,2025-10-27,0.0
ORD-115296,2025-12-16,,
ORD-115297,2024-10-29,2024-10-29,0.0
ORD-115298,2025-01-15,2025-01-17,2.0
ORD-115299,2025-11-16,2025-11-16,0.0
ORD-115300,2025-06-23,,
ORD-115301,2025-06-25,2025-06-25,0.0
ORD-115302,2024-07-14,2024-07-16,2.0
ORD-115303,2025-10-04,2025-10-04,0.0
ORD-115304,2025-12-02,2025-12-02,0.0
ORD-115305,2024-08-07,2024-08-07,0.0
ORD-115306,2025-10-23,2025-10-23,0.0
ORD-115307,2025-04-21,2025-04-21,0.0
ORD-115308,2025-08-09,2025-08-10,1.0
ORD-115309,2025-10-04,2025-10-06,2.0
ORD-115310,2024-10-29,2024-10-29,0.0
ORD-115311,2024-10-01,2024-10-02,1.0
ORD-115312,2025-07-06,2025-07-06,0.0
ORD-115313,2025-01-21,,
ORD-115314,2024-09-13,2024-09-18,5.0
ORD-115315,2024-03-10,2024-03-10,0.0
ORD-115316,2025-12-16,2025-12-17,1.0
ORD-115317,2025-12-05,2025-12-07,2.0
ORD-115318,2024-09-25,2024-09-27,2.0
ORD-115319,2025-05-06,,
ORD-115320,2024-05-21,2024-05-22,1.0
ORD-115321,2024-04-15,2024-04-15,0.0
ORD-115322,2025-02-21,2025-02-21,0.0
ORD-115323,2024-06-27,2024-06-28,1.0
ORD-115324,2025-07-15,2025-07-16,1.0
ORD-115325,2025-03-17,2025-03-17,0.0
ORD-115326,2025-07-21,2025-07-22,1.0
ORD-115327,2025-06-18,2025-06-20,2.0
ORD-115328,2025-11-24,2025-11-24,0.0
ORD-115329,2025-11-10,2025-11-11,1.0
ORD-115330,2025-10-16,2025-10-16,0.0
ORD-115331,2025-05-23,2025-05-25,2.0
ORD-115332,2025-09-28,2025-09-28,0.0
ORD-115333,2025-07-06,2025-07-06,0.0
ORD-115334,2024-08-03,,
ORD-115335,2024-09-26,2024-09-26,0.0
ORD-115336,2024-12-27,2024-12-27,0.0
ORD-115337,2025-06-15,2025-06-15,0.0
ORD-115338,2025-06-06,2025-06-06,0.0
ORD-115339,2025-08-01,2025-08-02,1.0
ORD-115340,2024-12-09,2024-12-11,2.0
ORD-115341,2025-05-11,2025-05-14,3.0
ORD-115342,2024-11-04,2024-11-06,2.0
ORD-115343,2024-07-21,2024-07-23,2.0
ORD-115344,2024-06-06,,
ORD-115345,2025-08-15,2025-08-20,5.0
ORD-115346,2025-08-15,2025-08-16,1.0
ORD-115347,2024-10-13,2024-10-13,0.0
ORD-115348,2024-10-06,2024-10-06,0.0
ORD-115349,2025-11-24,2025-11-24,0.0
ORD-115350,2025-12-23,2025-12-23,0.0
ORD-115351,2025-09-10,2025-09-11,1.0
ORD-115352,2025-08-15,2025-08-15,0.0
ORD-115353,2025-08-10,2025-08-11,1.0
ORD-115354,2025-12-06,2025-12-06,0.0
ORD-115355,2024-11-26,2024-11-26,0.0
ORD-115356,2025-09-16,,
ORD-115357,2025-05-17,2025-05-18,1.0
ORD-115358,2024-09-09,2024-09-09,0.0
ORD-115359,2024-10-26,2024-10-26,0.0
ORD-115360,2025-10-01,2025-10-01,0.0
ORD-115361,2024-12-02,2024-12-04,2.0
ORD-115362,2025-07-20,2025-07-20,0.0
ORD-115363,2024-12-19,2024-12-19,0.0
ORD-115364,2024-08-21,2024-08-23,2.0
ORD-115365,2025-07-21,2025-07-21,0.0
ORD-115366,2025-09-09,2025-09-10,1.0
ORD-115367,2025-07-11,2025-07-11,0.0
ORD-115368,2025-10-22,2025-10-24,2.0
ORD-115369,2024-12-25,2024-12-28,3.0
ORD-115370,2025-02-22,2025-02-23,1.0
ORD-115371,2024-05-17,2024-05-17,0.0
ORD-115372,2024-10-30,2024-10-30,0.0
ORD-115373,2025-08-20,2025-08-20,0.0
ORD-115374,2025-10-16,2025-10-16,0.0
ORD-115375,2025-01-27,,
ORD-115376,2025-02-25,2025-02-25,0.0
ORD-115377,2025-03-31,,
ORD-115378,2025-06-11,2025-06-12,1.0
ORD-115379,2025-06-16,2025-06-16,0.0
ORD-115380,2024-11-20,2024-11-20,0.0
ORD-115381,2025-06-12,2025-06-12,0.0
ORD-115382,2025-09-18,2025-09-18,0.0
ORD-115383,2025-01-26,2025-01-26,0.0
ORD-115384,2025-08-29,2025-08-31,2.0
ORD-115385,2025-06-19,2025-06-20,1.0
ORD-115386,2024-06-20,,
ORD-115387,2025-07-21,2025-07-21,0.0
ORD-115388,2025-07-17,2025-07-17,0.0
ORD-115389,2024-11-24,,
ORD-115390,2024-10-04,2024-10-04,0.0
ORD-115391,2025-11-16,2025-11-16,0.0
ORD-115392,2024-12-04,,
ORD-115393,2024-11-01,2024-11-01,0.0
ORD-115394,2025-03-04,2025-03-04,0.0
ORD-115395,2025-12-05,2025-12-05,0.0
ORD-115396,2025-07-24,2025-07-24,0.0
ORD-115397,2025-10-04,2025-10-04,0.0
ORD-115398,2025-03-30,2025-03-31,1.0
ORD-115399,2025-02-15,2025-02-15,0.0
ORD-115400,2026-01-03,2026-01-06,3.0
ORD-115401,2025-10-04,2025-10-04,0.0
ORD-115402,2025-11-18,,
ORD-115403,2024-09-21,2024-09-24,3.0
ORD-115404,2025-11-22,,
ORD-115405,2024-12-18,,
ORD-115406,2024-11-06,2024-11-06,0.0
ORD-115407,2024-12-27,2024-12-28,1.0
ORD-115408,2024-11-16,2024-11-16,0.0
ORD-115409,2025-12-26,2025-12-26,0.0
ORD-115410,2025-02-03,2025-02-03,0.0
ORD-115411,2025-09-12,2025-09-12,0.0
ORD-115412,2024-03-31,2024-03-31,0.0
ORD-115413,2025-06-03,2025-06-03,0.0
ORD-115414,2024-11-10,2024-11-13,3.0
ORD-115415,2025-08-23,2025-08-23,0.0
ORD-115416,2025-10-27,2025-10-28,1.0
ORD-115417,2025-12-07,2025-12-07,0.0
ORD-115418,2025-11-14,2025-11-15,1.0
ORD-115419,2025-12-15,2025-12-18,3.0
ORD-115420,2024-11-08,2024-11-08,0.0
ORD-115421,2025-08-17,2025-08-19,2.0
ORD-115422,2025-11-22,2025-11-22,0.0
ORD-115423,2024-10-28,2024-10-28,0.0
ORD-115424,2025-01-27,2025-01-28,1.0
ORD-115425,2025-05-05,2025-05-06,1.0
ORD-115426,2024-09-24,2024-09-24,0.0
ORD-115427,2025-06-20,2025-06-20,0.0
ORD-115428,2025-03-20,2025-03-21,1.0
ORD-115429,2025-10-21,2025-10-22,1.0
ORD-115430,2025-12-19,2025-12-19,0.0
ORD-115431,2025-12-11,2025-12-11,0.0
ORD-115432,2024-10-22,2024-10-23,1.0
ORD-115433,2024-08-17,2024-08-17,0.0
ORD-115434,2025-06-11,,
ORD-115435,2025-11-29,2025-11-29,0.0
ORD-115436,2025-05-17,2025-05-17,0.0
ORD-115437,2025-08-03,2025-08-03,0.0
ORD-115438,2025-10-26,2025-10-26,0.0
ORD-115439,2024-12-26,,
ORD-115440,2024-07-20,2024-07-20,0.0
ORD-115441,2025-06-24,2025-06-26,2.0
ORD-115442,2025-11-08,2025-11-09,1.0
ORD-115443,2024-06-09,2024-06-09,0.0
ORD-115444,2025-04-20,2025-04-20,0.0
ORD-115445,2024-10-21,,
ORD-115446,2025-04-14,,
ORD-115447,2025-01-30,2025-02-01,2.0
ORD-115448,2025-12-04,2025-12-05,1.0
ORD-115449,2025-09-13,2025-09-15,2.0
ORD-115450,2025-01-28,2025-01-28,0.0
ORD-115451,2025-07-03,2025-07-03,0.0
ORD-115452,2025-09-17,2025-09-20,3.0
ORD-115453,2024-03-21,2024-03-21,0.0
ORD-115454,2024-08-27,2024-08-28,1.0
ORD-115455,2024-08-20,2024-08-22,2.0
ORD-115456,2025-07-21,2025-07-21,0.0
ORD-115457,2025-08-19,2025-08-19,0.0
ORD-115458,2025-11-21,2025-11-22,1.0
ORD-115459,2025-10-30,2025-10-30,0.0
ORD-115460,2025-12-13,2025-12-13,0.0
ORD-115461,2024-11-12,2024-11-15,3.0
ORD-115462,2025-09-20,2025-09-20,0.0
ORD-115463,2025-10-27,2025-10-28,1.0
ORD-115464,2025-01-23,2025-01-23,0.0
ORD-115465,2024-08-18,2024-08-18,0.0
ORD-115466,2025-07-14,2025-07-14,0.0
ORD-115467,2025-11-30,2025-12-01,1.0
ORD-115468,2025-06-25,2025-06-25,0.0
ORD-115469,2025-12-24,2025-12-24,0.0
ORD-115470,2025-06-28,2025-06-29,1.0
ORD-115471,2024-12-24,2024-12-25,1.0
ORD-115472,2025-08-06,,
ORD-115473,2024-11-10,2024-11-12,2.0
ORD-115474,2025-11-28,2025-11-29,1.0
ORD-115475,2025-06-04,2025-06-04,0.0
ORD-115476,2025-02-02,2025-02-02,0.0
ORD-115477,2025-09-03,2025-09-03,0.0
ORD-115478,2025-05-23,2025-05-23,0.0
ORD-115479,2025-11-16,2025-11-16,0.0
ORD-115480,2025-09-07,2025-09-08,1.0
ORD-115481,2025-11-30,2025-12-01,1.0
ORD-115482,2025-10-22,2025-10-22,0.0
ORD-115483,2025-11-26,2025-11-26,0.0
ORD-115484,2025-09-18,2025-09-18,0.0
ORD-115485,2025-11-14,2025-11-14,0.0
ORD-115486,2024-11-30,2024-11-30,0.0
ORD-115487,2025-08-19,2025-08-19,0.0
ORD-115488,2024-08-29,2024-08-29,0.0
ORD-115489,2025-07-16,2025-07-16,0.0
ORD-115490,2025-11-21,2025-11-22,1.0
ORD-115491,2024-12-29,2024-12-29,0.0
ORD-115492,2025-10-28,2025-10-28,0.0
ORD-115493,2024-06-02,2024-06-02,0.0
ORD-115494,2024-06-25,2024-06-25,0.0
ORD-115495,2025-02-06,2025-02-09,3.0
ORD-115496,2025-08-09,2025-08-12,3.0
ORD-115497,2025-04-18,2025-04-18,0.0
ORD-115498,2025-11-02,2025-11-02,0.0
ORD-115499,2024-10-29,2024-10-29,0.0
ORD-115500,2024-11-14,2024-11-14,0.0
ORD-115501,2024-12-29,,
ORD-115502,2025-10-28,,
ORD-115503,2024-11-30,2024-11-30,0.0
ORD-115504,2024-07-04,2024-07-04,0.0
ORD-115505,2025-04-22,2025-04-22,0.0
ORD-115506,2025-10-12,2025-10-12,0.0
ORD-115507,2025-09-16,2025-09-16,0.0
ORD-115508,2025-01-17,,
ORD-115509,2025-04-22,2025-04-24,2.0
ORD-115510,2025-12-26,2025-12-26,0.0
ORD-115511,2025-02-28,2025-03-01,1.0
ORD-115512,2025-02-14,2025-02-14,0.0
ORD-115513,2025-11-14,2025-11-15,1.0
ORD-115514,2026-01-02,2026-01-05,3.0
ORD-115515,2025-10-23,2025-10-24,1.0
ORD-115516,2024-11-14,2024-11-14,0.0
ORD-115517,2024-08-21,2024-08-21,0.0
ORD-115518,2025-09-22,2025-09-22,0.0
ORD-115519,2025-12-27,,
ORD-115520,2024-12-05,2024-12-06,1.0
ORD-115521,2024-12-02,2024-12-03,1.0
ORD-115522,2024-12-28,2024-12-30,2.0
ORD-115523,2025-09-16,,
ORD-115524,2025-11-25,2025-11-25,0.0
ORD-115525,2025-04-25,2025-04-25,0.0
ORD-115526,2025-08-02,2025-08-02,0.0
ORD-115527,2025-04-17,2025-04-17,0.0
ORD-115528,2024-11-23,2024-11-23,0.0
ORD-115529,2025-11-09,2025-11-09,0.0
ORD-115530,2025-04-15,2025-04-15,0.0
ORD-115531,2025-08-16,2025-08-16,0.0
ORD-115532,2025-11-04,2025-11-06,2.0
ORD-115533,2025-03-23,2025-03-23,0.0
ORD-115534,2024-12-24,2024-12-24,0.0
ORD-115535,2024-11-10,2024-11-12,2.0
ORD-115536,2025-08-14,2025-08-14,0.0
ORD-115537,2025-07-14,2025-07-14,0.0
ORD-115538,2025-02-24,,
ORD-115539,2025-08-19,2025-08-19,0.0
ORD-115540,2025-07-06,2025-07-06,0.0
ORD-115541,2025-10-28,2025-10-29,1.0
ORD-115542,2025-03-03,2025-03-03,0.0
ORD-115543,2025-03-29,2025-03-29,0.0
ORD-115544,2024-08-20,2024-08-22,2.0
ORD-115545,2025-12-12,2025-12-13,1.0
ORD-115546,2024-11-07,2024-11-07,0.0
ORD-115547,2025-04-15,2025-04-15,0.0
ORD-115548,2025-11-13,2025-11-13,0.0
ORD-115549,2025-11-01,2025-11-01,0.0
ORD-115550,2025-09-02,2025-09-02,0.0
ORD-115551,2025-11-15,2025-11-15,0.0
ORD-115552,2024-10-05,2024-10-05,0.0
ORD-115553,2025-10-12,2025-10-13,1.0
ORD-115554,2024-10-20,2024-10-20,0.0
ORD-115555,2025-02-03,2025-02-03,0.0
ORD-115556,2025-07-08,2025-07-09,1.0
ORD-115557,2025-07-07,2025-07-08,1.0
ORD-115558,2025-07-22,,
ORD-115559,2024-11-14,2024-11-14,0.0
ORD-115560,2024-06-07,2024-06-07,0.0
ORD-115561,2025-09-22,2025-09-22,0.0
ORD-115562,2025-08-10,2025-08-10,0.0
ORD-115563,2025-10-15,2025-10-16,1.0
ORD-115564,2025-10-10,2025-10-10,0.0
ORD-115565,2025-07-15,2025-07-15,0.0
ORD-115566,2025-10-22,2025-10-23,1.0
ORD-115567,2024-11-12,2024-11-13,1.0
ORD-115568,2024-05-26,2024-05-26,0.0
ORD-115569,2024-10-30,2024-10-30,0.0
ORD-115570,2025-12-15,2025-12-17,2.0
ORD-115571,2025-09-20,,
ORD-115572,2025-11-11,2025-11-13,2.0
ORD-115573,2025-06-28,2025-06-28,0.0
ORD-115574,2025-07-31,2025-07-31,0.0
ORD-115575,2025-11-05,2025-11-05,0.0
ORD-115576,2025-01-30,2025-01-31,1.0
ORD-115577,2025-07-29,2025-07-30,1.0
ORD-115578,2025-05-18,,
ORD-115579,2025-10-26,2025-10-26,0.0
ORD-115580,2024-07-05,2024-07-05,0.0
ORD-115581,2025-08-10,2025-08-13,3.0
ORD-115582,2025-10-14,2025-10-14,0.0
ORD-115583,2024-09-18,2024-09-18,0.0
ORD-115584,2025-04-25,2025-04-26,1.0
ORD-115585,2025-12-16,2025-12-16,0.0
ORD-115586,2025-12-25,2025-12-25,0.0
ORD-115587,2024-11-15,2024-11-15,0.0
ORD-115588,2025-08-19,2025-08-19,0.0
ORD-115589,2025-03-25,2025-03-25,0.0
ORD-115590,2025-07-04,2025-07-04,0.0
ORD-115591,2025-07-26,2025-07-26,0.0
ORD-115592,2025-02-06,2025-02-06,0.0
ORD-115593,2025-10-04,2025-10-07,3.0
ORD-115594,2025-04-05,2025-04-06,1.0
ORD-115595,2025-06-17,2025-06-17,0.0
ORD-115596,2025-12-24,2025-12-24,0.0
ORD-115597,2025-04-30,2025-05-01,1.0
ORD-115598,2025-12-01,2025-12-01,0.0
ORD-115599,2025-06-30,2025-06-30,0.0
ORD-115600,2025-11-17,2025-11-20,3.0
ORD-115601,2025-06-16,2025-06-16,0.0
ORD-115602,2025-02-25,2025-02-25,0.0
ORD-115603,2025-11-15,2025-11-15,0.0
ORD-115604,2025-03-08,2025-03-09,1.0
ORD-115605,2025-10-16,2025-10-16,0.0
ORD-115606,2025-09-18,2025-09-19,1.0
ORD-115607,2024-06-04,2024-06-04,0.0
ORD-115608,2025-03-02,2025-03-02,0.0
ORD-115609,2025-03-14,2025-03-14,0.0
ORD-115610,2025-11-14,2025-11-16,2.0
ORD-115611,2024-02-20,2024-02-20,0.0
ORD-115612,2024-06-12,2024-06-12,0.0
ORD-115613,2025-04-16,2025-04-16,0.0
ORD-115614,2025-05-12,,
ORD-115615,2025-04-20,2025-04-22,2.0
ORD-115616,2025-11-18,2025-11-19,1.0
ORD-115617,2025-06-26,2025-07-01,5.0
ORD-115618,2025-09-24,2025-09-24,0.0
ORD-115619,2025-04-29,2025-04-29,0.0
ORD-115620,2025-07-26,,
ORD-115621,2024-08-30,2024-08-31,1.0
ORD-115622,2025-12-08,2025-12-09,1.0
ORD-115623,2025-10-23,2025-10-24,1.0
ORD-115624,2024-05-15,2024-05-15,0.0
ORD-115625,2025-11-04,2025-11-04,0.0
ORD-115626,2025-06-25,2025-06-25,0.0
ORD-115627,2025-10-05,2025-10-06,1.0
ORD-115628,2025-11-16,2025-11-17,1.0
ORD-115629,2025-03-21,2025-03-21,0.0
ORD-115630,2024-07-31,2024-07-31,0.0
ORD-115631,2025-08-04,2025-08-06,2.0
ORD-115632,2025-05-22,2025-05-24,2.0
ORD-115633,2025-12-13,2025-12-13,0.0
ORD-115634,2025-11-14,2025-11-16,2.0
ORD-115635,2025-05-24,2025-05-24,0.0
ORD-115636,2025-02-22,2025-02-24,2.0
ORD-115637,2025-11-17,,
ORD-115638,2025-09-15,2025-09-15,0.0
ORD-115639,2025-10-03,2025-10-03,0.0
ORD-115640,2025-07-25,2025-07-28,3.0
ORD-115641,2025-06-14,2025-06-14,0.0
ORD-115642,2024-06-13,2024-06-15,2.0
ORD-115643,2024-09-14,2024-09-14,0.0
ORD-115644,2025-01-08,2025-01-09,1.0
ORD-115645,2025-10-07,2025-10-09,2.0
ORD-115646,2025-02-02,2025-02-04,2.0
ORD-115647,2024-11-15,2024-11-16,1.0
ORD-115648,2025-11-25,2025-11-26,1.0
ORD-115649,2025-01-15,,
ORD-115650,2025-04-10,2025-04-10,0.0
ORD-115651,2024-05-26,2024-05-26,0.0
ORD-115652,2025-08-01,2025-08-01,0.0
ORD-115653,2024-10-19,2024-10-22,3.0
ORD-115654,2024-10-26,2024-10-28,2.0
ORD-115655,2025-03-13,2025-03-15,2.0
ORD-115656,2024-10-17,2024-10-17,0.0
ORD-115657,2024-12-04,2024-12-04,0.0
ORD-115658,2025-11-03,2025-11-03,0.0
ORD-115659,2025-06-10,2025-06-10,0.0
ORD-115660,2025-03-02,2025-03-03,1.0
ORD-115661,2025-11-18,,
ORD-115662,2024-03-31,2024-04-02,2.0
ORD-115663,2025-11-15,2025-11-18,3.0
ORD-115664,2024-11-05,2024-11-05,0.0
ORD-115665,2025-09-10,2025-09-10,0.0
ORD-115666,2024-10-24,2024-10-24,0.0
ORD-115667,2025-09-03,2025-09-03,0.0
ORD-115668,2025-09-02,2025-09-03,1.0
ORD-115669,2025-11-17,2025-11-17,0.0
ORD-115670,2025-02-06,,
ORD-115671,2025-04-09,2025-04-09,0.0
ORD-115672,2025-04-07,2025-04-08,1.0
ORD-115673,2025-11-02,2025-11-02,0.0
ORD-115674,2025-05-22,2025-05-23,1.0
ORD-115675,2025-07-06,2025-07-06,0.0
ORD-115676,2025-07-03,2025-07-03,0.0
ORD-115677,2025-12-23,2025-12-24,1.0
ORD-115678,2024-12-02,2024-12-03,1.0
ORD-115679,2025-03-09,2025-03-10,1.0
ORD-115680,2025-01-31,2025-02-01,1.0
ORD-115681,2025-12-20,2025-12-20,0.0
ORD-115682,2025-03-19,2025-03-19,0.0
ORD-115683,2025-03-14,2025-03-15,1.0
ORD-115684,2025-12-22,2025-12-22,0.0
ORD-115685,2025-07-11,,
ORD-115686,2024-10-08,2024-10-10,2.0
ORD-115687,2025-10-23,2025-10-23,0.0
ORD-115688,2025-09-13,2025-09-13,0.0
ORD-115689,2025-04-08,2025-04-11,3.0
ORD-115690,2025-05-19,2025-05-20,1.0
ORD-115691,2025-11-06,2025-11-07,1.0
ORD-115692,2025-01-25,2025-01-25,0.0
ORD-115693,2025-09-22,2025-09-22,0.0
ORD-115694,2025-11-12,2025-11-12,0.0
ORD-115695,2025-12-11,2025-12-11,0.0
ORD-115696,2025-07-15,2025-07-16,1.0
ORD-115697,2025-09-10,2025-09-10,0.0
ORD-115698,2025-12-25,2025-12-25,0.0
ORD-115699,2025-09-26,2025-09-26,0.0
ORD-115700,2025-03-13,2025-03-13,0.0
ORD-115701,2025-12-19,2025-12-19,0.0
ORD-115702,2025-09-03,2025-09-03,0.0
ORD-115703,2025-08-08,2025-08-08,0.0
ORD-115704,2025-10-02,2025-10-07,5.0
ORD-115705,2025-09-01,2025-09-01,0.0
ORD-115706,2024-10-20,2024-10-20,0.0
ORD-115707,2025-01-09,2025-01-10,1.0
ORD-115708,2025-07-25,2025-07-25,0.0
ORD-115709,2025-06-14,2025-06-17,3.0
ORD-115710,2024-05-24,2024-05-24,0.0
ORD-115711,2025-10-03,2025-10-04,1.0
ORD-115712,2024-11-20,2024-11-21,1.0
ORD-115713,2025-11-06,2025-11-06,0.0
ORD-115714,2024-06-26,2024-06-26,0.0
ORD-115715,2025-06-27,2025-06-28,1.0
ORD-115716,2024-06-05,2024-06-05,0.0
ORD-115717,2025-10-28,2025-10-28,0.0
ORD-115718,2025-03-29,2025-03-31,2.0
ORD-115719,2025-06-21,,
ORD-115720,2025-11-03,2025-11-03,0.0
ORD-115721,2024-04-05,2024-04-06,1.0
ORD-115722,2025-10-04,2025-10-04,0.0
ORD-115723,2025-07-02,2025-07-02,0.0
ORD-115724,2025-11-20,2025-11-20,0.0
ORD-115725,2025-06-13,2025-06-14,1.0
ORD-115726,2025-04-12,2025-04-12,0.0
ORD-115727,2025-11-17,2025-11-18,1.0
ORD-115728,2025-04-20,2025-04-21,1.0
ORD-115729,2024-11-25,2024-11-25,0.0
ORD-115730,2025-03-23,2025-03-23,0.0
ORD-115731,2025-08-01,2025-08-01,0.0
ORD-115732,2025-01-30,2025-01-30,0.0
ORD-115733,2025-01-24,2025-01-27,3.0
ORD-115734,2025-09-11,2025-09-14,3.0
ORD-115735,2025-10-28,2025-10-28,0.0
ORD-115736,2024-10-16,2024-10-16,0.0
ORD-115737,2025-01-26,2025-01-29,3.0
ORD-115738,2024-10-18,2024-10-19,1.0
ORD-115739,2025-07-08,2025-07-11,3.0
ORD-115740,2025-06-08,2025-06-08,0.0
ORD-115741,2025-08-16,2025-08-16,0.0
ORD-115742,2025-09-27,2025-09-29,2.0
ORD-115743,2025-07-30,2025-07-31,1.0
ORD-115744,2025-08-22,2025-08-22,0.0
ORD-115745,2024-10-18,2024-10-18,0.0
ORD-115746,2025-01-27,2025-01-30,3.0
ORD-115747,2024-12-17,2024-12-17,0.0
ORD-115748,2025-12-03,2025-12-03,0.0
ORD-115749,2025-08-27,2025-08-27,0.0
ORD-115750,2025-01-09,2025-01-09,0.0
ORD-115751,2024-11-10,,
ORD-115752,2025-12-30,2025-12-31,1.0
ORD-115753,2024-12-27,2024-12-27,0.0
ORD-115754,2024-09-16,2024-09-16,0.0
ORD-115755,2024-08-30,2024-08-30,0.0
ORD-115756,2025-05-10,2025-05-11,1.0
ORD-115757,2024-11-17,2024-11-17,0.0
ORD-115758,2024-10-07,2024-10-07,0.0
ORD-115759,2024-02-21,2024-02-21,0.0
ORD-115760,2025-10-19,2025-10-20,1.0
ORD-115761,2025-12-09,2025-12-09,0.0
ORD-115762,2024-12-19,2024-12-21,2.0
ORD-115763,2025-10-22,2025-10-23,1.0
ORD-115764,2025-08-14,2025-08-14,0.0
ORD-115765,2025-02-27,2025-02-28,1.0
ORD-115766,2025-12-24,2025-12-26,2.0
ORD-115767,2025-08-07,2025-08-08,1.0
ORD-115768,2025-10-22,2025-10-22,0.0
ORD-115769,2025-07-20,2025-07-20,0.0
ORD-115770,2024-12-08,2024-12-08,0.0
ORD-115771,2025-08-23,2025-08-23,0.0
ORD-115772,2024-12-09,,
ORD-115773,2025-10-23,2025-10-23,0.0
ORD-115774,2025-07-02,2025-07-03,1.0
ORD-115775,2024-10-28,2024-10-29,1.0
ORD-115776,2025-10-23,2025-10-23,0.0
ORD-115777,2025-11-02,2025-11-02,0.0
ORD-115778,2025-02-01,2025-02-01,0.0
ORD-115779,2024-09-19,2024-09-19,0.0
ORD-115780,2025-12-22,2025-12-23,1.0
ORD-115781,2025-10-19,2025-10-19,0.0
ORD-115782,2025-07-31,2025-07-31,0.0
ORD-115783,2025-09-27,2025-09-29,2.0
ORD-115784,2025-10-15,2025-10-15,0.0
ORD-115785,2025-05-30,2025-05-30,0.0
ORD-115786,2025-11-25,2025-11-25,0.0
ORD-115787,2025-10-28,2025-10-28,0.0
ORD-115788,2025-11-27,,
ORD-115789,2025-08-11,2025-08-12,1.0
ORD-115790,2024-03-17,2024-03-17,0.0
ORD-115791,2024-12-23,2024-12-25,2.0
ORD-115792,2024-10-09,2024-10-09,0.0
ORD-115793,2024-05-30,2024-05-31,1.0
ORD-115794,2025-06-30,2025-06-30,0.0
ORD-115795,2024-09-25,2024-09-25,0.0
ORD-115796,2025-04-24,2025-04-24,0.0
ORD-115797,2025-06-20,2025-06-20,0.0
ORD-115798,2024-07-14,2024-07-14,0.0
ORD-115799,2024-05-28,2024-05-28,0.0
ORD-115800,2025-06-28,,
ORD-115801,2025-03-28,2025-03-28,0.0
ORD-115802,2025-11-14,2025-11-16,2.0
ORD-115803,2025-07-01,2025-07-01,0.0
ORD-115804,2025-04-11,,
ORD-115805,2025-11-18,2025-11-19,1.0
ORD-115806,2025-08-18,2025-08-19,1.0
ORD-115807,2024-04-29,2024-04-29,0.0
ORD-115808,2025-11-13,2025-11-13,0.0
ORD-115809,2025-09-28,2025-09-28,0.0
ORD-115810,2025-12-18,2025-12-18,0.0
ORD-115811,2025-02-10,2025-02-11,1.0
ORD-115812,2025-11-07,2025-11-07,0.0
ORD-115813,2024-11-28,2024-11-28,0.0
ORD-115814,2025-12-20,,
ORD-115815,2024-11-30,2024-11-30,0.0
ORD-115816,2024-12-11,,
ORD-115817,2024-10-21,2024-10-21,0.0
ORD-115818,2024-09-25,2024-09-25,0.0
ORD-115819,2025-06-26,2025-06-27,1.0
ORD-115820,2025-04-21,2025-04-21,0.0
ORD-115821,2025-08-04,,
ORD-115822,2025-08-06,2025-08-07,1.0
ORD-115823,2025-10-26,2025-10-26,0.0
ORD-115824,2024-12-09,2024-12-09,0.0
ORD-115825,2025-09-17,2025-09-17,0.0
ORD-115826,2025-11-03,2025-11-03,0.0
ORD-115827,2025-09-18,2025-09-18,0.0
ORD-115828,2025-10-22,2025-10-22,0.0
ORD-115829,2024-08-10,2024-08-10,0.0
ORD-115830,2025-10-15,2025-10-16,1.0
ORD-115831,2025-12-25,2025-12-25,0.0
ORD-115832,2025-08-19,2025-08-22,3.0
ORD-115833,2025-10-22,,
ORD-115834,2025-11-15,2025-11-15,0.0
ORD-115835,2025-11-06,2025-11-06,0.0
ORD-115836,2025-03-30,2025-03-30,0.0
ORD-115837,2025-10-29,2025-10-29,0.0
ORD-115838,2024-08-01,2024-08-01,0.0
ORD-115839,2025-04-14,2025-04-14,0.0
ORD-115840,2025-11-16,2025-11-16,0.0
ORD-115841,2024-04-29,2024-04-29,0.0
ORD-115842,2024-10-31,2024-11-03,3.0
ORD-115843,2025-01-15,2025-01-15,0.0
ORD-115844,2025-11-13,2025-11-15,2.0
ORD-115845,2025-11-20,2025-11-22,2.0
ORD-115846,2025-07-08,2025-07-08,0.0
ORD-115847,2025-09-29,2025-09-29,0.0
ORD-115848,2025-03-10,2025-03-10,0.0
ORD-115849,2024-12-29,2024-12-29,0.0
ORD-115850,2025-10-10,2025-10-11,1.0
ORD-115851,2024-11-01,2024-11-01,0.0
ORD-115852,2025-12-08,2025-12-08,0.0
ORD-115853,2025-09-02,2025-09-07,5.0
ORD-115854,2025-03-26,2025-03-27,1.0
ORD-115855,2025-10-06,2025-10-06,0.0
ORD-115856,2025-06-18,2025-06-19,1.0
ORD-115857,2025-06-25,2025-06-26,1.0
ORD-115858,2025-12-11,2025-12-11,0.0
ORD-115859,2024-10-10,2024-10-10,0.0
ORD-115860,2024-08-19,2024-08-20,1.0
ORD-115861,2025-06-21,2025-06-23,2.0
ORD-115862,2025-01-30,2025-02-01,2.0
ORD-115863,2025-03-05,2025-03-05,0.0
ORD-115864,2025-08-04,2025-08-05,1.0
ORD-115865,2025-11-04,2025-11-04,0.0
ORD-115866,2025-01-03,2025-01-03,0.0
ORD-115867,2024-07-23,2024-07-23,0.0
ORD-115868,2025-07-21,2025-07-21,0.0
ORD-115869,2025-08-13,2025-08-13,0.0
ORD-115870,2025-03-27,2025-03-27,0.0
ORD-115871,2025-02-20,2025-02-20,0.0
ORD-115872,2025-11-13,2025-11-13,0.0
ORD-115873,2025-08-07,2025-08-07,0.0
ORD-115874,2025-04-01,,
ORD-115875,2025-11-13,2025-11-13,0.0
ORD-115876,2025-10-31,2025-10-31,0.0
ORD-115877,2025-11-08,2025-11-08,0.0
ORD-115878,2024-06-04,,
ORD-115879,2025-11-12,2025-11-12,0.0
ORD-115880,2025-06-12,,
ORD-115881,2025-12-04,2025-12-05,1.0
ORD-115882,2025-10-13,2025-10-13,0.0
ORD-115883,2024-06-05,2024-06-06,1.0
ORD-115884,2025-11-16,2025-11-16,0.0
ORD-115885,2024-11-16,2024-11-18,2.0
ORD-115886,2025-09-05,2025-09-05,0.0
ORD-115887,2025-04-27,2025-04-27,0.0
ORD-115888,2025-05-10,2025-05-10,0.0
ORD-115889,2024-11-15,2024-11-15,0.0
ORD-115890,2025-06-08,2025-06-09,1.0
ORD-115891,2024-06-26,2024-06-26,0.0
ORD-115892,2025-11-08,2025-11-09,1.0
ORD-115893,2025-11-15,2025-11-15,0.0
ORD-115894,2025-11-18,2025-11-21,3.0
ORD-115895,2025-10-06,,
ORD-115896,2024-11-02,2024-11-02,0.0
ORD-115897,2024-06-10,2024-06-15,5.0
ORD-115898,2025-05-11,2025-05-12,1.0
ORD-115899,2025-05-18,,
ORD-115900,2024-09-18,2024-09-18,0.0
ORD-115901,2025-07-14,2025-07-19,5.0
ORD-115902,2025-09-04,2025-09-04,0.0
ORD-115903,2025-07-08,2025-07-08,0.0
ORD-115904,2025-08-05,2025-08-05,0.0
ORD-115905,2025-07-29,2025-08-03,5.0
ORD-115906,2025-10-21,2025-10-21,0.0
ORD-115907,2025-03-24,2025-03-24,0.0
ORD-115908,2025-06-04,2025-06-04,0.0
ORD-115909,2025-09-23,2025-09-24,1.0
ORD-115910,2025-07-13,2025-07-15,2.0
ORD-115911,2025-04-16,2025-04-16,0.0
ORD-115912,2025-12-09,2025-12-09,0.0
ORD-115913,2025-12-14,2025-12-15,1.0
ORD-115914,2025-02-25,2025-02-25,0.0
ORD-115915,2024-11-09,2024-11-10,1.0
ORD-115916,2024-11-17,,
ORD-115917,2025-02-16,,
ORD-115918,2025-04-15,,
ORD-115919,2024-12-11,2024-12-11,0.0
ORD-115920,2025-12-04,2025-12-04,0.0
ORD-115921,2025-08-16,2025-08-16,0.0
ORD-115922,2024-10-28,2024-10-28,0.0
ORD-115923,2025-11-14,2025-11-14,0.0
ORD-115924,2025-07-06,2025-07-07,1.0
ORD-115925,2025-10-18,2025-10-19,1.0
ORD-115926,2025-02-08,2025-02-08,0.0
ORD-115927,2025-10-21,2025-10-21,0.0
ORD-115928,2025-11-10,2025-11-10,0.0
ORD-115929,2025-05-24,2025-05-24,0.0
ORD-115930,2025-11-17,2025-11-17,0.0
ORD-115931,2025-02-10,2025-02-11,1.0
ORD-115932,2024-11-09,2024-11-09,0.0
ORD-115933,2024-08-17,2024-08-17,0.0
ORD-115934,2024-08-10,2024-08-11,1.0
ORD-115935,2025-08-27,,
ORD-115936,2024-11-06,2024-11-06,0.0
ORD-115937,2024-05-11,2024-05-11,0.0
ORD-115938,2025-07-23,2025-07-24,1.0
ORD-115939,2025-02-25,2025-02-26,1.0
ORD-115940,2025-01-29,2025-01-29,0.0
ORD-115941,2025-09-13,2025-09-13,0.0
ORD-115942,2025-07-10,,
ORD-115943,2025-06-23,2025-06-23,0.0
ORD-115944,2024-08-27,2024-08-27,0.0
ORD-115945,2025-06-20,2025-06-21,1.0
ORD-115946,2024-09-16,2024-09-16,0.0
ORD-115947,2025-09-21,2025-09-22,1.0
ORD-115948,2025-05-17,2025-05-18,1.0
ORD-115949,2025-01-31,2025-01-31,0.0
ORD-115950,2025-05-08,2025-05-09,1.0
ORD-115951,2025-02-05,,
ORD-115952,2025-02-03,2025-02-03,0.0
ORD-115953,2024-11-21,2024-11-21,0.0
ORD-115954,2025-01-15,2025-01-15,0.0
ORD-115955,2025-11-23,2025-11-23,0.0
ORD-115956,2025-03-24,2025-03-24,0.0
ORD-115957,2025-10-31,2025-11-01,1.0
ORD-115958,2025-11-29,2025-11-29,0.0
ORD-115959,2025-09-12,2025-09-14,2.0
ORD-115960,2025-07-05,2025-07-05,0.0
ORD-115961,2024-11-21,2024-11-21,0.0
ORD-115962,2025-01-27,2025-01-27,0.0
ORD-115963,2025-01-05,2025-01-05,0.0
ORD-115964,2025-10-16,2025-10-16,0.0
ORD-115965,2025-11-09,2025-11-10,1.0
ORD-115966,2025-07-17,2025-07-17,0.0
ORD-115967,2024-05-31,2024-05-31,0.0
ORD-115968,2025-10-17,2025-10-18,1.0
ORD-115969,2024-12-29,2024-12-29,0.0
ORD-115970,2024-09-02,2024-09-02,0.0
ORD-115971,2025-10-18,2025-10-19,1.0
ORD-115972,2025-01-28,2025-01-28,0.0
ORD-115973,2025-10-15,2025-10-15,0.0
ORD-115974,2025-12-24,2025-12-25,1.0
ORD-115975,2025-02-04,2025-02-04,0.0
ORD-115976,2025-11-08,2025-11-09,1.0
ORD-115977,2025-06-13,2025-06-16,3.0
ORD-115978,2024-12-29,2024-12-29,0.0
ORD-115979,2024-11-10,2024-11-10,0.0
ORD-115980,2025-11-21,2025-11-21,0.0
ORD-115981,2025-07-01,2025-07-01,0.0
ORD-115982,2025-10-28,2025-10-29,1.0
ORD-115983,2025-05-01,2025-05-01,0.0
ORD-115984,2025-09-10,2025-09-10,0.0
ORD-115985,2024-12-05,2024-12-06,1.0
ORD-115986,2025-06-02,2025-06-02,0.0
ORD-115987,2025-04-03,2025-04-03,0.0
ORD-115988,2024-11-11,2024-11-11,0.0
ORD-115989,2025-04-12,2025-04-14,2.0
ORD-115990,2024-11-16,2024-11-16,0.0
ORD-115991,2025-06-12,2025-06-12,0.0
ORD-115992,2024-11-01,2024-11-01,0.0
ORD-115993,2024-08-25,2024-08-25,0.0
ORD-115994,2025-02-06,2025-02-06,0.0
ORD-115995,2025-05-24,2025-05-24,0.0
ORD-115996,2025-12-27,2025-12-27,0.0
ORD-115997,2025-08-04,2025-08-05,1.0
ORD-115998,2024-04-13,2024-04-16,3.0
ORD-115999,2025-04-14,2025-04-16,2.0
ORD-116000,2024-07-16,2024-07-16,0.0
ORD-116001,2025-01-12,2025-01-13,1.0
ORD-116002,2025-05-22,2025-05-22,0.0
ORD-116003,2025-07-22,2025-07-22,0.0
ORD-116004,2025-05-30,2025-06-02,3.0
ORD-116005,2025-09-05,2025-09-06,1.0
ORD-116006,2024-07-23,2024-07-24,1.0
ORD-116007,2025-05-16,2025-05-16,0.0
ORD-116008,2025-06-14,,
ORD-116009,2024-12-13,2024-12-14,1.0
ORD-116010,2025-10-28,2025-10-30,2.0
ORD-116011,2025-10-21,2025-10-21,0.0
ORD-116012,2025-08-16,2025-08-17,1.0
ORD-116013,2025-07-20,2025-07-21,1.0
ORD-116014,2025-07-29,2025-07-30,1.0
ORD-116015,2024-06-30,2024-06-30,0.0
ORD-116016,2025-05-23,2025-05-24,1.0
ORD-116017,2025-05-03,2025-05-03,0.0
ORD-116018,2024-11-17,2024-11-19,2.0
ORD-116019,2025-01-06,,
ORD-116020,2025-04-08,2025-04-11,3.0
ORD-116021,2024-08-19,2024-08-20,1.0
ORD-116022,2025-04-23,2025-04-23,0.0
ORD-116023,2025-11-18,2025-11-19,1.0
ORD-116024,2025-01-27,2025-01-27,0.0
ORD-116025,2025-07-03,2025-07-03,0.0
ORD-116026,2025-11-01,2025-11-01,0.0
ORD-116027,2024-09-16,,
ORD-116028,2025-04-29,2025-04-30,1.0
ORD-116029,2024-05-31,2024-05-31,0.0
ORD-116030,2025-10-30,2025-10-30,0.0
ORD-116031,2024-11-03,2024-11-04,1.0
ORD-116032,2025-10-20,2025-10-20,0.0
ORD-116033,2025-07-27,2025-07-27,0.0
ORD-116034,2025-10-29,,
ORD-116035,2024-11-16,2024-11-17,1.0
ORD-116036,2025-04-11,,
ORD-116037,2025-02-26,2025-02-26,0.0
ORD-116038,2025-10-16,2025-10-16,0.0
ORD-116039,2025-01-16,2025-01-16,0.0
ORD-116040,2025-01-14,2025-01-14,0.0
ORD-116041,2024-07-08,2024-07-08,0.0
ORD-116042,2025-09-19,,
ORD-116043,2025-05-28,2025-05-28,0.0
ORD-116044,2025-01-21,2025-01-24,3.0
ORD-116045,2025-11-16,2025-11-18,2.0
ORD-116046,2025-09-16,2025-09-17,1.0
ORD-116047,2025-09-21,2025-09-21,0.0
ORD-116048,2024-12-04,2024-12-04,0.0
ORD-116049,2025-04-19,2025-04-19,0.0
ORD-116050,2025-11-29,2025-11-30,1.0
ORD-116051,2025-02-18,2025-02-18,0.0
ORD-116052,2025-12-17,2025-12-17,0.0
ORD-116053,2024-06-25,2024-06-25,0.0
ORD-116054,2025-11-23,2025-11-23,0.0
ORD-116055,2025-08-19,2025-08-19,0.0
ORD-116056,2025-04-23,,
ORD-116057,2025-11-09,2025-11-09,0.0
ORD-116058,2025-05-18,2025-05-18,0.0
ORD-116059,2025-03-08,2025-03-08,0.0
ORD-116060,2025-01-28,2025-01-30,2.0
ORD-116061,2025-12-03,2025-12-03,0.0
ORD-116062,2025-01-21,2025-01-21,0.0
ORD-116063,2024-08-21,2024-08-21,0.0
ORD-116064,2024-11-23,2024-11-23,0.0
ORD-116065,2024-10-03,2024-10-03,0.0
ORD-116066,2025-01-04,2025-01-04,0.0
ORD-116067,2024-03-20,2024-03-20,0.0
ORD-116068,2025-11-11,2025-11-11,0.0
ORD-116069,2024-10-12,2024-10-13,1.0
ORD-116070,2025-04-25,2025-04-25,0.0
ORD-116071,2025-10-28,2025-10-28,0.0
ORD-116072,2025-10-05,2025-10-06,1.0
ORD-116073,2025-10-29,2025-10-29,0.0
ORD-116074,2025-07-18,2025-07-19,1.0
ORD-116075,2024-06-19,2024-06-20,1.0
ORD-116076,2025-07-20,2025-07-20,0.0
ORD-116077,2025-01-14,2025-01-14,0.0
ORD-116078,2025-09-29,2025-09-30,1.0
ORD-116079,2025-11-26,2025-11-27,1.0
ORD-116080,2025-09-25,2025-09-25,0.0
ORD-116081,2025-09-17,2025-09-20,3.0
ORD-116082,2024-10-28,2024-10-29,1.0
ORD-116083,2025-10-06,2025-10-06,0.0
ORD-116084,2025-09-27,2025-09-27,0.0
ORD-116085,2024-11-01,2024-11-02,1.0
ORD-116086,2025-07-20,2025-07-20,0.0
ORD-116087,2025-09-08,2025-09-08,0.0
ORD-116088,2025-08-08,2025-08-08,0.0
ORD-116089,2024-12-18,2024-12-19,1.0
ORD-116090,2024-12-31,2024-12-31,0.0
ORD-116091,2025-10-20,2025-10-22,2.0
ORD-116092,2024-05-05,2024-05-06,1.0
ORD-116093,2025-06-23,2025-06-25,2.0
ORD-116094,2025-04-01,2025-04-01,0.0
ORD-116095,2025-11-09,2025-11-10,1.0
ORD-116096,2025-06-15,2025-06-15,0.0
ORD-116097,2024-06-23,2024-06-25,2.0
ORD-116098,2025-05-29,2025-05-30,1.0
ORD-116099,2024-10-20,2024-10-23,3.0
ORD-116100,2025-01-18,2025-01-18,0.0
ORD-116101,2025-10-05,2025-10-05,0.0
ORD-116102,2025-08-15,2025-08-15,0.0
ORD-116103,2025-07-24,2025-07-24,0.0
ORD-116104,2025-09-21,2025-09-23,2.0
ORD-116105,2024-09-23,2024-09-23,0.0
ORD-116106,2025-05-13,2025-05-13,0.0
ORD-116107,2025-11-28,2025-11-28,0.0
ORD-116108,2025-04-25,2025-04-25,0.0
ORD-116109,2025-08-07,2025-08-07,0.0
ORD-116110,2024-11-04,2024-11-06,2.0
ORD-116111,2025-10-03,2025-10-03,0.0
ORD-116112,2024-11-10,,
ORD-116113,2025-01-13,,
ORD-116114,2024-12-30,2024-12-30,0.0
ORD-116115,2024-10-22,2024-10-22,0.0
ORD-116116,2025-09-03,2025-09-03,0.0
ORD-116117,2025-07-13,2025-07-13,0.0
ORD-116118,2024-10-02,2024-10-04,2.0
ORD-116119,2025-09-26,2025-09-27,1.0
ORD-116120,2025-02-12,2025-02-12,0.0
ORD-116121,2024-11-06,2024-11-07,1.0
ORD-116122,2025-11-01,2025-11-01,0.0
ORD-116123,2025-04-18,2025-04-19,1.0
ORD-116124,2025-10-23,2025-10-23,0.0
ORD-116125,2024-08-19,2024-08-19,0.0
ORD-116126,2026-01-01,2026-01-02,1.0
ORD-116127,2024-08-21,2024-08-23,2.0
ORD-116128,2025-08-08,2025-08-08,0.0
ORD-116129,2025-05-01,2025-05-01,0.0
ORD-116130,2024-11-27,2024-11-27,0.0
ORD-116131,2025-08-28,2025-08-28,0.0
ORD-116132,2025-09-14,2025-09-14,0.0
ORD-116133,2025-11-21,2025-11-21,0.0
ORD-116134,2024-08-30,2024-09-01,2.0
ORD-116135,2025-07-10,2025-07-12,2.0
ORD-116136,2025-11-06,2025-11-07,1.0
ORD-116137,2025-08-18,,
ORD-116138,2024-10-10,2024-10-10,0.0
ORD-116139,2025-01-25,2025-01-27,2.0
ORD-116140,2025-10-27,2025-10-27,0.0
ORD-116141,2025-12-12,2025-12-12,0.0
ORD-116142,2025-09-28,2025-09-28,0.0
ORD-116143,2024-04-15,2024-04-15,0.0
ORD-116144,2025-11-26,2025-11-26,0.0
ORD-116145,2025-10-29,2025-10-30,1.0
ORD-116146,2025-09-21,2025-09-21,0.0
ORD-116147,2025-12-10,2025-12-10,0.0
ORD-116148,2025-02-15,2025-02-16,1.0
ORD-116149,2025-12-06,2025-12-07,1.0
ORD-116150,2025-06-09,2025-06-09,0.0
ORD-116151,2025-01-30,2025-01-31,1.0
ORD-116152,2025-01-05,2025-01-07,2.0
ORD-116153,2025-11-12,2025-11-12,0.0
ORD-116154,2025-04-14,2025-04-14,0.0
ORD-116155,2024-11-06,2024-11-06,0.0
ORD-116156,2025-12-16,2025-12-18,2.0
ORD-116157,2024-07-24,2024-07-24,0.0
ORD-116158,2025-06-19,2025-06-19,0.0
ORD-116159,2025-01-29,2025-01-30,1.0
ORD-116160,2025-06-21,2025-06-23,2.0
ORD-116161,2024-08-09,2024-08-09,0.0
ORD-116162,2025-06-22,2025-06-24,2.0
ORD-116163,2024-08-14,2024-08-14,0.0
ORD-116164,2025-11-18,2025-11-20,2.0
ORD-116165,2025-10-22,2025-10-22,0.0
ORD-116166,2025-10-15,2025-10-15,0.0
ORD-116167,2025-08-31,2025-08-31,0.0
ORD-116168,2025-09-14,2025-09-15,1.0
ORD-116169,2025-07-30,2025-07-30,0.0
ORD-116170,2025-02-19,2025-02-19,0.0
ORD-116171,2025-02-19,2025-02-20,1.0
ORD-116172,2025-10-15,2025-10-15,0.0
ORD-116173,2024-09-30,2024-09-30,0.0
ORD-116174,2025-06-25,2025-06-26,1.0
ORD-116175,2025-05-28,2025-05-31,3.0
ORD-116176,2024-04-21,2024-04-21,0.0
ORD-116177,2025-05-17,2025-05-17,0.0
ORD-116178,2025-02-12,2025-02-12,0.0
ORD-116179,2025-03-11,,
ORD-116180,2025-10-28,2025-10-30,2.0
ORD-116181,2025-10-30,2025-10-30,0.0
ORD-116182,2025-11-13,2025-11-13,0.0
ORD-116183,2024-12-10,2024-12-11,1.0
ORD-116184,2025-08-25,2025-08-25,0.0
ORD-116185,2025-03-19,2025-03-21,2.0
ORD-116186,2025-04-03,2025-04-05,2.0
ORD-116187,2025-09-17,2025-09-17,0.0
ORD-116188,2025-10-22,2025-10-22,0.0
ORD-116189,2025-10-17,2025-10-19,2.0
ORD-116190,2025-08-08,2025-08-09,1.0
ORD-116191,2025-08-25,2025-08-26,1.0
ORD-116192,2025-05-04,2025-05-05,1.0
ORD-116193,2025-10-31,2025-10-31,0.0
ORD-116194,2024-08-10,2024-08-10,0.0
ORD-116195,2025-10-21,2025-10-22,1.0
ORD-116196,2025-06-21,2025-06-21,0.0
ORD-116197,2025-10-24,2025-10-24,0.0
ORD-116198,2025-01-27,2025-01-27,0.0
ORD-116199,2024-10-14,2024-10-14,0.0
ORD-116200,2025-11-04,2025-11-04,0.0
ORD-116201,2025-10-30,2025-10-30,0.0
ORD-116202,2024-09-21,2024-09-21,0.0
ORD-116203,2025-08-09,2025-08-10,1.0
ORD-116204,2025-08-13,2025-08-14,1.0
ORD-116205,2025-08-23,2025-08-23,0.0
ORD-116206,2025-06-24,2025-06-24,0.0
ORD-116207,2025-10-07,2025-10-07,0.0
ORD-116208,2025-11-12,2025-11-12,0.0
ORD-116209,2025-09-10,2025-09-11,1.0
ORD-116210,2025-11-02,2025-11-02,0.0
ORD-116211,2024-08-14,2024-08-14,0.0
ORD-116212,2024-03-02,,
ORD-116213,2025-04-22,2025-04-22,0.0
ORD-116214,2025-06-01,2025-06-02,1.0
ORD-116215,2024-08-25,2024-08-27,2.0
ORD-116216,2024-04-22,2024-04-22,0.0
ORD-116217,2025-11-15,2025-11-17,2.0
ORD-116218,2025-10-29,2025-10-29,0.0
ORD-116219,2025-10-16,2025-10-19,3.0
ORD-116220,2025-07-03,2025-07-03,0.0
ORD-116221,2025-08-09,2025-08-09,0.0
ORD-116222,2025-11-27,2025-11-27,0.0
ORD-116223,2025-02-22,2025-02-22,0.0
ORD-116224,2024-10-18,2024-10-18,0.0
ORD-116225,2025-12-10,2025-12-12,2.0
ORD-116226,2025-10-31,2025-10-31,0.0
ORD-116227,2025-04-08,2025-04-08,0.0
ORD-116228,2025-01-30,2025-01-30,0.0
ORD-116229,2024-10-31,2024-10-31,0.0
ORD-116230,2024-10-24,,
ORD-116231,2026-01-05,2026-01-07,2.0
ORD-116232,2024-11-12,2024-11-12,0.0
ORD-116233,2024-12-26,2024-12-26,0.0
ORD-116234,2025-08-22,2025-08-22,0.0
ORD-116235,2025-03-17,2025-03-18,1.0
ORD-116236,2025-10-31,2025-11-01,1.0
ORD-116237,2025-09-04,2025-09-04,0.0
ORD-116238,2025-05-27,2025-05-28,1.0
ORD-116239,2025-03-20,2025-03-23,3.0
ORD-116240,2025-03-28,2025-03-30,2.0
ORD-116241,2025-11-22,2025-11-22,0.0
ORD-116242,2025-04-04,2025-04-04,0.0
ORD-116243,2024-09-03,2024-09-03,0.0
ORD-116244,2025-11-13,2025-11-13,0.0
ORD-116245,2024-11-25,2024-11-25,0.0
ORD-116246,2025-01-02,2025-01-04,2.0
ORD-116247,2025-10-27,2025-10-27,0.0
ORD-116248,2025-10-28,2025-10-28,0.0
ORD-116249,2025-07-10,2025-07-10,0.0
ORD-116250,2025-07-16,2025-07-16,0.0
ORD-116251,2024-11-16,2024-11-16,0.0
ORD-116252,2024-10-18,2024-10-18,0.0
ORD-116253,2025-08-08,2025-08-09,1.0
ORD-116254,2024-08-18,2024-08-20,2.0
ORD-116255,2025-10-06,2025-10-07,1.0
ORD-116256,2025-06-23,2025-06-23,0.0
ORD-116257,2024-12-14,2024-12-14,0.0
ORD-116258,2025-02-23,2025-02-23,0.0
ORD-116259,2024-06-23,,
ORD-116260,2024-12-03,2024-12-03,0.0
ORD-116261,2025-09-26,2025-09-26,0.0
ORD-116262,2024-06-19,2024-06-21,2.0
ORD-116263,2025-03-01,2025-03-01,0.0
ORD-116264,2024-12-10,2024-12-10,0.0
ORD-116265,2025-09-24,2025-09-24,0.0
ORD-116266,2024-11-21,,
ORD-116267,2025-06-24,2025-06-24,0.0
ORD-116268,2024-09-25,2024-09-25,0.0
ORD-116269,2024-10-23,2024-10-23,0.0
ORD-116270,2025-07-04,2025-07-04,0.0
ORD-116271,2024-11-07,2024-11-07,0.0
ORD-116272,2024-06-21,,
ORD-116273,2025-03-16,2025-03-16,0.0
ORD-116274,2025-05-23,2025-05-25,2.0
ORD-116275,2025-11-03,2025-11-03,0.0
ORD-116276,2025-10-25,2025-10-25,0.0
ORD-116277,2025-08-19,2025-08-20,1.0
ORD-116278,2025-09-26,2025-09-28,2.0
ORD-116279,2025-11-27,2025-11-27,0.0
ORD-116280,2024-10-06,2024-10-07,1.0
ORD-116281,2025-12-16,2025-12-16,0.0
ORD-116282,2025-11-02,2025-11-02,0.0
ORD-116283,2024-10-26,2024-10-27,1.0
ORD-116284,2025-10-26,2025-10-26,0.0
ORD-116285,2025-11-04,2025-11-04,0.0
ORD-116286,2025-09-29,2025-10-02,3.0
ORD-116287,2025-10-29,,
ORD-116288,2024-11-14,2024-11-15,1.0
ORD-116289,2025-11-03,2025-11-04,1.0
ORD-116290,2025-11-03,2025-11-08,5.0
ORD-116291,2024-05-30,2024-05-31,1.0
ORD-116292,2025-12-15,2025-12-15,0.0
ORD-116293,2024-11-09,,
ORD-116294,2025-09-20,2025-09-21,1.0
ORD-116295,2025-08-12,,
ORD-116296,2025-09-08,2025-09-09,1.0
ORD-116297,2025-10-11,2025-10-12,1.0
ORD-116298,2025-12-08,2025-12-09,1.0
ORD-116299,2025-03-20,2025-03-23,3.0
ORD-116300,2025-10-15,2025-10-15,0.0
ORD-116301,2025-11-12,2025-11-12,0.0
ORD-116302,2025-01-28,2025-01-28,0.0
ORD-116303,2025-04-22,2025-04-22,0.0
ORD-116304,2025-10-27,2025-10-27,0.0
ORD-116305,2025-11-09,2025-11-09,0.0
ORD-116306,2025-11-18,2025-11-18,0.0
ORD-116307,2025-05-19,2025-05-19,0.0
ORD-116308,2025-07-18,2025-07-18,0.0
ORD-116309,2025-01-01,2025-01-04,3.0
ORD-116310,2024-09-04,2024-09-05,1.0
ORD-116311,2025-05-26,2025-05-28,2.0
ORD-116312,2024-07-19,2024-07-20,1.0
ORD-116313,2025-12-16,,
ORD-116314,2025-09-27,2025-09-27,0.0
ORD-116315,2025-12-20,2025-12-20,0.0
ORD-116316,2025-07-02,2025-07-02,0.0
ORD-116317,2025-02-13,2025-02-16,3.0
ORD-116318,2025-11-12,2025-11-13,1.0
ORD-116319,2025-08-17,2025-08-17,0.0
ORD-116320,2025-12-21,2025-12-21,0.0
ORD-116321,2025-08-19,2025-08-20,1.0
ORD-116322,2025-10-19,2025-10-19,0.0
ORD-116323,2025-11-14,2025-11-14,0.0
ORD-116324,2025-03-26,,
ORD-116325,2025-06-12,2025-06-13,1.0
ORD-116326,2025-12-13,2025-12-13,0.0
ORD-116327,2025-08-25,2025-08-27,2.0
ORD-116328,2024-11-20,2024-11-21,1.0
ORD-116329,2024-11-16,2024-11-16,0.0
ORD-116330,2025-12-06,2025-12-06,0.0
ORD-116331,2024-08-18,2024-08-18,0.0
ORD-116332,2024-12-26,2024-12-26,0.0
ORD-116333,2025-08-10,2025-08-10,0.0
ORD-116334,2024-10-08,2024-10-11,3.0
ORD-116335,2025-08-22,2025-08-24,2.0
ORD-116336,2025-03-25,,
ORD-116337,2025-06-07,2025-06-07,0.0
ORD-116338,2025-03-20,2025-03-22,2.0
ORD-116339,2024-06-19,2024-06-20,1.0
ORD-116340,2025-07-24,,
ORD-116341,2025-04-22,,
ORD-116342,2025-12-25,2025-12-26,1.0
ORD-116343,2025-08-14,2025-08-14,0.0
ORD-116344,2025-11-11,2025-11-11,0.0
ORD-116345,2025-01-25,2025-01-25,0.0
ORD-116346,2025-06-07,2025-06-09,2.0
ORD-116347,2025-11-12,2025-11-12,0.0
ORD-116348,2024-08-06,2024-08-06,0.0
ORD-116349,2025-03-22,2025-03-22,0.0
ORD-116350,2025-03-31,2025-04-03,3.0
ORD-116351,2025-03-25,2025-03-25,0.0
ORD-116352,2025-07-03,2025-07-03,0.0
ORD-116353,2025-11-18,2025-11-19,1.0
ORD-116354,2025-07-27,,
ORD-116355,2025-01-21,2025-01-21,0.0
ORD-116356,2025-10-20,2025-10-20,0.0
ORD-116357,2024-10-25,2024-10-25,0.0
ORD-116358,2025-08-21,2025-08-21,0.0
ORD-116359,2025-09-30,2025-09-30,0.0
ORD-116360,2025-10-14,2025-10-14,0.0
ORD-116361,2024-08-29,2024-08-31,2.0
ORD-116362,2025-09-21,2025-09-21,0.0
ORD-116363,2025-12-26,2025-12-27,1.0
ORD-116364,2024-09-24,2024-09-24,0.0
ORD-116365,2025-04-01,2025-04-01,0.0
ORD-116366,2025-06-18,2025-06-19,1.0
ORD-116367,2024-10-28,2024-10-28,0.0
ORD-116368,2025-03-19,2025-03-19,0.0
ORD-116369,2025-01-04,2025-01-07,3.0
ORD-116370,2025-09-13,2025-09-14,1.0
ORD-116371,2025-12-27,2025-12-27,0.0
ORD-116372,2025-06-24,2025-06-24,0.0
ORD-116373,2025-01-21,2025-01-21,0.0
ORD-116374,2024-10-22,2024-10-22,0.0
ORD-116375,2025-08-28,2025-08-28,0.0
ORD-116376,2025-09-27,2025-09-30,3.0
ORD-116377,2025-12-04,2025-12-05,1.0
ORD-116378,2025-11-22,2025-11-24,2.0
ORD-116379,2024-12-07,2024-12-07,0.0
ORD-116380,2025-11-17,2025-11-17,0.0
ORD-116381,2025-08-17,2025-08-17,0.0
ORD-116382,2025-01-18,2025-01-18,0.0
ORD-116383,2025-11-04,2025-11-05,1.0
ORD-116384,2025-10-04,2025-10-05,1.0
ORD-116385,2025-09-08,2025-09-09,1.0
ORD-116386,2025-12-02,2025-12-02,0.0
ORD-116387,2025-02-07,2025-02-09,2.0
ORD-116388,2025-01-26,2025-01-28,2.0
ORD-116389,2025-09-08,2025-09-08,0.0
ORD-116390,2025-09-09,2025-09-10,1.0
ORD-116391,2025-05-31,2025-05-31,0.0
ORD-116392,2025-03-19,2025-03-19,0.0
ORD-116393,2024-12-27,2024-12-27,0.0
ORD-116394,2024-09-19,2024-09-21,2.0
ORD-116395,2025-11-20,2025-11-20,0.0
ORD-116396,2025-08-22,2025-08-22,0.0
ORD-116397,2025-10-05,2025-10-06,1.0
ORD-116398,2025-09-26,2025-09-26,0.0
ORD-116399,2025-05-25,2025-05-25,0.0
ORD-116400,2025-06-23,2025-06-25,2.0
ORD-116401,2025-12-06,2025-12-06,0.0
ORD-116402,2025-01-03,2025-01-03,0.0
ORD-116403,2025-07-28,2025-07-28,0.0
ORD-116404,2025-08-02,2025-08-02,0.0
ORD-116405,2025-10-30,,
ORD-116406,2025-01-10,2025-01-12,2.0
ORD-116407,2024-05-25,2024-05-26,1.0
ORD-116408,2025-11-18,2025-11-18,0.0
ORD-116409,2025-06-24,2025-06-24,0.0
ORD-116410,2025-11-15,2025-11-16,1.0
ORD-116411,2025-12-06,2025-12-06,0.0
ORD-116412,2025-12-05,,
ORD-116413,2024-05-23,2024-05-24,1.0
ORD-116414,2024-12-14,2024-12-17,3.0
ORD-116415,2025-12-16,,
ORD-116416,2025-11-14,,
ORD-116417,2025-03-07,2025-03-07,0.0
ORD-116418,2025-03-13,2025-03-15,2.0
ORD-116419,2025-11-29,2025-11-29,0.0
ORD-116420,2025-12-12,2025-12-12,0.0
ORD-116421,2025-11-30,2025-11-30,0.0
ORD-116422,2025-02-14,2025-02-15,1.0
ORD-116423,2025-07-27,2025-07-29,2.0
ORD-116424,2024-11-04,2024-11-04,0.0
ORD-116425,2025-09-08,2025-09-08,0.0
ORD-116426,2025-03-17,2025-03-18,1.0
ORD-116427,2024-09-10,2024-09-10,0.0
ORD-116428,2025-08-18,2025-08-18,0.0
ORD-116429,2024-12-04,2024-12-07,3.0
ORD-116430,2025-05-30,2025-05-30,0.0
ORD-116431,2025-02-03,2025-02-04,1.0
ORD-116432,2025-09-08,2025-09-08,0.0
ORD-116433,2025-09-08,2025-09-10,2.0
ORD-116434,2024-12-11,2024-12-11,0.0
ORD-116435,2025-08-15,2025-08-15,0.0
ORD-116436,2025-09-12,2025-09-14,2.0
ORD-116437,2025-11-15,2025-11-17,2.0
ORD-116438,2025-07-19,2025-07-19,0.0
ORD-116439,2025-10-27,2025-10-27,0.0
ORD-116440,2025-05-01,2025-05-03,2.0
ORD-116441,2025-04-17,2025-04-18,1.0
ORD-116442,2025-06-06,2025-06-09,3.0
ORD-116443,2024-11-06,2024-11-06,0.0
ORD-116444,2024-09-29,2024-09-30,1.0
ORD-116445,2025-06-22,2025-06-22,0.0
ORD-116446,2025-03-18,2025-03-18,0.0
ORD-116447,2025-06-19,2025-06-20,1.0
ORD-116448,2025-02-06,2025-02-06,0.0
ORD-116449,2024-10-16,2024-10-16,0.0
ORD-116450,2025-07-09,2025-07-12,3.0
ORD-116451,2024-07-20,2024-07-20,0.0
ORD-116452,2024-12-12,,
ORD-116453,2025-07-02,,
ORD-116454,2025-10-16,2025-10-16,0.0
ORD-116455,2024-10-21,2024-10-21,0.0
ORD-116456,2025-04-04,2025-04-04,0.0
ORD-116457,2024-12-16,2024-12-16,0.0
ORD-116458,2025-12-03,2025-12-04,1.0
ORD-116459,2025-10-31,2025-10-31,0.0
ORD-116460,2025-11-03,2025-11-03,0.0
ORD-116461,2025-03-05,2025-03-06,1.0
ORD-116462,2025-03-29,2025-04-01,3.0
ORD-116463,2025-05-12,2025-05-12,0.0
ORD-116464,2026-01-01,2026-01-01,0.0
ORD-116465,2025-11-03,2025-11-06,3.0
ORD-116466,2024-08-25,2024-08-25,0.0
ORD-116467,2025-10-16,2025-10-16,0.0
ORD-116468,2025-06-25,2025-06-25,0.0
ORD-116469,2025-01-23,2025-01-23,0.0
ORD-116470,2025-08-23,2025-08-23,0.0
ORD-116471,2024-11-03,2024-11-03,0.0
ORD-116472,2024-10-25,2024-10-25,0.0
ORD-116473,2025-11-02,2025-11-02,0.0
ORD-116474,2025-11-07,2025-11-09,2.0
ORD-116475,2025-10-23,2025-10-23,0.0
ORD-116476,2025-11-15,2025-11-15,0.0
ORD-116477,2025-02-18,2025-02-18,0.0
ORD-116478,2025-12-23,2025-12-24,1.0
ORD-116479,2025-10-26,2025-10-27,1.0
ORD-116480,2025-08-31,2025-09-01,1.0
ORD-116481,2025-10-30,2025-10-31,1.0
ORD-116482,2025-01-16,2025-01-16,0.0
ORD-116483,2025-03-22,2025-03-22,0.0
ORD-116484,2025-12-22,2025-12-22,0.0
ORD-116485,2024-03-03,2024-03-05,2.0
ORD-116486,2025-05-04,2025-05-06,2.0
ORD-116487,2024-11-28,2024-11-30,2.0
ORD-116488,2024-10-01,2024-10-01,0.0
ORD-116489,2024-09-01,2024-09-01,0.0
ORD-116490,2024-10-28,,
ORD-116491,2025-09-17,,
ORD-116492,2025-10-25,2025-10-25,0.0
ORD-116493,2025-10-29,2025-10-29,0.0
ORD-116494,2025-11-07,2025-11-07,0.0
ORD-116495,2025-08-16,2025-08-16,0.0
ORD-116496,2025-12-06,2025-12-08,2.0
ORD-116497,2025-05-27,2025-05-27,0.0
ORD-116498,2025-08-17,2025-08-17,0.0
ORD-116499,2024-11-12,2024-11-13,1.0
ORD-116500,2024-10-14,2024-10-14,0.0
ORD-116501,2024-08-03,,
ORD-116502,2025-03-21,2025-03-26,5.0
ORD-116503,2025-11-02,2025-11-02,0.0
ORD-116504,2025-07-02,2025-07-02,0.0
ORD-116505,2025-09-27,2025-09-27,0.0
ORD-116506,2025-10-23,2025-10-23,0.0
ORD-116507,2025-07-10,,
ORD-116508,2025-06-15,,
ORD-116509,2025-11-25,2025-11-26,1.0
ORD-116510,2025-11-18,2025-11-19,1.0
ORD-116511,2024-12-21,2024-12-21,0.0
ORD-116512,2025-04-27,2025-04-30,3.0
ORD-116513,2025-01-30,2025-01-31,1.0
ORD-116514,2025-01-15,2025-01-17,2.0
ORD-116515,2025-02-14,2025-02-14,0.0
ORD-116516,2025-12-08,2025-12-08,0.0
ORD-116517,2025-06-03,2025-06-03,0.0
ORD-116518,2025-09-14,2025-09-15,1.0
ORD-116519,2025-12-21,2025-12-24,3.0
ORD-116520,2024-11-02,2024-11-03,1.0
ORD-116521,2025-01-10,2025-01-13,3.0
ORD-116522,2025-10-04,2025-10-06,2.0
ORD-116523,2025-11-26,,
ORD-116524,2025-09-20,2025-09-20,0.0
ORD-116525,2025-01-29,2025-01-30,1.0
ORD-116526,2025-07-05,2025-07-06,1.0
ORD-116527,2025-09-24,2025-09-24,0.0
ORD-116528,2024-04-02,2024-04-03,1.0
ORD-116529,2025-06-20,2025-06-20,0.0
ORD-116530,2025-02-09,2025-02-09,0.0
ORD-116531,2024-08-25,2024-08-28,3.0
ORD-116532,2025-09-27,2025-09-27,0.0
ORD-116533,2025-10-25,2025-10-27,2.0
ORD-116534,2025-05-13,,
ORD-116535,2025-08-29,2025-08-29,0.0
ORD-116536,2025-06-08,,
ORD-116537,2025-10-24,2025-10-24,0.0
ORD-116538,2025-11-09,2025-11-09,0.0
ORD-116539,2025-08-22,2025-08-24,2.0
ORD-116540,2025-11-05,2025-11-06,1.0
ORD-116541,2024-10-23,2024-10-23,0.0
ORD-116542,2024-11-07,2024-11-07,0.0
ORD-116543,2025-04-08,2025-04-08,0.0
ORD-116544,2025-11-26,2025-11-26,0.0
ORD-116545,2025-07-22,2025-07-22,0.0
ORD-116546,2025-01-27,2025-01-29,2.0
ORD-116547,2024-11-08,2024-11-08,0.0
ORD-116548,2024-07-15,2024-07-15,0.0
ORD-116549,2024-09-22,2024-09-25,3.0
ORD-116550,2025-04-07,2025-04-07,0.0
ORD-116551,2025-11-09,2025-11-09,0.0
ORD-116552,2025-12-01,2025-12-01,0.0
ORD-116553,2025-06-05,2025-06-05,0.0
ORD-116554,2025-11-28,2025-11-29,1.0
ORD-116555,2025-05-02,2025-05-02,0.0
ORD-116556,2024-12-17,2024-12-19,2.0
ORD-116557,2025-02-03,2025-02-03,0.0
ORD-116558,2025-10-20,2025-10-22,2.0
ORD-116559,2024-08-02,2024-08-04,2.0
ORD-116560,2025-10-29,2025-10-29,0.0
ORD-116561,2025-07-31,2025-07-31,0.0
ORD-116562,2025-06-02,2025-06-05,3.0
ORD-116563,2024-12-09,2024-12-09,0.0
ORD-116564,2024-12-10,,
ORD-116565,2025-06-06,2025-06-07,1.0
ORD-116566,2025-04-29,2025-04-30,1.0
ORD-116567,2025-06-01,2025-06-04,3.0
ORD-116568,2025-08-20,2025-08-20,0.0
ORD-116569,2025-05-04,2025-05-04,0.0
ORD-116570,2025-01-01,,
ORD-116571,2025-10-20,2025-10-20,0.0
ORD-116572,2025-09-15,2025-09-15,0.0
ORD-116573,2024-11-08,2024-11-08,0.0
ORD-116574,2025-12-15,2025-12-15,0.0
ORD-116575,2025-06-15,2025-06-17,2.0
ORD-116576,2025-11-30,2025-11-30,0.0
ORD-116577,2025-07-17,2025-07-22,5.0
ORD-116578,2024-11-07,2024-11-07,0.0
ORD-116579,2025-04-19,,
ORD-116580,2024-12-05,2024-12-07,2.0
ORD-116581,2025-11-18,2025-11-18,0.0
ORD-116582,2025-09-20,2025-09-23,3.0
ORD-116583,2025-01-31,2025-01-31,0.0
ORD-116584,2025-04-21,2025-04-21,0.0
ORD-116585,2025-10-27,2025-10-27,0.0
ORD-116586,2025-10-20,2025-10-20,0.0
ORD-116587,2025-11-24,2025-11-24,0.0
ORD-116588,2025-06-29,2025-06-30,1.0
ORD-116589,2025-06-11,2025-06-11,0.0
ORD-116590,2025-11-21,,
ORD-116591,2025-01-16,2025-01-16,0.0
ORD-116592,2025-11-05,2025-11-06,1.0
ORD-116593,2024-09-12,2024-09-12,0.0
ORD-116594,2025-12-02,2025-12-04,2.0
ORD-116595,2025-11-01,2025-11-03,2.0
ORD-116596,2025-09-07,2025-09-07,0.0
ORD-116597,2025-07-19,2025-07-19,0.0
ORD-116598,2025-09-01,2025-09-02,1.0
ORD-116599,2025-09-16,,
ORD-116600,2025-06-03,2025-06-04,1.0
ORD-116601,2025-05-17,2025-05-17,0.0
ORD-116602,2025-05-26,,
ORD-116603,2025-11-14,2025-11-15,1.0
ORD-116604,2025-04-12,2025-04-15,3.0
ORD-116605,2024-10-27,2024-10-27,0.0
ORD-116606,2025-02-21,2025-02-22,1.0
ORD-116607,2025-12-28,2025-12-28,0.0
ORD-116608,2025-01-10,2025-01-11,1.0
ORD-116609,2025-11-30,2025-12-02,2.0
ORD-116610,2025-03-23,2025-03-24,1.0
ORD-116611,2024-02-24,2024-02-24,0.0
ORD-116612,2025-06-03,2025-06-05,2.0
ORD-116613,2024-07-08,,
ORD-116614,2024-10-16,2024-10-16,0.0
ORD-116615,2025-12-17,2025-12-17,0.0
ORD-116616,2024-11-20,2024-11-20,0.0
ORD-116617,2024-10-08,2024-10-08,0.0
ORD-116618,2025-11-03,2025-11-04,1.0
ORD-116619,2025-11-27,,
ORD-116620,2025-10-04,2025-10-04,0.0
ORD-116621,2025-05-24,2025-05-24,0.0
ORD-116622,2024-08-14,2024-08-14,0.0
ORD-116623,2025-12-13,,
ORD-116624,2024-10-25,2024-10-25,0.0
ORD-116625,2025-12-13,2025-12-14,1.0
ORD-116626,2024-07-20,2024-07-20,0.0
ORD-116627,2025-08-04,2025-08-04,0.0
ORD-116628,2025-12-06,2025-12-06,0.0
ORD-116629,2025-08-18,2025-08-18,0.0
ORD-116630,2025-04-28,2025-04-29,1.0
ORD-116631,2025-12-10,2025-12-10,0.0
ORD-116632,2024-09-27,2024-09-27,0.0
ORD-116633,2024-08-01,,
ORD-116634,2024-11-25,2024-11-26,1.0
ORD-116635,2025-08-31,2025-08-31,0.0
ORD-116636,2025-10-26,2025-10-26,0.0
ORD-116637,2025-04-25,2025-04-25,0.0
ORD-116638,2024-09-18,2024-09-18,0.0
ORD-116639,2025-11-18,2025-11-18,0.0
ORD-116640,2025-10-27,2025-10-27,0.0
ORD-116641,2025-10-26,,
ORD-116642,2025-05-17,2025-05-17,0.0
ORD-116643,2025-06-10,2025-06-11,1.0
ORD-116644,2025-07-01,2025-07-02,1.0
ORD-116645,2024-07-21,2024-07-22,1.0
ORD-116646,2025-02-12,2025-02-12,0.0
ORD-116647,2025-09-19,2025-09-19,0.0
ORD-116648,2025-11-01,2025-11-01,0.0
ORD-116649,2024-11-07,2024-11-07,0.0
ORD-116650,2024-12-19,,
ORD-116651,2025-04-27,,
ORD-116652,2025-07-27,2025-07-27,0.0
ORD-116653,2025-10-27,2025-10-27,0.0
ORD-116654,2025-12-02,2025-12-02,0.0
ORD-116655,2025-05-10,2025-05-10,0.0
ORD-116656,2025-04-29,2025-04-29,0.0
ORD-116657,2025-06-01,2025-06-02,1.0
ORD-116658,2024-07-10,2024-07-10,0.0
ORD-116659,2025-07-29,2025-08-03,5.0
ORD-116660,2024-10-25,2024-10-25,0.0
ORD-116661,2025-12-31,2026-01-02,2.0
ORD-116662,2025-10-19,2025-10-20,1.0
ORD-116663,2025-05-03,2025-05-03,0.0
ORD-116664,2025-11-08,2025-11-08,0.0
ORD-116665,2025-12-06,2025-12-06,0.0
ORD-116666,2025-10-05,2025-10-06,1.0
ORD-116667,2025-08-18,2025-08-20,2.0
ORD-116668,2024-04-06,2024-04-08,2.0
ORD-116669,2025-07-01,2025-07-01,0.0
ORD-116670,2025-07-26,,
ORD-116671,2025-11-13,2025-11-13,0.0
ORD-116672,2025-04-04,2025-04-07,3.0
ORD-116673,2025-07-28,2025-07-29,1.0
ORD-116674,2024-10-19,2024-10-19,0.0
ORD-116675,2025-06-06,2025-06-08,2.0
ORD-116676,2025-07-16,2025-07-16,0.0
ORD-116677,2025-04-16,2025-04-16,0.0
ORD-116678,2025-07-24,2025-07-24,0.0
ORD-116679,2025-09-18,2025-09-18,0.0
ORD-116680,2024-11-14,2024-11-17,3.0
ORD-116681,2025-07-25,2025-07-25,0.0
ORD-116682,2025-06-14,2025-06-14,0.0
ORD-116683,2025-07-31,2025-08-02,2.0
ORD-116684,2025-03-27,2025-03-27,0.0
ORD-116685,2025-09-21,2025-09-24,3.0
ORD-116686,2025-10-15,2025-10-15,0.0
ORD-116687,2025-01-05,2025-01-05,0.0
ORD-116688,2025-10-25,2025-10-25,0.0
ORD-116689,2025-10-25,2025-10-25,0.0
ORD-116690,2025-03-18,2025-03-18,0.0
ORD-116691,2024-08-07,2024-08-07,0.0
ORD-116692,2024-09-02,2024-09-02,0.0
ORD-116693,2024-06-21,2024-06-21,0.0
ORD-116694,2025-12-11,2025-12-13,2.0
ORD-116695,2024-08-15,,
ORD-116696,2025-07-14,2025-07-14,0.0
ORD-116697,2025-11-19,2025-11-19,0.0
ORD-116698,2025-10-23,2025-10-23,0.0
ORD-116699,2025-10-22,2025-10-22,0.0
ORD-116700,2025-09-12,2025-09-12,0.0
ORD-116701,2024-08-27,2024-08-27,0.0
ORD-116702,2025-11-29,2025-12-01,2.0
ORD-116703,2025-03-24,,
ORD-116704,2025-10-06,2025-10-07,1.0
ORD-116705,2025-10-07,,
ORD-116706,2024-06-12,2024-06-12,0.0
ORD-116707,2025-10-30,,
ORD-116708,2025-11-02,2025-11-04,2.0
ORD-116709,2026-01-03,2026-01-03,0.0
ORD-116710,2024-10-21,2024-10-21,0.0
ORD-116711,2025-02-16,2025-02-17,1.0
ORD-116712,2025-10-26,,
ORD-116713,2025-04-17,2025-04-18,1.0
ORD-116714,2024-10-15,2024-10-15,0.0
ORD-116715,2025-06-19,2025-06-22,3.0
ORD-116716,2024-11-06,2024-11-08,2.0
ORD-116717,2025-12-30,2025-12-30,0.0
ORD-116718,2024-10-26,2024-10-26,0.0
ORD-116719,2024-12-29,2024-12-29,0.0
ORD-116720,2025-05-10,,
ORD-116721,2024-10-27,,
ORD-116722,2024-11-01,2024-11-01,0.0
ORD-116723,2025-09-06,2025-09-06,0.0
ORD-116724,2025-07-04,2025-07-06,2.0
ORD-116725,2024-11-02,2024-11-03,1.0
ORD-116726,2025-11-18,2025-11-18,0.0
ORD-116727,2025-11-03,2025-11-03,0.0
ORD-116728,2025-04-03,2025-04-03,0.0
ORD-116729,2024-11-09,2024-11-09,0.0
ORD-116730,2025-11-17,2025-11-19,2.0
ORD-116731,2025-10-14,2025-10-14,0.0
ORD-116732,2025-01-05,2025-01-05,0.0
ORD-116733,2024-09-07,,
ORD-116734,2024-11-08,2024-11-08,0.0
ORD-116735,2025-11-02,2025-11-02,0.0
ORD-116736,2024-07-01,2024-07-01,0.0
ORD-116737,2024-08-26,2024-08-27,1.0
ORD-116738,2025-07-23,2025-07-24,1.0
ORD-116739,2024-10-26,2024-10-27,1.0
ORD-116740,2024-11-20,2024-11-20,0.0
ORD-116741,2025-08-06,2025-08-06,0.0
ORD-116742,2024-09-09,2024-09-11,2.0
ORD-116743,2025-02-20,2025-02-20,0.0
ORD-116744,2025-09-20,2025-09-20,0.0
ORD-116745,2025-09-19,2025-09-21,2.0
ORD-116746,2025-07-18,2025-07-18,0.0
ORD-116747,2025-04-06,2025-04-06,0.0
ORD-116748,2025-01-19,2025-01-21,2.0
ORD-116749,2025-07-09,2025-07-10,1.0
ORD-116750,2025-06-22,2025-06-22,0.0
ORD-116751,2025-06-22,2025-06-22,0.0
ORD-116752,2025-11-24,,
ORD-116753,2025-05-25,2025-05-25,0.0
ORD-116754,2025-09-25,2025-09-26,1.0
ORD-116755,2025-08-13,2025-08-14,1.0
ORD-116756,2025-02-06,2025-02-08,2.0
ORD-116757,2024-11-06,,
ORD-116758,2025-06-24,2025-06-24,0.0
ORD-116759,2025-06-30,2025-06-30,0.0
ORD-116760,2025-07-20,2025-07-21,1.0
ORD-116761,2024-11-18,2024-11-18,0.0
ORD-116762,2025-10-29,2025-10-30,1.0
ORD-116763,2025-10-16,2025-10-16,0.0
ORD-116764,2024-06-06,2024-06-06,0.0
ORD-116765,2025-11-24,2025-11-24,0.0
ORD-116766,2025-06-13,2025-06-13,0.0
ORD-116767,2025-07-09,2025-07-09,0.0
ORD-116768,2025-11-16,2025-11-19,3.0
ORD-116769,2024-10-16,2024-10-16,0.0
ORD-116770,2025-12-02,2025-12-03,1.0
ORD-116771,2025-12-12,2025-12-12,0.0
ORD-116772,2024-12-30,2025-01-01,2.0
ORD-116773,2025-04-08,2025-04-08,0.0
ORD-116774,2025-01-30,2025-01-31,1.0
ORD-116775,2024-10-31,2024-10-31,0.0
ORD-116776,2025-12-27,2025-12-28,1.0
ORD-116777,2025-05-21,2025-05-21,0.0
ORD-116778,2025-12-19,2025-12-19,0.0
ORD-116779,2025-01-10,2025-01-10,0.0
ORD-116780,2024-07-02,,
ORD-116781,2025-12-04,2025-12-04,0.0
ORD-116782,2025-05-15,2025-05-15,0.0
ORD-116783,2025-07-09,2025-07-10,1.0
ORD-116784,2025-11-05,2025-11-05,0.0
ORD-116785,2025-08-17,2025-08-17,0.0
ORD-116786,2025-07-18,2025-07-18,0.0
ORD-116787,2025-12-08,2025-12-09,1.0
ORD-116788,2025-09-22,2025-09-23,1.0
ORD-116789,2025-02-22,2025-02-22,0.0
ORD-116790,2024-11-18,2024-11-18,0.0
ORD-116791,2025-10-28,2025-10-29,1.0
ORD-116792,2025-10-01,2025-10-04,3.0
ORD-116793,2025-04-29,2025-04-29,0.0
ORD-116794,2024-10-28,2024-10-28,0.0
ORD-116795,2025-04-08,2025-04-08,0.0
ORD-116796,2025-11-14,2025-11-14,0.0
ORD-116797,2025-08-28,,
ORD-116798,2024-10-21,2024-10-24,3.0
ORD-116799,2025-06-08,2025-06-08,0.0
ORD-116800,2025-09-24,,
ORD-116801,2024-10-19,2024-10-19,0.0
ORD-116802,2025-10-24,2025-10-24,0.0
ORD-116803,2025-09-14,2025-09-14,0.0
ORD-116804,2025-06-16,2025-06-16,0.0
ORD-116805,2025-10-10,2025-10-10,0.0
ORD-116806,2024-12-26,2024-12-26,0.0
ORD-116807,2025-11-10,2025-11-10,0.0
ORD-116808,2025-05-30,2025-05-30,0.0
ORD-116809,2024-12-07,2024-12-07,0.0
ORD-116810,2024-10-10,2024-10-10,0.0
ORD-116811,2025-06-13,2025-06-13,0.0
ORD-116812,2024-07-09,2024-07-10,1.0
ORD-116813,2024-10-09,2024-10-11,2.0
ORD-116814,2025-08-30,2025-08-30,0.0
ORD-116815,2025-05-09,2025-05-11,2.0
ORD-116816,2024-02-10,2024-02-10,0.0
ORD-116817,2024-12-05,2024-12-07,2.0
ORD-116818,2025-04-22,2025-04-22,0.0
ORD-116819,2025-08-21,2025-08-21,0.0
ORD-116820,2025-02-21,2025-02-21,0.0
ORD-116821,2025-11-30,2025-11-30,0.0
ORD-116822,2025-03-27,2025-03-27,0.0
ORD-116823,2025-08-27,,
ORD-116824,2025-02-01,2025-02-01,0.0
ORD-116825,2025-07-22,2025-07-22,0.0
ORD-116826,2025-05-09,2025-05-09,0.0
ORD-116827,2024-11-17,2024-11-18,1.0
ORD-116828,2024-02-01,2024-02-04,3.0
ORD-116829,2025-03-09,2025-03-09,0.0
ORD-116830,2025-11-29,2025-11-29,0.0
ORD-116831,2025-06-26,2025-06-27,1.0
ORD-116832,2025-10-11,2025-10-12,1.0
ORD-116833,2025-01-07,2025-01-08,1.0
ORD-116834,2024-11-06,,
ORD-116835,2024-08-24,2024-08-24,0.0
ORD-116836,2024-03-17,2024-03-17,0.0
ORD-116837,2024-10-28,2024-10-28,0.0
ORD-116838,2025-06-05,2025-06-05,0.0
ORD-116839,2025-05-25,2025-05-25,0.0
ORD-116840,2025-08-29,2025-08-29,0.0
ORD-116841,2025-12-06,2025-12-07,1.0
ORD-116842,2025-11-19,2025-11-19,0.0
ORD-116843,2025-10-29,,
ORD-116844,2025-07-04,2025-07-04,0.0
ORD-116845,2025-08-08,2025-08-08,0.0
ORD-116846,2025-11-13,2025-11-14,1.0
ORD-116847,2025-07-31,2025-07-31,0.0
ORD-116848,2024-10-03,2024-10-03,0.0
ORD-116849,2025-07-18,2025-07-18,0.0
ORD-116850,2025-11-25,2025-11-26,1.0
ORD-116851,2025-12-30,,
ORD-116852,2025-06-20,2025-06-20,0.0
ORD-116853,2024-10-02,2024-10-03,1.0
ORD-116854,2025-10-27,2025-10-28,1.0
ORD-116855,2025-11-21,2025-11-23,2.0
ORD-116856,2025-01-09,2025-01-09,0.0
ORD-116857,2025-03-20,2025-03-20,0.0
ORD-116858,2024-11-09,2024-11-09,0.0
ORD-116859,2024-03-02,2024-03-02,0.0
ORD-116860,2025-02-20,2025-02-20,0.0
ORD-116861,2024-11-02,2024-11-07,5.0
ORD-116862,2025-11-04,2025-11-04,0.0
ORD-116863,2025-11-27,,
ORD-116864,2025-01-28,2025-01-28,0.0
ORD-116865,2025-08-02,2025-08-02,0.0
ORD-116866,2024-06-05,2024-06-05,0.0
ORD-116867,2025-02-02,,
ORD-116868,2024-06-11,2024-06-12,1.0
ORD-116869,2025-06-19,2025-06-20,1.0
ORD-116870,2024-06-26,2024-06-26,0.0
ORD-116871,2025-01-05,2025-01-06,1.0
ORD-116872,2025-08-04,2025-08-04,0.0
ORD-116873,2024-08-21,2024-08-21,0.0
ORD-116874,2025-03-30,2025-03-30,0.0
ORD-116875,2025-09-09,2025-09-11,2.0
ORD-116876,2025-11-19,2025-11-19,0.0
ORD-116877,2025-08-29,2025-08-30,1.0
ORD-116878,2025-11-12,2025-11-13,1.0
ORD-116879,2024-02-24,2024-02-25,1.0
ORD-116880,2024-03-08,2024-03-09,1.0
ORD-116881,2025-12-19,2025-12-19,0.0
ORD-116882,2025-12-26,2025-12-26,0.0
ORD-116883,2025-10-25,2025-10-25,0.0
ORD-116884,2025-02-05,2025-02-05,0.0
ORD-116885,2025-11-18,2025-11-18,0.0
ORD-116886,2025-07-19,2025-07-19,0.0
ORD-116887,2025-10-04,2025-10-04,0.0
ORD-116888,2025-11-15,2025-11-15,0.0
ORD-116889,2025-09-01,2025-09-01,0.0
ORD-116890,2025-11-18,2025-11-18,0.0
ORD-116891,2025-04-12,2025-04-13,1.0
ORD-116892,2025-05-15,2025-05-15,0.0
ORD-116893,2024-09-08,2024-09-11,3.0
ORD-116894,2025-05-08,2025-05-08,0.0
ORD-116895,2025-06-14,2025-06-15,1.0
ORD-116896,2025-11-12,,
ORD-116897,2024-11-07,2024-11-07,0.0
ORD-116898,2024-10-30,2024-10-30,0.0
ORD-116899,2025-11-18,2025-11-18,0.0
ORD-116900,2024-10-04,2024-10-04,0.0
ORD-116901,2025-11-25,2025-11-25,0.0
ORD-116902,2025-09-03,2025-09-03,0.0
ORD-116903,2024-04-19,2024-04-19,0.0
ORD-116904,2025-01-10,2025-01-11,1.0
ORD-116905,2025-06-13,2025-06-13,0.0
ORD-116906,2025-11-16,2025-11-17,1.0
ORD-116907,2025-11-03,2025-11-04,1.0
ORD-116908,2025-10-20,2025-10-20,0.0
ORD-116909,2024-12-12,2024-12-13,1.0
ORD-116910,2025-11-06,2025-11-06,0.0
ORD-116911,2025-07-14,2025-07-14,0.0
ORD-116912,2024-11-19,2024-11-21,2.0
ORD-116913,2025-02-18,2025-02-18,0.0
ORD-116914,2025-03-04,2025-03-05,1.0
ORD-116915,2025-12-21,,
ORD-116916,2025-06-23,2025-06-24,1.0
ORD-116917,2025-09-25,2025-09-26,1.0
ORD-116918,2025-03-29,2025-03-29,0.0
ORD-116919,2025-07-30,2025-07-30,0.0
ORD-116920,2025-02-08,2025-02-10,2.0
ORD-116921,2025-11-10,2025-11-10,0.0
ORD-116922,2025-08-11,2025-08-12,1.0
ORD-116923,2024-10-25,2024-10-25,0.0
ORD-116924,2025-03-14,,
ORD-116925,2025-11-08,2025-11-08,0.0
ORD-116926,2024-07-23,2024-07-26,3.0
ORD-116927,2025-07-04,2025-07-04,0.0
ORD-116928,2025-03-19,2025-03-20,1.0
ORD-116929,2024-11-13,2024-11-14,1.0
ORD-116930,2025-05-01,2025-05-01,0.0
ORD-116931,2025-11-01,2025-11-04,3.0
ORD-116932,2025-12-17,2025-12-17,0.0
ORD-116933,2025-02-25,2025-02-25,0.0
ORD-116934,2025-05-26,,
ORD-116935,2025-11-23,2025-11-23,0.0
ORD-116936,2024-12-12,,
ORD-116937,2025-04-13,2025-04-13,0.0
ORD-116938,2025-10-19,2025-10-19,0.0
ORD-116939,2025-01-08,2025-01-08,0.0
ORD-116940,2025-08-07,2025-08-07,0.0
ORD-116941,2025-09-30,2025-09-30,0.0
ORD-116942,2025-11-17,2025-11-17,0.0
ORD-116943,2025-10-21,2025-10-21,0.0
ORD-116944,2025-11-17,2025-11-17,0.0
ORD-116945,2025-06-07,2025-06-07,0.0
ORD-116946,2024-08-14,2024-08-14,0.0
ORD-116947,2025-11-23,,
ORD-116948,2025-10-18,2025-10-18,0.0
ORD-116949,2025-02-21,2025-02-23,2.0
ORD-116950,2025-04-24,2025-04-25,1.0
ORD-116951,2024-11-06,,
ORD-116952,2024-10-19,2024-10-19,0.0
ORD-116953,2025-03-06,2025-03-06,0.0
ORD-116954,2025-07-07,,
ORD-116955,2024-06-04,2024-06-04,0.0
ORD-116956,2024-05-15,2024-05-15,0.0
ORD-116957,2025-11-06,2025-11-07,1.0
ORD-116958,2025-04-23,2025-04-23,0.0
ORD-116959,2024-12-26,2024-12-26,0.0
ORD-116960,2025-12-13,2025-12-13,0.0
ORD-116961,2024-07-09,2024-07-10,1.0
ORD-116962,2025-07-08,2025-07-08,0.0
ORD-116963,2025-06-17,2025-06-17,0.0
ORD-116964,2025-08-04,,
ORD-116965,2025-07-22,2025-07-22,0.0
ORD-116966,2025-10-31,2025-11-01,1.0
ORD-116967,2025-10-27,2025-11-01,5.0
ORD-116968,2025-02-06,2025-02-07,1.0
ORD-116969,2025-11-21,2025-11-22,1.0
ORD-116970,2025-08-02,2025-08-02,0.0
ORD-116971,2024-10-21,2024-10-23,2.0
ORD-116972,2025-10-28,2025-10-28,0.0
ORD-116973,2025-12-23,2025-12-23,0.0
ORD-116974,2025-12-24,2025-12-26,2.0
ORD-116975,2025-07-12,2025-07-12,0.0
ORD-116976,2025-10-02,,
ORD-116977,2025-08-18,2025-08-18,0.0
ORD-116978,2025-05-17,,
ORD-116979,2025-12-28,2025-12-28,0.0
ORD-116980,2025-05-14,2025-05-14,0.0
ORD-116981,2024-08-21,2024-08-21,0.0
ORD-116982,2025-05-10,2025-05-10,0.0
ORD-116983,2025-11-10,2025-11-12,2.0
ORD-116984,2024-10-07,2024-10-08,1.0
ORD-116985,2025-12-28,,
ORD-116986,2025-01-31,2025-02-01,1.0
ORD-116987,2025-09-21,2025-09-21,0.0
ORD-116988,2025-02-23,2025-02-24,1.0
ORD-116989,2025-09-13,2025-09-15,2.0
ORD-116990,2025-12-16,2025-12-17,1.0
ORD-116991,2025-04-18,2025-04-18,0.0
ORD-116992,2024-12-21,2024-12-21,0.0
ORD-116993,2024-08-31,2024-08-31,0.0
ORD-116994,2024-12-04,2024-12-04,0.0
ORD-116995,2024-05-18,2024-05-21,3.0
ORD-116996,2025-01-11,2025-01-13,2.0
ORD-116997,2024-09-16,2024-09-17,1.0
ORD-116998,2025-11-28,2025-11-28,0.0
ORD-116999,2025-09-29,2025-09-30,1.0
ORD-117000,2025-09-11,,
ORD-117001,2025-05-05,2025-05-06,1.0
ORD-117002,2025-11-09,2025-11-09,0.0
ORD-117003,2025-09-28,2025-09-28,0.0
ORD-117004,2025-11-08,2025-11-10,2.0
ORD-117005,2025-01-24,2025-01-24,0.0
ORD-117006,2025-11-11,2025-11-11,0.0
ORD-117007,2024-12-24,2024-12-25,1.0
ORD-117008,2024-03-12,2024-03-12,0.0
ORD-117009,2025-03-19,2025-03-19,0.0
ORD-117010,2025-10-13,2025-10-13,0.0
ORD-117011,2024-08-20,2024-08-20,0.0
ORD-117012,2025-12-08,2025-12-08,0.0
ORD-117013,2024-11-28,2024-11-28,0.0
ORD-117014,2025-07-04,2025-07-07,3.0
ORD-117015,2025-11-09,2025-11-10,1.0
ORD-117016,2025-12-02,2025-12-02,0.0
ORD-117017,2025-05-21,2025-05-21,0.0
ORD-117018,2025-02-28,2025-02-28,0.0
ORD-117019,2024-03-15,2024-03-16,1.0
ORD-117020,2025-02-27,2025-02-27,0.0
ORD-117021,2025-12-21,2025-12-21,0.0
ORD-117022,2024-10-31,2024-10-31,0.0
ORD-117023,2025-10-07,2025-10-07,0.0
ORD-117024,2025-02-01,2025-02-01,0.0
ORD-117025,2025-10-15,2025-10-17,2.0
ORD-117026,2025-06-29,2025-07-01,2.0
ORD-117027,2024-10-23,2024-10-23,0.0
ORD-117028,2025-12-10,2025-12-12,2.0
ORD-117029,2025-12-04,2025-12-04,0.0
ORD-117030,2025-10-17,2025-10-17,0.0
ORD-117031,2025-02-15,2025-02-16,1.0
ORD-117032,2025-10-16,2025-10-18,2.0
ORD-117033,2025-10-29,2025-10-31,2.0
ORD-117034,2025-05-28,2025-05-28,0.0
ORD-117035,2025-06-24,2025-06-24,0.0
ORD-117036,2025-10-18,2025-10-18,0.0
ORD-117037,2025-11-19,2025-11-19,0.0
ORD-117038,2025-09-24,2025-09-24,0.0
ORD-117039,2024-04-17,2024-04-17,0.0
ORD-117040,2025-06-18,2025-06-19,1.0
ORD-117041,2024-11-05,2024-11-05,0.0
ORD-117042,2025-07-19,2025-07-21,2.0
ORD-117043,2025-01-21,2025-01-21,0.0
ORD-117044,2025-10-12,2025-10-12,0.0
ORD-117045,2025-03-08,2025-03-10,2.0
ORD-117046,2024-06-19,2024-06-19,0.0
ORD-117047,2025-11-22,2025-11-24,2.0
ORD-117048,2025-07-12,,
ORD-117049,2025-06-15,2025-06-15,0.0
ORD-117050,2025-04-01,2025-04-01,0.0
ORD-117051,2025-07-22,2025-07-24,2.0
ORD-117052,2025-10-31,2025-10-31,0.0
ORD-117053,2024-08-23,2024-08-23,0.0
ORD-117054,2025-02-15,2025-02-15,0.0
ORD-117055,2024-10-17,,
ORD-117056,2024-03-07,2024-03-08,1.0
ORD-117057,2024-08-31,2024-08-31,0.0
ORD-117058,2025-08-19,2025-08-19,0.0
ORD-117059,2025-05-29,2025-05-29,0.0
ORD-117060,2025-09-13,2025-09-15,2.0
ORD-117061,2025-08-08,2025-08-08,0.0
ORD-117062,2025-02-06,2025-02-06,0.0
ORD-117063,2025-01-31,2025-02-02,2.0
ORD-117064,2024-05-25,2024-05-25,0.0
ORD-117065,2025-11-08,2025-11-09,1.0
ORD-117066,2025-11-16,2025-11-16,0.0
ORD-117067,2025-06-01,2025-06-03,2.0
ORD-117068,2025-10-22,2025-10-22,0.0
ORD-117069,2025-09-18,2025-09-18,0.0
ORD-117070,2025-03-08,2025-03-08,0.0
ORD-117071,2025-08-12,2025-08-12,0.0
ORD-117072,2025-11-13,2025-11-13,0.0
ORD-117073,2025-02-21,2025-02-21,0.0
ORD-117074,2025-05-27,2025-05-28,1.0
ORD-117075,2024-07-27,2024-07-28,1.0
ORD-117076,2025-01-30,2025-01-30,0.0
ORD-117077,2025-10-08,2025-10-13,5.0
ORD-117078,2025-08-18,2025-08-18,0.0
ORD-117079,2025-05-06,2025-05-07,1.0
ORD-117080,2024-04-14,2024-04-15,1.0
ORD-117081,2025-11-12,2025-11-13,1.0
ORD-117082,2025-07-10,2025-07-10,0.0
ORD-117083,2025-07-23,2025-07-23,0.0
ORD-117084,2025-07-06,2025-07-06,0.0
ORD-117085,2025-08-26,,
ORD-117086,2025-06-16,2025-06-17,1.0
ORD-117087,2024-12-29,2024-12-29,0.0
ORD-117088,2024-12-17,2024-12-17,0.0
ORD-117089,2025-09-22,2025-09-23,1.0
ORD-117090,2024-08-29,2024-08-30,1.0
ORD-117091,2024-04-09,2024-04-09,0.0
ORD-117092,2024-08-30,2024-08-30,0.0
ORD-117093,2025-09-23,2025-09-24,1.0
ORD-117094,2025-01-30,2025-01-30,0.0
ORD-117095,2025-12-24,2025-12-24,0.0
ORD-117096,2025-03-31,,
ORD-117097,2024-12-10,2024-12-10,0.0
ORD-117098,2024-11-24,2024-11-25,1.0
ORD-117099,2025-06-26,2025-06-27,1.0
ORD-117100,2025-12-29,2025-12-29,0.0
ORD-117101,2025-11-20,2025-11-20,0.0
ORD-117102,2025-11-24,2025-11-25,1.0
ORD-117103,2024-11-26,,
ORD-117104,2025-10-28,2025-10-30,2.0
ORD-117105,2024-06-21,2024-06-22,1.0
ORD-117106,2025-10-03,2025-10-04,1.0
ORD-117107,2025-12-29,2025-12-29,0.0
ORD-117108,2025-01-31,2025-02-01,1.0
ORD-117109,2025-06-29,2025-06-29,0.0
ORD-117110,2025-08-20,2025-08-21,1.0
ORD-117111,2025-08-22,2025-08-22,0.0
ORD-117112,2025-05-16,2025-05-18,2.0
ORD-117113,2025-10-29,2025-10-30,1.0
ORD-117114,2025-01-31,2025-01-31,0.0
ORD-117115,2025-03-29,2025-03-29,0.0
ORD-117116,2025-10-09,,
ORD-117117,2025-09-01,2025-09-03,2.0
ORD-117118,2025-06-23,2025-06-23,0.0
ORD-117119,2024-04-27,2024-04-27,0.0
ORD-117120,2024-10-18,2024-10-18,0.0
ORD-117121,2024-06-28,2024-06-29,1.0
ORD-117122,2025-10-03,2025-10-04,1.0
ORD-117123,2024-11-07,2024-11-08,1.0
ORD-117124,2025-08-30,2025-08-30,0.0
ORD-117125,2024-09-19,2024-09-20,1.0
ORD-117126,2025-03-20,2025-03-20,0.0
ORD-117127,2025-10-23,2025-10-23,0.0
ORD-117128,2025-03-23,2025-03-25,2.0
ORD-117129,2024-06-22,2024-06-23,1.0
ORD-117130,2025-11-09,2025-11-11,2.0
ORD-117131,2025-12-19,2025-12-19,0.0
ORD-117132,2025-05-23,2025-05-23,0.0
ORD-117133,2025-10-11,2025-10-11,0.0
ORD-117134,2025-01-22,2025-01-22,0.0
ORD-117135,2025-08-20,2025-08-20,0.0
ORD-117136,2024-05-11,2024-05-11,0.0
ORD-117137,2025-11-02,2025-11-02,0.0
ORD-117138,2025-10-23,2025-10-23,0.0
ORD-117139,2024-09-08,2024-09-09,1.0
ORD-117140,2024-03-13,2024-03-13,0.0
ORD-117141,2025-09-17,2025-09-18,1.0
ORD-117142,2024-05-13,2024-05-13,0.0
ORD-117143,2025-11-28,2025-11-29,1.0
ORD-117144,2024-06-01,2024-06-01,0.0
ORD-117145,2024-12-15,,
ORD-117146,2025-04-28,2025-04-28,0.0
ORD-117147,2025-06-05,2025-06-06,1.0
ORD-117148,2025-02-22,2025-02-24,2.0
ORD-117149,2024-06-05,2024-06-05,0.0
ORD-117150,2025-07-15,2025-07-15,0.0
ORD-117151,2025-11-10,2025-11-10,0.0
ORD-117152,2025-11-21,,
ORD-117153,2025-01-06,2025-01-08,2.0
ORD-117154,2025-12-07,2025-12-08,1.0
ORD-117155,2024-03-26,2024-03-26,0.0
ORD-117156,2024-05-23,,
ORD-117157,2025-08-30,2025-08-31,1.0
ORD-117158,2025-05-29,2025-05-29,0.0
ORD-117159,2025-11-15,2025-11-15,0.0
ORD-117160,2025-10-22,2025-10-22,0.0
ORD-117161,2025-11-16,2025-11-16,0.0
ORD-117162,2025-03-03,2025-03-03,0.0
ORD-117163,2025-12-11,,
ORD-117164,2024-10-27,,
ORD-117165,2025-08-01,2025-08-01,0.0
ORD-117166,2025-11-02,2025-11-04,2.0
ORD-117167,2025-08-25,2025-08-25,0.0
ORD-117168,2025-11-05,2025-11-05,0.0
ORD-117169,2024-07-05,2024-07-06,1.0
ORD-117170,2025-11-05,2025-11-05,0.0
ORD-117171,2025-09-26,2025-09-26,0.0
ORD-117172,2025-10-20,2025-10-20,0.0
ORD-117173,2024-12-23,2024-12-23,0.0
ORD-117174,2025-08-13,2025-08-13,0.0
ORD-117175,2025-09-23,2025-09-24,1.0
ORD-117176,2025-03-28,2025-03-30,2.0
ORD-117177,2024-05-02,2024-05-02,0.0
ORD-117178,2024-07-29,2024-07-30,1.0
ORD-117179,2024-10-23,2024-10-23,0.0
ORD-117180,2025-07-16,2025-07-19,3.0
ORD-117181,2025-02-08,2025-02-08,0.0
ORD-117182,2024-09-03,2024-09-03,0.0
ORD-117183,2024-10-21,2024-10-22,1.0
ORD-117184,2025-11-16,2025-11-16,0.0
ORD-117185,2024-06-09,2024-06-09,0.0
ORD-117186,2024-08-02,2024-08-02,0.0
ORD-117187,2025-06-29,2025-07-01,2.0
ORD-117188,2024-08-20,2024-08-20,0.0
ORD-117189,2024-05-31,2024-06-01,1.0
ORD-117190,2024-09-30,2024-09-30,0.0
ORD-117191,2025-02-23,2025-02-23,0.0
ORD-117192,2025-09-15,,
ORD-117193,2025-07-26,2025-07-26,0.0
ORD-117194,2024-08-22,2024-08-22,0.0
ORD-117195,2025-04-10,2025-04-10,0.0
ORD-117196,2024-10-25,2024-10-25,0.0
ORD-117197,2025-10-12,,
ORD-117198,2024-10-29,,
ORD-117199,2025-12-16,2025-12-18,2.0
ORD-117200,2025-04-07,2025-04-07,0.0
ORD-117201,2025-07-10,2025-07-12,2.0
ORD-117202,2025-01-06,2025-01-06,0.0
ORD-117203,2024-06-06,2024-06-07,1.0
ORD-117204,2025-06-07,2025-06-08,1.0
ORD-117205,2025-11-30,2025-11-30,0.0
ORD-117206,2025-09-25,2025-09-25,0.0
ORD-117207,2025-12-27,2025-12-27,0.0
ORD-117208,2025-08-29,2025-08-31,2.0
ORD-117209,2025-12-04,2025-12-04,0.0
ORD-117210,2025-06-05,,
ORD-117211,2025-06-29,2025-06-30,1.0
ORD-117212,2024-10-23,2024-10-23,0.0
ORD-117213,2025-11-17,2025-11-17,0.0
ORD-117214,2025-05-08,2025-05-13,5.0
ORD-117215,2025-09-01,2025-09-01,0.0
ORD-117216,2025-07-20,2025-07-21,1.0
ORD-117217,2025-04-06,2025-04-07,1.0
ORD-117218,2025-02-09,2025-02-11,2.0
ORD-117219,2025-05-22,2025-05-22,0.0
ORD-117220,2025-04-03,2025-04-04,1.0
ORD-117221,2025-03-20,2025-03-20,0.0
ORD-117222,2025-10-23,2025-10-23,0.0
ORD-117223,2025-12-05,,
ORD-117224,2025-06-20,2025-06-20,0.0
ORD-117225,2025-04-19,2025-04-19,0.0
ORD-117226,2025-07-17,2025-07-18,1.0
ORD-117227,2025-08-16,2025-08-18,2.0
ORD-117228,2025-03-09,2025-03-09,0.0
ORD-117229,2025-11-16,2025-11-16,0.0
ORD-117230,2025-09-29,2025-09-29,0.0
ORD-117231,2025-02-03,2025-02-03,0.0
ORD-117232,2025-11-19,2025-11-21,2.0
ORD-117233,2025-11-07,2025-11-07,0.0
ORD-117234,2025-05-09,,
ORD-117235,2025-02-08,2025-02-08,0.0
ORD-117236,2025-12-17,,
ORD-117237,2024-06-23,,
ORD-117238,2024-11-21,2024-11-21,0.0
ORD-117239,2025-08-15,2025-08-15,0.0
ORD-117240,2025-04-25,2025-04-25,0.0
ORD-117241,2025-11-15,,
ORD-117242,2025-06-12,2025-06-12,0.0
ORD-117243,2025-01-24,2025-01-24,0.0
ORD-117244,2024-08-23,2024-08-24,1.0
ORD-117245,2025-09-04,2025-09-04,0.0
ORD-117246,2025-12-14,2025-12-14,0.0
ORD-117247,2025-11-18,2025-11-18,0.0
ORD-117248,2024-07-23,,
ORD-117249,2025-08-22,2025-08-23,1.0
ORD-117250,2024-11-15,2024-11-15,0.0
ORD-117251,2025-01-24,,
ORD-117252,2025-12-25,2025-12-25,0.0
ORD-117253,2025-11-18,2025-11-19,1.0
ORD-117254,2025-05-20,2025-05-20,0.0
ORD-117255,2025-07-08,,
ORD-117256,2025-08-27,2025-08-27,0.0
ORD-117257,2025-10-26,2025-10-27,1.0
ORD-117258,2025-02-20,2025-02-20,0.0
ORD-117259,2025-03-28,2025-03-28,0.0
ORD-117260,2025-07-06,2025-07-06,0.0
ORD-117261,2025-01-20,2025-01-21,1.0
ORD-117262,2025-11-22,2025-11-24,2.0
ORD-117263,2025-08-19,2025-08-20,1.0
ORD-117264,2024-12-08,2024-12-09,1.0
ORD-117265,2025-10-23,2025-10-25,2.0
ORD-117266,2025-05-13,2025-05-13,0.0
ORD-117267,2024-10-19,2024-10-21,2.0
ORD-117268,2025-05-21,2025-05-21,0.0
ORD-117269,2025-07-02,2025-07-02,0.0
ORD-117270,2025-04-21,2025-04-21,0.0
ORD-117271,2025-06-14,,
ORD-117272,2025-05-12,2025-05-12,0.0
ORD-117273,2025-09-11,,
ORD-117274,2025-04-06,2025-04-06,0.0
ORD-117275,2024-12-22,2024-12-23,1.0
ORD-117276,2025-06-24,2025-06-24,0.0
ORD-117277,2025-11-08,2025-11-09,1.0
ORD-117278,2024-08-24,2024-08-25,1.0
ORD-117279,2025-12-01,2025-12-02,1.0
ORD-117280,2025-02-20,2025-02-20,0.0
ORD-117281,2024-10-21,2024-10-22,1.0
ORD-117282,2025-07-08,,
ORD-117283,2025-02-03,2025-02-03,0.0
ORD-117284,2025-12-24,2025-12-25,1.0
ORD-117285,2025-11-21,2025-11-24,3.0
ORD-117286,2025-12-20,2025-12-23,3.0
ORD-117287,2025-08-28,2025-08-28,0.0
ORD-117288,2024-09-29,2024-09-30,1.0
ORD-117289,2025-10-25,2025-10-26,1.0
ORD-117290,2025-07-10,2025-07-10,0.0
ORD-117291,2025-05-02,2025-05-02,0.0
ORD-117292,2025-10-21,,
ORD-117293,2025-03-31,2025-04-02,2.0
ORD-117294,2025-07-30,2025-07-30,0.0
ORD-117295,2025-01-27,2025-01-27,0.0
ORD-117296,2025-06-01,2025-06-01,0.0
ORD-117297,2025-09-14,2025-09-16,2.0
ORD-117298,2025-04-29,,
ORD-117299,2025-10-28,,
ORD-117300,2025-10-11,2025-10-12,1.0
ORD-117301,2025-12-24,2025-12-25,1.0
ORD-117302,2025-12-06,2025-12-08,2.0
ORD-117303,2025-05-27,2025-05-29,2.0
ORD-117304,2025-01-06,2025-01-06,0.0
ORD-117305,2025-08-20,2025-08-20,0.0
ORD-117306,2024-08-17,2024-08-18,1.0
ORD-117307,2024-10-26,,
ORD-117308,2025-08-20,2025-08-23,3.0
ORD-117309,2025-11-18,2025-11-19,1.0
ORD-117310,2025-11-04,2025-11-04,0.0
ORD-117311,2024-05-31,,
ORD-117312,2024-07-25,2024-07-26,1.0
ORD-117313,2024-09-16,2024-09-16,0.0
ORD-117314,2024-10-31,2024-10-31,0.0
ORD-117315,2025-02-24,2025-02-26,2.0
ORD-117316,2025-06-23,2025-06-23,0.0
ORD-117317,2025-07-11,2025-07-11,0.0
ORD-117318,2024-10-08,2024-10-08,0.0
ORD-117319,2025-11-16,2025-11-17,1.0
ORD-117320,2024-11-11,2024-11-13,2.0
ORD-117321,2025-10-30,2025-10-30,0.0
ORD-117322,2025-10-21,2025-10-21,0.0
ORD-117323,2025-11-12,2025-11-13,1.0
ORD-117324,2025-11-12,2025-11-12,0.0
ORD-117325,2024-12-28,2024-12-31,3.0
ORD-117326,2025-11-10,2025-11-11,1.0
ORD-117327,2025-07-04,2025-07-04,0.0
ORD-117328,2024-06-24,2024-06-24,0.0
ORD-117329,2025-01-30,2025-02-01,2.0
ORD-117330,2025-08-31,2025-08-31,0.0
ORD-117331,2024-11-18,2024-11-18,0.0
ORD-117332,2025-05-13,2025-05-13,0.0
ORD-117333,2025-03-21,2025-03-22,1.0
ORD-117334,2025-12-08,2025-12-08,0.0
ORD-117335,2025-08-07,2025-08-08,1.0
ORD-117336,2024-09-04,,
ORD-117337,2025-04-01,2025-04-01,0.0
ORD-117338,2024-11-28,2024-11-28,0.0
ORD-117339,2024-11-19,2024-11-19,0.0
ORD-117340,2024-11-17,2024-11-17,0.0
ORD-117341,2025-04-12,2025-04-13,1.0
ORD-117342,2025-07-15,2025-07-15,0.0
ORD-117343,2024-10-19,2024-10-20,1.0
ORD-117344,2025-11-15,2025-11-16,1.0
ORD-117345,2025-05-03,2025-05-04,1.0
ORD-117346,2025-05-23,2025-05-24,1.0
ORD-117347,2025-08-01,2025-08-03,2.0
ORD-117348,2025-09-18,2025-09-19,1.0
ORD-117349,2025-05-23,2025-05-23,0.0
ORD-117350,2025-10-28,2025-10-28,0.0
ORD-117351,2024-06-06,,
ORD-117352,2025-01-15,2025-01-15,0.0
ORD-117353,2025-03-15,2025-03-15,0.0
ORD-117354,2025-09-03,2025-09-05,2.0
ORD-117355,2025-06-25,2025-06-26,1.0
ORD-117356,2024-06-07,,
ORD-117357,2024-07-14,2024-07-15,1.0
ORD-117358,2024-12-05,2024-12-07,2.0
ORD-117359,2024-08-25,2024-08-30,5.0
ORD-117360,2025-07-15,2025-07-16,1.0
ORD-117361,2024-03-20,2024-03-21,1.0
ORD-117362,2025-12-06,2025-12-06,0.0
ORD-117363,2025-04-13,2025-04-13,0.0
ORD-117364,2025-01-04,2025-01-05,1.0
ORD-117365,2025-05-01,2025-05-01,0.0
ORD-117366,2025-08-11,2025-08-13,2.0
ORD-117367,2025-01-07,2025-01-07,0.0
ORD-117368,2025-08-28,2025-08-28,0.0
ORD-117369,2025-07-06,2025-07-07,1.0
ORD-117370,2025-08-31,,
ORD-117371,2025-11-02,2025-11-02,0.0
ORD-117372,2024-10-24,2024-10-24,0.0
ORD-117373,2025-12-14,2025-12-14,0.0
ORD-117374,2024-11-01,2024-11-03,2.0
ORD-117375,2025-10-29,2025-10-29,0.0
ORD-117376,2025-08-25,2025-08-25,0.0
ORD-117377,2025-08-21,2025-08-22,1.0
ORD-117378,2025-10-12,,
ORD-117379,2025-03-22,2025-03-22,0.0
ORD-117380,2024-12-31,2025-01-01,1.0
ORD-117381,2025-12-04,2025-12-04,0.0
ORD-117382,2024-11-07,,
ORD-117383,2025-11-14,2025-11-14,0.0
ORD-117384,2025-04-08,2025-04-10,2.0
ORD-117385,2025-12-09,2025-12-10,1.0
ORD-117386,2024-05-18,,
ORD-117387,2025-12-13,2025-12-13,0.0
ORD-117388,2025-12-08,,
ORD-117389,2025-07-31,2025-07-31,0.0
ORD-117390,2025-04-11,2025-04-11,0.0
ORD-117391,2025-02-28,2025-03-01,1.0
ORD-117392,2025-04-09,2025-04-09,0.0
ORD-117393,2025-05-25,2025-05-25,0.0
ORD-117394,2025-05-08,2025-05-09,1.0
ORD-117395,2024-12-06,2024-12-07,1.0
ORD-117396,2026-01-02,2026-01-07,5.0
ORD-117397,2025-05-09,,
ORD-117398,2024-11-02,2024-11-05,3.0
ORD-117399,2025-12-14,2025-12-14,0.0
ORD-117400,2025-08-02,2025-08-02,0.0
ORD-117401,2025-11-09,2025-11-09,0.0
ORD-117402,2025-10-14,2025-10-14,0.0
ORD-117403,2026-01-01,2026-01-04,3.0
ORD-117404,2025-10-12,2025-10-12,0.0
ORD-117405,2024-11-16,2024-11-16,0.0
ORD-117406,2024-06-30,2024-06-30,0.0
ORD-117407,2025-10-27,2025-10-28,1.0
ORD-117408,2025-09-02,2025-09-02,0.0
ORD-117409,2025-09-10,2025-09-11,1.0
ORD-117410,2025-03-24,2025-03-24,0.0
ORD-117411,2025-11-14,2025-11-14,0.0
ORD-117412,2024-09-14,2024-09-14,0.0
ORD-117413,2025-12-08,2025-12-08,0.0
ORD-117414,2025-10-29,2025-10-31,2.0
ORD-117415,2025-04-18,2025-04-18,0.0
ORD-117416,2025-11-19,2025-11-19,0.0
ORD-117417,2025-05-08,2025-05-08,0.0
ORD-117418,2025-05-28,2025-05-29,1.0
ORD-117419,2024-06-03,2024-06-03,0.0
ORD-117420,2024-09-04,2024-09-04,0.0
ORD-117421,2025-10-27,2025-10-27,0.0
ORD-117422,2025-10-20,2025-10-21,1.0
ORD-117423,2025-09-12,2025-09-15,3.0
ORD-117424,2025-08-28,2025-08-28,0.0
ORD-117425,2025-05-07,2025-05-08,1.0
ORD-117426,2025-09-15,2025-09-15,0.0
ORD-117427,2025-04-03,2025-04-03,0.0
ORD-117428,2025-10-24,2025-10-25,1.0
ORD-117429,2025-03-26,2025-03-27,1.0
ORD-117430,2025-09-26,2025-09-27,1.0
ORD-117431,2025-10-21,2025-10-23,2.0
ORD-117432,2025-05-03,2025-05-06,3.0
ORD-117433,2025-11-05,2025-11-05,0.0
ORD-117434,2025-11-07,2025-11-07,0.0
ORD-117435,2025-04-29,2025-04-29,0.0
ORD-117436,2025-06-29,2025-06-29,0.0
ORD-117437,2025-05-10,,
ORD-117438,2025-03-21,2025-03-26,5.0
ORD-117439,2025-03-16,2025-03-17,1.0
ORD-117440,2025-12-06,2025-12-06,0.0
ORD-117441,2024-07-19,2024-07-21,2.0
ORD-117442,2024-10-09,2024-10-10,1.0
ORD-117443,2025-07-19,2025-07-19,0.0
ORD-117444,2024-08-16,2024-08-17,1.0
ORD-117445,2025-12-28,2025-12-28,0.0
ORD-117446,2025-07-18,2025-07-18,0.0
ORD-117447,2024-11-14,2024-11-15,1.0
ORD-117448,2025-11-09,2025-11-11,2.0
ORD-117449,2024-05-04,2024-05-04,0.0
ORD-117450,2025-11-13,2025-11-13,0.0
ORD-117451,2025-11-23,2025-11-23,0.0
ORD-117452,2025-11-01,2025-11-04,3.0
ORD-117453,2025-11-10,2025-11-11,1.0
ORD-117454,2025-12-23,2025-12-23,0.0
ORD-117455,2024-10-25,2024-10-25,0.0
ORD-117456,2025-03-05,2025-03-05,0.0
ORD-117457,2025-10-25,2025-10-26,1.0
ORD-117458,2025-08-25,2025-08-27,2.0
ORD-117459,2024-11-17,2024-11-17,0.0
ORD-117460,2025-02-10,2025-02-11,1.0
ORD-117461,2025-05-12,2025-05-15,3.0
ORD-117462,2025-10-19,2025-10-19,0.0
ORD-117463,2025-03-03,2025-03-03,0.0
ORD-117464,2025-11-16,2025-11-16,0.0
ORD-117465,2025-11-07,2025-11-07,0.0
ORD-117466,2025-09-22,2025-09-22,0.0
ORD-117467,2024-05-28,2024-05-28,0.0
ORD-117468,2025-01-25,2025-01-25,0.0
ORD-117469,2025-12-05,2025-12-05,0.0
ORD-117470,2024-03-25,2024-03-25,0.0
ORD-117471,2025-04-25,2025-04-26,1.0
ORD-117472,2025-03-03,2025-03-03,0.0
ORD-117473,2024-10-09,,
ORD-117474,2025-11-14,2025-11-14,0.0
ORD-117475,2025-01-13,2025-01-14,1.0
ORD-117476,2025-10-23,2025-10-23,0.0
ORD-117477,2024-09-13,2024-09-13,0.0
ORD-117478,2024-12-08,2024-12-08,0.0
ORD-117479,2025-09-22,2025-09-23,1.0
ORD-117480,2025-01-30,2025-01-30,0.0
ORD-117481,2024-12-07,2024-12-07,0.0
ORD-117482,2024-12-11,2024-12-13,2.0
ORD-117483,2025-08-10,2025-08-10,0.0
ORD-117484,2025-11-01,2025-11-01,0.0
ORD-117485,2025-01-23,,
ORD-117486,2025-12-10,2025-12-10,0.0
ORD-117487,2025-10-25,2025-10-25,0.0
ORD-117488,2025-07-31,,
ORD-117489,2025-04-27,2025-04-28,1.0
ORD-117490,2025-10-19,2025-10-19,0.0
ORD-117491,2025-10-31,2025-10-31,0.0
ORD-117492,2025-05-17,,
ORD-117493,2025-05-14,2025-05-14,0.0
ORD-117494,2025-09-23,,
ORD-117495,2025-11-26,2025-11-26,0.0
ORD-117496,2025-03-11,2025-03-11,0.0
ORD-117497,2025-08-31,2025-09-01,1.0
ORD-117498,2024-07-18,2024-07-19,1.0
ORD-117499,2024-11-05,2024-11-05,0.0
ORD-117500,2025-11-09,2025-11-09,0.0
ORD-117501,2024-10-27,2024-10-30,3.0
ORD-117502,2025-03-29,2025-03-29,0.0
ORD-117503,2025-10-30,2025-11-01,2.0
ORD-117504,2025-11-02,2025-11-02,0.0
ORD-117505,2025-04-19,,
ORD-117506,2025-06-01,2025-06-01,0.0
ORD-117507,2024-06-03,2024-06-03,0.0
ORD-117508,2025-04-15,2025-04-15,0.0
ORD-117509,2025-08-26,2025-08-26,0.0
ORD-117510,2024-10-02,2024-10-03,1.0
ORD-117511,2025-07-01,2025-07-01,0.0
ORD-117512,2025-09-11,2025-09-11,0.0
ORD-117513,2025-08-07,2025-08-07,0.0
ORD-117514,2024-12-02,2024-12-04,2.0
ORD-117515,2025-03-13,2025-03-13,0.0
ORD-117516,2025-06-11,,
ORD-117517,2025-04-13,2025-04-14,1.0
ORD-117518,2024-03-26,2024-03-26,0.0
ORD-117519,2025-11-27,2025-11-27,0.0
ORD-117520,2025-08-01,2025-08-01,0.0
ORD-117521,2025-12-03,2025-12-06,3.0
ORD-117522,2025-08-27,2025-08-27,0.0
ORD-117523,2025-03-30,2025-03-30,0.0
ORD-117524,2025-12-05,2025-12-05,0.0
ORD-117525,2024-09-19,2024-09-19,0.0
ORD-117526,2025-03-21,2025-03-21,0.0
ORD-117527,2025-02-16,2025-02-16,0.0
ORD-117528,2025-02-21,2025-02-21,0.0
ORD-117529,2025-02-09,2025-02-09,0.0
ORD-117530,2024-08-05,,
ORD-117531,2024-03-03,2024-03-03,0.0
ORD-117532,2025-02-15,2025-02-15,0.0
ORD-117533,2024-10-26,2024-10-26,0.0
ORD-117534,2025-11-15,2025-11-17,2.0
ORD-117535,2025-12-30,2025-12-30,0.0
ORD-117536,2025-06-28,2025-06-29,1.0
ORD-117537,2025-11-05,2025-11-05,0.0
ORD-117538,2025-04-13,2025-04-14,1.0
ORD-117539,2025-01-01,2025-01-01,0.0
ORD-117540,2025-11-28,2025-11-28,0.0
ORD-117541,2024-03-14,2024-03-14,0.0
ORD-117542,2025-01-31,2025-02-02,2.0
ORD-117543,2025-05-25,2025-05-25,0.0
ORD-117544,2025-03-23,2025-03-25,2.0
ORD-117545,2024-10-24,2024-10-29,5.0
ORD-117546,2025-01-24,2025-01-26,2.0
ORD-117547,2025-01-09,2025-01-09,0.0
ORD-117548,2025-01-28,,
ORD-117549,2025-05-25,2025-05-26,1.0
ORD-117550,2024-12-07,2024-12-08,1.0
ORD-117551,2025-04-24,2025-04-26,2.0
ORD-117552,2025-09-11,,
ORD-117553,2025-12-16,2025-12-16,0.0
ORD-117554,2025-09-28,2025-09-30,2.0
ORD-117555,2025-08-04,2025-08-04,0.0
ORD-117556,2025-01-10,2025-01-10,0.0
ORD-117557,2024-04-21,2024-04-21,0.0
ORD-117558,2025-05-17,2025-05-18,1.0
ORD-117559,2025-09-25,2025-09-26,1.0
ORD-117560,2025-06-10,2025-06-11,1.0
ORD-117561,2025-08-17,2025-08-17,0.0
ORD-117562,2025-10-30,2025-10-30,0.0
ORD-117563,2025-02-04,,
ORD-117564,2025-10-16,,
ORD-117565,2025-07-20,2025-07-21,1.0
ORD-117566,2024-10-23,2024-10-23,0.0
ORD-117567,2025-11-27,2025-11-30,3.0
ORD-117568,2024-08-07,2024-08-07,0.0
ORD-117569,2025-10-21,2025-10-21,0.0
ORD-117570,2025-01-28,,
ORD-117571,2025-05-27,2025-05-29,2.0
ORD-117572,2025-09-27,2025-09-28,1.0
ORD-117573,2025-05-26,2025-05-26,0.0
ORD-117574,2025-10-24,2025-10-24,0.0
ORD-117575,2024-03-14,2024-03-14,0.0
ORD-117576,2025-11-06,2025-11-06,0.0
ORD-117577,2025-10-08,2025-10-08,0.0
ORD-117578,2025-11-06,2025-11-06,0.0
ORD-117579,2025-07-28,2025-07-31,3.0
ORD-117580,2025-08-06,,
ORD-117581,2025-06-24,,
ORD-117582,2024-12-24,2024-12-24,0.0
ORD-117583,2025-01-02,2025-01-03,1.0
ORD-117584,2025-01-24,2025-01-24,0.0
ORD-117585,2025-06-12,,
ORD-117586,2025-04-29,2025-04-30,1.0
ORD-117587,2024-04-19,2024-04-19,0.0
ORD-117588,2025-02-02,2025-02-02,0.0
ORD-117589,2025-05-30,2025-05-30,0.0
ORD-117590,2025-02-08,2025-02-08,0.0
ORD-117591,2025-07-17,2025-07-18,1.0
ORD-117592,2025-01-03,2025-01-03,0.0
ORD-117593,2024-03-21,,
ORD-117594,2025-08-18,2025-08-18,0.0
ORD-117595,2025-11-16,2025-11-16,0.0
ORD-117596,2025-08-04,,
ORD-117597,2025-11-30,2025-12-01,1.0
ORD-117598,2025-11-18,2025-11-19,1.0
ORD-117599,2025-05-09,2025-05-10,1.0
ORD-117600,2024-09-14,,
ORD-117601,2025-03-09,2025-03-09,0.0
ORD-117602,2025-10-14,2025-10-15,1.0
ORD-117603,2025-03-29,2025-03-29,0.0
ORD-117604,2025-05-11,2025-05-12,1.0
ORD-117605,2025-10-28,2025-10-29,1.0
ORD-117606,2024-11-20,,
ORD-117607,2024-11-25,2024-11-25,0.0
ORD-117608,2025-08-21,2025-08-22,1.0
ORD-117609,2025-02-10,2025-02-11,1.0
ORD-117610,2025-03-09,2025-03-10,1.0
ORD-117611,2024-11-03,2024-11-06,3.0
ORD-117612,2025-10-24,,
ORD-117613,2025-09-02,2025-09-05,3.0
ORD-117614,2025-10-23,2025-10-25,2.0
ORD-117615,2024-07-18,2024-07-18,0.0
ORD-117616,2025-02-10,2025-02-10,0.0
ORD-117617,2025-04-16,2025-04-19,3.0
ORD-117618,2025-06-03,2025-06-04,1.0
ORD-117619,2024-06-29,2024-06-30,1.0
ORD-117620,2024-08-10,2024-08-10,0.0
ORD-117621,2025-11-13,,
ORD-117622,2024-12-02,2024-12-07,5.0
ORD-117623,2025-11-14,2025-11-14,0.0
ORD-117624,2025-06-25,2025-06-25,0.0
ORD-117625,2025-03-12,2025-03-12,0.0
ORD-117626,2025-02-18,2025-02-18,0.0
ORD-117627,2024-11-10,2024-11-10,0.0
ORD-117628,2025-05-16,2025-05-16,0.0
ORD-117629,2025-04-02,,
ORD-117630,2025-04-03,2025-04-03,0.0
ORD-117631,2025-01-20,2025-01-20,0.0
ORD-117632,2025-08-07,2025-08-08,1.0
ORD-117633,2025-10-17,2025-10-17,0.0
ORD-117634,2025-02-01,2025-02-01,0.0
ORD-117635,2025-11-19,2025-11-21,2.0
ORD-117636,2025-10-05,2025-10-06,1.0
ORD-117637,2025-07-23,2025-07-23,0.0
ORD-117638,2025-02-16,2025-02-16,0.0
ORD-117639,2025-05-22,2025-05-23,1.0
ORD-117640,2025-03-20,2025-03-20,0.0
ORD-117641,2025-02-05,,
ORD-117642,2024-10-19,2024-10-19,0.0
ORD-117643,2025-06-30,2025-07-01,1.0
ORD-117644,2025-08-19,2025-08-19,0.0
ORD-117645,2025-07-18,,
ORD-117646,2024-06-10,2024-06-10,0.0
ORD-117647,2024-11-12,2024-11-12,0.0
ORD-117648,2024-11-16,2024-11-17,1.0
ORD-117649,2025-01-11,2025-01-12,1.0
ORD-117650,2025-02-15,2025-02-16,1.0
ORD-117651,2025-01-05,2025-01-05,0.0
ORD-117652,2025-10-01,2025-10-01,0.0
ORD-117653,2025-07-27,2025-07-27,0.0
ORD-117654,2025-04-01,2025-04-01,0.0
ORD-117655,2025-04-02,2025-04-04,2.0
ORD-117656,2025-11-16,2025-11-17,1.0
ORD-117657,2025-10-26,2025-10-27,1.0
ORD-117658,2024-09-23,,
ORD-117659,2025-03-08,2025-03-08,0.0
ORD-117660,2025-05-21,2025-05-21,0.0
ORD-117661,2025-03-05,2025-03-05,0.0
ORD-117662,2024-03-22,,
ORD-117663,2025-08-28,2025-08-28,0.0
ORD-117664,2025-06-07,,
ORD-117665,2025-03-04,2025-03-04,0.0
ORD-117666,2025-11-25,2025-11-25,0.0
ORD-117667,2025-02-21,2025-02-22,1.0
ORD-117668,2024-12-31,,
ORD-117669,2025-10-25,2025-10-25,0.0
ORD-117670,2025-08-13,2025-08-13,0.0
ORD-117671,2025-06-03,2025-06-03,0.0
ORD-117672,2025-01-24,2025-01-26,2.0
ORD-117673,2025-09-30,2025-10-01,1.0
ORD-117674,2025-10-13,,
ORD-117675,2025-10-25,2025-10-25,0.0
ORD-117676,2024-12-20,2024-12-20,0.0
ORD-117677,2025-05-19,2025-05-19,0.0
ORD-117678,2024-12-16,,
ORD-117679,2024-09-14,2024-09-14,0.0
ORD-117680,2025-01-30,2025-01-31,1.0
ORD-117681,2025-06-15,2025-06-17,2.0
ORD-117682,2025-10-19,2025-10-19,0.0
ORD-117683,2025-05-26,2025-05-26,0.0
ORD-117684,2025-08-27,2025-08-28,1.0
ORD-117685,2024-12-14,2024-12-14,0.0
ORD-117686,2025-11-18,2025-11-18,0.0
ORD-117687,2025-10-28,2025-10-28,0.0
ORD-117688,2025-06-04,2025-06-05,1.0
ORD-117689,2025-04-27,2025-04-27,0.0
ORD-117690,2025-06-30,2025-07-01,1.0
ORD-117691,2025-09-25,2025-09-25,0.0
ORD-117692,2024-12-27,2024-12-27,0.0
ORD-117693,2025-08-03,2025-08-03,0.0
ORD-117694,2025-11-16,2025-11-16,0.0
ORD-117695,2025-06-30,2025-06-30,0.0
ORD-117696,2025-07-12,2025-07-12,0.0
ORD-117697,2025-11-13,2025-11-13,0.0
ORD-117698,2024-12-19,2024-12-19,0.0
ORD-117699,2025-09-23,2025-09-26,3.0
ORD-117700,2025-04-07,2025-04-08,1.0
ORD-117701,2024-07-20,2024-07-21,1.0
ORD-117702,2025-11-04,2025-11-04,0.0
ORD-117703,2025-10-14,2025-10-14,0.0
ORD-117704,2025-11-16,2025-11-16,0.0
ORD-117705,2025-02-03,2025-02-03,0.0
ORD-117706,2024-11-04,2024-11-06,2.0
ORD-117707,2025-05-04,2025-05-04,0.0
ORD-117708,2024-12-19,2024-12-19,0.0
ORD-117709,2025-10-20,2025-10-20,0.0
ORD-117710,2025-10-21,2025-10-21,0.0
ORD-117711,2025-08-27,2025-08-27,0.0
ORD-117712,2025-09-26,2025-09-26,0.0
ORD-117713,2024-06-22,2024-06-22,0.0
ORD-117714,2024-11-01,2024-11-01,0.0
ORD-117715,2024-04-11,2024-04-11,0.0
ORD-117716,2025-10-27,2025-10-27,0.0
ORD-117717,2025-12-14,2025-12-17,3.0
ORD-117718,2025-03-05,2025-03-05,0.0
ORD-117719,2025-08-23,2025-08-23,0.0
ORD-117720,2024-11-05,2024-11-05,0.0
ORD-117721,2025-02-16,2025-02-17,1.0
ORD-117722,2024-10-22,2024-10-23,1.0
ORD-117723,2025-06-23,2025-06-23,0.0
ORD-117724,2024-08-07,2024-08-08,1.0
ORD-117725,2024-05-15,2024-05-15,0.0
ORD-117726,2025-11-08,2025-11-08,0.0
ORD-117727,2025-10-26,2025-10-26,0.0
ORD-117728,2025-10-22,2025-10-24,2.0
ORD-117729,2025-11-15,2025-11-16,1.0
ORD-117730,2025-07-26,2025-07-26,0.0
ORD-117731,2025-10-29,2025-10-29,0.0
ORD-117732,2025-01-17,2025-01-17,0.0
ORD-117733,2025-10-28,2025-10-28,0.0
ORD-117734,2025-11-10,2025-11-11,1.0
ORD-117735,2025-07-11,,
ORD-117736,2025-10-26,2025-10-26,0.0
ORD-117737,2024-07-29,2024-07-30,1.0
ORD-117738,2025-10-30,2025-10-31,1.0
ORD-117739,2025-03-02,2025-03-02,0.0
ORD-117740,2025-09-27,2025-09-28,1.0
ORD-117741,2025-10-14,,
ORD-117742,2025-10-27,2025-10-27,0.0
ORD-117743,2025-03-18,2025-03-18,0.0
ORD-117744,2025-03-01,2025-03-01,0.0
ORD-117745,2025-01-05,2025-01-05,0.0
ORD-117746,2024-12-26,2024-12-26,0.0
ORD-117747,2025-04-10,,
ORD-117748,2025-01-14,2025-01-14,0.0
ORD-117749,2024-05-01,,
ORD-117750,2025-09-12,2025-09-12,0.0
ORD-117751,2024-09-23,2024-09-26,3.0
ORD-117752,2025-11-11,2025-11-11,0.0
ORD-117753,2025-10-20,2025-10-20,0.0
ORD-117754,2024-11-14,2024-11-16,2.0
ORD-117755,2025-02-07,2025-02-07,0.0
ORD-117756,2025-04-20,,
ORD-117757,2025-02-01,2025-02-01,0.0
ORD-117758,2025-06-11,2025-06-11,0.0
ORD-117759,2025-12-20,2025-12-20,0.0
ORD-117760,2025-02-23,2025-02-23,0.0
ORD-117761,2024-11-10,2024-11-10,0.0
ORD-117762,2025-03-16,2025-03-16,0.0
ORD-117763,2024-12-05,2024-12-05,0.0
ORD-117764,2025-06-09,2025-06-11,2.0
ORD-117765,2025-11-16,2025-11-17,1.0
ORD-117766,2025-05-12,2025-05-12,0.0
ORD-117767,2024-08-12,2024-08-13,1.0
ORD-117768,2025-01-04,2025-01-04,0.0
ORD-117769,2025-11-02,,
ORD-117770,2024-11-01,2024-11-03,2.0
ORD-117771,2025-08-04,2025-08-04,0.0
ORD-117772,2025-09-18,2025-09-18,0.0
ORD-117773,2025-02-01,2025-02-01,0.0
ORD-117774,2025-10-27,2025-10-27,0.0
ORD-117775,2025-08-16,2025-08-17,1.0
ORD-117776,2024-11-27,2024-11-27,0.0
ORD-117777,2025-03-21,,
ORD-117778,2025-03-15,2025-03-17,2.0
ORD-117779,2025-12-21,,
ORD-117780,2025-09-05,2025-09-05,0.0
ORD-117781,2025-11-13,2025-11-15,2.0
ORD-117782,2024-11-10,2024-11-10,0.0
ORD-117783,2024-03-27,2024-03-28,1.0
ORD-117784,2024-10-21,2024-10-21,0.0
ORD-117785,2025-01-03,2025-01-03,0.0
ORD-117786,2024-09-06,2024-09-06,0.0
ORD-117787,2025-03-26,,
ORD-117788,2024-10-03,,
ORD-117789,2025-08-21,2025-08-21,0.0
ORD-117790,2025-01-06,2025-01-06,0.0
ORD-117791,2025-11-29,2025-11-29,0.0
ORD-117792,2025-06-08,,
ORD-117793,2024-07-07,,
ORD-117794,2024-11-11,,
ORD-117795,2025-07-06,2025-07-07,1.0
ORD-117796,2025-03-30,2025-04-01,2.0
ORD-117797,2024-10-17,2024-10-18,1.0
ORD-117798,2025-12-03,2025-12-03,0.0
ORD-117799,2025-11-14,2025-11-14,0.0
ORD-117800,2025-09-26,2025-09-26,0.0
ORD-117801,2025-05-25,2025-05-25,0.0
ORD-117802,2025-02-17,2025-02-17,0.0
ORD-117803,2025-06-03,2025-06-03,0.0
ORD-117804,2025-08-24,2025-08-24,0.0
ORD-117805,2025-05-30,2025-05-30,0.0
ORD-117806,2024-03-03,2024-03-05,2.0
ORD-117807,2025-04-19,2025-04-19,0.0
ORD-117808,2025-02-15,2025-02-15,0.0
ORD-117809,2025-08-20,2025-08-20,0.0
ORD-117810,2024-12-12,2024-12-13,1.0
ORD-117811,2025-01-13,2025-01-14,1.0
ORD-117812,2025-11-07,2025-11-07,0.0
ORD-117813,2025-05-04,2025-05-04,0.0
ORD-117814,2025-04-22,2025-04-22,0.0
ORD-117815,2025-06-15,2025-06-20,5.0
ORD-117816,2025-10-23,2025-10-23,0.0
ORD-117817,2025-07-22,2025-07-22,0.0
ORD-117818,2025-08-22,2025-08-22,0.0
ORD-117819,2024-10-30,2024-10-31,1.0
ORD-117820,2024-12-28,2024-12-31,3.0
ORD-117821,2025-02-24,2025-02-26,2.0
ORD-117822,2025-11-27,2025-11-27,0.0
ORD-117823,2024-11-02,2024-11-02,0.0
ORD-117824,2025-12-05,2025-12-05,0.0
ORD-117825,2025-11-10,2025-11-10,0.0
ORD-117826,2025-09-17,2025-09-17,0.0
ORD-117827,2025-06-26,2025-06-26,0.0
ORD-117828,2025-03-07,,
ORD-117829,2025-03-02,2025-03-03,1.0
ORD-117830,2025-12-26,2025-12-26,0.0
ORD-117831,2025-07-05,2025-07-05,0.0
ORD-117832,2025-12-04,,
ORD-117833,2024-11-21,,
ORD-117834,2025-10-30,2025-10-31,1.0
ORD-117835,2025-06-26,,
ORD-117836,2025-06-02,2025-06-02,0.0
ORD-117837,2024-11-22,2024-11-22,0.0
ORD-117838,2025-11-25,2025-11-26,1.0
ORD-117839,2025-10-27,2025-10-30,3.0
ORD-117840,2025-08-13,2025-08-15,2.0
ORD-117841,2024-10-20,,
ORD-117842,2024-09-01,2024-09-01,0.0
ORD-117843,2025-05-14,2025-05-14,0.0
ORD-117844,2025-03-12,2025-03-13,1.0
ORD-117845,2025-06-15,2025-06-16,1.0
ORD-117846,2025-12-11,2025-12-11,0.0
ORD-117847,2025-10-23,2025-10-24,1.0
ORD-117848,2024-12-15,2024-12-17,2.0
ORD-117849,2024-03-06,2024-03-06,0.0
ORD-117850,2025-06-16,2025-06-17,1.0
ORD-117851,2024-01-26,2024-01-26,0.0
ORD-117852,2025-10-25,,
ORD-117853,2025-10-12,2025-10-12,0.0
ORD-117854,2025-09-12,2025-09-12,0.0
ORD-117855,2025-02-11,2025-02-13,2.0
ORD-117856,2025-12-13,2025-12-13,0.0
ORD-117857,2024-11-28,2024-11-28,0.0
ORD-117858,2025-12-22,2025-12-24,2.0
ORD-117859,2025-11-03,2025-11-03,0.0
ORD-117860,2024-07-29,2024-07-29,0.0
ORD-117861,2025-11-04,,
ORD-117862,2025-07-14,,
ORD-117863,2025-08-21,,
ORD-117864,2024-05-07,2024-05-07,0.0
ORD-117865,2025-02-18,2025-02-18,0.0
ORD-117866,2025-08-19,2025-08-19,0.0
ORD-117867,2025-12-09,2025-12-09,0.0
ORD-117868,2025-10-14,2025-10-14,0.0
ORD-117869,2024-11-26,2024-11-27,1.0
ORD-117870,2025-05-27,,
ORD-117871,2025-11-20,2025-11-23,3.0
ORD-117872,2025-06-15,2025-06-15,0.0
ORD-117873,2025-11-14,2025-11-14,0.0
ORD-117874,2025-12-14,2025-12-14,0.0
ORD-117875,2025-11-16,2025-11-17,1.0
ORD-117876,2025-08-10,2025-08-10,0.0
ORD-117877,2024-12-06,2024-12-06,0.0
ORD-117878,2025-03-26,2025-03-29,3.0
ORD-117879,2025-08-14,2025-08-14,0.0
ORD-117880,2025-11-25,2025-11-30,5.0
ORD-117881,2025-08-29,,
ORD-117882,2025-09-19,2025-09-19,0.0
ORD-117883,2024-06-30,2024-07-02,2.0
ORD-117884,2024-11-24,2024-11-24,0.0
ORD-117885,2025-04-29,2025-04-29,0.0
ORD-117886,2025-07-18,2025-07-18,0.0
ORD-117887,2024-11-23,2024-11-23,0.0
ORD-117888,2025-06-17,2025-06-20,3.0
ORD-117889,2025-10-30,2025-11-01,2.0
ORD-117890,2024-06-25,2024-06-25,0.0
ORD-117891,2024-11-07,2024-11-07,0.0
ORD-117892,2025-01-16,2025-01-17,1.0
ORD-117893,2025-12-09,2025-12-09,0.0
ORD-117894,2025-11-17,2025-11-17,0.0
ORD-117895,2025-06-06,2025-06-07,1.0
ORD-117896,2025-03-09,2025-03-09,0.0
ORD-117897,2024-10-27,2024-10-27,0.0
ORD-117898,2024-04-13,2024-04-14,1.0
ORD-117899,2024-10-31,2024-10-31,0.0
ORD-117900,2025-10-22,2025-10-24,2.0
ORD-117901,2025-05-08,2025-05-08,0.0
ORD-117902,2025-10-05,2025-10-07,2.0
ORD-117903,2025-10-19,2025-10-19,0.0
ORD-117904,2025-10-04,2025-10-07,3.0
ORD-117905,2025-07-02,2025-07-04,2.0
ORD-117906,2025-06-03,,
ORD-117907,2025-10-23,2025-10-23,0.0
ORD-117908,2025-09-20,2025-09-21,1.0
ORD-117909,2024-11-14,,
ORD-117910,2025-11-16,2025-11-17,1.0
ORD-117911,2025-10-03,2025-10-05,2.0
ORD-117912,2024-10-29,2024-10-30,1.0
ORD-117913,2025-02-18,2025-02-18,0.0
ORD-117914,2025-03-03,2025-03-03,0.0
ORD-117915,2025-05-22,2025-05-23,1.0
ORD-117916,2025-09-10,2025-09-10,0.0
ORD-117917,2024-09-24,,
ORD-117918,2024-04-29,2024-04-30,1.0
ORD-117919,2024-11-23,2024-11-24,1.0
ORD-117920,2025-08-09,2025-08-10,1.0
ORD-117921,2025-09-20,2025-09-20,0.0
ORD-117922,2024-08-03,2024-08-04,1.0
ORD-117923,2025-11-26,2025-11-26,0.0
ORD-117924,2024-06-09,2024-06-09,0.0
ORD-117925,2025-06-30,2025-06-30,0.0
ORD-117926,2025-07-30,2025-07-30,0.0
ORD-117927,2025-06-03,2025-06-04,1.0
ORD-117928,2025-05-06,,
ORD-117929,2024-10-29,2024-10-29,0.0
ORD-117930,2025-10-14,,
ORD-117931,2025-11-20,2025-11-21,1.0
ORD-117932,2024-10-11,2024-10-11,0.0
ORD-117933,2025-11-02,2025-11-02,0.0
ORD-117934,2025-03-24,2025-03-24,0.0
ORD-117935,2025-12-05,2025-12-05,0.0
ORD-117936,2025-08-11,2025-08-11,0.0
ORD-117937,2025-09-15,2025-09-15,0.0
ORD-117938,2025-01-16,2025-01-17,1.0
ORD-117939,2025-06-17,2025-06-19,2.0
ORD-117940,2024-12-25,2024-12-25,0.0
ORD-117941,2025-11-16,2025-11-16,0.0
ORD-117942,2025-07-27,2025-07-27,0.0
ORD-117943,2025-10-09,2025-10-09,0.0
ORD-117944,2025-05-05,2025-05-06,1.0
ORD-117945,2025-10-02,2025-10-02,0.0
ORD-117946,2025-12-04,2025-12-05,1.0
ORD-117947,2025-05-28,2025-05-28,0.0
ORD-117948,2024-08-15,2024-08-15,0.0
ORD-117949,2024-08-15,2024-08-15,0.0
ORD-117950,2025-06-23,2025-06-23,0.0
ORD-117951,2024-11-09,2024-11-09,0.0
ORD-117952,2024-09-14,2024-09-14,0.0
ORD-117953,2024-04-13,2024-04-15,2.0
ORD-117954,2024-03-22,2024-03-22,0.0
ORD-117955,2025-09-12,2025-09-12,0.0
ORD-117956,2024-02-18,2024-02-19,1.0
ORD-117957,2025-07-19,2025-07-19,0.0
ORD-117958,2025-09-29,2025-09-29,0.0
ORD-117959,2024-03-27,2024-03-27,0.0
ORD-117960,2024-02-23,2024-02-23,0.0
ORD-117961,2025-07-09,2025-07-09,0.0
ORD-117962,2025-04-28,2025-04-28,0.0
ORD-117963,2025-12-01,2025-12-03,2.0
ORD-117964,2025-11-18,2025-11-18,0.0
ORD-117965,2025-08-18,2025-08-19,1.0
ORD-117966,2025-05-24,2025-05-25,1.0
ORD-117967,2025-03-01,2025-03-01,0.0
ORD-117968,2024-10-31,2024-11-02,2.0
ORD-117969,2025-11-07,2025-11-07,0.0
ORD-117970,2025-05-19,2025-05-20,1.0
ORD-117971,2025-04-22,2025-04-22,0.0
ORD-117972,2025-01-20,2025-01-20,0.0
ORD-117973,2025-01-12,2025-01-12,0.0
ORD-117974,2025-07-04,2025-07-04,0.0
ORD-117975,2025-08-16,2025-08-16,0.0
ORD-117976,2025-12-05,2025-12-06,1.0
ORD-117977,2025-12-31,2025-12-31,0.0
ORD-117978,2024-05-01,2024-05-01,0.0
ORD-117979,2026-01-01,2026-01-01,0.0
ORD-117980,2025-11-08,2025-11-11,3.0
ORD-117981,2025-11-03,2025-11-03,0.0
ORD-117982,2025-10-21,2025-10-21,0.0
ORD-117983,2025-11-14,2025-11-14,0.0
ORD-117984,2025-12-04,2025-12-04,0.0
ORD-117985,2024-11-15,2024-11-18,3.0
ORD-117986,2025-06-29,2025-06-29,0.0
ORD-117987,2025-05-16,2025-05-16,0.0
ORD-117988,2025-12-17,,
ORD-117989,2025-06-19,2025-06-20,1.0
ORD-117990,2025-05-21,2025-05-23,2.0
ORD-117991,2025-12-27,,
ORD-117992,2025-08-31,2025-08-31,0.0
ORD-117993,2025-05-25,2025-05-25,0.0
ORD-117994,2024-11-13,2024-11-13,0.0
ORD-117995,2025-10-14,2025-10-14,0.0
ORD-117996,2024-06-27,2024-06-27,0.0
ORD-117997,2025-04-03,2025-04-04,1.0
ORD-117998,2025-02-15,2025-02-18,3.0
ORD-117999,2025-11-19,,
ORD-118000,2025-12-05,2025-12-10,5.0
ORD-118001,2025-12-05,2025-12-05,0.0
ORD-118002,2025-10-18,2025-10-18,0.0
ORD-118003,2024-10-21,2024-10-21,0.0
ORD-118004,2025-09-07,2025-09-07,0.0
ORD-118005,2025-09-02,2025-09-03,1.0
ORD-118006,2025-10-24,2025-10-24,0.0
ORD-118007,2025-11-27,2025-11-27,0.0
ORD-118008,2025-11-14,2025-11-16,2.0
ORD-118009,2025-02-17,2025-02-18,1.0
ORD-118010,2025-10-26,2025-10-26,0.0
ORD-118011,2025-04-19,2025-04-19,0.0
ORD-118012,2025-02-06,2025-02-06,0.0
ORD-118013,2024-05-15,2024-05-15,0.0
ORD-118014,2025-05-23,2025-05-23,0.0
ORD-118015,2025-11-07,,
ORD-118016,2024-10-27,2024-10-27,0.0
ORD-118017,2024-06-07,2024-06-07,0.0
ORD-118018,2025-12-19,2025-12-19,0.0
ORD-118019,2025-09-24,,
ORD-118020,2025-12-17,2025-12-18,1.0
ORD-118021,2025-03-27,2025-03-27,0.0
ORD-118022,2024-12-03,2024-12-04,1.0
ORD-118023,2025-09-26,2025-09-27,1.0
ORD-118024,2025-03-30,2025-03-30,0.0
ORD-118025,2025-04-21,2025-04-22,1.0
ORD-118026,2025-06-24,2025-06-25,1.0
ORD-118027,2025-08-07,,
ORD-118028,2025-05-20,2025-05-20,0.0
ORD-118029,2025-07-15,,
ORD-118030,2025-09-09,2025-09-09,0.0
ORD-118031,2025-08-14,2025-08-14,0.0
ORD-118032,2025-04-19,2025-04-19,0.0
ORD-118033,2025-09-04,2025-09-05,1.0
ORD-118034,2024-11-13,2024-11-13,0.0
ORD-118035,2025-05-19,2025-05-19,0.0
ORD-118036,2024-12-15,2024-12-15,0.0
ORD-118037,2025-03-19,2025-03-19,0.0
ORD-118038,2025-10-19,2025-10-20,1.0
ORD-118039,2025-07-19,2025-07-19,0.0
ORD-118040,2025-06-25,2025-06-25,0.0
ORD-118041,2025-11-09,2025-11-09,0.0
ORD-118042,2025-11-09,2025-11-09,0.0
ORD-118043,2025-12-27,2025-12-27,0.0
ORD-118044,2025-02-01,2025-02-01,0.0
ORD-118045,2025-08-27,,
ORD-118046,2025-11-05,,
ORD-118047,2025-03-21,2025-03-21,0.0
ORD-118048,2025-08-09,2025-08-09,0.0
ORD-118049,2024-05-24,,
ORD-118050,2025-05-04,2025-05-07,3.0
ORD-118051,2024-08-26,2024-08-26,0.0
ORD-118052,2025-09-29,,
ORD-118053,2026-01-01,2026-01-01,0.0
ORD-118054,2025-04-05,2025-04-06,1.0
ORD-118055,2025-02-27,2025-02-27,0.0
ORD-118056,2025-12-08,2025-12-09,1.0
ORD-118057,2024-10-15,2024-10-15,0.0
ORD-118058,2025-02-22,2025-02-22,0.0
ORD-118059,2025-10-22,2025-10-23,1.0
ORD-118060,2025-11-28,2025-11-28,0.0
ORD-118061,2024-11-13,2024-11-13,0.0
ORD-118062,2025-07-15,,
ORD-118063,2024-11-22,2024-11-22,0.0
ORD-118064,2025-12-01,,
ORD-118065,2025-08-19,2025-08-21,2.0
ORD-118066,2025-08-18,2025-08-19,1.0
ORD-118067,2025-06-18,2025-06-18,0.0
ORD-118068,2025-07-21,,
ORD-118069,2025-04-24,,
ORD-118070,2025-07-30,2025-07-30,0.0
ORD-118071,2024-11-08,2024-11-10,2.0
ORD-118072,2025-07-19,2025-07-21,2.0
ORD-118073,2025-09-14,2025-09-14,0.0
ORD-118074,2025-10-20,2025-10-20,0.0
ORD-118075,2024-11-05,2024-11-05,0.0
ORD-118076,2025-02-13,2025-02-15,2.0
ORD-118077,2025-09-03,2025-09-03,0.0
ORD-118078,2025-10-03,2025-10-05,2.0
ORD-118079,2025-12-28,2025-12-28,0.0
ORD-118080,2025-08-05,2025-08-05,0.0
ORD-118081,2025-06-10,2025-06-10,0.0
ORD-118082,2025-09-23,2025-09-25,2.0
ORD-118083,2025-08-28,2025-08-28,0.0
ORD-118084,2025-05-19,2025-05-19,0.0
ORD-118085,2024-07-05,2024-07-05,0.0
ORD-118086,2025-03-30,2025-03-30,0.0
ORD-118087,2025-10-14,2025-10-14,0.0
ORD-118088,2025-10-28,2025-10-28,0.0
ORD-118089,2024-09-09,2024-09-09,0.0
ORD-118090,2024-10-17,2024-10-17,0.0
ORD-118091,2025-07-29,2025-07-29,0.0
ORD-118092,2025-12-20,2025-12-20,0.0
ORD-118093,2024-08-02,2024-08-04,2.0
ORD-118094,2025-12-18,2025-12-18,0.0
ORD-118095,2025-07-05,2025-07-08,3.0
ORD-118096,2025-10-18,2025-10-19,1.0
ORD-118097,2025-01-20,2025-01-20,0.0
ORD-118098,2025-05-11,2025-05-11,0.0
ORD-118099,2024-08-17,2024-08-17,0.0
ORD-118100,2025-12-12,2025-12-17,5.0
ORD-118101,2025-04-06,2025-04-06,0.0
ORD-118102,2024-03-03,2024-03-03,0.0
ORD-118103,2025-09-06,2025-09-06,0.0
ORD-118104,2025-11-04,2025-11-04,0.0
ORD-118105,2024-11-12,2024-11-13,1.0
ORD-118106,2025-05-25,2025-05-25,0.0
ORD-118107,2025-09-22,2025-09-22,0.0
ORD-118108,2025-09-25,2025-09-27,2.0
ORD-118109,2025-10-27,,
ORD-118110,2024-11-18,2024-11-18,0.0
ORD-118111,2024-06-22,2024-06-22,0.0
ORD-118112,2025-11-02,2025-11-05,3.0
ORD-118113,2025-03-15,2025-03-15,0.0
ORD-118114,2024-09-02,2024-09-02,0.0
ORD-118115,2024-10-04,2024-10-04,0.0
ORD-118116,2025-02-26,2025-02-27,1.0
ORD-118117,2025-03-29,2025-03-29,0.0
ORD-118118,2025-07-22,2025-07-25,3.0
ORD-118119,2024-12-15,,
ORD-118120,2025-04-04,2025-04-04,0.0
ORD-118121,2025-12-21,2025-12-22,1.0
ORD-118122,2025-10-16,2025-10-16,0.0
ORD-118123,2025-10-02,,
ORD-118124,2025-11-25,2025-11-26,1.0
ORD-118125,2024-11-16,2024-11-16,0.0
ORD-118126,2025-07-08,2025-07-09,1.0
ORD-118127,2024-11-25,2024-11-30,5.0
ORD-118128,2024-12-07,2024-12-08,1.0
ORD-118129,2025-10-28,2025-10-29,1.0
ORD-118130,2025-11-22,2025-11-22,0.0
ORD-118131,2025-08-15,2025-08-16,1.0
ORD-118132,2025-01-10,2025-01-12,2.0
ORD-118133,2025-05-06,2025-05-06,0.0
ORD-118134,2025-02-02,2025-02-02,0.0
ORD-118135,2025-11-06,2025-11-08,2.0
ORD-118136,2025-08-25,,
ORD-118137,2025-01-13,2025-01-13,0.0
ORD-118138,2025-12-06,2025-12-06,0.0
ORD-118139,2025-02-23,2025-02-23,0.0
ORD-118140,2024-10-24,2024-10-24,0.0
ORD-118141,2025-06-26,2025-06-26,0.0
ORD-118142,2025-06-13,2025-06-14,1.0
ORD-118143,2025-02-28,2025-02-28,0.0
ORD-118144,2024-12-17,2024-12-17,0.0
ORD-118145,2024-08-05,2024-08-05,0.0
ORD-118146,2025-11-23,2025-11-23,0.0
ORD-118147,2025-07-16,2025-07-17,1.0
ORD-118148,2025-11-08,2025-11-08,0.0
ORD-118149,2025-11-25,2025-11-25,0.0
ORD-118150,2025-11-20,2025-11-20,0.0
ORD-118151,2025-12-04,2025-12-06,2.0
ORD-118152,2025-11-07,2025-11-07,0.0
ORD-118153,2025-03-29,2025-03-29,0.0
ORD-118154,2024-06-26,2024-06-26,0.0
ORD-118155,2025-06-30,2025-06-30,0.0
ORD-118156,2025-12-28,2025-12-29,1.0
ORD-118157,2025-01-29,2025-02-01,3.0
ORD-118158,2025-12-09,,
ORD-118159,2024-09-22,2024-09-23,1.0
ORD-118160,2025-05-07,2025-05-07,0.0
ORD-118161,2025-03-22,2025-03-22,0.0
ORD-118162,2024-11-06,2024-11-07,1.0
ORD-118163,2025-10-10,2025-10-10,0.0
ORD-118164,2025-06-29,2025-06-29,0.0
ORD-118165,2025-03-10,2025-03-13,3.0
ORD-118166,2025-11-09,2025-11-14,5.0
ORD-118167,2025-03-24,2025-03-24,0.0
ORD-118168,2024-11-03,2024-11-04,1.0
ORD-118169,2025-06-06,2025-06-06,0.0
ORD-118170,2025-09-26,2025-09-26,0.0
ORD-118171,2025-03-26,2025-03-26,0.0
ORD-118172,2025-12-14,2025-12-17,3.0
ORD-118173,2025-02-19,2025-02-22,3.0
ORD-118174,2025-10-29,2025-10-29,0.0
ORD-118175,2025-11-18,2025-11-18,0.0
ORD-118176,2024-12-08,,
ORD-118177,2025-02-02,2025-02-02,0.0
ORD-118178,2025-11-07,2025-11-08,1.0
ORD-118179,2025-05-03,2025-05-03,0.0
ORD-118180,2025-11-06,2025-11-07,1.0
ORD-118181,2025-05-14,2025-05-15,1.0
ORD-118182,2024-11-06,,
ORD-118183,2025-06-30,2025-06-30,0.0
ORD-118184,2025-11-03,2025-11-04,1.0
ORD-118185,2024-04-23,,
ORD-118186,2025-10-09,2025-10-09,0.0
ORD-118187,2024-05-15,2024-05-17,2.0
ORD-118188,2025-09-06,2025-09-06,0.0
ORD-118189,2025-11-06,2025-11-06,0.0
ORD-118190,2025-12-08,,
ORD-118191,2025-10-22,2025-10-22,0.0
ORD-118192,2025-08-18,2025-08-20,2.0
ORD-118193,2025-05-19,2025-05-21,2.0
ORD-118194,2025-12-24,2025-12-24,0.0
ORD-118195,2025-08-07,2025-08-09,2.0
ORD-118196,2025-11-18,2025-11-18,0.0
ORD-118197,2025-06-10,2025-06-13,3.0
ORD-118198,2025-12-12,2025-12-12,0.0
ORD-118199,2025-10-01,2025-10-01,0.0
ORD-118200,2025-12-05,2025-12-05,0.0
ORD-118201,2025-02-14,2025-02-14,0.0
ORD-118202,2026-01-01,2026-01-01,0.0
ORD-118203,2024-12-20,2024-12-20,0.0
ORD-118204,2025-09-20,2025-09-22,2.0
ORD-118205,2025-07-02,2025-07-03,1.0
ORD-118206,2024-05-17,2024-05-17,0.0
ORD-118207,2025-09-01,2025-09-02,1.0
ORD-118208,2025-07-22,2025-07-22,0.0
ORD-118209,2025-12-11,2025-12-11,0.0
ORD-118210,2025-07-26,2025-07-26,0.0
ORD-118211,2025-10-26,2025-10-26,0.0
ORD-118212,2024-12-06,2024-12-06,0.0
ORD-118213,2025-03-03,2025-03-03,0.0
ORD-118214,2025-12-08,2025-12-09,1.0
ORD-118215,2025-11-14,2025-11-14,0.0
ORD-118216,2025-06-04,2025-06-04,0.0
ORD-118217,2025-06-06,2025-06-06,0.0
ORD-118218,2025-10-26,2025-10-26,0.0
ORD-118219,2025-10-30,2025-10-30,0.0
ORD-118220,2025-04-09,2025-04-11,2.0
ORD-118221,2025-06-07,2025-06-09,2.0
ORD-118222,2025-10-11,2025-10-13,2.0
ORD-118223,2024-12-01,2024-12-03,2.0
ORD-118224,2025-10-09,2025-10-09,0.0
ORD-118225,2024-12-20,2024-12-20,0.0
ORD-118226,2025-05-03,,
ORD-118227,2025-08-10,2025-08-10,0.0
ORD-118228,2024-08-19,,
ORD-118229,2024-09-11,2024-09-14,3.0
ORD-118230,2025-05-27,2025-05-27,0.0
ORD-118231,2025-11-21,2025-11-22,1.0
ORD-118232,2024-11-17,2024-11-17,0.0
ORD-118233,2025-11-04,2025-11-04,0.0
ORD-118234,2025-10-10,2025-10-11,1.0
ORD-118235,2025-12-13,2025-12-13,0.0
ORD-118236,2025-09-11,2025-09-11,0.0
ORD-118237,2025-10-28,2025-10-30,2.0
ORD-118238,2025-06-07,2025-06-07,0.0
ORD-118239,2025-10-27,2025-10-27,0.0
ORD-118240,2025-03-20,,
ORD-118241,2025-02-22,2025-02-22,0.0
ORD-118242,2025-10-29,2025-10-29,0.0
ORD-118243,2024-10-01,2024-10-01,0.0
ORD-118244,2025-09-17,2025-09-17,0.0
ORD-118245,2025-10-31,2025-10-31,0.0
ORD-118246,2025-08-13,2025-08-13,0.0
ORD-118247,2025-11-25,2025-11-25,0.0
ORD-118248,2025-08-06,2025-08-08,2.0
ORD-118249,2025-08-18,2025-08-18,0.0
ORD-118250,2025-05-27,2025-05-27,0.0
ORD-118251,2025-11-07,2025-11-08,1.0
ORD-118252,2024-11-27,2024-11-27,0.0
ORD-118253,2025-10-20,2025-10-20,0.0
ORD-118254,2025-08-24,2025-08-25,1.0
ORD-118255,2025-01-26,2025-01-27,1.0
ORD-118256,2024-09-30,2024-09-30,0.0
ORD-118257,2025-12-23,2025-12-23,0.0
ORD-118258,2025-08-22,2025-08-23,1.0
ORD-118259,2024-02-19,2024-02-22,3.0
ORD-118260,2025-12-04,2025-12-04,0.0
ORD-118261,2025-01-31,2025-02-01,1.0
ORD-118262,2025-02-02,2025-02-02,0.0
ORD-118263,2025-12-24,2025-12-29,5.0
ORD-118264,2025-08-30,,
ORD-118265,2025-11-08,,
ORD-118266,2025-11-30,2025-11-30,0.0
ORD-118267,2025-08-24,2025-08-25,1.0
ORD-118268,2025-01-28,2025-01-29,1.0
ORD-118269,2025-05-18,2025-05-19,1.0
ORD-118270,2025-09-22,2025-09-22,0.0
ORD-118271,2025-07-24,2025-07-24,0.0
ORD-118272,2025-09-29,2025-09-29,0.0
ORD-118273,2025-12-03,2025-12-04,1.0
ORD-118274,2025-11-17,2025-11-18,1.0
ORD-118275,2024-07-04,2024-07-04,0.0
ORD-118276,2024-08-29,,
ORD-118277,2025-09-12,2025-09-12,0.0
ORD-118278,2024-12-11,2024-12-11,0.0
ORD-118279,2024-10-21,2024-10-21,0.0
ORD-118280,2025-11-09,2025-11-09,0.0
ORD-118281,2025-12-14,2025-12-14,0.0
ORD-118282,2025-11-13,,
ORD-118283,2025-01-06,2025-01-06,0.0
ORD-118284,2025-06-29,2025-06-29,0.0
ORD-118285,2025-01-06,2025-01-06,0.0
ORD-118286,2025-11-19,2025-11-20,1.0
ORD-118287,2024-12-23,2024-12-25,2.0
ORD-118288,2025-01-01,2025-01-03,2.0
ORD-118289,2024-02-15,2024-02-15,0.0
ORD-118290,2025-06-30,2025-06-30,0.0
ORD-118291,2025-11-21,2025-11-21,0.0
ORD-118292,2024-04-29,2024-04-29,0.0
ORD-118293,2025-03-05,2025-03-05,0.0
ORD-118294,2025-09-27,2025-09-28,1.0
ORD-118295,2025-05-24,2025-05-24,0.0
ORD-118296,2025-02-03,2025-02-03,0.0
ORD-118297,2025-02-01,2025-02-01,0.0
ORD-118298,2024-11-19,,
ORD-118299,2025-03-15,2025-03-15,0.0
ORD-118300,2025-10-23,2025-10-24,1.0
ORD-118301,2025-04-13,2025-04-14,1.0
ORD-118302,2024-12-07,2024-12-07,0.0
ORD-118303,2025-01-16,2025-01-16,0.0
ORD-118304,2025-01-29,2025-01-30,1.0
ORD-118305,2025-04-05,2025-04-07,2.0
ORD-118306,2025-12-09,2025-12-09,0.0
ORD-118307,2024-02-16,2024-02-16,0.0
ORD-118308,2024-11-16,2024-11-16,0.0
ORD-118309,2025-07-05,,
ORD-118310,2025-01-23,2025-01-23,0.0
ORD-118311,2025-10-21,2025-10-21,0.0
ORD-118312,2025-04-22,2025-04-23,1.0
ORD-118313,2025-12-16,2025-12-16,0.0
ORD-118314,2025-08-24,2025-08-27,3.0
ORD-118315,2025-02-14,2025-02-14,0.0
ORD-118316,2025-02-19,2025-02-19,0.0
ORD-118317,2024-02-06,,
ORD-118318,2025-12-07,2025-12-07,0.0
ORD-118319,2025-02-07,2025-02-07,0.0
ORD-118320,2025-07-31,,
ORD-118321,2025-05-19,2025-05-21,2.0
ORD-118322,2025-04-24,2025-04-24,0.0
ORD-118323,2025-10-26,2025-10-26,0.0
ORD-118324,2025-11-29,2025-11-30,1.0
ORD-118325,2025-08-24,2025-08-24,0.0
ORD-118326,2025-11-01,2025-11-01,0.0
ORD-118327,2025-11-16,2025-11-16,0.0
ORD-118328,2024-12-28,2024-12-28,0.0
ORD-118329,2025-11-20,2025-11-20,0.0
ORD-118330,2025-08-31,2025-08-31,0.0
ORD-118331,2025-11-14,2025-11-14,0.0
ORD-118332,2024-12-07,2024-12-10,3.0
ORD-118333,2025-03-09,2025-03-09,0.0
ORD-118334,2024-09-20,2024-09-20,0.0
ORD-118335,2025-06-16,2025-06-16,0.0
ORD-118336,2025-09-14,2025-09-14,0.0
ORD-118337,2024-12-30,2024-12-31,1.0
ORD-118338,2025-11-23,2025-11-23,0.0
ORD-118339,2024-02-19,2024-02-19,0.0
ORD-118340,2025-10-26,,
ORD-118341,2024-12-12,2024-12-12,0.0
ORD-118342,2025-11-09,2025-11-09,0.0
ORD-118343,2025-03-21,2025-03-21,0.0
ORD-118344,2024-11-30,2024-12-01,1.0
ORD-118345,2025-06-04,,
ORD-118346,2025-04-16,2025-04-16,0.0
ORD-118347,2025-10-20,2025-10-20,0.0
ORD-118348,2025-12-22,2025-12-22,0.0
ORD-118349,2024-10-27,2024-10-27,0.0
ORD-118350,2025-11-28,2025-11-28,0.0
ORD-118351,2025-12-04,2025-12-06,2.0
ORD-118352,2024-10-25,2024-10-26,1.0
ORD-118353,2025-05-23,,
ORD-118354,2025-08-24,2025-08-24,0.0
ORD-118355,2024-11-15,,
ORD-118356,2025-07-21,2025-07-21,0.0
ORD-118357,2025-07-09,2025-07-09,0.0
ORD-118358,2025-08-30,2025-08-30,0.0
ORD-118359,2025-12-25,2025-12-25,0.0
ORD-118360,2025-03-11,2025-03-11,0.0
ORD-118361,2024-06-18,2024-06-18,0.0
ORD-118362,2025-11-18,2025-11-18,0.0
ORD-118363,2025-11-05,2025-11-05,0.0
ORD-118364,2025-02-01,,
ORD-118365,2024-01-31,2024-01-31,0.0
ORD-118366,2025-09-02,2025-09-02,0.0
ORD-118367,2024-11-10,2024-11-10,0.0
ORD-118368,2025-08-29,2025-08-29,0.0
ORD-118369,2024-07-01,2024-07-01,0.0
ORD-118370,2025-10-08,2025-10-08,0.0
ORD-118371,2025-03-29,2025-03-29,0.0
ORD-118372,2025-09-27,2025-09-27,0.0
ORD-118373,2025-11-18,2025-11-18,0.0
ORD-118374,2025-04-12,2025-04-12,0.0
ORD-118375,2025-02-22,,
ORD-118376,2025-10-06,2025-10-06,0.0
ORD-118377,2025-04-01,2025-04-02,1.0
ORD-118378,2025-12-12,,
ORD-118379,2025-05-08,2025-05-08,0.0
ORD-118380,2025-05-25,2025-05-25,0.0
ORD-118381,2025-11-10,2025-11-11,1.0
ORD-118382,2025-07-07,2025-07-07,0.0
ORD-118383,2025-02-18,2025-02-18,0.0
ORD-118384,2025-11-25,2025-11-26,1.0
ORD-118385,2025-02-01,2025-02-01,0.0
ORD-118386,2025-01-02,2025-01-03,1.0
ORD-118387,2025-02-08,2025-02-08,0.0
ORD-118388,2025-05-15,2025-05-15,0.0
ORD-118389,2025-06-18,2025-06-18,0.0
ORD-118390,2024-11-27,2024-11-27,0.0
ORD-118391,2025-11-02,,
ORD-118392,2024-10-30,2024-10-31,1.0
ORD-118393,2024-11-20,2024-11-20,0.0
ORD-118394,2024-04-21,2024-04-22,1.0
ORD-118395,2025-10-07,2025-10-08,1.0
ORD-118396,2025-11-13,2025-11-13,0.0
ORD-118397,2025-08-13,2025-08-13,0.0
ORD-118398,2025-11-16,2025-11-18,2.0
ORD-118399,2025-08-05,2025-08-05,0.0
ORD-118400,2024-11-16,2024-11-16,0.0
ORD-118401,2025-07-27,2025-07-28,1.0
ORD-118402,2024-08-02,2024-08-02,0.0
ORD-118403,2024-10-06,2024-10-07,1.0
ORD-118404,2024-08-27,2024-08-27,0.0
ORD-118405,2025-12-07,2025-12-07,0.0
ORD-118406,2025-03-23,2025-03-23,0.0
ORD-118407,2025-11-22,2025-11-22,0.0
ORD-118408,2024-07-13,2024-07-15,2.0
ORD-118409,2025-10-18,2025-10-19,1.0
ORD-118410,2025-10-09,2025-10-09,0.0
ORD-118411,2024-05-04,2024-05-05,1.0
ORD-118412,2025-07-06,2025-07-08,2.0
ORD-118413,2025-12-03,2025-12-03,0.0
ORD-118414,2025-11-01,2025-11-01,0.0
ORD-118415,2025-11-21,2025-11-21,0.0
ORD-118416,2025-11-13,2025-11-13,0.0
ORD-118417,2025-06-02,2025-06-03,1.0
ORD-118418,2025-02-10,2025-02-10,0.0
ORD-118419,2025-04-13,2025-04-13,0.0
ORD-118420,2025-07-04,2025-07-06,2.0
ORD-118421,2025-07-28,2025-07-29,1.0
ORD-118422,2025-11-09,2025-11-09,0.0
ORD-118423,2025-05-16,2025-05-18,2.0
ORD-118424,2025-03-02,2025-03-02,0.0
ORD-118425,2025-11-09,2025-11-09,0.0
ORD-118426,2024-12-14,2024-12-17,3.0
ORD-118427,2025-10-17,2025-10-18,1.0
ORD-118428,2025-09-26,2025-09-26,0.0
ORD-118429,2025-12-16,2025-12-17,1.0
ORD-118430,2025-04-04,2025-04-05,1.0
ORD-118431,2025-12-17,2025-12-17,0.0
ORD-118432,2025-06-12,2025-06-12,0.0
ORD-118433,2025-06-04,2025-06-04,0.0
ORD-118434,2025-10-21,2025-10-21,0.0
ORD-118435,2024-10-18,2024-10-18,0.0
ORD-118436,2025-01-17,2025-01-19,2.0
ORD-118437,2024-11-14,,
ORD-118438,2025-07-20,2025-07-20,0.0
ORD-118439,2025-10-27,2025-10-27,0.0
ORD-118440,2025-12-14,2025-12-15,1.0
ORD-118441,2025-12-21,,
ORD-118442,2025-08-08,2025-08-10,2.0
ORD-118443,2025-08-11,,
ORD-118444,2024-12-07,2024-12-08,1.0
ORD-118445,2025-04-20,2025-04-20,0.0
ORD-118446,2025-09-16,2025-09-17,1.0
ORD-118447,2024-12-28,2024-12-28,0.0
ORD-118448,2024-10-18,,
ORD-118449,2025-07-26,2025-07-26,0.0
ORD-118450,2025-01-31,2025-01-31,0.0
ORD-118451,2025-12-17,2025-12-17,0.0
ORD-118452,2025-03-18,2025-03-18,0.0
ORD-118453,2025-11-06,2025-11-07,1.0
ORD-118454,2025-09-22,2025-09-22,0.0
ORD-118455,2025-01-30,2025-01-30,0.0
ORD-118456,2024-11-25,2024-11-25,0.0
ORD-118457,2025-11-11,,
ORD-118458,2025-11-05,2025-11-05,0.0
ORD-118459,2025-07-22,2025-07-25,3.0
ORD-118460,2025-08-18,2025-08-18,0.0
ORD-118461,2025-12-01,,
ORD-118462,2024-10-19,2024-10-20,1.0
ORD-118463,2025-12-09,2025-12-09,0.0
ORD-118464,2025-12-08,,
ORD-118465,2025-10-22,2025-10-22,0.0
ORD-118466,2025-06-19,2025-06-19,0.0
ORD-118467,2025-12-09,2025-12-10,1.0
ORD-118468,2025-10-20,2025-10-20,0.0
ORD-118469,2025-12-18,,
ORD-118470,2024-06-14,2024-06-14,0.0
ORD-118471,2025-11-05,2025-11-06,1.0
ORD-118472,2025-05-26,2025-05-26,0.0
ORD-118473,2025-11-20,2025-11-20,0.0
ORD-118474,2024-10-05,2024-10-05,0.0
ORD-118475,2025-08-28,2025-08-28,0.0
ORD-118476,2025-11-18,2025-11-18,0.0
ORD-118477,2025-11-04,2025-11-04,0.0
ORD-118478,2025-02-27,2025-03-02,3.0
ORD-118479,2025-11-19,2025-11-21,2.0
ORD-118480,2025-08-18,2025-08-18,0.0
ORD-118481,2024-07-14,2024-07-14,0.0
ORD-118482,2025-06-05,2025-06-07,2.0
ORD-118483,2024-09-13,,
ORD-118484,2025-08-19,2025-08-20,1.0
ORD-118485,2024-12-07,2024-12-07,0.0
ORD-118486,2025-05-26,2025-05-26,0.0
ORD-118487,2024-12-04,2024-12-04,0.0
ORD-118488,2025-04-21,2025-04-21,0.0
ORD-118489,2025-12-28,,
ORD-118490,2025-09-20,2025-09-20,0.0
ORD-118491,2025-10-23,2025-10-23,0.0
ORD-118492,2024-09-19,2024-09-19,0.0
ORD-118493,2025-10-24,2025-10-24,0.0
ORD-118494,2025-11-22,2025-11-23,1.0
ORD-118495,2024-03-10,2024-03-10,0.0
ORD-118496,2024-07-02,2024-07-04,2.0
ORD-118497,2024-12-20,2024-12-23,3.0
ORD-118498,2025-04-07,,
ORD-118499,2025-09-14,2025-09-14,0.0
ORD-118500,2025-11-01,2025-11-01,0.0
ORD-118501,2025-10-27,2025-10-27,0.0
ORD-118502,2024-10-29,2024-10-30,1.0
ORD-118503,2025-06-27,2025-06-27,0.0
ORD-118504,2025-08-26,2025-08-27,1.0
ORD-118505,2025-11-05,2025-11-05,0.0
ORD-118506,2025-11-05,2025-11-07,2.0
ORD-118507,2024-08-20,2024-08-20,0.0
ORD-118508,2025-05-04,2025-05-04,0.0
ORD-118509,2025-01-09,2025-01-09,0.0
ORD-118510,2025-08-25,2025-08-25,0.0
ORD-118511,2024-09-22,2024-09-22,0.0
ORD-118512,2025-08-01,2025-08-03,2.0
ORD-118513,2025-08-01,2025-08-01,0.0
ORD-118514,2024-05-16,2024-05-16,0.0
ORD-118515,2024-11-16,2024-11-16,0.0
ORD-118516,2025-12-18,2025-12-20,2.0
ORD-118517,2025-12-30,2025-12-30,0.0
ORD-118518,2025-11-01,2025-11-01,0.0
ORD-118519,2025-03-12,2025-03-13,1.0
ORD-118520,2025-02-22,2025-02-23,1.0
ORD-118521,2025-11-02,2025-11-02,0.0
ORD-118522,2025-12-26,,
ORD-118523,2025-08-04,2025-08-05,1.0
ORD-118524,2024-02-16,2024-02-16,0.0
ORD-118525,2025-02-10,2025-02-10,0.0
ORD-118526,2025-03-07,2025-03-07,0.0
ORD-118527,2024-04-25,2024-04-26,1.0
ORD-118528,2025-08-18,2025-08-20,2.0
ORD-118529,2024-06-16,2024-06-16,0.0
ORD-118530,2025-12-09,2025-12-10,1.0
ORD-118531,2025-10-31,2025-10-31,0.0
ORD-118532,2025-10-06,2025-10-07,1.0
ORD-118533,2025-09-30,2025-09-30,0.0
ORD-118534,2025-10-18,2025-10-18,0.0
ORD-118535,2025-08-10,2025-08-10,0.0
ORD-118536,2025-09-11,2025-09-11,0.0
ORD-118537,2024-10-30,2024-10-31,1.0
ORD-118538,2025-10-22,,
ORD-118539,2025-04-10,2025-04-13,3.0
ORD-118540,2024-12-05,2024-12-06,1.0
ORD-118541,2025-08-07,2025-08-07,0.0
ORD-118542,2025-09-21,2025-09-22,1.0
ORD-118543,2025-12-04,2025-12-06,2.0
ORD-118544,2025-09-13,,
ORD-118545,2025-07-17,2025-07-17,0.0
ORD-118546,2025-02-06,2025-02-06,0.0
ORD-118547,2025-07-31,2025-07-31,0.0
ORD-118548,2025-09-19,2025-09-20,1.0
ORD-118549,2025-12-11,2025-12-11,0.0
ORD-118550,2024-07-04,2024-07-04,0.0
ORD-118551,2025-09-11,2025-09-11,0.0
ORD-118552,2025-04-28,2025-04-28,0.0
ORD-118553,2024-10-21,2024-10-21,0.0
ORD-118554,2024-03-31,2024-04-03,3.0
ORD-118555,2024-08-28,2024-08-30,2.0
ORD-118556,2025-06-25,,
ORD-118557,2025-10-29,2025-11-01,3.0
ORD-118558,2024-11-17,2024-11-19,2.0
ORD-118559,2025-06-26,2025-06-26,0.0
ORD-118560,2025-02-08,2025-02-08,0.0
ORD-118561,2025-09-10,2025-09-11,1.0
ORD-118562,2025-11-02,2025-11-03,1.0
ORD-118563,2025-12-24,2025-12-26,2.0
ORD-118564,2025-10-19,2025-10-19,0.0
ORD-118565,2024-04-25,2024-04-30,5.0
ORD-118566,2025-01-31,2025-01-31,0.0
ORD-118567,2025-01-01,2025-01-01,0.0
ORD-118568,2025-11-12,2025-11-12,0.0
ORD-118569,2025-03-23,2025-03-24,1.0
ORD-118570,2025-01-06,2025-01-11,5.0
ORD-118571,2025-09-03,2025-09-04,1.0
ORD-118572,2025-02-06,2025-02-06,0.0
ORD-118573,2025-04-21,2025-04-21,0.0
ORD-118574,2025-01-20,,
ORD-118575,2025-03-10,2025-03-10,0.0
ORD-118576,2024-01-30,2024-01-30,0.0
ORD-118577,2025-12-11,2025-12-11,0.0
ORD-118578,2025-10-25,2025-10-26,1.0
ORD-118579,2025-09-19,2025-09-19,0.0
ORD-118580,2025-01-21,2025-01-21,0.0
ORD-118581,2025-05-18,2025-05-18,0.0
ORD-118582,2025-11-12,2025-11-12,0.0
ORD-118583,2025-10-18,2025-10-21,3.0
ORD-118584,2025-11-05,2025-11-05,0.0
ORD-118585,2025-10-09,2025-10-09,0.0
ORD-118586,2025-03-31,2025-04-01,1.0
ORD-118587,2025-11-30,2025-12-02,2.0
ORD-118588,2025-11-09,2025-11-10,1.0
ORD-118589,2025-11-20,2025-11-20,0.0
ORD-118590,2024-09-12,2024-09-13,1.0
ORD-118591,2025-03-29,2025-03-29,0.0
ORD-118592,2025-07-26,2025-07-27,1.0
ORD-118593,2024-12-24,2024-12-24,0.0
ORD-118594,2024-05-27,2024-05-27,0.0
ORD-118595,2025-10-18,2025-10-19,1.0
ORD-118596,2025-08-11,2025-08-11,0.0
ORD-118597,2024-12-10,2024-12-10,0.0
ORD-118598,2025-07-30,2025-07-31,1.0
ORD-118599,2025-05-18,2025-05-18,0.0
ORD-118600,2025-05-19,2025-05-20,1.0
ORD-118601,2026-01-04,,
ORD-118602,2025-04-11,2025-04-12,1.0
ORD-118603,2024-02-29,,
ORD-118604,2025-06-11,2025-06-13,2.0
ORD-118605,2024-11-30,2024-11-30,0.0
ORD-118606,2025-07-13,2025-07-13,0.0
ORD-118607,2024-12-20,2024-12-20,0.0
ORD-118608,2025-09-29,2025-09-29,0.0
ORD-118609,2025-01-04,2025-01-04,0.0
ORD-118610,2025-06-25,2025-06-25,0.0
ORD-118611,2025-03-11,2025-03-11,0.0
ORD-118612,2025-02-05,2025-02-05,0.0
ORD-118613,2025-08-07,2025-08-07,0.0
ORD-118614,2025-02-10,,
ORD-118615,2025-10-31,2025-10-31,0.0
ORD-118616,2025-02-28,2025-02-28,0.0
ORD-118617,2025-07-29,2025-07-29,0.0
ORD-118618,2025-09-30,2025-09-30,0.0
ORD-118619,2024-08-04,2024-08-04,0.0
ORD-118620,2025-07-04,,
ORD-118621,2025-10-02,2025-10-05,3.0
ORD-118622,2024-05-27,2024-05-28,1.0
ORD-118623,2025-09-29,2025-09-29,0.0
ORD-118624,2025-09-09,2025-09-09,0.0
ORD-118625,2024-04-10,2024-04-10,0.0
ORD-118626,2025-07-10,2025-07-10,0.0
ORD-118627,2024-08-29,2024-08-31,2.0
ORD-118628,2025-01-14,2025-01-14,0.0
ORD-118629,2025-11-09,2025-11-09,0.0
ORD-118630,2025-03-27,2025-03-27,0.0
ORD-118631,2025-09-05,,
ORD-118632,2025-07-20,2025-07-20,0.0
ORD-118633,2025-05-25,2025-05-27,2.0
ORD-118634,2025-11-05,2025-11-05,0.0
ORD-118635,2024-11-13,2024-11-14,1.0
ORD-118636,2025-06-09,2025-06-09,0.0
ORD-118637,2024-09-13,2024-09-15,2.0
ORD-118638,2025-08-10,,
ORD-118639,2024-08-31,2024-08-31,0.0
ORD-118640,2024-08-03,2024-08-03,0.0
ORD-118641,2024-10-23,2024-10-23,0.0
ORD-118642,2025-02-21,2025-02-22,1.0
ORD-118643,2025-08-31,2025-08-31,0.0
ORD-118644,2024-09-08,2024-09-08,0.0
ORD-118645,2025-11-10,2025-11-11,1.0
ORD-118646,2025-07-27,2025-07-27,0.0
ORD-118647,2025-09-08,2025-09-11,3.0
ORD-118648,2025-09-28,2025-09-29,1.0
ORD-118649,2025-11-08,2025-11-08,0.0
ORD-118650,2024-08-12,2024-08-12,0.0
ORD-118651,2025-08-19,2025-08-19,0.0
ORD-118652,2025-08-12,2025-08-14,2.0
ORD-118653,2025-11-25,2025-11-25,0.0
ORD-118654,2025-10-23,2025-10-23,0.0
ORD-118655,2025-10-25,2025-10-25,0.0
ORD-118656,2025-08-13,2025-08-13,0.0
ORD-118657,2025-08-18,2025-08-18,0.0
ORD-118658,2025-11-24,2025-11-24,0.0
ORD-118659,2025-03-06,2025-03-06,0.0
ORD-118660,2025-11-29,2025-11-29,0.0
ORD-118661,2025-10-28,,
ORD-118662,2024-06-05,2024-06-06,1.0
ORD-118663,2025-06-17,2025-06-22,5.0
ORD-118664,2025-10-09,2025-10-11,2.0
ORD-118665,2025-02-02,2025-02-02,0.0
ORD-118666,2025-11-11,2025-11-14,3.0
ORD-118667,2025-12-15,2025-12-15,0.0
ORD-118668,2025-09-14,2025-09-14,0.0
ORD-118669,2025-11-06,2025-11-06,0.0
ORD-118670,2025-06-29,2025-06-30,1.0
ORD-118671,2025-11-11,2025-11-12,1.0
ORD-118672,2025-03-14,2025-03-14,0.0
ORD-118673,2025-12-21,2025-12-21,0.0
ORD-118674,2025-11-14,2025-11-14,0.0
ORD-118675,2025-03-12,,
ORD-118676,2025-10-24,2025-10-25,1.0
ORD-118677,2025-09-27,2025-09-30,3.0
ORD-118678,2025-04-12,2025-04-12,0.0
ORD-118679,2025-08-31,2025-09-01,1.0
ORD-118680,2025-12-14,2025-12-14,0.0
ORD-118681,2025-12-24,2025-12-24,0.0
ORD-118682,2025-11-16,2025-11-16,0.0
ORD-118683,2025-11-16,,
ORD-118684,2024-04-23,,
ORD-118685,2025-03-26,2025-03-26,0.0
ORD-118686,2025-09-17,2025-09-19,2.0
ORD-118687,2025-12-07,2025-12-07,0.0
ORD-118688,2025-09-05,2025-09-05,0.0
ORD-118689,2024-12-11,2024-12-11,0.0
ORD-118690,2025-12-26,2025-12-26,0.0
ORD-118691,2025-05-27,2025-05-28,1.0
ORD-118692,2025-08-09,2025-08-09,0.0
ORD-118693,2025-11-27,2025-11-28,1.0
ORD-118694,2025-08-31,2025-08-31,0.0
ORD-118695,2025-03-28,2025-03-28,0.0
ORD-118696,2025-09-22,2025-09-23,1.0
ORD-118697,2024-10-04,2024-10-05,1.0
ORD-118698,2025-03-16,2025-03-16,0.0
ORD-118699,2024-11-20,2024-11-22,2.0
ORD-118700,2025-06-19,2025-06-20,1.0
ORD-118701,2025-11-22,2025-11-24,2.0
ORD-118702,2024-07-20,2024-07-20,0.0
ORD-118703,2025-11-07,2025-11-08,1.0
ORD-118704,2024-12-30,2024-12-30,0.0
ORD-118705,2025-07-24,2025-07-27,3.0
ORD-118706,2025-06-23,2025-06-23,0.0
ORD-118707,2025-02-20,2025-02-20,0.0
ORD-118708,2024-04-27,2024-04-27,0.0
ORD-118709,2024-04-24,2024-04-27,3.0
ORD-118710,2025-11-07,2025-11-12,5.0
ORD-118711,2025-06-13,2025-06-13,0.0
ORD-118712,2025-03-23,2025-03-25,2.0
ORD-118713,2025-02-14,2025-02-14,0.0
ORD-118714,2025-12-20,2025-12-22,2.0
ORD-118715,2025-08-01,2025-08-02,1.0
ORD-118716,2024-06-05,2024-06-05,0.0
ORD-118717,2025-12-23,2025-12-24,1.0
ORD-118718,2025-06-17,2025-06-17,0.0
ORD-118719,2025-06-27,2025-06-27,0.0
ORD-118720,2025-04-28,2025-04-29,1.0
ORD-118721,2025-05-11,2025-05-11,0.0
ORD-118722,2024-10-31,2024-10-31,0.0
ORD-118723,2025-05-22,2025-05-24,2.0
ORD-118724,2025-07-20,2025-07-20,0.0
ORD-118725,2025-02-01,2025-02-01,0.0
ORD-118726,2024-08-18,2024-08-18,0.0
ORD-118727,2025-02-09,2025-02-09,0.0
ORD-118728,2025-10-18,2025-10-20,2.0
ORD-118729,2025-11-05,,
ORD-118730,2025-08-02,2025-08-02,0.0
ORD-118731,2025-04-11,2025-04-11,0.0
ORD-118732,2025-01-09,2025-01-09,0.0
ORD-118733,2025-12-28,2025-12-31,3.0
ORD-118734,2025-02-24,2025-02-25,1.0
ORD-118735,2024-09-26,2024-09-26,0.0
ORD-118736,2025-11-17,2025-11-19,2.0
ORD-118737,2025-10-05,2025-10-07,2.0
ORD-118738,2025-06-27,,
ORD-118739,2025-08-28,2025-08-28,0.0
ORD-118740,2025-04-23,2025-04-24,1.0
ORD-118741,2025-03-15,2025-03-15,0.0
ORD-118742,2025-07-09,2025-07-09,0.0
ORD-118743,2025-01-28,,
ORD-118744,2025-10-14,2025-10-16,2.0
ORD-118745,2025-03-26,2025-03-26,0.0
ORD-118746,2025-12-18,2025-12-18,0.0
ORD-118747,2025-08-22,2025-08-24,2.0
ORD-118748,2025-03-16,2025-03-16,0.0
ORD-118749,2025-10-26,2025-10-28,2.0
ORD-118750,2025-11-07,2025-11-08,1.0
ORD-118751,2024-07-29,2024-07-30,1.0
ORD-118752,2025-06-06,2025-06-07,1.0
ORD-118753,2025-02-26,2025-02-27,1.0
ORD-118754,2024-12-11,2024-12-11,0.0
ORD-118755,2025-07-09,2025-07-09,0.0
ORD-118756,2025-09-05,2025-09-05,0.0
ORD-118757,2024-10-30,2024-10-30,0.0
ORD-118758,2025-06-06,2025-06-09,3.0
ORD-118759,2025-09-01,2025-09-03,2.0
ORD-118760,2024-05-19,,
ORD-118761,2025-01-13,2025-01-13,0.0
ORD-118762,2024-12-09,2024-12-10,1.0
ORD-118763,2024-10-27,2024-10-27,0.0
ORD-118764,2025-01-30,,
ORD-118765,2024-11-06,2024-11-06,0.0
ORD-118766,2024-11-13,2024-11-13,0.0
ORD-118767,2024-01-27,2024-01-28,1.0
ORD-118768,2024-02-24,,
ORD-118769,2024-05-10,,
ORD-118770,2025-04-19,2025-04-19,0.0
ORD-118771,2025-06-17,2025-06-17,0.0
ORD-118772,2025-11-01,,
ORD-118773,2024-11-06,2024-11-06,0.0
ORD-118774,2025-04-19,2025-04-19,0.0
ORD-118775,2024-06-26,,
ORD-118776,2025-10-24,2025-10-24,0.0
ORD-118777,2024-12-07,2024-12-07,0.0
ORD-118778,2025-08-07,2025-08-08,1.0
ORD-118779,2025-10-04,2025-10-07,3.0
ORD-118780,2024-08-19,,
ORD-118781,2024-08-15,2024-08-17,2.0
ORD-118782,2025-03-30,,
ORD-118783,2025-11-06,2025-11-06,0.0
ORD-118784,2024-07-11,2024-07-14,3.0
ORD-118785,2025-04-13,2025-04-14,1.0
ORD-118786,2025-03-24,2025-03-25,1.0
ORD-118787,2025-05-22,2025-05-23,1.0
ORD-118788,2025-11-17,2025-11-17,0.0
ORD-118789,2024-12-11,2024-12-12,1.0
ORD-118790,2025-05-17,2025-05-18,1.0
ORD-118791,2025-07-18,2025-07-18,0.0
ORD-118792,2025-09-10,2025-09-10,0.0
ORD-118793,2025-09-15,2025-09-15,0.0
ORD-118794,2025-10-19,2025-10-19,0.0
ORD-118795,2025-03-26,2025-03-27,1.0
ORD-118796,2025-07-27,,
ORD-118797,2025-11-11,2025-11-13,2.0
ORD-118798,2025-08-20,2025-08-20,0.0
ORD-118799,2025-09-10,2025-09-10,0.0
ORD-118800,2025-08-12,2025-08-12,0.0
ORD-118801,2025-12-03,2025-12-03,0.0
ORD-118802,2025-10-03,2025-10-03,0.0
ORD-118803,2025-11-28,2025-11-28,0.0
ORD-118804,2025-03-13,2025-03-13,0.0
ORD-118805,2025-11-13,2025-11-13,0.0
ORD-118806,2025-09-24,2025-09-24,0.0
ORD-118807,2025-08-07,2025-08-07,0.0
ORD-118808,2025-10-09,2025-10-09,0.0
ORD-118809,2025-09-06,2025-09-06,0.0
ORD-118810,2025-10-21,2025-10-21,0.0
ORD-118811,2025-02-20,2025-02-21,1.0
ORD-118812,2024-11-22,2024-11-22,0.0
ORD-118813,2024-10-18,2024-10-18,0.0
ORD-118814,2025-11-18,2025-11-18,0.0
ORD-118815,2024-12-04,2024-12-07,3.0
ORD-118816,2025-08-14,2025-08-15,1.0
ORD-118817,2025-06-22,2025-06-22,0.0
ORD-118818,2024-07-28,2024-07-29,1.0
ORD-118819,2025-11-09,2025-11-11,2.0
ORD-118820,2025-01-31,2025-02-02,2.0
ORD-118821,2025-10-27,2025-10-27,0.0
ORD-118822,2025-10-18,2025-10-18,0.0
ORD-118823,2024-02-14,2024-02-15,1.0
ORD-118824,2025-04-15,2025-04-18,3.0
ORD-118825,2025-09-08,2025-09-08,0.0
ORD-118826,2025-11-07,2025-11-08,1.0
ORD-118827,2025-06-17,2025-06-17,0.0
ORD-118828,2025-08-15,2025-08-16,1.0
ORD-118829,2025-12-06,2025-12-07,1.0
ORD-118830,2025-10-14,2025-10-14,0.0
ORD-118831,2025-10-24,2025-10-25,1.0
ORD-118832,2025-01-12,2025-01-13,1.0
ORD-118833,2024-06-26,2024-06-26,0.0
ORD-118834,2025-12-03,2025-12-03,0.0
ORD-118835,2025-12-05,2025-12-08,3.0
ORD-118836,2024-12-28,2024-12-28,0.0
ORD-118837,2025-12-10,2025-12-10,0.0
ORD-118838,2025-07-10,2025-07-10,0.0
ORD-118839,2025-12-04,2025-12-05,1.0
ORD-118840,2025-12-16,2025-12-16,0.0
ORD-118841,2025-12-05,2025-12-06,1.0
ORD-118842,2025-11-21,2025-11-22,1.0
ORD-118843,2025-06-04,2025-06-06,2.0
ORD-118844,2025-10-31,2025-10-31,0.0
ORD-118845,2025-03-18,2025-03-18,0.0
ORD-118846,2025-10-19,2025-10-19,0.0
ORD-118847,2024-12-05,2024-12-05,0.0
ORD-118848,2025-02-20,2025-02-22,2.0
ORD-118849,2025-04-14,2025-04-14,0.0
ORD-118850,2025-04-26,2025-04-27,1.0
ORD-118851,2025-08-01,,
ORD-118852,2024-11-07,2024-11-07,0.0
ORD-118853,2025-08-02,2025-08-02,0.0
ORD-118854,2024-04-07,2024-04-08,1.0
ORD-118855,2025-11-15,2025-11-15,0.0
ORD-118856,2024-11-25,2024-11-28,3.0
ORD-118857,2025-08-27,2025-08-30,3.0
ORD-118858,2025-08-08,,
ORD-118859,2024-04-04,2024-04-05,1.0
ORD-118860,2025-04-02,2025-04-02,0.0
ORD-118861,2025-07-02,2025-07-02,0.0
ORD-118862,2025-07-30,2025-07-30,0.0
ORD-118863,2025-03-02,2025-03-04,2.0
ORD-118864,2025-10-19,2025-10-19,0.0
ORD-118865,2025-01-30,2025-01-30,0.0
ORD-118866,2025-10-30,2025-11-04,5.0
ORD-118867,2025-07-11,2025-07-16,5.0
ORD-118868,2024-11-11,,
ORD-118869,2025-10-03,2025-10-03,0.0
ORD-118870,2025-02-17,2025-02-18,1.0
ORD-118871,2025-08-23,2025-08-23,0.0
ORD-118872,2025-09-10,2025-09-10,0.0
ORD-118873,2025-11-15,2025-11-15,0.0
ORD-118874,2025-06-18,2025-06-20,2.0
ORD-118875,2024-11-12,2024-11-12,0.0
ORD-118876,2025-01-26,,
ORD-118877,2025-11-16,2025-11-17,1.0
ORD-118878,2025-11-16,2025-11-16,0.0
ORD-118879,2025-11-16,2025-11-17,1.0
ORD-118880,2024-06-26,2024-06-26,0.0
ORD-118881,2024-11-04,2024-11-05,1.0
ORD-118882,2025-07-10,,
ORD-118883,2025-09-26,,
ORD-118884,2025-05-17,2025-05-17,0.0
ORD-118885,2025-08-08,,
ORD-118886,2024-08-14,2024-08-14,0.0
ORD-118887,2025-09-20,2025-09-22,2.0
ORD-118888,2024-12-18,2024-12-18,0.0
ORD-118889,2024-09-01,2024-09-01,0.0
ORD-118890,2025-10-23,2025-10-23,0.0
ORD-118891,2024-05-28,2024-05-28,0.0
ORD-118892,2025-12-27,2025-12-27,0.0
ORD-118893,2025-12-18,2025-12-18,0.0
ORD-118894,2024-10-20,2024-10-20,0.0
ORD-118895,2025-11-28,2025-11-28,0.0
ORD-118896,2025-11-16,2025-11-16,0.0
ORD-118897,2026-01-01,2026-01-01,0.0
ORD-118898,2024-08-08,2024-08-08,0.0
ORD-118899,2024-07-19,2024-07-19,0.0
ORD-118900,2025-10-22,2025-10-24,2.0
ORD-118901,2025-11-09,2025-11-09,0.0
ORD-118902,2025-05-13,2025-05-13,0.0
ORD-118903,2025-11-17,2025-11-17,0.0
ORD-118904,2025-11-18,2025-11-18,0.0
ORD-118905,2025-08-17,2025-08-17,0.0
ORD-118906,2024-10-22,2024-10-22,0.0
ORD-118907,2024-11-04,,
ORD-118908,2025-10-19,,
ORD-118909,2024-09-08,2024-09-08,0.0
ORD-118910,2024-10-03,2024-10-04,1.0
ORD-118911,2024-11-06,2024-11-06,0.0
ORD-118912,2025-11-07,2025-11-07,0.0
ORD-118913,2025-05-21,2025-05-21,0.0
ORD-118914,2024-07-15,2024-07-15,0.0
ORD-118915,2025-10-27,2025-10-27,0.0
ORD-118916,2025-09-04,2025-09-04,0.0
ORD-118917,2026-01-04,2026-01-07,3.0
ORD-118918,2025-02-12,2025-02-12,0.0
ORD-118919,2025-06-05,2025-06-05,0.0
ORD-118920,2025-10-21,2025-10-22,1.0
ORD-118921,2025-02-24,2025-02-24,0.0
ORD-118922,2025-06-06,2025-06-06,0.0
ORD-118923,2025-08-07,2025-08-08,1.0
ORD-118924,2025-05-30,2025-05-30,0.0
ORD-118925,2025-10-30,2025-10-30,0.0
ORD-118926,2025-11-04,2025-11-05,1.0
ORD-118927,2025-09-08,2025-09-10,2.0
ORD-118928,2025-03-07,2025-03-07,0.0
ORD-118929,2025-11-12,2025-11-12,0.0
ORD-118930,2024-11-01,2024-11-03,2.0
ORD-118931,2024-01-31,2024-01-31,0.0
ORD-118932,2025-10-19,2025-10-19,0.0
ORD-118933,2026-01-06,2026-01-06,0.0
ORD-118934,2025-11-10,2025-11-10,0.0
ORD-118935,2025-11-14,2025-11-14,0.0
ORD-118936,2024-10-21,2024-10-26,5.0
ORD-118937,2025-11-10,2025-11-10,0.0
ORD-118938,2025-10-28,2025-10-28,0.0
ORD-118939,2025-11-14,2025-11-14,0.0
ORD-118940,2024-11-02,,
ORD-118941,2025-10-18,2025-10-21,3.0
ORD-118942,2025-03-09,2025-03-10,1.0
ORD-118943,2025-09-04,2025-09-04,0.0
ORD-118944,2025-11-21,2025-11-22,1.0
ORD-118945,2025-11-11,2025-11-14,3.0
ORD-118946,2025-08-20,2025-08-21,1.0
ORD-118947,2024-08-23,2024-08-24,1.0
ORD-118948,2024-03-29,2024-03-30,1.0
ORD-118949,2024-10-11,2024-10-11,0.0
ORD-118950,2025-04-09,2025-04-10,1.0
ORD-118951,2024-10-03,2024-10-03,0.0
ORD-118952,2024-11-08,2024-11-09,1.0
ORD-118953,2024-11-06,2024-11-06,0.0
ORD-118954,2024-10-19,2024-10-21,2.0
ORD-118955,2025-11-14,2025-11-15,1.0
ORD-118956,2024-11-16,2024-11-16,0.0
ORD-118957,2025-12-28,2025-12-28,0.0
ORD-118958,2025-10-12,2025-10-12,0.0
ORD-118959,2025-10-29,2025-10-29,0.0
ORD-118960,2025-07-29,2025-07-31,2.0
ORD-118961,2025-05-28,2025-05-28,0.0
ORD-118962,2025-10-14,2025-10-16,2.0
ORD-118963,2025-10-04,2025-10-04,0.0
ORD-118964,2025-04-13,2025-04-13,0.0
ORD-118965,2025-05-01,,
ORD-118966,2025-04-25,2025-04-25,0.0
ORD-118967,2025-01-02,2025-01-02,0.0
ORD-118968,2025-02-27,2025-03-01,2.0
ORD-118969,2025-06-07,2025-06-09,2.0
ORD-118970,2024-10-22,,
ORD-118971,2025-03-04,2025-03-04,0.0
ORD-118972,2025-07-16,2025-07-21,5.0
ORD-118973,2024-04-29,,
ORD-118974,2025-12-02,2025-12-03,1.0
ORD-118975,2025-11-01,2025-11-01,0.0
ORD-118976,2025-10-17,2025-10-17,0.0
ORD-118977,2024-10-27,2024-10-30,3.0
ORD-118978,2025-08-07,2025-08-08,1.0
ORD-118979,2025-11-26,,
ORD-118980,2025-07-14,,
ORD-118981,2025-09-10,2025-09-10,0.0
ORD-118982,2025-10-08,,
ORD-118983,2025-09-28,2025-09-28,0.0
ORD-118984,2025-02-06,2025-02-06,0.0
ORD-118985,2025-03-25,2025-03-27,2.0
ORD-118986,2024-10-11,2024-10-11,0.0
ORD-118987,2024-12-07,2024-12-07,0.0
ORD-118988,2025-05-30,2025-05-30,0.0
ORD-118989,2025-12-25,,
ORD-118990,2025-11-02,2025-11-03,1.0
ORD-118991,2025-12-30,2025-12-30,0.0
ORD-118992,2025-12-02,2025-12-02,0.0
ORD-118993,2025-09-08,2025-09-08,0.0
ORD-118994,2025-10-18,2025-10-18,0.0
ORD-118995,2025-10-11,2025-10-16,5.0
ORD-118996,2025-08-18,,
ORD-118997,2025-12-29,2025-12-29,0.0
ORD-118998,2025-07-22,2025-07-25,3.0
ORD-118999,2024-12-05,2024-12-05,0.0
ORD-119000,2025-06-27,2025-07-02,5.0
ORD-119001,2025-02-05,2025-02-05,0.0
ORD-119002,2025-10-09,2025-10-09,0.0
ORD-119003,2025-11-16,2025-11-16,0.0
ORD-119004,2025-11-29,2025-11-30,1.0
ORD-119005,2024-07-19,2024-07-19,0.0
ORD-119006,2025-08-03,2025-08-03,0.0
ORD-119007,2025-10-25,2025-10-28,3.0
ORD-119008,2025-09-24,2025-09-25,1.0
ORD-119009,2024-02-20,2024-02-21,1.0
ORD-119010,2025-10-20,2025-10-22,2.0
ORD-119011,2025-05-20,2025-05-20,0.0
ORD-119012,2024-12-03,2024-12-03,0.0
ORD-119013,2025-10-25,,
ORD-119014,2025-10-25,2025-10-25,0.0
ORD-119015,2025-11-14,2025-11-14,0.0
ORD-119016,2025-11-16,2025-11-16,0.0
ORD-119017,2025-06-23,2025-06-25,2.0
ORD-119018,2025-07-23,2025-07-24,1.0
ORD-119019,2025-10-17,2025-10-17,0.0
ORD-119020,2025-04-26,2025-04-27,1.0
ORD-119021,2025-05-19,2025-05-19,0.0
ORD-119022,2025-07-26,2025-07-26,0.0
ORD-119023,2024-10-24,,
ORD-119024,2024-12-27,2024-12-27,0.0
ORD-119025,2025-12-16,2025-12-17,1.0
ORD-119026,2025-12-05,2025-12-06,1.0
ORD-119027,2025-10-20,2025-10-20,0.0
ORD-119028,2025-09-08,2025-09-08,0.0
ORD-119029,2025-02-17,2025-02-17,0.0
ORD-119030,2025-06-29,2025-06-29,0.0
ORD-119031,2025-08-13,2025-08-14,1.0
ORD-119032,2024-07-05,2024-07-05,0.0
ORD-119033,2025-11-25,2025-11-25,0.0
ORD-119034,2024-10-29,2024-10-29,0.0
ORD-119035,2025-08-22,2025-08-22,0.0
ORD-119036,2025-01-26,2025-01-26,0.0
ORD-119037,2024-09-18,2024-09-20,2.0
ORD-119038,2024-11-12,2024-11-12,0.0
ORD-119039,2025-03-04,,
ORD-119040,2024-06-19,,
ORD-119041,2025-01-10,2025-01-11,1.0
ORD-119042,2025-05-23,2025-05-24,1.0
ORD-119043,2024-05-17,2024-05-18,1.0
ORD-119044,2025-03-06,2025-03-07,1.0
ORD-119045,2024-11-26,2024-11-26,0.0
ORD-119046,2025-08-13,2025-08-13,0.0
ORD-119047,2024-12-11,2024-12-11,0.0
ORD-119048,2025-12-07,2025-12-07,0.0
ORD-119049,2025-10-18,2025-10-18,0.0
ORD-119050,2025-11-07,2025-11-07,0.0
ORD-119051,2024-11-15,2024-11-17,2.0
ORD-119052,2024-03-17,2024-03-18,1.0
ORD-119053,2025-10-03,2025-10-04,1.0
ORD-119054,2025-12-07,2025-12-07,0.0
ORD-119055,2025-04-14,2025-04-15,1.0
ORD-119056,2025-11-02,2025-11-03,1.0
ORD-119057,2025-09-03,2025-09-04,1.0
ORD-119058,2025-07-01,2025-07-01,0.0
ORD-119059,2025-04-12,2025-04-12,0.0
ORD-119060,2025-10-19,2025-10-19,0.0
ORD-119061,2024-07-16,2024-07-16,0.0
ORD-119062,2024-11-08,,
ORD-119063,2025-08-21,2025-08-22,1.0
ORD-119064,2025-03-12,2025-03-13,1.0
ORD-119065,2024-10-24,2024-10-25,1.0
ORD-119066,2025-05-21,2025-05-21,0.0
ORD-119067,2024-11-04,,
ORD-119068,2025-09-27,2025-09-27,0.0
ORD-119069,2024-06-13,2024-06-13,0.0
ORD-119070,2025-10-31,2025-10-31,0.0
ORD-119071,2025-06-09,2025-06-12,3.0
ORD-119072,2025-06-12,2025-06-13,1.0
ORD-119073,2024-11-07,2024-11-07,0.0
ORD-119074,2025-03-10,2025-03-10,0.0
ORD-119075,2025-07-27,2025-07-29,2.0
ORD-119076,2025-06-12,2025-06-12,0.0
ORD-119077,2025-10-05,2025-10-05,0.0
ORD-119078,2025-10-09,2025-10-11,2.0
ORD-119079,2025-03-31,2025-03-31,0.0
ORD-119080,2025-09-10,2025-09-10,0.0
ORD-119081,2025-05-10,2025-05-10,0.0
ORD-119082,2025-12-04,2025-12-04,0.0
ORD-119083,2025-11-30,,
ORD-119084,2024-11-03,2024-11-04,1.0
ORD-119085,2025-06-02,2025-06-02,0.0
ORD-119086,2025-04-05,2025-04-05,0.0
ORD-119087,2024-09-12,2024-09-12,0.0
ORD-119088,2024-09-16,2024-09-16,0.0
ORD-119089,2025-08-13,2025-08-13,0.0
ORD-119090,2024-06-10,2024-06-11,1.0
ORD-119091,2025-10-04,2025-10-04,0.0
ORD-119092,2025-10-22,2025-10-24,2.0
ORD-119093,2025-07-04,2025-07-05,1.0
ORD-119094,2025-06-01,2025-06-01,0.0
ORD-119095,2025-04-24,,
ORD-119096,2024-11-13,2024-11-13,0.0
ORD-119097,2025-10-24,2025-10-24,0.0
ORD-119098,2025-02-26,2025-02-26,0.0
ORD-119099,2025-04-24,2025-04-24,0.0
ORD-119100,2025-12-27,,
ORD-119101,2025-08-21,2025-08-21,0.0
ORD-119102,2025-07-27,2025-08-01,5.0
ORD-119103,2025-08-27,2025-08-29,2.0
ORD-119104,2025-11-16,2025-11-21,5.0
ORD-119105,2025-02-26,2025-02-28,2.0
ORD-119106,2025-10-04,2025-10-04,0.0
ORD-119107,2025-05-23,2025-05-23,0.0
ORD-119108,2024-11-14,2024-11-14,0.0
ORD-119109,2025-06-17,2025-06-17,0.0
ORD-119110,2024-08-08,2024-08-09,1.0
ORD-119111,2025-09-10,2025-09-10,0.0
ORD-119112,2024-12-02,2024-12-04,2.0
ORD-119113,2025-09-03,2025-09-04,1.0
ORD-119114,2025-06-14,2025-06-15,1.0
ORD-119115,2025-06-27,2025-06-30,3.0
ORD-119116,2025-06-16,2025-06-17,1.0
ORD-119117,2025-06-14,2025-06-14,0.0
ORD-119118,2025-08-17,2025-08-17,0.0
ORD-119119,2024-11-11,2024-11-12,1.0
ORD-119120,2024-11-03,2024-11-05,2.0
ORD-119121,2024-08-18,2024-08-19,1.0
ORD-119122,2025-11-07,2025-11-12,5.0
ORD-119123,2025-05-02,2025-05-02,0.0
ORD-119124,2025-10-27,2025-10-30,3.0
ORD-119125,2025-08-27,2025-08-27,0.0
ORD-119126,2025-07-13,2025-07-14,1.0
ORD-119127,2024-09-19,2024-09-19,0.0
ORD-119128,2025-11-21,2025-11-21,0.0
ORD-119129,2025-11-22,2025-11-22,0.0
ORD-119130,2025-09-29,2025-10-01,2.0
ORD-119131,2025-03-01,2025-03-04,3.0
ORD-119132,2025-10-10,2025-10-11,1.0
ORD-119133,2025-07-28,2025-07-29,1.0
ORD-119134,2024-08-30,2024-08-30,0.0
ORD-119135,2025-12-26,,
ORD-119136,2025-11-05,2025-11-05,0.0
ORD-119137,2025-03-10,2025-03-11,1.0
ORD-119138,2025-05-14,,
ORD-119139,2025-11-01,2025-11-01,0.0
ORD-119140,2024-08-30,2024-09-01,2.0
ORD-119141,2024-06-27,2024-06-27,0.0
ORD-119142,2024-11-12,2024-11-14,2.0
ORD-119143,2025-11-10,2025-11-10,0.0
ORD-119144,2025-01-28,2025-01-28,0.0
ORD-119145,2025-05-14,2025-05-14,0.0
ORD-119146,2025-08-02,2025-08-02,0.0
ORD-119147,2025-07-31,2025-07-31,0.0
ORD-119148,2024-12-02,2024-12-03,1.0
ORD-119149,2025-09-05,2025-09-05,0.0
ORD-119150,2024-10-26,2024-10-26,0.0
ORD-119151,2024-11-10,2024-11-10,0.0
ORD-119152,2025-10-21,,
ORD-119153,2024-12-18,2024-12-18,0.0
ORD-119154,2024-10-04,2024-10-05,1.0
ORD-119155,2025-06-25,2025-06-26,1.0
ORD-119156,2024-11-09,2024-11-09,0.0
ORD-119157,2024-11-29,2024-11-29,0.0
ORD-119158,2025-06-23,2025-06-23,0.0
ORD-119159,2025-04-13,2025-04-13,0.0
ORD-119160,2024-06-08,2024-06-08,0.0
ORD-119161,2025-08-12,,
ORD-119162,2025-11-03,2025-11-04,1.0
ORD-119163,2024-08-15,2024-08-15,0.0
ORD-119164,2025-02-07,,
ORD-119165,2025-10-20,2025-10-21,1.0
ORD-119166,2025-09-21,2025-09-21,0.0
ORD-119167,2025-10-07,2025-10-08,1.0
ORD-119168,2024-12-29,2024-12-29,0.0
ORD-119169,2025-01-29,2025-02-01,3.0
ORD-119170,2025-11-06,2025-11-07,1.0
ORD-119171,2025-07-12,2025-07-12,0.0
ORD-119172,2025-02-02,2025-02-02,0.0
ORD-119173,2025-02-12,2025-02-12,0.0
ORD-119174,2025-04-02,2025-04-02,0.0
ORD-119175,2024-12-05,2024-12-05,0.0
ORD-119176,2025-08-13,,
ORD-119177,2025-11-30,2025-11-30,0.0
ORD-119178,2024-10-25,,
ORD-119179,2025-10-28,2025-10-28,0.0
ORD-119180,2024-07-10,2024-07-10,0.0
ORD-119181,2025-07-28,,
ORD-119182,2025-09-14,2025-09-14,0.0
ORD-119183,2025-06-15,2025-06-16,1.0
ORD-119184,2025-01-20,2025-01-20,0.0
ORD-119185,2025-10-30,2025-10-30,0.0
ORD-119186,2024-10-14,,
ORD-119187,2025-06-17,2025-06-17,0.0
ORD-119188,2025-11-02,2025-11-05,3.0
ORD-119189,2024-10-31,2024-11-02,2.0
ORD-119190,2025-05-12,2025-05-12,0.0
ORD-119191,2025-11-05,,
ORD-119192,2024-10-29,,
ORD-119193,2025-05-16,2025-05-16,0.0
ORD-119194,2025-07-05,2025-07-05,0.0
ORD-119195,2026-01-01,,
ORD-119196,2025-04-18,2025-04-19,1.0
ORD-119197,2024-12-08,2024-12-08,0.0
ORD-119198,2025-10-19,2025-10-19,0.0
ORD-119199,2025-01-01,2025-01-01,0.0
ORD-119200,2025-12-31,2026-01-01,1.0
ORD-119201,2025-08-04,2025-08-06,2.0
ORD-119202,2025-11-26,2025-11-28,2.0
ORD-119203,2024-12-16,2024-12-17,1.0
ORD-119204,2024-07-26,,
ORD-119205,2024-10-31,2024-11-02,2.0
ORD-119206,2025-09-14,2025-09-14,0.0
ORD-119207,2024-08-20,2024-08-20,0.0
ORD-119208,2025-11-06,2025-11-06,0.0
ORD-119209,2025-01-07,2025-01-07,0.0
ORD-119210,2025-08-14,2025-08-14,0.0
ORD-119211,2025-09-14,2025-09-14,0.0
ORD-119212,2024-05-15,2024-05-15,0.0
ORD-119213,2024-06-14,2024-06-15,1.0
ORD-119214,2025-07-06,2025-07-06,0.0
ORD-119215,2025-10-15,2025-10-15,0.0
ORD-119216,2025-11-07,2025-11-07,0.0
ORD-119217,2025-01-25,2025-01-26,1.0
ORD-119218,2025-11-15,2025-11-15,0.0
ORD-119219,2025-10-30,2025-10-30,0.0
ORD-119220,2025-09-25,,
ORD-119221,2025-10-21,2025-10-21,0.0
ORD-119222,2025-05-31,2025-06-01,1.0
ORD-119223,2025-09-08,,
ORD-119224,2024-11-05,2024-11-06,1.0
ORD-119225,2026-01-03,2026-01-03,0.0
ORD-119226,2024-03-16,,
ORD-119227,2025-02-08,2025-02-10,2.0
ORD-119228,2025-11-02,2025-11-05,3.0
ORD-119229,2025-06-03,2025-06-03,0.0
ORD-119230,2025-01-08,2025-01-10,2.0
ORD-119231,2025-01-18,,
ORD-119232,2024-12-08,2024-12-08,0.0
ORD-119233,2024-10-23,2024-10-23,0.0
ORD-119234,2025-03-21,2025-03-23,2.0
ORD-119235,2025-08-10,2025-08-11,1.0
ORD-119236,2024-08-29,2024-08-29,0.0
ORD-119237,2025-11-17,2025-11-17,0.0
ORD-119238,2024-12-09,2024-12-11,2.0
ORD-119239,2025-04-04,,
ORD-119240,2025-10-20,2025-10-20,0.0
ORD-119241,2024-08-16,2024-08-18,2.0
ORD-119242,2024-08-12,2024-08-15,3.0
ORD-119243,2025-09-14,2025-09-15,1.0
ORD-119244,2024-11-03,2024-11-03,0.0
ORD-119245,2024-07-10,2024-07-10,0.0
ORD-119246,2025-07-03,2025-07-05,2.0
ORD-119247,2025-11-30,2025-12-02,2.0
ORD-119248,2025-11-18,2025-11-18,0.0
ORD-119249,2025-07-18,2025-07-20,2.0
ORD-119250,2024-12-18,2024-12-20,2.0
ORD-119251,2024-05-13,2024-05-14,1.0
ORD-119252,2025-10-31,2025-11-01,1.0
ORD-119253,2025-11-30,2025-11-30,0.0
ORD-119254,2025-11-10,2025-11-11,1.0
ORD-119255,2025-11-08,2025-11-11,3.0
ORD-119256,2025-10-02,2025-10-03,1.0
ORD-119257,2024-10-08,2024-10-10,2.0
ORD-119258,2024-07-17,2024-07-17,0.0
ORD-119259,2025-08-08,,
ORD-119260,2025-09-22,2025-09-22,0.0
ORD-119261,2024-10-10,2024-10-10,0.0
ORD-119262,2024-11-12,2024-11-12,0.0
ORD-119263,2024-09-07,2024-09-07,0.0
ORD-119264,2025-07-19,2025-07-19,0.0
ORD-119265,2024-06-26,2024-06-27,1.0
ORD-119266,2025-10-18,2025-10-18,0.0
ORD-119267,2024-11-05,2024-11-05,0.0
ORD-119268,2024-06-14,2024-06-14,0.0
ORD-119269,2025-11-16,2025-11-16,0.0
ORD-119270,2025-11-08,2025-11-08,0.0
ORD-119271,2025-11-06,2025-11-06,0.0
ORD-119272,2025-05-17,2025-05-17,0.0
ORD-119273,2025-12-26,2025-12-29,3.0
ORD-119274,2025-10-07,2025-10-07,0.0
ORD-119275,2024-06-30,2024-06-30,0.0
ORD-119276,2025-11-05,2025-11-05,0.0
ORD-119277,2025-07-19,2025-07-19,0.0
ORD-119278,2024-11-12,2024-11-12,0.0
ORD-119279,2025-11-21,2025-11-21,0.0
ORD-119280,2024-12-02,2024-12-02,0.0
ORD-119281,2024-10-07,2024-10-07,0.0
ORD-119282,2025-09-23,2025-09-25,2.0
ORD-119283,2025-04-08,2025-04-09,1.0
ORD-119284,2025-08-17,2025-08-17,0.0
ORD-119285,2025-08-20,2025-08-21,1.0
ORD-119286,2025-11-20,2025-11-20,0.0
ORD-119287,2025-03-07,2025-03-07,0.0
ORD-119288,2024-12-20,2024-12-22,2.0
ORD-119289,2024-09-22,2024-09-22,0.0
ORD-119290,2025-03-31,2025-03-31,0.0
ORD-119291,2025-10-19,2025-10-19,0.0
ORD-119292,2025-10-15,2025-10-18,3.0
ORD-119293,2025-11-15,,
ORD-119294,2025-07-31,2025-07-31,0.0
ORD-119295,2025-11-08,2025-11-08,0.0
ORD-119296,2024-07-27,2024-07-27,0.0
ORD-119297,2025-11-12,2025-11-14,2.0
ORD-119298,2025-09-09,2025-09-10,1.0
ORD-119299,2025-04-01,2025-04-01,0.0
ORD-119300,2025-04-19,2025-04-20,1.0
ORD-119301,2025-07-11,2025-07-11,0.0
ORD-119302,2025-10-09,2025-10-09,0.0
ORD-119303,2025-06-07,2025-06-07,0.0
ORD-119304,2025-09-22,2025-09-22,0.0
ORD-119305,2024-10-27,2024-10-29,2.0
ORD-119306,2024-12-03,2024-12-06,3.0
ORD-119307,2025-09-28,2025-10-01,3.0
ORD-119308,2025-08-26,2025-08-27,1.0
ORD-119309,2025-08-26,2025-08-27,1.0
ORD-119310,2025-10-07,,
ORD-119311,2025-04-07,,
ORD-119312,2024-12-18,2024-12-18,0.0
ORD-119313,2025-09-21,2025-09-21,0.0
ORD-119314,2025-01-10,2025-01-12,2.0
ORD-119315,2025-02-02,2025-02-03,1.0
ORD-119316,2024-10-19,2024-10-19,0.0
ORD-119317,2025-12-27,2025-12-28,1.0
ORD-119318,2025-11-07,2025-11-07,0.0
ORD-119319,2025-07-15,2025-07-15,0.0
ORD-119320,2024-08-14,2024-08-17,3.0
ORD-119321,2024-12-30,2024-12-30,0.0
ORD-119322,2025-12-19,2025-12-20,1.0
ORD-119323,2024-12-31,2024-12-31,0.0
ORD-119324,2025-11-08,2025-11-08,0.0
ORD-119325,2024-08-05,2024-08-05,0.0
ORD-119326,2025-08-28,2025-08-28,0.0
ORD-119327,2025-08-21,2025-08-21,0.0
ORD-119328,2025-05-14,2025-05-16,2.0
ORD-119329,2025-09-14,2025-09-15,1.0
ORD-119330,2025-12-17,2025-12-18,1.0
ORD-119331,2024-07-10,2024-07-10,0.0
ORD-119332,2025-07-05,2025-07-05,0.0
ORD-119333,2025-08-13,2025-08-14,1.0
ORD-119334,2025-08-17,2025-08-20,3.0
ORD-119335,2025-10-16,2025-10-16,0.0
ORD-119336,2025-12-24,2025-12-24,0.0
ORD-119337,2025-03-05,2025-03-06,1.0
ORD-119338,2025-05-17,2025-05-17,0.0
ORD-119339,2025-12-14,2025-12-14,0.0
ORD-119340,2025-11-03,2025-11-03,0.0
ORD-119341,2025-12-26,2025-12-26,0.0
ORD-119342,2025-03-11,2025-03-14,3.0
ORD-119343,2025-05-31,,
ORD-119344,2024-12-29,2024-12-29,0.0
ORD-119345,2024-11-25,2024-11-25,0.0
ORD-119346,2025-08-28,2025-08-28,0.0
ORD-119347,2025-07-14,,
ORD-119348,2025-11-15,2025-11-15,0.0
ORD-119349,2025-07-14,2025-07-15,1.0
ORD-119350,2025-11-22,2025-11-22,0.0
ORD-119351,2025-04-15,2025-04-16,1.0
ORD-119352,2025-04-26,2025-04-27,1.0
ORD-119353,2024-09-27,2024-09-28,1.0
ORD-119354,2024-11-14,2024-11-14,0.0
ORD-119355,2025-11-02,2025-11-02,0.0
ORD-119356,2024-07-10,2024-07-10,0.0
ORD-119357,2024-06-07,,
ORD-119358,2025-11-30,2025-11-30,0.0
ORD-119359,2025-01-03,2025-01-04,1.0
ORD-119360,2025-11-01,2025-11-02,1.0
ORD-119361,2025-12-18,,
ORD-119362,2025-12-28,2025-12-28,0.0
ORD-119363,2025-10-24,2025-10-25,1.0
ORD-119364,2025-11-06,2025-11-06,0.0
ORD-119365,2025-09-26,2025-09-26,0.0
ORD-119366,2025-05-19,2025-05-20,1.0
ORD-119367,2025-09-22,2025-09-22,0.0
ORD-119368,2025-05-28,2025-05-28,0.0
ORD-119369,2025-09-06,2025-09-07,1.0
ORD-119370,2025-02-04,2025-02-04,0.0
ORD-119371,2025-07-27,2025-07-28,1.0
ORD-119372,2025-07-24,2025-07-25,1.0
ORD-119373,2024-03-22,2024-03-22,0.0
ORD-119374,2025-08-18,,
ORD-119375,2025-09-05,2025-09-05,0.0
ORD-119376,2025-06-29,2025-06-29,0.0
ORD-119377,2024-08-05,2024-08-07,2.0
ORD-119378,2025-06-29,2025-06-29,0.0
ORD-119379,2025-06-10,,
ORD-119380,2024-11-04,2024-11-04,0.0
ORD-119381,2025-10-04,2025-10-05,1.0
ORD-119382,2025-07-17,2025-07-17,0.0
ORD-119383,2024-10-23,2024-10-23,0.0
ORD-119384,2025-11-13,,
ORD-119385,2025-10-31,2025-10-31,0.0
ORD-119386,2025-12-14,2025-12-17,3.0
ORD-119387,2025-10-22,2025-10-22,0.0
ORD-119388,2024-10-11,,
ORD-119389,2025-07-01,2025-07-03,2.0
ORD-119390,2024-03-15,2024-03-15,0.0
ORD-119391,2024-09-23,2024-09-23,0.0
ORD-119392,2024-12-23,2024-12-23,0.0
ORD-119393,2024-11-05,2024-11-08,3.0
ORD-119394,2025-10-02,2025-10-02,0.0
ORD-119395,2025-11-15,2025-11-15,0.0
ORD-119396,2025-11-19,2025-11-19,0.0
ORD-119397,2024-05-07,2024-05-08,1.0
ORD-119398,2025-06-13,2025-06-13,0.0
ORD-119399,2025-07-26,2025-07-26,0.0
ORD-119400,2025-08-26,2025-08-26,0.0
ORD-119401,2025-12-30,2025-12-30,0.0
ORD-119402,2025-07-15,,
ORD-119403,2025-05-24,2025-05-24,0.0
ORD-119404,2025-01-06,2025-01-06,0.0
ORD-119405,2024-12-13,2024-12-13,0.0
ORD-119406,2024-05-04,2024-05-05,1.0
ORD-119407,2025-08-12,2025-08-14,2.0
ORD-119408,2025-09-23,2025-09-25,2.0
ORD-119409,2024-10-29,2024-10-29,0.0
ORD-119410,2025-07-07,2025-07-09,2.0
ORD-119411,2025-11-27,2025-11-30,3.0
ORD-119412,2024-12-31,2024-12-31,0.0
ORD-119413,2024-12-26,2024-12-27,1.0
ORD-119414,2025-04-03,2025-04-03,0.0
ORD-119415,2024-10-04,2024-10-05,1.0
ORD-119416,2025-07-08,2025-07-08,0.0
ORD-119417,2025-10-30,2025-10-30,0.0
ORD-119418,2025-03-26,2025-03-26,0.0
ORD-119419,2025-05-13,2025-05-14,1.0
ORD-119420,2025-02-17,2025-02-20,3.0
ORD-119421,2025-11-18,2025-11-19,1.0
ORD-119422,2025-09-19,2025-09-19,0.0
ORD-119423,2025-11-10,2025-11-11,1.0
ORD-119424,2024-09-29,2024-09-29,0.0
ORD-119425,2025-12-17,2025-12-20,3.0
ORD-119426,2024-05-27,2024-05-27,0.0
ORD-119427,2024-03-03,2024-03-03,0.0
ORD-119428,2024-10-09,2024-10-10,1.0
ORD-119429,2024-11-08,2024-11-08,0.0
ORD-119430,2025-04-25,2025-04-25,0.0
ORD-119431,2025-12-07,2025-12-07,0.0
ORD-119432,2025-07-29,2025-07-29,0.0
ORD-119433,2025-10-21,2025-10-21,0.0
ORD-119434,2025-05-30,2025-05-30,0.0
ORD-119435,2025-07-10,2025-07-12,2.0
ORD-119436,2025-03-02,2025-03-04,2.0
ORD-119437,2024-10-31,2024-10-31,0.0
ORD-119438,2025-11-10,,
ORD-119439,2025-01-10,2025-01-11,1.0
ORD-119440,2025-02-16,2025-02-16,0.0
ORD-119441,2024-08-11,,
ORD-119442,2024-03-19,2024-03-20,1.0
ORD-119443,2025-10-21,2025-10-23,2.0
ORD-119444,2025-11-20,2025-11-20,0.0
ORD-119445,2025-02-21,2025-02-22,1.0
ORD-119446,2025-07-23,2025-07-23,0.0
ORD-119447,2025-03-10,2025-03-10,0.0
ORD-119448,2025-09-22,2025-09-22,0.0
ORD-119449,2025-10-20,2025-10-21,1.0
ORD-119450,2025-06-15,2025-06-16,1.0
ORD-119451,2025-12-06,2025-12-06,0.0
ORD-119452,2025-08-17,2025-08-17,0.0
ORD-119453,2025-09-01,2025-09-01,0.0
ORD-119454,2025-12-31,2026-01-03,3.0
ORD-119455,2025-10-14,2025-10-14,0.0
ORD-119456,2024-12-22,2024-12-22,0.0
ORD-119457,2025-04-21,2025-04-21,0.0
ORD-119458,2025-11-06,2025-11-06,0.0
ORD-119459,2025-12-03,2025-12-04,1.0
ORD-119460,2025-11-08,2025-11-08,0.0
ORD-119461,2024-11-18,2024-11-19,1.0
ORD-119462,2025-03-04,2025-03-06,2.0
ORD-119463,2025-02-09,,
ORD-119464,2024-10-30,2024-10-30,0.0
ORD-119465,2024-11-17,,
ORD-119466,2024-12-09,2024-12-09,0.0
ORD-119467,2025-11-15,,
ORD-119468,2024-11-12,2024-11-13,1.0
ORD-119469,2025-03-23,2025-03-23,0.0
ORD-119470,2025-07-29,2025-07-29,0.0
ORD-119471,2025-02-14,2025-02-16,2.0
ORD-119472,2024-12-25,2024-12-25,0.0
ORD-119473,2025-10-23,2025-10-23,0.0
ORD-119474,2024-10-21,2024-10-21,0.0
ORD-119475,2025-03-18,2025-03-18,0.0
ORD-119476,2024-11-30,2024-11-30,0.0
ORD-119477,2024-08-28,2024-08-28,0.0
ORD-119478,2025-10-17,,
ORD-119479,2025-02-19,2025-02-19,0.0
ORD-119480,2025-08-17,2025-08-17,0.0
ORD-119481,2025-08-07,2025-08-09,2.0
ORD-119482,2025-09-07,2025-09-07,0.0
ORD-119483,2025-10-31,,
ORD-119484,2025-11-13,2025-11-14,1.0
ORD-119485,2024-11-27,2024-11-27,0.0
ORD-119486,2025-01-10,2025-01-10,0.0
ORD-119487,2024-04-25,2024-04-26,1.0
ORD-119488,2025-11-12,2025-11-14,2.0
ORD-119489,2025-07-06,2025-07-07,1.0
ORD-119490,2025-09-29,2025-09-30,1.0
ORD-119491,2025-09-28,2025-09-28,0.0
ORD-119492,2025-09-28,2025-09-28,0.0
ORD-119493,2025-11-01,2025-11-02,1.0
ORD-119494,2025-09-14,2025-09-16,2.0
ORD-119495,2025-10-23,2025-10-23,0.0
ORD-119496,2025-09-29,2025-09-29,0.0
ORD-119497,2025-02-13,2025-02-13,0.0
ORD-119498,2024-08-26,2024-08-28,2.0
ORD-119499,2025-10-01,2025-10-04,3.0
ORD-119500,2025-06-15,2025-06-15,0.0
ORD-119501,2024-10-26,2024-10-29,3.0
ORD-119502,2025-02-16,2025-02-18,2.0
ORD-119503,2024-11-24,2024-11-26,2.0
ORD-119504,2024-07-31,2024-07-31,0.0
ORD-119505,2025-08-31,2025-08-31,0.0
ORD-119506,2026-01-03,,
ORD-119507,2025-01-06,,
ORD-119508,2025-11-11,,
ORD-119509,2025-06-30,2025-06-30,0.0
ORD-119510,2025-11-06,2025-11-07,1.0
ORD-119511,2025-04-17,2025-04-17,0.0
ORD-119512,2025-09-28,,
ORD-119513,2025-02-24,2025-02-25,1.0
ORD-119514,2025-02-18,2025-02-18,0.0
ORD-119515,2025-11-27,2025-11-27,0.0
ORD-119516,2024-08-20,2024-08-20,0.0
ORD-119517,2024-11-10,2024-11-11,1.0
ORD-119518,2025-10-10,,
ORD-119519,2025-06-22,2025-06-23,1.0
ORD-119520,2024-11-08,2024-11-09,1.0
ORD-119521,2025-10-08,2025-10-09,1.0
ORD-119522,2025-03-17,2025-03-17,0.0
ORD-119523,2024-07-21,2024-07-21,0.0
ORD-119524,2025-05-05,2025-05-05,0.0
ORD-119525,2024-10-31,2024-11-01,1.0
ORD-119526,2025-10-26,2025-10-26,0.0
ORD-119527,2024-12-23,2024-12-23,0.0
ORD-119528,2025-11-11,,
ORD-119529,2025-09-03,2025-09-04,1.0
ORD-119530,2025-07-17,2025-07-17,0.0
ORD-119531,2025-09-27,2025-09-27,0.0
ORD-119532,2025-12-28,2025-12-31,3.0
ORD-119533,2025-07-31,,
ORD-119534,2024-10-24,2024-10-24,0.0
ORD-119535,2025-04-23,2025-04-23,0.0
ORD-119536,2025-04-19,,
ORD-119537,2025-02-08,2025-02-08,0.0
ORD-119538,2025-03-20,,
ORD-119539,2025-10-18,2025-10-20,2.0
ORD-119540,2024-11-06,2024-11-07,1.0
ORD-119541,2025-07-18,2025-07-19,1.0
ORD-119542,2025-10-29,2025-10-29,0.0
ORD-119543,2025-05-21,2025-05-22,1.0
ORD-119544,2025-04-22,,
ORD-119545,2024-08-30,2024-08-30,0.0
ORD-119546,2024-10-03,2024-10-03,0.0
ORD-119547,2024-05-11,2024-05-11,0.0
ORD-119548,2025-11-04,2025-11-05,1.0
ORD-119549,2025-07-11,2025-07-13,2.0
ORD-119550,2025-07-04,2025-07-04,0.0
ORD-119551,2025-05-20,2025-05-21,1.0
ORD-119552,2025-07-09,2025-07-09,0.0
ORD-119553,2025-01-26,2025-01-26,0.0
ORD-119554,2025-07-23,2025-07-23,0.0
ORD-119555,2025-07-03,2025-07-03,0.0
ORD-119556,2025-09-06,2025-09-08,2.0
ORD-119557,2025-10-28,2025-10-28,0.0
ORD-119558,2025-09-07,2025-09-07,0.0
ORD-119559,2025-09-17,2025-09-18,1.0
ORD-119560,2025-03-07,2025-03-07,0.0
ORD-119561,2025-08-26,2025-08-27,1.0
ORD-119562,2025-07-08,2025-07-10,2.0
ORD-119563,2024-12-07,2024-12-08,1.0
ORD-119564,2024-09-30,,
ORD-119565,2025-11-08,,
ORD-119566,2025-10-26,2025-10-26,0.0
ORD-119567,2024-11-13,2024-11-13,0.0
ORD-119568,2025-05-19,2025-05-20,1.0
ORD-119569,2025-10-12,2025-10-14,2.0
ORD-119570,2025-06-05,2025-06-08,3.0
ORD-119571,2025-04-23,2025-04-23,0.0
ORD-119572,2025-10-23,2025-10-23,0.0
ORD-119573,2025-09-19,2025-09-20,1.0
ORD-119574,2024-08-08,2024-08-08,0.0
ORD-119575,2024-07-10,2024-07-11,1.0
ORD-119576,2025-10-23,2025-10-23,0.0
ORD-119577,2025-11-05,2025-11-05,0.0
ORD-119578,2025-01-22,2025-01-23,1.0
ORD-119579,2025-12-18,2025-12-18,0.0
ORD-119580,2025-08-09,2025-08-10,1.0
ORD-119581,2024-09-17,2024-09-17,0.0
ORD-119582,2025-08-10,2025-08-10,0.0
ORD-119583,2024-10-28,2024-10-28,0.0
ORD-119584,2025-10-19,2025-10-20,1.0
ORD-119585,2025-12-03,2025-12-03,0.0
ORD-119586,2025-11-11,2025-11-12,1.0
ORD-119587,2025-10-05,2025-10-08,3.0
ORD-119588,2025-12-11,,
ORD-119589,2024-11-18,2024-11-18,0.0
ORD-119590,2025-09-01,2025-09-01,0.0
ORD-119591,2024-10-16,2024-10-16,0.0
ORD-119592,2025-07-05,2025-07-05,0.0
ORD-119593,2025-04-11,2025-04-11,0.0
ORD-119594,2025-10-16,2025-10-16,0.0
ORD-119595,2025-02-21,2025-02-21,0.0
ORD-119596,2024-03-26,2024-03-26,0.0
ORD-119597,2024-12-14,2024-12-16,2.0
ORD-119598,2025-10-12,2025-10-13,1.0
ORD-119599,2025-10-26,2025-10-26,0.0
ORD-119600,2024-09-15,2024-09-15,0.0
ORD-119601,2024-12-18,2024-12-19,1.0
ORD-119602,2024-11-01,,
ORD-119603,2024-10-04,2024-10-04,0.0
ORD-119604,2025-07-20,,
ORD-119605,2024-11-17,2024-11-19,2.0
ORD-119606,2024-10-06,2024-10-08,2.0
ORD-119607,2024-08-24,2024-08-24,0.0
ORD-119608,2025-11-15,2025-11-17,2.0
ORD-119609,2024-10-05,2024-10-05,0.0
ORD-119610,2024-08-06,2024-08-08,2.0
ORD-119611,2025-11-15,2025-11-17,2.0
ORD-119612,2025-03-21,2025-03-26,5.0
ORD-119613,2025-11-17,2025-11-19,2.0
ORD-119614,2025-06-15,,
ORD-119615,2025-07-28,2025-07-28,0.0
ORD-119616,2025-10-25,2025-10-26,1.0
ORD-119617,2025-10-11,2025-10-11,0.0
ORD-119618,2025-09-06,,
ORD-119619,2025-05-17,2025-05-17,0.0
ORD-119620,2025-11-12,2025-11-12,0.0
ORD-119621,2024-09-26,,
ORD-119622,2025-09-04,2025-09-07,3.0
ORD-119623,2025-05-19,2025-05-19,0.0
ORD-119624,2025-04-06,2025-04-06,0.0
ORD-119625,2025-12-10,2025-12-10,0.0
ORD-119626,2025-05-21,2025-05-21,0.0
ORD-119627,2024-09-28,2024-09-28,0.0
ORD-119628,2025-09-30,2025-10-01,1.0
ORD-119629,2024-11-23,2024-11-24,1.0
ORD-119630,2025-11-15,2025-11-15,0.0
ORD-119631,2025-05-28,2025-05-29,1.0
ORD-119632,2024-05-16,,
ORD-119633,2024-12-04,2024-12-06,2.0
ORD-119634,2025-01-15,2025-01-15,0.0
ORD-119635,2025-05-17,2025-05-17,0.0
ORD-119636,2025-07-18,2025-07-18,0.0
ORD-119637,2025-12-11,2025-12-11,0.0
ORD-119638,2024-11-13,2024-11-15,2.0
ORD-119639,2025-07-14,2025-07-15,1.0
ORD-119640,2024-05-31,2024-05-31,0.0
ORD-119641,2025-08-23,,
ORD-119642,2025-12-05,,
ORD-119643,2024-11-19,2024-11-19,0.0
ORD-119644,2025-02-02,2025-02-02,0.0
ORD-119645,2025-04-21,2025-04-22,1.0
ORD-119646,2025-10-23,2025-10-24,1.0
ORD-119647,2025-01-26,2025-01-26,0.0
ORD-119648,2025-09-05,2025-09-05,0.0
ORD-119649,2025-12-15,2025-12-15,0.0
ORD-119650,2025-01-29,2025-01-30,1.0
ORD-119651,2025-03-30,2025-03-30,0.0
ORD-119652,2025-01-05,2025-01-06,1.0
ORD-119653,2025-04-25,,
ORD-119654,2024-09-13,2024-09-14,1.0
ORD-119655,2024-10-07,2024-10-08,1.0
ORD-119656,2025-11-13,2025-11-14,1.0
ORD-119657,2024-06-25,,
ORD-119658,2025-08-19,2025-08-19,0.0
ORD-119659,2025-11-06,,
ORD-119660,2024-12-08,2024-12-08,0.0
ORD-119661,2024-10-16,2024-10-16,0.0
ORD-119662,2024-09-27,2024-09-28,1.0
ORD-119663,2024-11-14,2024-11-14,0.0
ORD-119664,2025-11-19,2025-11-21,2.0
ORD-119665,2024-11-13,2024-11-13,0.0
ORD-119666,2025-08-23,2025-08-23,0.0
ORD-119667,2025-07-07,2025-07-08,1.0
ORD-119668,2024-10-26,2024-10-29,3.0
ORD-119669,2024-10-05,2024-10-05,0.0
ORD-119670,2025-08-26,2025-08-26,0.0
ORD-119671,2025-10-19,2025-10-20,1.0
ORD-119672,2025-11-09,2025-11-11,2.0
ORD-119673,2025-08-18,2025-08-18,0.0
ORD-119674,2026-01-03,2026-01-03,0.0
ORD-119675,2024-11-17,,
ORD-119676,2025-07-05,2025-07-06,1.0
ORD-119677,2025-05-23,2025-05-23,0.0
ORD-119678,2025-10-22,2025-10-22,0.0
ORD-119679,2024-08-20,2024-08-21,1.0
ORD-119680,2025-12-21,2025-12-21,0.0
ORD-119681,2025-10-19,2025-10-20,1.0
ORD-119682,2025-11-22,2025-11-27,5.0
ORD-119683,2025-05-30,2025-06-01,2.0
ORD-119684,2025-06-09,2025-06-11,2.0
ORD-119685,2025-10-20,2025-10-22,2.0
ORD-119686,2025-07-10,2025-07-10,0.0
ORD-119687,2025-04-29,2025-04-29,0.0
ORD-119688,2025-02-13,2025-02-13,0.0
ORD-119689,2025-03-08,2025-03-08,0.0
ORD-119690,2025-09-05,2025-09-07,2.0
ORD-119691,2024-11-01,2024-11-01,0.0
ORD-119692,2024-04-12,2024-04-12,0.0
ORD-119693,2025-05-27,2025-05-27,0.0
ORD-119694,2025-06-05,2025-06-06,1.0
ORD-119695,2025-12-29,2025-12-29,0.0
ORD-119696,2025-06-30,2025-07-01,1.0
ORD-119697,2024-07-18,2024-07-18,0.0
ORD-119698,2025-01-15,2025-01-15,0.0
ORD-119699,2025-02-20,2025-02-20,0.0
ORD-119700,2025-12-12,2025-12-12,0.0
ORD-119701,2025-05-18,2025-05-20,2.0
ORD-119702,2025-01-15,2025-01-15,0.0
ORD-119703,2025-11-11,2025-11-11,0.0
ORD-119704,2024-07-03,2024-07-04,1.0
ORD-119705,2025-09-09,2025-09-09,0.0
ORD-119706,2025-09-20,2025-09-20,0.0
ORD-119707,2025-11-08,2025-11-08,0.0
ORD-119708,2025-11-11,2025-11-11,0.0
ORD-119709,2024-12-11,,
ORD-119710,2025-10-05,2025-10-05,0.0
ORD-119711,2024-08-25,2024-08-25,0.0
ORD-119712,2025-10-18,2025-10-20,2.0
ORD-119713,2025-08-23,2025-08-23,0.0
ORD-119714,2025-08-07,2025-08-07,0.0
ORD-119715,2024-12-07,2024-12-10,3.0
ORD-119716,2025-12-06,2025-12-06,0.0
ORD-119717,2025-11-07,2025-11-07,0.0
ORD-119718,2024-07-16,2024-07-16,0.0
ORD-119719,2024-12-11,,
ORD-119720,2024-09-14,2024-09-14,0.0
ORD-119721,2025-11-21,2025-11-21,0.0
ORD-119722,2024-10-03,2024-10-03,0.0
ORD-119723,2024-08-25,2024-08-25,0.0
ORD-119724,2025-07-04,2025-07-05,1.0
ORD-119725,2025-10-06,2025-10-07,1.0
ORD-119726,2025-04-16,2025-04-16,0.0
ORD-119727,2025-11-17,2025-11-17,0.0
ORD-119728,2025-05-16,,
ORD-119729,2025-08-08,2025-08-08,0.0
ORD-119730,2025-06-17,2025-06-17,0.0
ORD-119731,2025-10-18,2025-10-21,3.0
ORD-119732,2025-05-20,2025-05-20,0.0
ORD-119733,2025-11-10,2025-11-11,1.0
ORD-119734,2025-12-18,2025-12-21,3.0
ORD-119735,2025-09-13,2025-09-13,0.0
ORD-119736,2025-01-30,2025-01-30,0.0
ORD-119737,2024-10-01,2024-10-02,1.0
ORD-119738,2025-06-03,2025-06-04,1.0
ORD-119739,2025-08-19,2025-08-19,0.0
ORD-119740,2025-06-10,2025-06-10,0.0
ORD-119741,2025-10-22,2025-10-23,1.0
ORD-119742,2025-06-24,2025-06-24,0.0
ORD-119743,2025-03-05,2025-03-07,2.0
ORD-119744,2025-03-02,2025-03-02,0.0
ORD-119745,2024-07-29,2024-07-29,0.0
ORD-119746,2025-11-23,2025-11-25,2.0
ORD-119747,2025-11-15,2025-11-16,1.0
ORD-119748,2025-10-26,2025-10-26,0.0
ORD-119749,2025-08-26,2025-08-26,0.0
ORD-119750,2024-10-04,2024-10-04,0.0
ORD-119751,2025-05-08,,
ORD-119752,2025-10-29,2025-10-29,0.0
ORD-119753,2024-11-24,2024-11-24,0.0
ORD-119754,2025-09-14,2025-09-15,1.0
ORD-119755,2025-07-20,2025-07-20,0.0
ORD-119756,2025-08-15,2025-08-15,0.0
ORD-119757,2025-04-09,2025-04-09,0.0
ORD-119758,2025-10-29,2025-10-29,0.0
ORD-119759,2025-09-22,2025-09-24,2.0
ORD-119760,2025-02-01,2025-02-01,0.0
ORD-119761,2024-12-12,2024-12-12,0.0
ORD-119762,2025-01-30,2025-01-30,0.0
ORD-119763,2025-09-01,2025-09-04,3.0
ORD-119764,2025-10-28,2025-10-29,1.0
ORD-119765,2025-09-27,2025-09-27,0.0
ORD-119766,2024-04-21,2024-04-21,0.0
ORD-119767,2024-03-28,2024-03-28,0.0
ORD-119768,2025-04-29,2025-04-29,0.0
ORD-119769,2025-01-01,2025-01-01,0.0
ORD-119770,2025-11-08,2025-11-09,1.0
ORD-119771,2025-11-24,2025-11-25,1.0
ORD-119772,2025-11-04,2025-11-06,2.0
ORD-119773,2025-08-24,2025-08-24,0.0
ORD-119774,2024-11-09,2024-11-09,0.0
ORD-119775,2025-08-17,2025-08-17,0.0
ORD-119776,2024-09-29,2024-09-29,0.0
ORD-119777,2025-11-10,2025-11-10,0.0
ORD-119778,2025-11-07,,
ORD-119779,2024-11-02,2024-11-02,0.0
ORD-119780,2025-11-26,2025-11-26,0.0
ORD-119781,2025-02-18,,
ORD-119782,2025-02-06,2025-02-06,0.0
ORD-119783,2025-08-27,2025-08-28,1.0
ORD-119784,2025-04-29,2025-04-29,0.0
ORD-119785,2024-09-10,2024-09-10,0.0
ORD-119786,2024-06-08,2024-06-08,0.0
ORD-119787,2025-08-03,2025-08-03,0.0
ORD-119788,2025-01-26,2025-01-26,0.0
ORD-119789,2025-10-09,2025-10-09,0.0
ORD-119790,2025-05-03,2025-05-03,0.0
ORD-119791,2025-10-16,2025-10-16,0.0
ORD-119792,2025-11-22,2025-11-22,0.0
ORD-119793,2025-07-16,,
ORD-119794,2025-10-28,2025-10-28,0.0
ORD-119795,2024-11-28,2024-11-28,0.0
ORD-119796,2025-10-27,2025-10-27,0.0
ORD-119797,2024-12-26,2024-12-26,0.0
ORD-119798,2025-10-01,2025-10-04,3.0
ORD-119799,2025-11-02,2025-11-05,3.0
ORD-119800,2025-02-19,2025-02-19,0.0
ORD-119801,2024-10-15,2024-10-15,0.0
ORD-119802,2025-08-19,2025-08-19,0.0
ORD-119803,2025-03-29,2025-04-01,3.0
ORD-119804,2024-11-14,2024-11-14,0.0
ORD-119805,2024-12-14,2024-12-14,0.0
ORD-119806,2025-03-03,2025-03-06,3.0
ORD-119807,2025-08-26,2025-08-27,1.0
ORD-119808,2025-01-26,2025-01-26,0.0
ORD-119809,2025-11-11,2025-11-11,0.0
ORD-119810,2025-09-08,2025-09-09,1.0
ORD-119811,2025-11-17,2025-11-17,0.0
ORD-119812,2025-10-10,2025-10-13,3.0
ORD-119813,2025-08-31,2025-08-31,0.0
ORD-119814,2025-08-18,2025-08-18,0.0
ORD-119815,2025-07-04,2025-07-04,0.0
ORD-119816,2025-06-10,2025-06-10,0.0
ORD-119817,2025-12-17,,
ORD-119818,2025-07-31,2025-08-01,1.0
ORD-119819,2024-11-30,2024-11-30,0.0
ORD-119820,2025-02-09,2025-02-10,1.0
ORD-119821,2025-08-30,2025-09-01,2.0
ORD-119822,2025-10-19,2025-10-20,1.0
ORD-119823,2025-09-24,2025-09-26,2.0
ORD-119824,2024-09-18,2024-09-18,0.0
ORD-119825,2025-03-27,2025-03-27,0.0
ORD-119826,2024-06-27,2024-06-27,0.0
ORD-119827,2025-07-11,2025-07-11,0.0
ORD-119828,2025-11-20,2025-11-21,1.0
ORD-119829,2024-08-02,2024-08-02,0.0
ORD-119830,2024-11-29,2024-11-29,0.0
ORD-119831,2025-03-07,2025-03-07,0.0
ORD-119832,2025-07-03,2025-07-05,2.0
ORD-119833,2025-03-03,2025-03-03,0.0
ORD-119834,2025-04-11,2025-04-11,0.0
ORD-119835,2025-01-22,2025-01-22,0.0
ORD-119836,2025-11-29,2025-12-04,5.0
ORD-119837,2025-12-06,2025-12-08,2.0
ORD-119838,2024-11-27,2024-11-29,2.0
ORD-119839,2025-08-16,2025-08-18,2.0
ORD-119840,2025-10-10,2025-10-13,3.0
ORD-119841,2025-10-06,2025-10-06,0.0
ORD-119842,2026-01-01,2026-01-01,0.0
ORD-119843,2025-12-07,2025-12-07,0.0
ORD-119844,2024-09-29,2024-10-01,2.0
ORD-119845,2025-10-30,,
ORD-119846,2024-09-14,2024-09-14,0.0
ORD-119847,2025-02-06,2025-02-06,0.0
ORD-119848,2024-07-21,2024-07-21,0.0
ORD-119849,2024-08-30,2024-08-30,0.0
ORD-119850,2025-11-09,2025-11-12,3.0
ORD-119851,2025-04-25,2025-04-27,2.0
ORD-119852,2025-11-09,2025-11-09,0.0
ORD-119853,2024-05-27,2024-05-27,0.0
ORD-119854,2025-04-25,2025-04-26,1.0
ORD-119855,2024-07-20,2024-07-21,1.0
ORD-119856,2025-08-25,2025-08-25,0.0
ORD-119857,2025-10-31,2025-10-31,0.0
ORD-119858,2025-05-10,,
ORD-119859,2024-11-28,2024-11-29,1.0
ORD-119860,2024-11-10,2024-11-10,0.0
ORD-119861,2025-07-20,2025-07-20,0.0
ORD-119862,2024-10-09,2024-10-09,0.0
ORD-119863,2024-12-30,2025-01-01,2.0
ORD-119864,2025-07-09,2025-07-11,2.0
ORD-119865,2025-12-02,2025-12-02,0.0
ORD-119866,2024-10-18,2024-10-18,0.0
ORD-119867,2025-08-06,2025-08-07,1.0
ORD-119868,2025-08-09,2025-08-09,0.0
ORD-119869,2025-11-18,,
ORD-119870,2025-10-04,2025-10-07,3.0
ORD-119871,2025-01-28,2025-01-29,1.0
ORD-119872,2025-04-16,2025-04-16,0.0
ORD-119873,2025-10-22,2025-10-25,3.0
ORD-119874,2024-12-12,2024-12-12,0.0
ORD-119875,2025-02-27,2025-02-27,0.0
ORD-119876,2025-03-16,2025-03-16,0.0
ORD-119877,2025-09-22,2025-09-22,0.0
ORD-119878,2024-12-26,2024-12-27,1.0
ORD-119879,2025-08-22,2025-08-22,0.0
ORD-119880,2024-12-20,2024-12-20,0.0
ORD-119881,2024-06-04,2024-06-07,3.0
ORD-119882,2025-11-16,2025-11-16,0.0
ORD-119883,2024-12-02,2024-12-04,2.0
ORD-119884,2024-07-08,2024-07-08,0.0
ORD-119885,2025-07-01,2025-07-01,0.0
ORD-119886,2025-02-19,2025-02-19,0.0
ORD-119887,2025-11-10,2025-11-11,1.0
ORD-119888,2025-11-22,2025-11-25,3.0
ORD-119889,2024-10-01,,
ORD-119890,2025-06-29,,
ORD-119891,2024-07-04,2024-07-04,0.0
ORD-119892,2025-06-19,2025-06-19,0.0
ORD-119893,2024-12-15,2024-12-15,0.0
ORD-119894,2025-05-03,2025-05-05,2.0
ORD-119895,2025-02-01,2025-02-01,0.0
ORD-119896,2024-05-08,2024-05-08,0.0
ORD-119897,2025-09-20,2025-09-20,0.0
ORD-119898,2025-11-16,2025-11-17,1.0
ORD-119899,2025-09-07,2025-09-07,0.0
ORD-119900,2025-05-11,2025-05-11,0.0
ORD-119901,2025-02-03,2025-02-03,0.0
ORD-119902,2025-03-29,2025-03-29,0.0
ORD-119903,2025-03-05,2025-03-06,1.0
ORD-119904,2024-11-23,2024-11-23,0.0
ORD-119905,2025-10-07,2025-10-07,0.0
ORD-119906,2025-11-23,2025-11-24,1.0
ORD-119907,2024-11-28,2024-11-30,2.0
ORD-119908,2025-04-12,2025-04-12,0.0
ORD-119909,2025-10-18,2025-10-18,0.0
ORD-119910,2025-08-22,2025-08-22,0.0
ORD-119911,2025-08-26,2025-08-27,1.0
ORD-119912,2024-12-19,2024-12-19,0.0
ORD-119913,2025-12-13,2025-12-13,0.0
ORD-119914,2025-07-21,2025-07-23,2.0
ORD-119915,2025-11-22,2025-11-23,1.0
ORD-119916,2025-12-18,2025-12-20,2.0
ORD-119917,2025-11-10,2025-11-11,1.0
ORD-119918,2025-07-16,,
ORD-119919,2025-07-23,2025-07-24,1.0
ORD-119920,2025-10-25,,
ORD-119921,2025-12-07,2025-12-07,0.0
ORD-119922,2025-12-11,2025-12-11,0.0
ORD-119923,2024-12-11,2024-12-13,2.0
ORD-119924,2025-06-07,2025-06-07,0.0
ORD-119925,2025-06-04,2025-06-04,0.0
ORD-119926,2025-09-28,2025-09-28,0.0
ORD-119927,2025-02-17,2025-02-17,0.0
ORD-119928,2025-11-05,2025-11-05,0.0
ORD-119929,2025-12-18,,
ORD-119930,2025-08-06,2025-08-06,0.0
ORD-119931,2025-07-17,2025-07-17,0.0
ORD-119932,2024-08-22,2024-08-22,0.0
ORD-119933,2025-12-25,2025-12-25,0.0
ORD-119934,2024-09-12,2024-09-12,0.0
ORD-119935,2025-07-21,2025-07-21,0.0
ORD-119936,2024-11-03,2024-11-03,0.0
ORD-119937,2024-12-26,2024-12-28,2.0
ORD-119938,2025-09-02,2025-09-02,0.0
ORD-119939,2025-06-08,,
ORD-119940,2024-11-06,2024-11-07,1.0
ORD-119941,2024-07-29,2024-07-29,0.0
ORD-119942,2024-10-02,2024-10-03,1.0
ORD-119943,2024-04-19,2024-04-19,0.0
ORD-119944,2025-08-04,2025-08-04,0.0
ORD-119945,2024-08-13,2024-08-14,1.0
ORD-119946,2025-12-07,,
ORD-119947,2025-08-09,2025-08-10,1.0
ORD-119948,2025-04-10,,
ORD-119949,2025-03-14,2025-03-15,1.0
ORD-119950,2025-11-12,2025-11-12,0.0
ORD-119951,2025-10-26,,
ORD-119952,2025-03-12,2025-03-13,1.0
ORD-119953,2025-04-25,2025-04-25,0.0
ORD-119954,2025-09-05,2025-09-05,0.0
ORD-119955,2025-12-01,2025-12-03,2.0
ORD-119956,2024-10-12,2024-10-12,0.0
ORD-119957,2025-12-04,2025-12-04,0.0
ORD-119958,2025-10-21,2025-10-22,1.0
ORD-119959,2024-11-04,2024-11-04,0.0
ORD-119960,2025-04-28,2025-04-28,0.0
ORD-119961,2025-10-21,2025-10-21,0.0
ORD-119962,2025-07-15,,
ORD-119963,2025-10-12,,
ORD-119964,2025-10-10,2025-10-10,0.0
ORD-119965,2025-10-27,2025-10-27,0.0
ORD-119966,2024-09-01,,
ORD-119967,2025-09-11,2025-09-11,0.0
ORD-119968,2025-08-24,2025-08-25,1.0
ORD-119969,2025-05-06,2025-05-06,0.0
ORD-119970,2025-08-03,2025-08-05,2.0
ORD-119971,2025-11-21,2025-11-21,0.0
ORD-119972,2025-05-25,2025-05-25,0.0
ORD-119973,2025-11-29,,
ORD-119974,2024-11-01,2024-11-01,0.0
ORD-119975,2025-08-15,2025-08-16,1.0
ORD-119976,2025-09-26,2025-09-26,0.0
ORD-119977,2025-06-24,2025-06-24,0.0
ORD-119978,2025-08-18,2025-08-18,0.0
ORD-119979,2025-03-10,2025-03-12,2.0
ORD-119980,2025-05-23,2025-05-24,1.0
ORD-119981,2025-11-06,2025-11-06,0.0
ORD-119982,2025-11-25,2025-11-26,1.0
ORD-119983,2025-08-25,2025-08-25,0.0
ORD-119984,2024-03-12,2024-03-12,0.0
ORD-119985,2025-09-20,2025-09-22,2.0
ORD-119986,2024-02-18,2024-02-20,2.0
ORD-119987,2025-11-05,2025-11-06,1.0
ORD-119988,2025-06-21,2025-06-24,3.0
ORD-119989,2025-02-25,2025-02-26,1.0
ORD-119990,2025-12-02,2025-12-02,0.0
ORD-119991,2025-11-03,2025-11-08,5.0
ORD-119992,2025-11-02,2025-11-02,0.0
ORD-119993,2024-07-09,2024-07-09,0.0
ORD-119994,2024-08-25,2024-08-25,0.0
ORD-119995,2025-05-25,2025-05-25,0.0
ORD-119996,2025-10-23,2025-10-25,2.0
ORD-119997,2024-11-22,2024-11-22,0.0
ORD-119998,2025-11-14,2025-11-14,0.0
ORD-119999,2025-02-28,2025-02-28,0.0
ORD-120000,2025-11-19,2025-11-19,0.0
ORD-120001,2024-02-26,2024-02-27,1.0
ORD-120002,2025-09-25,2025-09-25,0.0
ORD-120003,2025-05-08,,
ORD-120004,2025-03-07,2025-03-09,2.0
ORD-120005,2025-08-28,2025-08-28,0.0
ORD-120006,2025-06-13,2025-06-13,0.0
ORD-120007,2025-10-21,2025-10-21,0.0
ORD-120008,2025-03-23,2025-03-24,1.0
ORD-120009,2025-04-30,2025-05-01,1.0
ORD-120010,2025-11-15,2025-11-15,0.0
ORD-120011,2025-10-30,2025-10-31,1.0
ORD-120012,2024-03-01,2024-03-02,1.0
ORD-120013,2025-10-23,2025-10-23,0.0
ORD-120014,2025-05-26,2025-05-26,0.0
ORD-120015,2024-10-03,2024-10-03,0.0
ORD-120016,2025-10-23,2025-10-23,0.0
ORD-120017,2025-02-25,2025-02-26,1.0
ORD-120018,2025-10-19,2025-10-19,0.0
ORD-120019,2025-07-08,2025-07-08,0.0
ORD-120020,2025-03-02,2025-03-02,0.0
ORD-120021,2025-06-22,2025-06-22,0.0
ORD-120022,2025-11-29,2025-12-01,2.0
ORD-120023,2024-11-11,2024-11-11,0.0
ORD-120024,2025-10-26,2025-10-27,1.0
ORD-120025,2025-09-07,2025-09-07,0.0
ORD-120026,2025-03-14,2025-03-15,1.0
ORD-120027,2025-05-29,2025-05-29,0.0
ORD-120028,2025-07-20,2025-07-20,0.0
ORD-120029,2025-03-18,2025-03-18,0.0
ORD-120030,2025-10-28,2025-10-28,0.0
ORD-120031,2025-08-18,2025-08-18,0.0
ORD-120032,2025-10-21,2025-10-21,0.0
ORD-120033,2025-08-28,2025-08-28,0.0
ORD-120034,2025-02-12,2025-02-13,1.0
ORD-120035,2025-07-04,2025-07-07,3.0
ORD-120036,2025-01-25,2025-01-25,0.0
ORD-120037,2025-11-17,2025-11-19,2.0
ORD-120038,2025-11-15,2025-11-15,0.0
ORD-120039,2025-01-11,2025-01-11,0.0
ORD-120040,2026-01-03,2026-01-04,1.0
ORD-120041,2025-09-06,2025-09-06,0.0
ORD-120042,2024-12-01,,
ORD-120043,2025-12-11,2025-12-14,3.0
ORD-120044,2025-03-03,2025-03-04,1.0
ORD-120045,2025-11-15,2025-11-16,1.0
ORD-120046,2024-10-30,2024-10-30,0.0
ORD-120047,2025-08-23,2025-08-24,1.0
ORD-120048,2024-10-29,2024-10-31,2.0
ORD-120049,2025-10-23,2025-10-23,0.0
ORD-120050,2025-04-15,2025-04-15,0.0
ORD-120051,2025-09-25,2025-09-25,0.0
ORD-120052,2025-05-28,2025-05-30,2.0
ORD-120053,2024-10-24,2024-10-24,0.0
ORD-120054,2025-05-24,2025-05-24,0.0
ORD-120055,2025-10-26,2025-10-27,1.0
ORD-120056,2025-01-19,2025-01-20,1.0
ORD-120057,2024-11-13,2024-11-13,0.0
ORD-120058,2025-04-17,2025-04-17,0.0
ORD-120059,2025-12-16,2025-12-17,1.0
ORD-120060,2024-10-26,2024-10-27,1.0
ORD-120061,2025-11-15,2025-11-16,1.0
ORD-120062,2025-10-17,2025-10-17,0.0
ORD-120063,2024-11-10,2024-11-10,0.0
ORD-120064,2024-10-11,2024-10-11,0.0
ORD-120065,2025-06-10,2025-06-10,0.0
ORD-120066,2025-03-03,2025-03-03,0.0
ORD-120067,2025-10-13,2025-10-15,2.0
ORD-120068,2025-09-23,2025-09-23,0.0
ORD-120069,2025-04-02,2025-04-02,0.0
ORD-120070,2025-11-15,2025-11-16,1.0
ORD-120071,2025-08-15,2025-08-15,0.0
ORD-120072,2025-09-19,2025-09-20,1.0
ORD-120073,2025-11-28,2025-11-30,2.0
ORD-120074,2025-05-21,2025-05-21,0.0
ORD-120075,2025-07-01,2025-07-01,0.0
ORD-120076,2024-09-18,2024-09-18,0.0
ORD-120077,2025-04-09,2025-04-09,0.0
ORD-120078,2025-03-01,,
ORD-120079,2025-11-23,2025-11-23,0.0
ORD-120080,2025-10-03,2025-10-04,1.0
ORD-120081,2024-10-12,,
ORD-120082,2025-04-07,2025-04-08,1.0
ORD-120083,2025-02-02,,
ORD-120084,2025-10-21,2025-10-21,0.0
ORD-120085,2025-12-19,2025-12-19,0.0
ORD-120086,2025-07-07,2025-07-07,0.0
ORD-120087,2025-10-27,2025-10-28,1.0
ORD-120088,2025-11-10,2025-11-10,0.0
ORD-120089,2025-09-01,2025-09-01,0.0
ORD-120090,2025-11-30,2025-11-30,0.0
ORD-120091,2025-01-31,2025-01-31,0.0
ORD-120092,2025-10-28,2025-10-28,0.0
ORD-120093,2025-09-13,2025-09-13,0.0
ORD-120094,2025-11-16,2025-11-16,0.0
ORD-120095,2025-09-20,2025-09-21,1.0
ORD-120096,2025-06-15,2025-06-15,0.0
ORD-120097,2025-09-03,2025-09-03,0.0
ORD-120098,2025-04-09,2025-04-09,0.0
ORD-120099,2025-03-20,2025-03-23,3.0
ORD-120100,2025-04-27,2025-04-29,2.0
ORD-120101,2025-04-27,2025-04-27,0.0
ORD-120102,2024-04-13,2024-04-14,1.0
ORD-120103,2025-03-09,2025-03-10,1.0
ORD-120104,2025-04-27,2025-04-27,0.0
ORD-120105,2025-11-27,2025-11-27,0.0
ORD-120106,2025-07-21,2025-07-21,0.0
ORD-120107,2025-03-13,2025-03-14,1.0
ORD-120108,2024-12-29,2024-12-31,2.0
ORD-120109,2025-07-02,2025-07-02,0.0
ORD-120110,2025-03-24,2025-03-24,0.0
ORD-120111,2025-08-26,,
ORD-120112,2025-10-30,2025-10-30,0.0
ORD-120113,2025-07-30,2025-07-30,0.0
ORD-120114,2024-11-02,2024-11-02,0.0
ORD-120115,2025-10-18,2025-10-18,0.0
ORD-120116,2025-10-05,2025-10-05,0.0
ORD-120117,2025-07-04,2025-07-04,0.0
ORD-120118,2025-07-03,2025-07-03,0.0
ORD-120119,2025-08-04,2025-08-04,0.0
ORD-120120,2025-11-18,2025-11-19,1.0
ORD-120121,2025-09-27,2025-09-27,0.0
ORD-120122,2024-07-06,2024-07-06,0.0
ORD-120123,2025-05-21,2025-05-21,0.0
ORD-120124,2024-10-24,2024-10-27,3.0
ORD-120125,2025-03-06,2025-03-07,1.0
ORD-120126,2025-11-26,2025-11-26,0.0
ORD-120127,2024-07-07,,
ORD-120128,2025-03-27,2025-03-28,1.0
ORD-120129,2025-11-04,2025-11-04,0.0
ORD-120130,2024-05-26,2024-05-26,0.0
ORD-120131,2025-11-05,2025-11-06,1.0
ORD-120132,2025-01-04,2025-01-04,0.0
ORD-120133,2025-08-04,2025-08-04,0.0
ORD-120134,2025-12-25,2025-12-25,0.0
ORD-120135,2025-10-20,,
ORD-120136,2025-11-05,2025-11-06,1.0
ORD-120137,2024-11-30,2024-11-30,0.0
ORD-120138,2025-08-03,2025-08-03,0.0
ORD-120139,2025-11-04,2025-11-04,0.0
ORD-120140,2025-11-05,2025-11-08,3.0
ORD-120141,2025-08-25,2025-08-25,0.0
ORD-120142,2024-11-19,2024-11-19,0.0
ORD-120143,2025-01-04,2025-01-04,0.0
ORD-120144,2025-04-23,2025-04-23,0.0
ORD-120145,2025-05-12,2025-05-13,1.0
ORD-120146,2025-04-03,,
ORD-120147,2025-12-13,2025-12-13,0.0
ORD-120148,2025-08-23,2025-08-24,1.0
ORD-120149,2024-11-04,2024-11-04,0.0
ORD-120150,2024-09-04,2024-09-04,0.0
ORD-120151,2025-06-02,2025-06-03,1.0
ORD-120152,2025-08-15,2025-08-15,0.0
ORD-120153,2025-05-26,2025-05-26,0.0
ORD-120154,2025-11-23,2025-11-24,1.0
ORD-120155,2025-11-16,2025-11-16,0.0
ORD-120156,2024-08-21,2024-08-21,0.0
ORD-120157,2024-08-05,2024-08-06,1.0
ORD-120158,2024-12-27,2024-12-27,0.0
ORD-120159,2025-01-05,2025-01-05,0.0
ORD-120160,2025-10-29,2025-10-29,0.0
ORD-120161,2024-05-19,2024-05-19,0.0
ORD-120162,2025-03-18,2025-03-19,1.0
ORD-120163,2025-07-18,2025-07-21,3.0
ORD-120164,2024-10-27,2024-10-27,0.0
ORD-120165,2025-11-20,2025-11-20,0.0
ORD-120166,2025-10-22,2025-10-22,0.0
ORD-120167,2024-04-26,2024-04-26,0.0
ORD-120168,2025-07-29,2025-07-31,2.0
ORD-120169,2025-03-27,,
ORD-120170,2025-10-21,2025-10-21,0.0
ORD-120171,2024-04-29,2024-04-29,0.0
ORD-120172,2025-09-25,2025-09-26,1.0
ORD-120173,2025-04-02,2025-04-03,1.0
ORD-120174,2025-07-23,2025-07-23,0.0
ORD-120175,2024-10-28,2024-10-29,1.0
ORD-120176,2024-09-08,2024-09-08,0.0
ORD-120177,2025-01-02,2025-01-04,2.0
ORD-120178,2025-08-18,2025-08-18,0.0
ORD-120179,2025-09-28,2025-09-28,0.0
ORD-120180,2025-12-27,2025-12-27,0.0
ORD-120181,2024-04-13,2024-04-14,1.0
ORD-120182,2025-07-19,2025-07-19,0.0
ORD-120183,2024-04-29,2024-05-01,2.0
ORD-120184,2025-11-19,2025-11-20,1.0
ORD-120185,2025-10-21,2025-10-22,1.0
ORD-120186,2024-08-18,,
ORD-120187,2025-03-23,2025-03-24,1.0
ORD-120188,2025-01-05,2025-01-06,1.0
ORD-120189,2024-10-27,2024-10-27,0.0
ORD-120190,2025-10-25,2025-10-25,0.0
ORD-120191,2025-10-01,2025-10-01,0.0
ORD-120192,2025-12-24,2025-12-24,0.0
ORD-120193,2024-08-26,2024-08-26,0.0
ORD-120194,2025-11-06,2025-11-06,0.0
ORD-120195,2024-11-13,2024-11-15,2.0
ORD-120196,2025-11-10,2025-11-11,1.0
ORD-120197,2024-12-23,2024-12-25,2.0
ORD-120198,2025-08-25,2025-08-25,0.0
ORD-120199,2025-03-29,2025-03-29,0.0
ORD-120200,2025-04-13,2025-04-13,0.0
ORD-120201,2025-07-24,2025-07-27,3.0
ORD-120202,2025-03-23,2025-03-23,0.0
ORD-120203,2024-10-03,2024-10-04,1.0
ORD-120204,2025-12-31,2026-01-01,1.0
ORD-120205,2025-09-28,2025-09-28,0.0
ORD-120206,2024-08-31,2024-08-31,0.0
ORD-120207,2024-06-24,2024-06-25,1.0
ORD-120208,2025-04-08,2025-04-10,2.0
ORD-120209,2024-09-21,2024-09-21,0.0
ORD-120210,2025-06-29,2025-06-29,0.0
ORD-120211,2025-01-01,2025-01-02,1.0
ORD-120212,2024-10-04,2024-10-04,0.0
ORD-120213,2025-02-09,2025-02-09,0.0
ORD-120214,2024-09-05,2024-09-05,0.0
ORD-120215,2025-10-27,2025-10-29,2.0
ORD-120216,2025-11-24,2025-11-24,0.0
ORD-120217,2025-03-14,2025-03-14,0.0
ORD-120218,2025-12-12,2025-12-12,0.0
ORD-120219,2024-07-28,2024-07-28,0.0
ORD-120220,2025-01-13,2025-01-14,1.0
ORD-120221,2025-09-21,2025-09-22,1.0
ORD-120222,2024-06-08,2024-06-10,2.0
ORD-120223,2025-05-14,2025-05-15,1.0
ORD-120224,2025-07-01,2025-07-03,2.0
ORD-120225,2024-12-10,2024-12-10,0.0
ORD-120226,2025-09-20,2025-09-20,0.0
ORD-120227,2025-09-18,2025-09-18,0.0
ORD-120228,2024-12-12,2024-12-14,2.0
ORD-120229,2024-11-10,2024-11-10,0.0
ORD-120230,2024-12-06,2024-12-07,1.0
ORD-120231,2025-02-03,2025-02-03,0.0
ORD-120232,2025-03-08,2025-03-08,0.0
ORD-120233,2025-10-19,2025-10-19,0.0
ORD-120234,2024-11-02,,
ORD-120235,2024-11-27,2024-11-28,1.0
ORD-120236,2025-01-01,2025-01-04,3.0
ORD-120237,2025-11-06,2025-11-07,1.0
ORD-120238,2025-01-28,2025-01-29,1.0
ORD-120239,2025-10-23,2025-10-25,2.0
ORD-120240,2025-05-14,2025-05-14,0.0
ORD-120241,2025-10-24,2025-10-25,1.0
ORD-120242,2025-10-30,2025-10-30,0.0
ORD-120243,2025-10-02,2025-10-02,0.0
ORD-120244,2025-03-01,2025-03-01,0.0
ORD-120245,2025-11-06,2025-11-06,0.0
ORD-120246,2025-04-28,2025-04-28,0.0
ORD-120247,2025-02-03,,
ORD-120248,2025-06-13,2025-06-14,1.0
ORD-120249,2025-03-23,2025-03-25,2.0
ORD-120250,2025-02-14,2025-02-19,5.0
ORD-120251,2025-11-09,2025-11-09,0.0
ORD-120252,2024-11-02,2024-11-02,0.0
ORD-120253,2025-11-04,2025-11-04,0.0
ORD-120254,2025-11-21,2025-11-22,1.0
ORD-120255,2024-12-12,2024-12-12,0.0
ORD-120256,2025-08-03,2025-08-05,2.0
ORD-120257,2025-11-13,2025-11-14,1.0
ORD-120258,2025-02-01,2025-02-03,2.0
ORD-120259,2025-02-03,2025-02-03,0.0
ORD-120260,2025-09-25,2025-09-28,3.0
ORD-120261,2025-05-31,2025-06-01,1.0
ORD-120262,2024-09-05,2024-09-05,0.0
ORD-120263,2024-11-08,2024-11-08,0.0
ORD-120264,2025-11-27,2025-11-30,3.0
ORD-120265,2025-02-08,2025-02-08,0.0
ORD-120266,2025-09-06,,
ORD-120267,2025-10-07,2025-10-08,1.0
ORD-120268,2024-08-18,2024-08-19,1.0
ORD-120269,2025-01-29,2025-01-29,0.0
ORD-120270,2024-05-30,2024-05-30,0.0
ORD-120271,2025-10-31,2025-10-31,0.0
ORD-120272,2025-09-07,,
ORD-120273,2025-12-05,2025-12-06,1.0
ORD-120274,2025-11-02,2025-11-02,0.0
ORD-120275,2024-08-16,,
ORD-120276,2025-01-28,2025-01-28,0.0
ORD-120277,2025-01-09,2025-01-09,0.0
ORD-120278,2024-07-09,2024-07-09,0.0
ORD-120279,2025-10-22,2025-10-22,0.0
ORD-120280,2025-11-18,2025-11-20,2.0
ORD-120281,2025-11-28,2025-11-28,0.0
ORD-120282,2025-11-01,2025-11-02,1.0
ORD-120283,2025-11-16,2025-11-16,0.0
ORD-120284,2025-03-20,2025-03-21,1.0
ORD-120285,2025-10-14,2025-10-15,1.0
ORD-120286,2025-06-03,2025-06-04,1.0
ORD-120287,2025-11-07,2025-11-07,0.0
ORD-120288,2025-02-03,2025-02-06,3.0
ORD-120289,2025-04-19,,
ORD-120290,2025-02-21,2025-02-21,0.0
ORD-120291,2025-12-20,2025-12-21,1.0
ORD-120292,2025-10-30,2025-10-30,0.0
ORD-120293,2025-09-25,2025-09-25,0.0
ORD-120294,2025-06-28,2025-06-28,0.0
ORD-120295,2025-07-25,2025-07-26,1.0
ORD-120296,2025-12-05,2025-12-05,0.0
ORD-120297,2025-09-12,2025-09-14,2.0
ORD-120298,2025-03-16,2025-03-16,0.0
ORD-120299,2025-11-10,2025-11-11,1.0
ORD-120300,2025-04-18,2025-04-18,0.0
ORD-120301,2025-10-24,2025-10-24,0.0
ORD-120302,2025-10-19,2025-10-19,0.0
ORD-120303,2025-11-19,2025-11-19,0.0
ORD-120304,2025-05-21,2025-05-21,0.0
ORD-120305,2025-09-03,2025-09-04,1.0
ORD-120306,2025-10-11,2025-10-12,1.0
ORD-120307,2025-02-15,2025-02-15,0.0
ORD-120308,2024-11-13,2024-11-14,1.0
ORD-120309,2025-11-17,,
ORD-120310,2024-02-25,2024-02-26,1.0
ORD-120311,2025-11-20,2025-11-20,0.0
ORD-120312,2025-05-23,2025-05-23,0.0
ORD-120313,2024-09-16,2024-09-16,0.0
ORD-120314,2025-02-12,2025-02-12,0.0
ORD-120315,2025-06-22,2025-06-22,0.0
ORD-120316,2024-12-28,2024-12-30,2.0
ORD-120317,2025-06-01,2025-06-03,2.0
ORD-120318,2025-11-06,2025-11-06,0.0
ORD-120319,2025-12-08,2025-12-09,1.0
ORD-120320,2025-08-14,2025-08-16,2.0
ORD-120321,2024-10-13,2024-10-13,0.0
ORD-120322,2025-02-18,2025-02-19,1.0
ORD-120323,2024-11-03,2024-11-04,1.0
ORD-120324,2025-11-10,2025-11-10,0.0
ORD-120325,2025-09-04,2025-09-04,0.0
ORD-120326,2025-03-26,2025-03-26,0.0
ORD-120327,2025-04-05,2025-04-05,0.0
ORD-120328,2025-01-25,2025-01-25,0.0
ORD-120329,2025-07-13,2025-07-13,0.0
ORD-120330,2024-06-09,2024-06-09,0.0
ORD-120331,2025-11-20,2025-11-21,1.0
ORD-120332,2025-02-07,2025-02-07,0.0
ORD-120333,2025-12-01,2025-12-01,0.0
ORD-120334,2024-04-21,2024-04-21,0.0
ORD-120335,2025-10-29,2025-10-30,1.0
ORD-120336,2024-07-10,2024-07-10,0.0
ORD-120337,2024-05-11,2024-05-11,0.0
ORD-120338,2025-04-22,2025-04-23,1.0
ORD-120339,2025-03-03,,
ORD-120340,2024-10-21,2024-10-21,0.0
ORD-120341,2025-03-21,2025-03-22,1.0
ORD-120342,2025-08-14,2025-08-14,0.0
ORD-120343,2025-08-24,2025-08-24,0.0
ORD-120344,2024-12-11,2024-12-12,1.0
ORD-120345,2024-09-25,2024-09-27,2.0
ORD-120346,2024-02-03,,
ORD-120347,2025-01-11,2025-01-11,0.0
ORD-120348,2025-10-20,2025-10-20,0.0
ORD-120349,2024-03-11,,
ORD-120350,2025-07-06,2025-07-06,0.0
ORD-120351,2025-12-19,2025-12-19,0.0
ORD-120352,2025-10-11,2025-10-11,0.0
ORD-120353,2024-04-26,2024-04-27,1.0
ORD-120354,2025-12-06,2025-12-07,1.0
ORD-120355,2025-11-25,2025-11-25,0.0
ORD-120356,2025-07-02,2025-07-02,0.0
ORD-120357,2025-04-08,2025-04-08,0.0
ORD-120358,2025-10-16,2025-10-16,0.0
ORD-120359,2025-10-07,2025-10-07,0.0
ORD-120360,2025-06-12,2025-06-13,1.0
ORD-120361,2024-10-18,2024-10-18,0.0
ORD-120362,2025-12-07,,
ORD-120363,2024-07-22,2024-07-22,0.0
ORD-120364,2025-05-24,2025-05-25,1.0
ORD-120365,2025-09-22,2025-09-23,1.0
ORD-120366,2025-04-30,2025-04-30,0.0
ORD-120367,2025-05-03,2025-05-06,3.0
ORD-120368,2024-08-01,,
ORD-120369,2024-04-24,2024-04-24,0.0
ORD-120370,2025-03-03,2025-03-03,0.0
ORD-120371,2025-11-18,2025-11-19,1.0
ORD-120372,2025-05-17,2025-05-17,0.0
ORD-120373,2025-08-11,2025-08-12,1.0
ORD-120374,2024-11-14,2024-11-14,0.0
ORD-120375,2025-03-22,2025-03-23,1.0
ORD-120376,2025-01-16,2025-01-16,0.0
ORD-120377,2025-10-09,2025-10-09,0.0
ORD-120378,2025-08-26,2025-08-27,1.0
ORD-120379,2025-02-14,2025-02-15,1.0
ORD-120380,2025-03-08,2025-03-08,0.0
ORD-120381,2024-11-17,2024-11-19,2.0
ORD-120382,2025-02-06,2025-02-06,0.0
ORD-120383,2025-07-29,2025-07-31,2.0
ORD-120384,2025-10-29,2025-10-29,0.0
ORD-120385,2025-06-28,2025-06-28,0.0
ORD-120386,2024-04-17,,
ORD-120387,2025-08-23,2025-08-24,1.0
ORD-120388,2025-06-25,2025-06-25,0.0
ORD-120389,2025-04-24,2025-04-26,2.0
ORD-120390,2025-01-30,2025-01-30,0.0
ORD-120391,2024-10-08,2024-10-08,0.0
ORD-120392,2025-07-17,2025-07-17,0.0
ORD-120393,2024-10-01,2024-10-04,3.0
ORD-120394,2025-08-14,2025-08-15,1.0
ORD-120395,2024-11-23,2024-11-23,0.0
ORD-120396,2025-05-31,2025-06-01,1.0
ORD-120397,2025-12-30,2025-12-30,0.0
ORD-120398,2026-01-02,2026-01-03,1.0
ORD-120399,2025-06-19,2025-06-19,0.0
ORD-120400,2025-04-05,2025-04-05,0.0
ORD-120401,2025-10-26,,
ORD-120402,2025-08-02,,
ORD-120403,2025-04-08,2025-04-08,0.0
ORD-120404,2025-11-10,2025-11-10,0.0
ORD-120405,2024-11-20,2024-11-20,0.0
ORD-120406,2024-08-14,2024-08-14,0.0
ORD-120407,2025-12-04,2025-12-04,0.0
ORD-120408,2025-10-25,2025-10-25,0.0
ORD-120409,2025-11-08,,
ORD-120410,2025-11-13,2025-11-13,0.0
ORD-120411,2025-05-02,2025-05-03,1.0
ORD-120412,2025-10-25,2025-10-26,1.0
ORD-120413,2025-11-05,2025-11-05,0.0
ORD-120414,2025-09-07,2025-09-07,0.0
ORD-120415,2025-04-17,2025-04-18,1.0
ORD-120416,2025-03-03,2025-03-03,0.0
ORD-120417,2024-12-12,2024-12-13,1.0
ORD-120418,2025-09-01,2025-09-01,0.0
ORD-120419,2025-08-20,2025-08-23,3.0
ORD-120420,2025-01-21,2025-01-21,0.0
ORD-120421,2025-09-29,2025-09-29,0.0
ORD-120422,2024-11-22,2024-11-22,0.0
ORD-120423,2025-12-19,2025-12-19,0.0
ORD-120424,2025-08-28,2025-08-28,0.0
ORD-120425,2025-11-17,2025-11-17,0.0
ORD-120426,2025-01-17,2025-01-17,0.0
ORD-120427,2025-11-09,2025-11-10,1.0
ORD-120428,2024-12-17,2024-12-19,2.0
ORD-120429,2025-08-31,2025-09-01,1.0
ORD-120430,2024-04-07,,
ORD-120431,2024-09-26,2024-09-27,1.0
ORD-120432,2025-04-16,2025-04-16,0.0
ORD-120433,2025-10-06,2025-10-06,0.0
ORD-120434,2025-11-22,2025-11-23,1.0
ORD-120435,2025-10-02,2025-10-02,0.0
ORD-120436,2024-07-29,,
ORD-120437,2024-11-21,2024-11-21,0.0
ORD-120438,2025-06-08,2025-06-09,1.0
ORD-120439,2024-05-28,2024-05-30,2.0
ORD-120440,2025-11-07,2025-11-07,0.0
ORD-120441,2025-01-30,2025-01-31,1.0
ORD-120442,2025-09-18,2025-09-18,0.0
ORD-120443,2025-07-23,2025-07-26,3.0
ORD-120444,2025-05-31,2025-05-31,0.0
ORD-120445,2025-10-28,2025-10-29,1.0
ORD-120446,2025-05-17,2025-05-17,0.0
ORD-120447,2025-06-08,2025-06-11,3.0
ORD-120448,2025-04-30,2025-05-02,2.0
ORD-120449,2025-09-04,2025-09-05,1.0
ORD-120450,2025-12-29,2025-12-31,2.0
ORD-120451,2025-11-06,2025-11-06,0.0
ORD-120452,2025-11-05,2025-11-06,1.0
ORD-120453,2025-06-05,2025-06-05,0.0
ORD-120454,2024-12-27,2024-12-29,2.0
ORD-120455,2025-01-11,,
ORD-120456,2025-11-04,2025-11-04,0.0
ORD-120457,2024-12-31,2025-01-01,1.0
ORD-120458,2025-08-18,2025-08-18,0.0
ORD-120459,2025-10-30,2025-10-31,1.0
ORD-120460,2024-11-11,2024-11-12,1.0
ORD-120461,2025-11-06,2025-11-07,1.0
ORD-120462,2024-10-20,2024-10-20,0.0
ORD-120463,2025-03-08,2025-03-08,0.0
ORD-120464,2024-09-25,2024-09-25,0.0
ORD-120465,2025-09-30,2025-10-02,2.0
ORD-120466,2025-07-24,2025-07-24,0.0
ORD-120467,2024-06-29,2024-06-29,0.0
ORD-120468,2024-05-24,2024-05-24,0.0
ORD-120469,2025-10-24,,
ORD-120470,2025-07-04,2025-07-04,0.0
ORD-120471,2025-10-08,,
ORD-120472,2025-02-20,2025-02-20,0.0
ORD-120473,2025-10-08,2025-10-08,0.0
ORD-120474,2025-07-04,2025-07-05,1.0
ORD-120475,2025-05-29,,
ORD-120476,2025-12-13,2025-12-13,0.0
ORD-120477,2025-11-08,,
ORD-120478,2025-01-28,,
ORD-120479,2025-10-06,2025-10-06,0.0
ORD-120480,2024-07-10,2024-07-10,0.0
ORD-120481,2025-02-01,2025-02-04,3.0
ORD-120482,2025-01-30,2025-01-30,0.0
ORD-120483,2025-05-09,2025-05-10,1.0
ORD-120484,2025-03-16,2025-03-16,0.0
ORD-120485,2025-08-06,2025-08-06,0.0
ORD-120486,2024-11-04,2024-11-04,0.0
ORD-120487,2024-09-18,2024-09-18,0.0
ORD-120488,2024-12-16,2024-12-16,0.0
ORD-120489,2025-10-23,2025-10-23,0.0
ORD-120490,2025-10-05,2025-10-05,0.0
ORD-120491,2024-09-17,2024-09-17,0.0
ORD-120492,2025-01-26,2025-01-26,0.0
ORD-120493,2025-09-01,2025-09-02,1.0
ORD-120494,2025-03-29,2025-03-30,1.0
ORD-120495,2025-11-27,2025-11-27,0.0
ORD-120496,2025-11-24,2025-11-24,0.0
ORD-120497,2025-11-06,2025-11-07,1.0
ORD-120498,2025-02-19,2025-02-20,1.0
ORD-120499,2025-10-01,2025-10-02,1.0
ORD-120500,2025-11-26,2025-11-27,1.0
ORD-120501,2025-11-12,2025-11-12,0.0
ORD-120502,2025-05-23,,
ORD-120503,2024-08-18,2024-08-18,0.0
ORD-120504,2025-07-14,2025-07-15,1.0
ORD-120505,2025-05-28,2025-05-28,0.0
ORD-120506,2025-04-06,2025-04-09,3.0
ORD-120507,2024-03-08,,
ORD-120508,2025-05-21,2025-05-21,0.0
ORD-120509,2025-05-31,2025-05-31,0.0
ORD-120510,2025-03-13,2025-03-13,0.0
ORD-120511,2024-10-16,2024-10-17,1.0
ORD-120512,2025-11-18,2025-11-18,0.0
ORD-120513,2025-01-19,2025-01-19,0.0
ORD-120514,2025-11-16,2025-11-17,1.0
ORD-120515,2025-03-20,2025-03-20,0.0
ORD-120516,2025-10-14,2025-10-14,0.0
ORD-120517,2024-11-01,2024-11-03,2.0
ORD-120518,2024-10-21,2024-10-21,0.0
ORD-120519,2025-09-06,2025-09-07,1.0
ORD-120520,2024-08-17,2024-08-17,0.0
ORD-120521,2024-11-16,,
ORD-120522,2025-10-14,2025-10-14,0.0
ORD-120523,2025-12-05,2025-12-05,0.0
ORD-120524,2024-06-10,2024-06-10,0.0
ORD-120525,2025-10-15,2025-10-15,0.0
ORD-120526,2025-11-15,2025-11-15,0.0
ORD-120527,2025-06-21,2025-06-22,1.0
ORD-120528,2024-04-04,2024-04-04,0.0
ORD-120529,2025-08-10,,
ORD-120530,2024-07-12,2024-07-13,1.0
ORD-120531,2025-11-02,2025-11-02,0.0
ORD-120532,2025-07-20,2025-07-20,0.0
ORD-120533,2025-06-02,2025-06-03,1.0
ORD-120534,2025-03-06,2025-03-07,1.0
ORD-120535,2024-08-28,2024-08-28,0.0
ORD-120536,2025-10-21,2025-10-21,0.0
ORD-120537,2024-06-30,2024-06-30,0.0
ORD-120538,2025-07-25,2025-07-25,0.0
ORD-120539,2025-06-12,2025-06-13,1.0
ORD-120540,2024-12-08,2024-12-08,0.0
ORD-120541,2025-11-13,2025-11-14,1.0
ORD-120542,2024-04-28,2024-04-30,2.0
ORD-120543,2024-09-13,2024-09-14,1.0
ORD-120544,2025-11-20,2025-11-21,1.0
ORD-120545,2025-11-06,2025-11-08,2.0
ORD-120546,2025-05-10,2025-05-10,0.0
ORD-120547,2025-09-30,2025-09-30,0.0
ORD-120548,2025-11-01,2025-11-01,0.0
ORD-120549,2024-11-07,,
ORD-120550,2024-12-25,,
ORD-120551,2025-02-28,2025-03-02,2.0
ORD-120552,2025-09-02,2025-09-02,0.0
ORD-120553,2025-10-31,2025-10-31,0.0
ORD-120554,2024-07-12,2024-07-12,0.0
ORD-120555,2025-12-06,2025-12-06,0.0
ORD-120556,2025-11-20,2025-11-22,2.0
ORD-120557,2025-03-31,2025-03-31,0.0
ORD-120558,2025-03-03,2025-03-06,3.0
ORD-120559,2025-03-29,2025-03-31,2.0
ORD-120560,2025-07-21,2025-07-21,0.0
ORD-120561,2025-08-04,2025-08-04,0.0
ORD-120562,2025-10-29,2025-10-29,0.0
ORD-120563,2024-07-28,2024-07-28,0.0
ORD-120564,2025-10-05,2025-10-06,1.0
ORD-120565,2024-03-31,2024-04-01,1.0
ORD-120566,2025-05-02,2025-05-02,0.0
ORD-120567,2024-09-05,2024-09-06,1.0
ORD-120568,2025-02-11,2025-02-11,0.0
ORD-120569,2025-12-30,2025-12-30,0.0
ORD-120570,2025-10-27,2025-10-27,0.0
ORD-120571,2025-11-04,2025-11-05,1.0
ORD-120572,2025-10-17,2025-10-19,2.0
ORD-120573,2025-07-31,,
ORD-120574,2024-08-17,2024-08-17,0.0
ORD-120575,2025-10-13,2025-10-13,0.0
ORD-120576,2025-03-23,2025-03-23,0.0
ORD-120577,2025-04-17,2025-04-17,0.0
ORD-120578,2025-12-04,2025-12-05,1.0
ORD-120579,2025-05-05,2025-05-05,0.0
ORD-120580,2025-10-02,2025-10-04,2.0
ORD-120581,2024-12-21,2024-12-21,0.0
ORD-120582,2025-01-07,2025-01-09,2.0
ORD-120583,2025-01-17,2025-01-17,0.0
ORD-120584,2025-03-25,2025-03-25,0.0
ORD-120585,2025-12-15,2025-12-16,1.0
ORD-120586,2025-12-01,2025-12-03,2.0
ORD-120587,2024-11-24,2024-11-24,0.0
ORD-120588,2025-12-18,2025-12-18,0.0
ORD-120589,2025-05-02,2025-05-02,0.0
ORD-120590,2025-06-06,2025-06-06,0.0
ORD-120591,2024-03-09,2024-03-09,0.0
ORD-120592,2024-10-31,2024-10-31,0.0
ORD-120593,2025-05-03,,
ORD-120594,2024-12-16,2024-12-16,0.0
ORD-120595,2024-11-03,2024-11-03,0.0
ORD-120596,2024-10-29,2024-10-29,0.0
ORD-120597,2025-10-31,2025-10-31,0.0
ORD-120598,2025-04-09,2025-04-09,0.0
ORD-120599,2024-07-26,2024-07-26,0.0
ORD-120600,2025-06-25,2025-06-25,0.0
ORD-120601,2025-05-09,2025-05-12,3.0
ORD-120602,2025-12-27,,
ORD-120603,2025-01-06,2025-01-07,1.0
ORD-120604,2025-09-09,2025-09-10,1.0
ORD-120605,2025-12-04,2025-12-05,1.0
ORD-120606,2025-06-24,2025-06-24,0.0
ORD-120607,2025-04-06,2025-04-06,0.0
ORD-120608,2025-12-21,,
ORD-120609,2025-12-04,2025-12-05,1.0
ORD-120610,2025-12-06,2025-12-06,0.0
ORD-120611,2025-11-11,2025-11-12,1.0
ORD-120612,2025-10-03,2025-10-03,0.0
ORD-120613,2025-05-04,2025-05-04,0.0
ORD-120614,2025-05-31,2025-06-02,2.0
ORD-120615,2025-08-18,2025-08-18,0.0
ORD-120616,2025-10-26,2025-10-26,0.0
ORD-120617,2024-04-11,2024-04-13,2.0
ORD-120618,2025-08-28,,
ORD-120619,2025-07-24,2025-07-26,2.0
ORD-120620,2025-09-22,2025-09-22,0.0
ORD-120621,2024-06-14,2024-06-15,1.0
ORD-120622,2025-11-15,,
ORD-120623,2024-08-03,2024-08-06,3.0
ORD-120624,2024-07-05,2024-07-06,1.0
ORD-120625,2024-12-26,2024-12-26,0.0
ORD-120626,2025-09-26,2025-09-26,0.0
ORD-120627,2025-02-19,,
ORD-120628,2025-01-08,2025-01-08,0.0
ORD-120629,2025-11-23,2025-11-23,0.0
ORD-120630,2025-11-06,2025-11-06,0.0
ORD-120631,2025-08-04,2025-08-04,0.0
ORD-120632,2024-10-12,2024-10-13,1.0
ORD-120633,2025-11-11,2025-11-12,1.0
ORD-120634,2025-10-23,,
ORD-120635,2025-12-03,,
ORD-120636,2025-09-22,2025-09-22,0.0
ORD-120637,2025-11-17,2025-11-17,0.0
ORD-120638,2025-03-27,2025-03-27,0.0
ORD-120639,2024-12-12,,
ORD-120640,2024-11-10,2024-11-10,0.0
ORD-120641,2025-11-14,2025-11-14,0.0
ORD-120642,2025-08-18,2025-08-18,0.0
ORD-120643,2025-05-21,,
ORD-120644,2025-04-03,2025-04-03,0.0
ORD-120645,2025-11-07,2025-11-07,0.0
ORD-120646,2025-10-18,2025-10-18,0.0
ORD-120647,2025-04-08,2025-04-08,0.0
ORD-120648,2025-11-09,,
ORD-120649,2024-11-02,2024-11-03,1.0
ORD-120650,2025-07-27,2025-07-27,0.0
ORD-120651,2025-02-22,2025-02-24,2.0
ORD-120652,2025-03-08,,
ORD-120653,2025-11-22,2025-11-22,0.0
ORD-120654,2025-01-24,,
ORD-120655,2025-12-15,2025-12-15,0.0
ORD-120656,2024-10-31,,
ORD-120657,2025-09-11,,
ORD-120658,2025-12-05,2025-12-05,0.0
ORD-120659,2025-05-24,2025-05-25,1.0
ORD-120660,2025-06-03,2025-06-03,0.0
ORD-120661,2025-02-27,2025-02-27,0.0
ORD-120662,2025-04-25,2025-04-25,0.0
ORD-120663,2024-06-11,2024-06-16,5.0
ORD-120664,2025-03-23,2025-03-25,2.0
ORD-120665,2024-10-12,2024-10-12,0.0
ORD-120666,2025-11-13,,
ORD-120667,2025-11-10,2025-11-10,0.0
ORD-120668,2025-04-03,2025-04-03,0.0
ORD-120669,2025-06-21,2025-06-21,0.0
ORD-120670,2025-03-16,2025-03-17,1.0
ORD-120671,2025-07-03,2025-07-05,2.0
ORD-120672,2025-11-10,2025-11-10,0.0
ORD-120673,2025-01-12,2025-01-12,0.0
ORD-120674,2025-11-03,2025-11-05,2.0
ORD-120675,2025-04-30,,
ORD-120676,2025-01-31,2025-02-02,2.0
ORD-120677,2025-05-23,2025-05-23,0.0
ORD-120678,2025-10-18,2025-10-19,1.0
ORD-120679,2025-09-26,2025-09-26,0.0
ORD-120680,2025-01-03,2025-01-04,1.0
ORD-120681,2025-11-19,2025-11-19,0.0
ORD-120682,2025-12-15,2025-12-20,5.0
ORD-120683,2025-12-07,2025-12-07,0.0
ORD-120684,2025-10-20,2025-10-21,1.0
ORD-120685,2025-09-11,2025-09-12,1.0
ORD-120686,2024-11-18,2024-11-19,1.0
ORD-120687,2024-10-30,2024-10-30,0.0
ORD-120688,2025-05-21,2025-05-23,2.0
ORD-120689,2025-11-09,2025-11-09,0.0
ORD-120690,2025-11-15,2025-11-15,0.0
ORD-120691,2024-11-29,2024-11-29,0.0
ORD-120692,2025-04-13,2025-04-14,1.0
ORD-120693,2024-12-08,2024-12-09,1.0
ORD-120694,2025-07-17,2025-07-17,0.0
ORD-120695,2024-09-10,2024-09-10,0.0
ORD-120696,2024-12-11,2024-12-11,0.0
ORD-120697,2024-11-02,2024-11-02,0.0
ORD-120698,2025-10-24,2025-10-26,2.0
ORD-120699,2025-10-12,2025-10-13,1.0
ORD-120700,2025-11-03,2025-11-03,0.0
ORD-120701,2025-04-01,2025-04-01,0.0
ORD-120702,2025-05-11,2025-05-11,0.0
ORD-120703,2025-10-01,2025-10-02,1.0
ORD-120704,2025-12-20,2025-12-20,0.0
ORD-120705,2025-04-24,2025-04-25,1.0
ORD-120706,2025-08-09,,
ORD-120707,2024-10-29,2024-10-29,0.0
ORD-120708,2025-10-25,2025-10-25,0.0
ORD-120709,2025-12-14,,
ORD-120710,2025-04-15,2025-04-15,0.0
ORD-120711,2025-05-26,2025-05-26,0.0
ORD-120712,2025-10-08,2025-10-09,1.0
ORD-120713,2025-10-20,2025-10-23,3.0
ORD-120714,2024-07-11,,
ORD-120715,2025-12-10,2025-12-10,0.0
ORD-120716,2025-10-18,2025-10-18,0.0
ORD-120717,2025-08-14,2025-08-15,1.0
ORD-120718,2025-12-12,2025-12-12,0.0
ORD-120719,2024-05-28,2024-05-31,3.0
ORD-120720,2025-10-17,2025-10-17,0.0
ORD-120721,2024-07-31,2024-08-02,2.0
ORD-120722,2024-12-08,2024-12-09,1.0
ORD-120723,2025-10-08,2025-10-08,0.0
ORD-120724,2025-12-13,2025-12-16,3.0
ORD-120725,2024-12-18,2024-12-18,0.0
ORD-120726,2025-03-11,2025-03-11,0.0
ORD-120727,2025-11-13,2025-11-13,0.0
ORD-120728,2024-07-01,,
ORD-120729,2024-08-27,2024-08-27,0.0
ORD-120730,2025-10-06,2025-10-06,0.0
ORD-120731,2024-11-29,2024-11-30,1.0
ORD-120732,2025-07-20,,
ORD-120733,2025-04-10,2025-04-10,0.0
ORD-120734,2025-03-24,2025-03-24,0.0
ORD-120735,2025-01-29,2025-01-29,0.0
ORD-120736,2025-09-04,2025-09-04,0.0
ORD-120737,2025-01-23,2025-01-25,2.0
ORD-120738,2024-07-13,2024-07-15,2.0
ORD-120739,2025-06-24,2025-06-25,1.0
ORD-120740,2025-11-14,2025-11-14,0.0
ORD-120741,2025-03-14,,
ORD-120742,2024-09-28,2024-09-29,1.0
ORD-120743,2025-10-29,2025-10-29,0.0
ORD-120744,2025-09-05,2025-09-05,0.0
ORD-120745,2026-01-02,2026-01-03,1.0
ORD-120746,2025-07-07,2025-07-08,1.0
ORD-120747,2025-11-24,2025-11-24,0.0
ORD-120748,2025-11-30,2025-11-30,0.0
ORD-120749,2025-12-13,2025-12-13,0.0
ORD-120750,2025-10-21,2025-10-22,1.0
ORD-120751,2025-02-01,2025-02-01,0.0
ORD-120752,2025-10-06,2025-10-06,0.0
ORD-120753,2025-03-16,2025-03-19,3.0
ORD-120754,2025-02-15,2025-02-15,0.0
ORD-120755,2024-05-03,2024-05-04,1.0
ORD-120756,2025-12-17,2025-12-17,0.0
ORD-120757,2025-05-18,2025-05-18,0.0
ORD-120758,2024-07-12,,
ORD-120759,2025-06-24,2025-06-26,2.0
ORD-120760,2025-10-08,,
ORD-120761,2024-02-18,,
ORD-120762,2025-08-18,2025-08-19,1.0
ORD-120763,2024-09-28,2024-09-30,2.0
ORD-120764,2025-01-14,2025-01-15,1.0
ORD-120765,2024-11-16,2024-11-17,1.0
ORD-120766,2025-09-11,2025-09-11,0.0
ORD-120767,2024-11-11,2024-11-11,0.0
ORD-120768,2024-10-29,2024-10-29,0.0
ORD-120769,2025-08-06,2025-08-06,0.0
ORD-120770,2025-02-26,2025-02-26,0.0
ORD-120771,2025-04-19,2025-04-19,0.0
ORD-120772,2025-11-27,2025-11-27,0.0
ORD-120773,2024-12-11,2024-12-12,1.0
ORD-120774,2025-01-13,2025-01-14,1.0
ORD-120775,2025-07-25,2025-07-26,1.0
ORD-120776,2025-11-12,2025-11-12,0.0
ORD-120777,2024-07-27,2024-07-27,0.0
ORD-120778,2025-07-30,2025-08-01,2.0
ORD-120779,2025-07-08,2025-07-10,2.0
ORD-120780,2025-11-22,2025-11-22,0.0
ORD-120781,2025-04-11,2025-04-11,0.0
ORD-120782,2025-04-15,2025-04-15,0.0
ORD-120783,2025-04-09,2025-04-11,2.0
ORD-120784,2025-04-12,2025-04-12,0.0
ORD-120785,2025-04-12,2025-04-13,1.0
ORD-120786,2025-08-08,2025-08-08,0.0
ORD-120787,2024-08-18,2024-08-18,0.0
ORD-120788,2025-06-07,2025-06-07,0.0
ORD-120789,2025-08-01,2025-08-02,1.0
ORD-120790,2024-07-07,2024-07-09,2.0
ORD-120791,2025-10-13,2025-10-13,0.0
ORD-120792,2025-02-06,2025-02-06,0.0
ORD-120793,2025-01-15,2025-01-15,0.0
ORD-120794,2025-04-23,2025-04-23,0.0
ORD-120795,2025-05-24,2025-05-26,2.0
ORD-120796,2025-07-14,2025-07-15,1.0
ORD-120797,2025-09-04,2025-09-06,2.0
ORD-120798,2025-11-18,2025-11-19,1.0
ORD-120799,2024-08-27,2024-09-01,5.0
ORD-120800,2025-11-16,,
ORD-120801,2025-08-06,2025-08-09,3.0
ORD-120802,2024-09-16,2024-09-16,0.0
ORD-120803,2024-08-15,2024-08-15,0.0
ORD-120804,2024-11-05,2024-11-05,0.0
ORD-120805,2025-01-02,2025-01-03,1.0
ORD-120806,2025-06-01,2025-06-01,0.0
ORD-120807,2024-09-14,2024-09-14,0.0
ORD-120808,2025-02-11,2025-02-11,0.0
ORD-120809,2025-09-12,2025-09-13,1.0
ORD-120810,2025-12-01,2025-12-01,0.0
ORD-120811,2025-03-04,2025-03-04,0.0
ORD-120812,2025-11-06,2025-11-06,0.0
ORD-120813,2024-07-30,2024-07-30,0.0
ORD-120814,2025-09-12,2025-09-13,1.0
ORD-120815,2024-08-29,2024-08-31,2.0
ORD-120816,2024-10-27,,
ORD-120817,2025-02-10,2025-02-10,0.0
ORD-120818,2024-08-04,2024-08-04,0.0
ORD-120819,2025-07-23,2025-07-24,1.0
ORD-120820,2025-05-07,2025-05-07,0.0
ORD-120821,2024-12-12,,
ORD-120822,2025-06-02,2025-06-02,0.0
ORD-120823,2025-11-13,2025-11-13,0.0
ORD-120824,2025-08-23,2025-08-23,0.0
ORD-120825,2025-11-07,2025-11-07,0.0
ORD-120826,2025-08-07,2025-08-09,2.0
ORD-120827,2025-10-31,2025-10-31,0.0
ORD-120828,2025-01-30,2025-01-30,0.0
ORD-120829,2025-10-23,2025-10-24,1.0
ORD-120830,2025-08-06,2025-08-06,0.0
ORD-120831,2024-06-20,2024-06-20,0.0
ORD-120832,2025-10-19,2025-10-20,1.0
ORD-120833,2025-08-25,2025-08-25,0.0
ORD-120834,2024-11-11,2024-11-11,0.0
ORD-120835,2025-03-16,2025-03-21,5.0
ORD-120836,2025-08-16,2025-08-16,0.0
ORD-120837,2025-02-06,2025-02-08,2.0
ORD-120838,2025-11-15,2025-11-15,0.0
ORD-120839,2025-02-14,2025-02-15,1.0
ORD-120840,2025-05-25,2025-05-26,1.0
ORD-120841,2024-12-20,2024-12-21,1.0
ORD-120842,2025-09-14,2025-09-14,0.0
ORD-120843,2025-08-25,2025-08-26,1.0
ORD-120844,2025-09-13,2025-09-16,3.0
ORD-120845,2025-11-20,,
ORD-120846,2024-10-30,2024-10-30,0.0
ORD-120847,2024-12-25,2024-12-25,0.0
ORD-120848,2025-02-12,2025-02-12,0.0
ORD-120849,2025-11-16,2025-11-17,1.0
ORD-120850,2025-01-25,2025-01-28,3.0
ORD-120851,2024-10-19,2024-10-19,0.0
ORD-120852,2025-08-09,2025-08-09,0.0
ORD-120853,2025-05-04,2025-05-04,0.0
ORD-120854,2025-07-09,2025-07-09,0.0
ORD-120855,2024-11-08,2024-11-09,1.0
ORD-120856,2024-08-27,,
ORD-120857,2025-05-06,,
ORD-120858,2025-04-20,2025-04-22,2.0
ORD-120859,2025-09-08,2025-09-08,0.0
ORD-120860,2025-02-03,2025-02-05,2.0
ORD-120861,2025-09-11,2025-09-11,0.0
ORD-120862,2025-07-26,2025-07-26,0.0
ORD-120863,2024-10-01,2024-10-01,0.0
ORD-120864,2024-12-27,2024-12-29,2.0
ORD-120865,2025-11-10,2025-11-10,0.0
ORD-120866,2025-09-10,2025-09-10,0.0
ORD-120867,2025-06-11,,
ORD-120868,2025-04-21,2025-04-23,2.0
ORD-120869,2025-11-07,2025-11-07,0.0
ORD-120870,2024-12-18,2024-12-18,0.0
ORD-120871,2025-03-05,2025-03-06,1.0
ORD-120872,2025-10-25,2025-10-26,1.0
ORD-120873,2025-10-04,2025-10-04,0.0
ORD-120874,2024-12-28,2024-12-28,0.0
ORD-120875,2024-09-23,2024-09-23,0.0
ORD-120876,2025-01-20,2025-01-20,0.0
ORD-120877,2024-08-20,2024-08-20,0.0
ORD-120878,2025-06-07,2025-06-09,2.0
ORD-120879,2025-05-02,,
ORD-120880,2025-03-19,2025-03-19,0.0
ORD-120881,2025-10-22,2025-10-22,0.0
ORD-120882,2024-10-24,2024-10-24,0.0
ORD-120883,2024-12-31,2024-12-31,0.0
ORD-120884,2025-02-11,2025-02-12,1.0
ORD-120885,2025-03-12,2025-03-12,0.0
ORD-120886,2025-09-14,2025-09-14,0.0
ORD-120887,2025-05-21,2025-05-21,0.0
ORD-120888,2025-08-10,2025-08-10,0.0
ORD-120889,2025-10-29,2025-10-29,0.0
ORD-120890,2026-01-02,2026-01-03,1.0
ORD-120891,2024-07-08,2024-07-08,0.0
ORD-120892,2025-03-01,2025-03-01,0.0
ORD-120893,2025-11-11,2025-11-11,0.0
ORD-120894,2024-06-12,2024-06-12,0.0
ORD-120895,2025-08-22,2025-08-22,0.0
ORD-120896,2024-12-10,,
ORD-120897,2025-08-11,2025-08-11,0.0
ORD-120898,2025-03-15,2025-03-15,0.0
ORD-120899,2024-12-18,2024-12-23,5.0
ORD-120900,2024-08-19,2024-08-19,0.0
ORD-120901,2025-02-04,2025-02-04,0.0
ORD-120902,2024-10-17,2024-10-17,0.0
ORD-120903,2024-06-01,,
ORD-120904,2024-11-07,2024-11-08,1.0
ORD-120905,2026-01-03,2026-01-04,1.0
ORD-120906,2024-10-21,2024-10-21,0.0
ORD-120907,2025-09-26,,
ORD-120908,2024-10-23,2024-10-23,0.0
ORD-120909,2025-04-15,2025-04-16,1.0
ORD-120910,2025-10-23,2025-10-25,2.0
ORD-120911,2025-10-20,2025-10-21,1.0
ORD-120912,2025-01-27,2025-01-27,0.0
ORD-120913,2025-11-14,2025-11-14,0.0
ORD-120914,2025-10-29,2025-10-29,0.0
ORD-120915,2025-07-20,2025-07-20,0.0
ORD-120916,2025-03-23,2025-03-23,0.0
ORD-120917,2025-09-22,,
ORD-120918,2025-03-30,2025-03-30,0.0
ORD-120919,2025-08-31,2025-09-02,2.0
ORD-120920,2025-06-13,2025-06-13,0.0
ORD-120921,2024-08-25,2024-08-25,0.0
ORD-120922,2025-08-09,2025-08-11,2.0
ORD-120923,2025-07-21,2025-07-21,0.0
ORD-120924,2025-01-15,2025-01-15,0.0
ORD-120925,2024-10-29,2024-10-29,0.0
ORD-120926,2025-02-07,2025-02-07,0.0
ORD-120927,2025-01-28,2025-01-28,0.0
ORD-120928,2025-10-31,2025-10-31,0.0
ORD-120929,2025-05-15,2025-05-16,1.0
ORD-120930,2025-06-23,2025-06-23,0.0
ORD-120931,2025-10-31,2025-10-31,0.0
ORD-120932,2024-09-27,2024-09-27,0.0
ORD-120933,2025-06-03,2025-06-04,1.0
ORD-120934,2025-11-06,2025-11-06,0.0
ORD-120935,2025-05-10,2025-05-11,1.0
ORD-120936,2024-12-11,2024-12-11,0.0
ORD-120937,2025-08-13,,
ORD-120938,2025-10-23,2025-10-23,0.0
ORD-120939,2025-01-16,2025-01-17,1.0
ORD-120940,2025-04-16,2025-04-17,1.0
ORD-120941,2025-10-15,,
ORD-120942,2025-10-25,2025-10-25,0.0
ORD-120943,2025-11-13,2025-11-13,0.0
ORD-120944,2025-11-13,2025-11-13,0.0
ORD-120945,2025-10-13,2025-10-14,1.0
ORD-120946,2025-01-11,2025-01-11,0.0
ORD-120947,2025-08-13,,
ORD-120948,2025-11-12,2025-11-12,0.0
ORD-120949,2024-08-19,2024-08-21,2.0
ORD-120950,2025-09-08,2025-09-08,0.0
ORD-120951,2025-05-03,,
ORD-120952,2025-07-26,2025-07-26,0.0
ORD-120953,2024-10-28,2024-10-28,0.0
ORD-120954,2025-08-11,2025-08-11,0.0
ORD-120955,2025-01-18,,
ORD-120956,2025-06-06,2025-06-06,0.0
ORD-120957,2025-09-06,2025-09-07,1.0
ORD-120958,2025-09-03,2025-09-05,2.0
ORD-120959,2025-02-03,2025-02-04,1.0
ORD-120960,2024-11-08,2024-11-08,0.0
ORD-120961,2024-08-08,2024-08-09,1.0
ORD-120962,2024-05-09,2024-05-11,2.0
ORD-120963,2025-08-02,2025-08-02,0.0
ORD-120964,2024-11-10,2024-11-10,0.0
ORD-120965,2025-01-04,2025-01-04,0.0
ORD-120966,2025-02-13,2025-02-16,3.0
ORD-120967,2025-08-27,2025-09-01,5.0
ORD-120968,2024-12-17,2024-12-17,0.0
ORD-120969,2025-09-16,2025-09-16,0.0
ORD-120970,2025-12-23,,
ORD-120971,2024-12-24,,
ORD-120972,2025-05-27,2025-05-28,1.0
ORD-120973,2025-10-26,2025-10-26,0.0
ORD-120974,2025-05-18,2025-05-18,0.0
ORD-120975,2025-06-15,2025-06-17,2.0
ORD-120976,2025-05-21,2025-05-21,0.0
ORD-120977,2025-06-02,2025-06-03,1.0
ORD-120978,2025-05-02,,
ORD-120979,2025-07-20,2025-07-20,0.0
ORD-120980,2025-10-09,2025-10-10,1.0
ORD-120981,2025-06-11,2025-06-11,0.0
ORD-120982,2025-05-17,2025-05-17,0.0
ORD-120983,2025-10-22,2025-10-22,0.0
ORD-120984,2025-11-29,2025-11-29,0.0
ORD-120985,2025-11-03,2025-11-04,1.0
ORD-120986,2025-08-17,2025-08-17,0.0
ORD-120987,2025-09-09,2025-09-09,0.0
ORD-120988,2024-07-06,2024-07-08,2.0
ORD-120989,2025-11-01,,
ORD-120990,2025-10-05,2025-10-06,1.0
ORD-120991,2025-06-24,2025-06-24,0.0
ORD-120992,2025-10-26,2025-10-26,0.0
ORD-120993,2025-09-02,2025-09-02,0.0
ORD-120994,2025-12-26,2025-12-26,0.0
ORD-120995,2025-10-19,2025-10-19,0.0
ORD-120996,2025-08-13,2025-08-13,0.0
ORD-120997,2025-06-17,2025-06-18,1.0
ORD-120998,2024-10-31,2024-10-31,0.0
ORD-120999,2025-09-20,2025-09-20,0.0
ORD-121000,2025-04-20,2025-04-20,0.0
ORD-121001,2024-10-28,2024-10-29,1.0
ORD-121002,2025-11-11,2025-11-11,0.0
ORD-121003,2024-02-23,2024-02-24,1.0
ORD-121004,2024-11-23,2024-11-25,2.0
ORD-121005,2025-11-13,2025-11-13,0.0
ORD-121006,2024-12-04,2024-12-04,0.0
ORD-121007,2024-02-01,2024-02-04,3.0
ORD-121008,2024-11-15,2024-11-15,0.0
ORD-121009,2025-01-16,2025-01-16,0.0
ORD-121010,2025-04-20,2025-04-20,0.0
ORD-121011,2025-09-02,2025-09-03,1.0
ORD-121012,2024-12-10,2024-12-10,0.0
ORD-121013,2025-10-19,2025-10-19,0.0
ORD-121014,2025-03-29,2025-03-29,0.0
ORD-121015,2025-05-26,2025-05-26,0.0
ORD-121016,2025-08-05,2025-08-05,0.0
ORD-121017,2025-10-22,,
ORD-121018,2025-10-10,,
ORD-121019,2025-03-13,2025-03-13,0.0
ORD-121020,2025-04-07,2025-04-07,0.0
ORD-121021,2025-04-30,2025-05-03,3.0
ORD-121022,2025-10-08,,
ORD-121023,2024-10-29,2024-10-29,0.0
ORD-121024,2025-11-07,2025-11-07,0.0
ORD-121025,2025-11-02,2025-11-02,0.0
ORD-121026,2024-09-28,2024-09-28,0.0
ORD-121027,2025-09-01,2025-09-02,1.0
ORD-121028,2025-03-11,2025-03-13,2.0
ORD-121029,2025-10-26,2025-10-27,1.0
ORD-121030,2025-01-28,2025-01-29,1.0
ORD-121031,2025-08-26,2025-08-27,1.0
ORD-121032,2024-07-02,,
ORD-121033,2024-11-08,2024-11-09,1.0
ORD-121034,2025-04-22,2025-04-22,0.0
ORD-121035,2024-12-26,2024-12-26,0.0
ORD-121036,2025-10-26,2025-10-26,0.0
ORD-121037,2025-08-05,2025-08-05,0.0
ORD-121038,2025-01-02,2025-01-02,0.0
ORD-121039,2024-12-25,2024-12-25,0.0
ORD-121040,2025-10-18,,
ORD-121041,2025-11-16,2025-11-16,0.0
ORD-121042,2025-06-08,2025-06-08,0.0
ORD-121043,2024-09-11,2024-09-12,1.0
ORD-121044,2025-01-27,2025-01-27,0.0
ORD-121045,2025-11-05,2025-11-05,0.0
ORD-121046,2024-08-03,2024-08-05,2.0
ORD-121047,2024-11-17,2024-11-18,1.0
ORD-121048,2025-02-22,2025-02-23,1.0
ORD-121049,2025-06-14,2025-06-15,1.0
ORD-121050,2025-11-18,2025-11-18,0.0
ORD-121051,2024-07-26,,
ORD-121052,2024-04-22,2024-04-23,1.0
ORD-121053,2024-11-08,2024-11-10,2.0
ORD-121054,2024-09-24,2024-09-24,0.0
ORD-121055,2025-11-23,2025-11-23,0.0
ORD-121056,2025-09-13,,
ORD-121057,2024-11-02,,
ORD-121058,2025-12-19,2025-12-19,0.0
ORD-121059,2025-09-19,2025-09-19,0.0
ORD-121060,2025-01-18,2025-01-18,0.0
ORD-121061,2025-10-16,2025-10-17,1.0
ORD-121062,2024-12-23,2024-12-23,0.0
ORD-121063,2024-10-26,2024-10-27,1.0
ORD-121064,2025-10-17,2025-10-18,1.0
ORD-121065,2025-10-06,,
ORD-121066,2024-06-21,2024-06-21,0.0
ORD-121067,2025-10-05,2025-10-06,1.0
ORD-121068,2025-06-09,2025-06-11,2.0
ORD-121069,2024-06-25,,
ORD-121070,2025-10-18,2025-10-18,0.0
ORD-121071,2025-07-19,2025-07-19,0.0
ORD-121072,2025-08-23,2025-08-23,0.0
ORD-121073,2025-02-25,2025-02-25,0.0
ORD-121074,2024-12-04,2024-12-04,0.0
ORD-121075,2025-08-08,2025-08-08,0.0
ORD-121076,2025-02-18,2025-02-18,0.0
ORD-121077,2025-06-02,2025-06-03,1.0
ORD-121078,2025-09-15,2025-09-16,1.0
ORD-121079,2025-11-23,,
ORD-121080,2025-05-07,2025-05-08,1.0
ORD-121081,2025-09-11,,
ORD-121082,2025-10-05,2025-10-05,0.0
ORD-121083,2025-11-01,2025-11-01,0.0
ORD-121084,2024-11-09,,
ORD-121085,2025-10-13,2025-10-18,5.0
ORD-121086,2025-02-08,2025-02-08,0.0
ORD-121087,2025-10-29,2025-10-30,1.0
ORD-121088,2025-09-18,2025-09-20,2.0
ORD-121089,2025-11-02,2025-11-02,0.0
ORD-121090,2025-11-23,2025-11-23,0.0
ORD-121091,2025-08-13,2025-08-13,0.0
ORD-121092,2024-04-17,2024-04-19,2.0
ORD-121093,2024-11-01,2024-11-01,0.0
ORD-121094,2025-10-24,2025-10-24,0.0
ORD-121095,2025-11-23,2025-11-23,0.0
ORD-121096,2025-05-07,2025-05-07,0.0
ORD-121097,2025-01-03,,
ORD-121098,2025-01-05,2025-01-05,0.0
ORD-121099,2025-06-06,2025-06-06,0.0
ORD-121100,2025-11-05,2025-11-05,0.0
ORD-121101,2025-11-19,2025-11-19,0.0
ORD-121102,2025-05-23,2025-05-26,3.0
ORD-121103,2025-03-13,2025-03-13,0.0
ORD-121104,2025-01-26,2025-01-26,0.0
ORD-121105,2025-09-19,2025-09-19,0.0
ORD-121106,2025-03-07,2025-03-07,0.0
ORD-121107,2025-09-19,2025-09-20,1.0
ORD-121108,2025-10-06,2025-10-11,5.0
ORD-121109,2024-12-24,2024-12-24,0.0
ORD-121110,2025-05-13,2025-05-13,0.0
ORD-121111,2024-11-03,2024-11-04,1.0
ORD-121112,2024-06-22,2024-06-22,0.0
ORD-121113,2024-12-24,2024-12-24,0.0
ORD-121114,2025-03-02,2025-03-02,0.0
ORD-121115,2024-09-17,2024-09-18,1.0
ORD-121116,2025-11-18,2025-11-19,1.0
ORD-121117,2025-02-16,2025-02-17,1.0
ORD-121118,2024-10-28,2024-10-28,0.0
ORD-121119,2025-07-28,2025-07-29,1.0
ORD-121120,2025-06-06,2025-06-06,0.0
ORD-121121,2024-07-23,2024-07-23,0.0
ORD-121122,2025-03-01,2025-03-02,1.0
ORD-121123,2025-06-09,2025-06-09,0.0
ORD-121124,2025-09-11,2025-09-11,0.0
ORD-121125,2025-04-30,2025-05-01,1.0
ORD-121126,2025-08-21,2025-08-21,0.0
ORD-121127,2024-09-29,2024-10-01,2.0
ORD-121128,2025-02-14,2025-02-14,0.0
ORD-121129,2025-11-10,2025-11-11,1.0
ORD-121130,2025-06-24,,
ORD-121131,2025-02-16,2025-02-16,0.0
ORD-121132,2025-10-27,2025-10-29,2.0
ORD-121133,2025-02-09,2025-02-09,0.0
ORD-121134,2024-12-24,2024-12-26,2.0
ORD-121135,2025-08-12,2025-08-14,2.0
ORD-121136,2024-04-08,2024-04-08,0.0
ORD-121137,2025-11-28,2025-11-30,2.0
ORD-121138,2025-05-11,2025-05-14,3.0
ORD-121139,2025-12-08,,
ORD-121140,2025-10-25,2025-10-25,0.0
ORD-121141,2025-05-22,2025-05-22,0.0
ORD-121142,2025-09-04,2025-09-04,0.0
ORD-121143,2025-12-22,2025-12-22,0.0
ORD-121144,2024-06-07,,
ORD-121145,2025-11-07,2025-11-08,1.0
ORD-121146,2024-11-20,,
ORD-121147,2025-01-24,2025-01-24,0.0
ORD-121148,2025-06-27,,
ORD-121149,2025-06-04,2025-06-04,0.0
ORD-121150,2025-11-10,2025-11-10,0.0
ORD-121151,2025-10-15,2025-10-15,0.0
ORD-121152,2025-04-24,2025-04-24,0.0
ORD-121153,2025-11-02,2025-11-02,0.0
ORD-121154,2026-01-04,2026-01-09,5.0
ORD-121155,2025-12-08,2025-12-08,0.0
ORD-121156,2025-10-08,2025-10-09,1.0
ORD-121157,2025-11-13,,
ORD-121158,2025-11-11,2025-11-13,2.0
ORD-121159,2025-06-02,2025-06-02,0.0
ORD-121160,2024-07-14,2024-07-15,1.0
ORD-121161,2024-06-28,2024-06-28,0.0
ORD-121162,2025-07-22,2025-07-22,0.0
ORD-121163,2025-10-09,2025-10-09,0.0
ORD-121164,2025-11-19,2025-11-24,5.0
ORD-121165,2025-11-01,2025-11-01,0.0
ORD-121166,2025-06-27,2025-06-28,1.0
ORD-121167,2025-05-05,2025-05-07,2.0
ORD-121168,2025-10-25,2025-10-25,0.0
ORD-121169,2025-11-16,2025-11-16,0.0
ORD-121170,2024-11-18,2024-11-18,0.0
ORD-121171,2025-12-31,2025-12-31,0.0
ORD-121172,2025-05-13,2025-05-15,2.0
ORD-121173,2024-07-09,2024-07-09,0.0
ORD-121174,2025-08-19,2025-08-19,0.0
ORD-121175,2024-11-12,2024-11-17,5.0
ORD-121176,2025-12-13,2025-12-14,1.0
ORD-121177,2025-11-17,2025-11-22,5.0
ORD-121178,2025-05-24,,
ORD-121179,2025-05-08,,
ORD-121180,2024-10-01,2024-10-02,1.0
ORD-121181,2025-04-17,2025-04-19,2.0
ORD-121182,2025-10-26,2025-10-26,0.0
ORD-121183,2025-06-21,2025-06-22,1.0
ORD-121184,2025-08-29,2025-08-29,0.0
ORD-121185,2025-12-20,2025-12-21,1.0
ORD-121186,2025-07-26,2025-07-26,0.0
ORD-121187,2025-10-23,2025-10-23,0.0
ORD-121188,2025-11-02,2025-11-03,1.0
ORD-121189,2025-10-03,,
ORD-121190,2024-03-30,2024-03-30,0.0
ORD-121191,2025-09-09,2025-09-09,0.0
ORD-121192,2025-02-10,,
ORD-121193,2025-02-14,2025-02-14,0.0
ORD-121194,2024-11-02,2024-11-02,0.0
ORD-121195,2025-11-06,2025-11-06,0.0
ORD-121196,2025-06-11,2025-06-11,0.0
ORD-121197,2025-12-17,2025-12-17,0.0
ORD-121198,2025-10-11,2025-10-11,0.0
ORD-121199,2025-11-18,2025-11-20,2.0
ORD-121200,2024-10-16,2024-10-16,0.0
ORD-121201,2025-07-06,2025-07-06,0.0
ORD-121202,2025-03-13,2025-03-13,0.0
ORD-121203,2025-04-29,2025-04-29,0.0
ORD-121204,2025-02-19,2025-02-19,0.0
ORD-121205,2025-02-05,,
ORD-121206,2025-09-08,2025-09-09,1.0
ORD-121207,2025-12-21,2025-12-21,0.0
ORD-121208,2024-04-22,2024-04-24,2.0
ORD-121209,2025-11-17,2025-11-17,0.0
ORD-121210,2025-11-03,2025-11-03,0.0
ORD-121211,2024-06-29,2024-06-29,0.0
ORD-121212,2025-09-24,2025-09-24,0.0
ORD-121213,2025-07-07,,
ORD-121214,2024-04-02,2024-04-03,1.0
ORD-121215,2025-05-01,2025-05-03,2.0
ORD-121216,2025-08-06,2025-08-06,0.0
ORD-121217,2025-04-16,2025-04-16,0.0
ORD-121218,2024-02-25,2024-02-25,0.0
ORD-121219,2025-02-09,2025-02-09,0.0
ORD-121220,2024-10-13,2024-10-13,0.0
ORD-121221,2024-09-10,2024-09-11,1.0
ORD-121222,2025-07-02,2025-07-02,0.0
ORD-121223,2025-04-04,2025-04-04,0.0
ORD-121224,2025-11-17,2025-11-17,0.0
ORD-121225,2025-03-14,2025-03-15,1.0
ORD-121226,2024-12-11,2024-12-11,0.0
ORD-121227,2025-05-15,2025-05-15,0.0
ORD-121228,2025-12-08,,
ORD-121229,2025-02-09,2025-02-10,1.0
ORD-121230,2024-09-12,2024-09-12,0.0
ORD-121231,2025-11-08,2025-11-10,2.0
ORD-121232,2025-04-06,2025-04-06,0.0
ORD-121233,2024-08-29,,
ORD-121234,2025-11-18,2025-11-18,0.0
ORD-121235,2025-03-15,,
ORD-121236,2025-11-04,2025-11-05,1.0
ORD-121237,2025-04-10,2025-04-10,0.0
ORD-121238,2025-01-05,2025-01-06,1.0
ORD-121239,2025-10-16,2025-10-17,1.0
ORD-121240,2025-10-14,2025-10-14,0.0
ORD-121241,2024-09-09,2024-09-10,1.0
ORD-121242,2025-03-06,2025-03-06,0.0
ORD-121243,2025-07-04,2025-07-04,0.0
ORD-121244,2024-11-13,2024-11-13,0.0
ORD-121245,2025-03-05,2025-03-05,0.0
ORD-121246,2024-12-11,2024-12-11,0.0
ORD-121247,2025-09-12,2025-09-14,2.0
ORD-121248,2024-12-03,,
ORD-121249,2025-06-02,2025-06-03,1.0
ORD-121250,2025-11-13,2025-11-13,0.0
ORD-121251,2025-07-15,2025-07-15,0.0
ORD-121252,2025-10-06,2025-10-06,0.0
ORD-121253,2025-03-30,2025-03-30,0.0
ORD-121254,2025-01-21,2025-01-21,0.0
ORD-121255,2025-11-17,,
ORD-121256,2025-10-31,2025-11-03,3.0
ORD-121257,2025-08-30,2025-08-30,0.0
ORD-121258,2025-09-09,2025-09-12,3.0
ORD-121259,2025-11-17,2025-11-17,0.0
ORD-121260,2025-08-05,,
ORD-121261,2025-11-04,,
ORD-121262,2025-01-24,2025-01-24,0.0
ORD-121263,2025-03-15,2025-03-17,2.0
ORD-121264,2025-05-07,2025-05-07,0.0
ORD-121265,2025-09-05,2025-09-07,2.0
ORD-121266,2025-01-06,2025-01-08,2.0
ORD-121267,2024-10-06,2024-10-06,0.0
ORD-121268,2025-04-04,2025-04-05,1.0
ORD-121269,2024-07-09,2024-07-09,0.0
ORD-121270,2025-01-06,2025-01-07,1.0
ORD-121271,2025-09-27,2025-09-27,0.0
ORD-121272,2025-11-24,2025-11-25,1.0
ORD-121273,2024-11-15,2024-11-15,0.0
ORD-121274,2025-06-08,2025-06-09,1.0
ORD-121275,2025-10-11,2025-10-11,0.0
ORD-121276,2025-07-06,2025-07-08,2.0
ORD-121277,2024-10-26,2024-10-26,0.0
ORD-121278,2025-12-08,2025-12-09,1.0
ORD-121279,2025-11-26,2025-11-26,0.0
ORD-121280,2024-11-05,,
ORD-121281,2025-07-07,,
ORD-121282,2025-05-24,2025-05-24,0.0
ORD-121283,2025-01-30,2025-02-02,3.0
ORD-121284,2025-12-15,2025-12-15,0.0
ORD-121285,2024-08-13,2024-08-13,0.0
ORD-121286,2025-05-18,2025-05-18,0.0
ORD-121287,2024-11-12,2024-11-12,0.0
ORD-121288,2025-10-30,2025-11-01,2.0
ORD-121289,2024-12-11,,
ORD-121290,2025-10-13,2025-10-14,1.0
ORD-121291,2025-10-23,2025-10-25,2.0
ORD-121292,2025-08-14,2025-08-14,0.0
ORD-121293,2025-12-01,2025-12-03,2.0
ORD-121294,2025-01-03,2025-01-03,0.0
ORD-121295,2025-01-09,2025-01-10,1.0
ORD-121296,2025-06-23,2025-06-23,0.0
ORD-121297,2025-08-03,2025-08-04,1.0
ORD-121298,2025-10-27,2025-10-27,0.0
ORD-121299,2024-09-09,2024-09-09,0.0
ORD-121300,2024-06-07,2024-06-08,1.0
ORD-121301,2025-11-14,2025-11-14,0.0
ORD-121302,2025-09-10,2025-09-13,3.0
ORD-121303,2025-08-04,2025-08-04,0.0
ORD-121304,2024-11-08,2024-11-09,1.0
ORD-121305,2024-11-11,2024-11-11,0.0
ORD-121306,2025-02-23,2025-02-23,0.0
ORD-121307,2025-05-17,2025-05-17,0.0
ORD-121308,2024-12-27,2024-12-29,2.0
ORD-121309,2024-11-19,2024-11-19,0.0
ORD-121310,2025-11-06,,
ORD-121311,2025-10-08,2025-10-08,0.0
ORD-121312,2025-12-01,2025-12-02,1.0
ORD-121313,2025-06-22,,
ORD-121314,2025-04-11,2025-04-16,5.0
ORD-121315,2025-06-19,2025-06-19,0.0
ORD-121316,2024-11-08,2024-11-08,0.0
ORD-121317,2025-09-06,2025-09-06,0.0
ORD-121318,2024-07-21,2024-07-22,1.0
ORD-121319,2025-06-27,2025-06-29,2.0
ORD-121320,2025-11-29,2025-11-29,0.0
ORD-121321,2025-12-01,2025-12-04,3.0
ORD-121322,2025-01-22,,
ORD-121323,2025-09-25,2025-09-27,2.0
ORD-121324,2024-10-27,2024-10-27,0.0
ORD-121325,2025-02-26,2025-02-26,0.0
ORD-121326,2025-09-29,2025-09-29,0.0
ORD-121327,2024-11-25,2024-11-26,1.0
ORD-121328,2025-11-14,2025-11-14,0.0
ORD-121329,2025-12-05,2025-12-05,0.0
ORD-121330,2024-09-18,2024-09-18,0.0
ORD-121331,2025-08-29,2025-08-29,0.0
ORD-121332,2025-08-13,2025-08-13,0.0
ORD-121333,2025-11-01,2025-11-01,0.0
ORD-121334,2024-05-05,2024-05-06,1.0
ORD-121335,2024-10-22,2024-10-23,1.0
ORD-121336,2025-05-19,2025-05-19,0.0
ORD-121337,2025-02-01,2025-02-01,0.0
ORD-121338,2025-07-21,2025-07-21,0.0
ORD-121339,2025-11-07,2025-11-07,0.0
ORD-121340,2025-10-20,2025-10-21,1.0
ORD-121341,2025-09-30,2025-10-01,1.0
ORD-121342,2024-08-22,2024-08-24,2.0
ORD-121343,2024-11-22,,
ORD-121344,2025-09-09,2025-09-09,0.0
ORD-121345,2025-05-10,2025-05-10,0.0
ORD-121346,2025-09-16,2025-09-16,0.0
ORD-121347,2025-11-14,2025-11-16,2.0
ORD-121348,2025-04-08,2025-04-08,0.0
ORD-121349,2025-11-10,2025-11-10,0.0
ORD-121350,2025-03-13,2025-03-13,0.0
ORD-121351,2025-03-22,2025-03-22,0.0
ORD-121352,2025-10-03,2025-10-03,0.0
ORD-121353,2024-03-05,2024-03-05,0.0
ORD-121354,2024-07-04,2024-07-04,0.0
ORD-121355,2025-03-17,2025-03-22,5.0
ORD-121356,2025-04-03,2025-04-03,0.0
ORD-121357,2024-12-06,2024-12-06,0.0
ORD-121358,2025-08-31,2025-08-31,0.0
ORD-121359,2024-10-21,2024-10-21,0.0
ORD-121360,2024-07-01,2024-07-01,0.0
ORD-121361,2025-11-08,2025-11-09,1.0
ORD-121362,2025-12-06,2025-12-06,0.0
ORD-121363,2025-08-30,,
ORD-121364,2024-10-05,2024-10-05,0.0
ORD-121365,2025-02-06,2025-02-09,3.0
ORD-121366,2025-12-02,2025-12-03,1.0
ORD-121367,2024-07-20,2024-07-20,0.0
ORD-121368,2025-09-15,2025-09-20,5.0
ORD-121369,2025-04-01,2025-04-03,2.0
ORD-121370,2024-11-11,2024-11-11,0.0
ORD-121371,2024-11-28,2024-11-28,0.0
ORD-121372,2025-09-29,2025-09-29,0.0
ORD-121373,2024-09-11,2024-09-12,1.0
ORD-121374,2024-12-11,2024-12-11,0.0
ORD-121375,2025-12-05,2025-12-05,0.0
ORD-121376,2025-08-29,2025-08-30,1.0
ORD-121377,2024-12-09,2024-12-09,0.0
ORD-121378,2025-04-11,2025-04-13,2.0
ORD-121379,2025-11-23,,
ORD-121380,2025-03-03,2025-03-03,0.0
ORD-121381,2024-07-13,2024-07-13,0.0
ORD-121382,2025-08-25,2025-08-25,0.0
ORD-121383,2025-05-15,,
ORD-121384,2025-04-11,2025-04-11,0.0
ORD-121385,2025-11-02,2025-11-02,0.0
ORD-121386,2025-12-21,2025-12-23,2.0
ORD-121387,2025-07-20,,
ORD-121388,2025-12-20,2025-12-20,0.0
ORD-121389,2025-01-26,2025-01-27,1.0
ORD-121390,2025-09-30,2025-10-02,2.0
ORD-121391,2025-07-06,2025-07-06,0.0
ORD-121392,2025-09-11,2025-09-11,0.0
ORD-121393,2025-12-11,2025-12-11,0.0
ORD-121394,2025-12-12,2025-12-13,1.0
ORD-121395,2025-09-18,2025-09-19,1.0
ORD-121396,2026-01-02,2026-01-02,0.0
ORD-121397,2025-11-27,2025-11-30,3.0
ORD-121398,2025-02-05,2025-02-06,1.0
ORD-121399,2025-07-31,2025-07-31,0.0
ORD-121400,2025-04-20,2025-04-20,0.0
ORD-121401,2025-05-09,2025-05-10,1.0
ORD-121402,2025-11-17,2025-11-19,2.0
ORD-121403,2024-06-11,2024-06-12,1.0
ORD-121404,2025-08-25,2025-08-25,0.0
ORD-121405,2025-02-27,2025-02-28,1.0
ORD-121406,2025-07-14,2025-07-15,1.0
ORD-121407,2025-09-26,2025-09-29,3.0
ORD-121408,2025-11-02,2025-11-02,0.0
ORD-121409,2025-09-14,2025-09-14,0.0
ORD-121410,2025-12-13,2025-12-13,0.0
ORD-121411,2025-05-01,,
ORD-121412,2024-11-21,2024-11-22,1.0
ORD-121413,2024-12-26,2024-12-28,2.0
ORD-121414,2024-08-26,2024-08-26,0.0
ORD-121415,2024-08-16,2024-08-18,2.0
ORD-121416,2025-06-25,2025-06-26,1.0
ORD-121417,2025-05-23,2025-05-23,0.0
ORD-121418,2025-05-23,2025-05-23,0.0
ORD-121419,2024-09-22,2024-09-24,2.0
ORD-121420,2025-10-22,2025-10-23,1.0
ORD-121421,2025-11-07,2025-11-07,0.0
ORD-121422,2024-06-04,2024-06-04,0.0
ORD-121423,2025-08-01,2025-08-02,1.0
ORD-121424,2025-07-07,2025-07-09,2.0
ORD-121425,2025-12-23,,
ORD-121426,2025-06-08,2025-06-10,2.0
ORD-121427,2025-07-30,2025-07-30,0.0
ORD-121428,2025-09-02,2025-09-02,0.0
ORD-121429,2024-10-22,,
ORD-121430,2025-07-27,2025-07-27,0.0
ORD-121431,2024-10-22,2024-10-22,0.0
ORD-121432,2024-08-27,,
ORD-121433,2025-03-12,,
ORD-121434,2024-11-03,2024-11-04,1.0
ORD-121435,2025-10-27,2025-10-28,1.0
ORD-121436,2025-11-12,2025-11-14,2.0
ORD-121437,2025-12-31,2025-12-31,0.0
ORD-121438,2025-06-19,2025-06-19,0.0
ORD-121439,2025-03-08,2025-03-08,0.0
ORD-121440,2025-08-13,2025-08-13,0.0
ORD-121441,2024-02-28,2024-02-28,0.0
ORD-121442,2025-11-19,2025-11-24,5.0
ORD-121443,2025-11-15,2025-11-15,0.0
ORD-121444,2025-06-04,2025-06-04,0.0
ORD-121445,2025-09-08,2025-09-10,2.0
ORD-121446,2025-03-10,2025-03-10,0.0
ORD-121447,2024-09-02,2024-09-02,0.0
ORD-121448,2025-03-08,2025-03-08,0.0
ORD-121449,2025-09-05,2025-09-07,2.0
ORD-121450,2025-10-30,2025-11-01,2.0
ORD-121451,2025-11-04,2025-11-04,0.0
ORD-121452,2025-07-30,2025-07-30,0.0
ORD-121453,2025-12-11,,
ORD-121454,2024-10-17,2024-10-17,0.0
ORD-121455,2025-09-10,2025-09-10,0.0
ORD-121456,2025-10-24,2025-10-24,0.0
ORD-121457,2024-06-14,2024-06-14,0.0
ORD-121458,2025-05-17,2025-05-19,2.0
ORD-121459,2025-11-24,2025-11-24,0.0
ORD-121460,2025-11-23,2025-11-23,0.0
ORD-121461,2024-10-31,2024-10-31,0.0
ORD-121462,2024-08-15,2024-08-15,0.0
ORD-121463,2025-04-15,2025-04-15,0.0
ORD-121464,2025-11-22,2025-11-23,1.0
ORD-121465,2025-06-18,2025-06-18,0.0
ORD-121466,2025-03-25,2025-03-28,3.0
ORD-121467,2025-07-25,2025-07-25,0.0
ORD-121468,2025-03-07,,
ORD-121469,2024-08-24,2024-08-24,0.0
ORD-121470,2025-11-15,2025-11-16,1.0
ORD-121471,2025-12-21,2025-12-22,1.0
ORD-121472,2025-08-09,2025-08-09,0.0
ORD-121473,2025-01-27,2025-01-28,1.0
ORD-121474,2025-10-27,2025-10-27,0.0
ORD-121475,2025-11-18,2025-11-18,0.0
ORD-121476,2025-08-01,2025-08-03,2.0
ORD-121477,2024-08-07,2024-08-07,0.0
ORD-121478,2025-02-20,2025-02-20,0.0
ORD-121479,2025-10-24,,
ORD-121480,2025-10-06,2025-10-06,0.0
ORD-121481,2024-10-28,2024-10-29,1.0
ORD-121482,2025-06-03,2025-06-03,0.0
ORD-121483,2025-10-18,2025-10-18,0.0
ORD-121484,2025-10-30,2025-10-31,1.0
ORD-121485,2025-12-23,,
ORD-121486,2025-11-01,2025-11-01,0.0
ORD-121487,2025-08-27,2025-08-29,2.0
ORD-121488,2025-06-05,2025-06-05,0.0
ORD-121489,2025-11-04,2025-11-04,0.0
ORD-121490,2025-08-02,2025-08-05,3.0
ORD-121491,2025-06-07,2025-06-07,0.0
ORD-121492,2025-11-03,2025-11-03,0.0
ORD-121493,2024-08-16,2024-08-16,0.0
ORD-121494,2025-08-08,2025-08-08,0.0
ORD-121495,2025-11-16,2025-11-17,1.0
ORD-121496,2025-06-13,2025-06-15,2.0
ORD-121497,2024-08-20,2024-08-22,2.0
ORD-121498,2025-09-11,2025-09-11,0.0
ORD-121499,2025-02-16,2025-02-16,0.0
ORD-121500,2025-11-09,2025-11-10,1.0
ORD-121501,2025-11-12,2025-11-12,0.0
ORD-121502,2024-09-06,2024-09-08,2.0
ORD-121503,2025-11-24,2025-11-24,0.0
ORD-121504,2025-02-09,2025-02-09,0.0
ORD-121505,2025-08-19,2025-08-19,0.0
ORD-121506,2025-11-04,2025-11-04,0.0
ORD-121507,2025-08-11,2025-08-12,1.0
ORD-121508,2024-09-26,2024-09-26,0.0
ORD-121509,2025-02-28,2025-02-28,0.0
ORD-121510,2025-04-29,2025-04-30,1.0
ORD-121511,2025-04-03,2025-04-03,0.0
ORD-121512,2024-07-15,2024-07-16,1.0
ORD-121513,2025-07-20,2025-07-20,0.0
ORD-121514,2024-02-22,2024-02-22,0.0
ORD-121515,2025-01-28,2025-01-28,0.0
ORD-121516,2024-10-19,2024-10-20,1.0
ORD-121517,2024-05-13,2024-05-13,0.0
ORD-121518,2025-11-05,2025-11-05,0.0
ORD-121519,2025-08-03,2025-08-03,0.0
ORD-121520,2025-08-24,2025-08-25,1.0
ORD-121521,2025-04-19,2025-04-21,2.0
ORD-121522,2025-12-16,2025-12-16,0.0
ORD-121523,2025-02-01,2025-02-03,2.0
ORD-121524,2025-04-04,2025-04-04,0.0
ORD-121525,2024-10-09,2024-10-09,0.0
ORD-121526,2024-11-27,2024-11-28,1.0
ORD-121527,2024-04-17,2024-04-22,5.0
ORD-121528,2025-02-19,,
ORD-121529,2025-01-04,2025-01-04,0.0
ORD-121530,2025-08-25,,
ORD-121531,2025-12-06,2025-12-06,0.0
ORD-121532,2025-10-30,2025-10-30,0.0
ORD-121533,2025-07-26,,
ORD-121534,2025-06-30,2025-06-30,0.0
ORD-121535,2025-07-31,2025-07-31,0.0
ORD-121536,2025-02-08,2025-02-10,2.0
ORD-121537,2025-10-14,2025-10-14,0.0
ORD-121538,2024-08-28,2024-08-28,0.0
ORD-121539,2025-02-07,2025-02-07,0.0
ORD-121540,2025-08-27,2025-08-28,1.0
ORD-121541,2025-02-04,2025-02-06,2.0
ORD-121542,2025-10-27,2025-10-27,0.0
ORD-121543,2025-07-19,2025-07-19,0.0
ORD-121544,2025-12-25,2025-12-25,0.0
ORD-121545,2025-05-21,2025-05-21,0.0
ORD-121546,2025-11-04,2025-11-04,0.0
ORD-121547,2025-01-22,2025-01-23,1.0
ORD-121548,2025-12-15,2025-12-16,1.0
ORD-121549,2024-09-19,,
ORD-121550,2025-11-07,2025-11-07,0.0
ORD-121551,2025-10-25,2025-10-26,1.0
ORD-121552,2024-10-28,,
ORD-121553,2025-04-28,2025-04-28,0.0
ORD-121554,2025-10-29,2025-10-30,1.0
ORD-121555,2025-03-11,2025-03-11,0.0
ORD-121556,2024-08-08,2024-08-11,3.0
ORD-121557,2025-02-01,2025-02-02,1.0
ORD-121558,2025-05-20,,
ORD-121559,2025-10-30,2025-10-30,0.0
ORD-121560,2025-05-13,,
ORD-121561,2025-07-02,2025-07-02,0.0
ORD-121562,2024-08-22,2024-08-22,0.0
ORD-121563,2025-09-25,2025-09-25,0.0
ORD-121564,2025-07-06,2025-07-07,1.0
ORD-121565,2025-12-03,2025-12-04,1.0
ORD-121566,2024-11-17,2024-11-18,1.0
ORD-121567,2025-05-13,,
ORD-121568,2025-10-09,2025-10-09,0.0
ORD-121569,2025-10-30,2025-10-30,0.0
ORD-121570,2025-02-21,2025-02-23,2.0
ORD-121571,2024-08-29,2024-08-29,0.0
ORD-121572,2025-06-13,2025-06-16,3.0
ORD-121573,2024-12-05,2024-12-05,0.0
ORD-121574,2024-10-28,2024-10-28,0.0
ORD-121575,2025-07-01,2025-07-02,1.0
ORD-121576,2025-01-01,2025-01-02,1.0
ORD-121577,2024-04-05,2024-04-08,3.0
ORD-121578,2025-12-22,2025-12-24,2.0
ORD-121579,2025-09-01,2025-09-01,0.0
ORD-121580,2024-12-04,2024-12-04,0.0
ORD-121581,2025-09-09,2025-09-10,1.0
ORD-121582,2025-08-20,2025-08-23,3.0
ORD-121583,2025-05-07,2025-05-09,2.0
ORD-121584,2025-11-13,2025-11-13,0.0
ORD-121585,2025-06-11,2025-06-11,0.0
ORD-121586,2025-05-08,2025-05-09,1.0
ORD-121587,2025-06-12,2025-06-14,2.0
ORD-121588,2025-02-24,2025-02-25,1.0
ORD-121589,2024-10-29,2024-11-01,3.0
ORD-121590,2025-12-20,2025-12-20,0.0
ORD-121591,2024-03-10,2024-03-10,0.0
ORD-121592,2025-08-13,2025-08-13,0.0
ORD-121593,2024-12-24,2024-12-24,0.0
ORD-121594,2025-04-03,2025-04-03,0.0
ORD-121595,2024-11-10,2024-11-11,1.0
ORD-121596,2025-04-24,2025-04-24,0.0
ORD-121597,2025-08-18,2025-08-20,2.0
ORD-121598,2024-01-27,2024-01-27,0.0
ORD-121599,2025-01-23,2025-01-23,0.0
ORD-121600,2025-11-16,2025-11-16,0.0
ORD-121601,2024-07-12,2024-07-12,0.0
ORD-121602,2024-05-30,,
ORD-121603,2025-08-22,2025-08-22,0.0
ORD-121604,2025-08-03,2025-08-04,1.0
ORD-121605,2024-11-02,2024-11-02,0.0
ORD-121606,2025-10-17,2025-10-17,0.0
ORD-121607,2025-08-14,2025-08-14,0.0
ORD-121608,2024-12-11,2024-12-11,0.0
ORD-121609,2025-10-12,2025-10-12,0.0
ORD-121610,2024-08-13,,
ORD-121611,2024-12-10,,
ORD-121612,2024-11-17,2024-11-17,0.0
ORD-121613,2024-05-10,2024-05-10,0.0
ORD-121614,2026-01-03,2026-01-04,1.0
ORD-121615,2024-11-10,2024-11-10,0.0
ORD-121616,2025-11-21,2025-11-21,0.0
ORD-121617,2024-12-10,2024-12-10,0.0
ORD-121618,2025-11-11,2025-11-11,0.0
ORD-121619,2025-05-30,2025-05-30,0.0
ORD-121620,2025-10-02,2025-10-02,0.0
ORD-121621,2025-08-13,2025-08-13,0.0
ORD-121622,2025-11-17,2025-11-17,0.0
ORD-121623,2025-07-01,2025-07-02,1.0
ORD-121624,2025-11-27,2025-11-30,3.0
ORD-121625,2025-01-30,2025-01-30,0.0
ORD-121626,2025-11-24,2025-11-24,0.0
ORD-121627,2024-11-20,2024-11-21,1.0
ORD-121628,2025-09-08,2025-09-08,0.0
ORD-121629,2025-01-06,,
ORD-121630,2025-04-16,2025-04-16,0.0
ORD-121631,2025-06-19,2025-06-20,1.0
ORD-121632,2025-11-05,2025-11-05,0.0
ORD-121633,2025-08-18,2025-08-18,0.0
ORD-121634,2025-04-25,2025-04-25,0.0
ORD-121635,2025-08-19,,
ORD-121636,2025-04-17,2025-04-17,0.0
ORD-121637,2025-03-12,2025-03-13,1.0
ORD-121638,2025-05-01,2025-05-02,1.0
ORD-121639,2025-01-30,2025-01-30,0.0
ORD-121640,2025-10-27,2025-10-27,0.0
ORD-121641,2025-02-05,2025-02-06,1.0
ORD-121642,2025-07-03,2025-07-03,0.0
ORD-121643,2025-11-06,2025-11-06,0.0
ORD-121644,2025-08-27,2025-08-28,1.0
ORD-121645,2024-12-20,,
ORD-121646,2024-10-16,2024-10-16,0.0
ORD-121647,2025-10-30,2025-11-01,2.0
ORD-121648,2025-11-06,2025-11-06,0.0
ORD-121649,2026-01-02,2026-01-02,0.0
ORD-121650,2025-10-20,2025-10-20,0.0
ORD-121651,2025-11-23,2025-11-23,0.0
ORD-121652,2025-10-27,,
ORD-121653,2024-09-27,2024-09-29,2.0
ORD-121654,2025-11-12,2025-11-12,0.0
ORD-121655,2025-11-20,2025-11-20,0.0
ORD-121656,2025-11-23,2025-11-23,0.0
ORD-121657,2025-11-13,2025-11-14,1.0
ORD-121658,2025-05-29,2025-05-29,0.0
ORD-121659,2024-05-24,2024-05-27,3.0
ORD-121660,2024-07-11,2024-07-11,0.0
ORD-121661,2024-10-24,2024-10-25,1.0
ORD-121662,2025-07-20,2025-07-20,0.0
ORD-121663,2025-09-21,2025-09-21,0.0
ORD-121664,2024-10-31,2024-10-31,0.0
ORD-121665,2025-11-02,2025-11-05,3.0
ORD-121666,2025-08-09,,
ORD-121667,2025-03-29,2025-03-29,0.0
ORD-121668,2025-12-25,2025-12-26,1.0
ORD-121669,2024-12-15,2024-12-15,0.0
ORD-121670,2025-05-01,2025-05-04,3.0
ORD-121671,2024-10-18,,
ORD-121672,2025-11-14,2025-11-14,0.0
ORD-121673,2024-11-01,2024-11-01,0.0
ORD-121674,2025-10-16,2025-10-16,0.0
ORD-121675,2025-11-03,2025-11-04,1.0
ORD-121676,2025-12-03,2025-12-03,0.0
ORD-121677,2025-10-05,2025-10-05,0.0
ORD-121678,2025-04-01,2025-04-01,0.0
ORD-121679,2025-10-03,2025-10-04,1.0
ORD-121680,2024-06-13,2024-06-14,1.0
ORD-121681,2025-08-13,2025-08-15,2.0
ORD-121682,2026-01-01,2026-01-02,1.0
ORD-121683,2025-06-05,2025-06-06,1.0
ORD-121684,2024-12-06,2024-12-06,0.0
ORD-121685,2025-04-20,2025-04-21,1.0
ORD-121686,2025-06-15,2025-06-15,0.0
ORD-121687,2024-10-19,2024-10-21,2.0
ORD-121688,2025-07-18,2025-07-20,2.0
ORD-121689,2025-11-28,2025-11-28,0.0
ORD-121690,2024-08-16,2024-08-17,1.0
ORD-121691,2024-10-28,2024-10-28,0.0
ORD-121692,2024-10-20,2024-10-22,2.0
ORD-121693,2024-09-18,2024-09-19,1.0
ORD-121694,2024-12-31,,
ORD-121695,2025-04-24,2025-04-25,1.0
ORD-121696,2025-02-07,2025-02-07,0.0
ORD-121697,2025-01-11,,
ORD-121698,2025-11-04,,
ORD-121699,2025-02-08,2025-02-09,1.0
ORD-121700,2025-01-31,,
ORD-121701,2025-10-25,2025-10-25,0.0
ORD-121702,2025-02-21,2025-02-21,0.0
ORD-121703,2024-06-01,2024-06-01,0.0
ORD-121704,2025-06-20,2025-06-20,0.0
ORD-121705,2024-12-30,2025-01-01,2.0
ORD-121706,2025-06-21,2025-06-24,3.0
ORD-121707,2024-08-18,2024-08-18,0.0
ORD-121708,2025-08-14,2025-08-14,0.0
ORD-121709,2025-04-09,,
ORD-121710,2024-06-29,2024-06-29,0.0
ORD-121711,2025-12-02,2025-12-02,0.0
ORD-121712,2024-03-12,,
ORD-121713,2025-12-03,2025-12-03,0.0
ORD-121714,2025-09-12,2025-09-12,0.0
ORD-121715,2025-08-07,2025-08-10,3.0
ORD-121716,2025-08-16,,
ORD-121717,2025-02-11,2025-02-12,1.0
ORD-121718,2025-06-22,2025-06-22,0.0
ORD-121719,2025-09-26,2025-09-27,1.0
ORD-121720,2025-09-24,2025-09-24,0.0
ORD-121721,2025-02-08,2025-02-08,0.0
ORD-121722,2025-06-01,,
ORD-121723,2024-03-24,2024-03-24,0.0
ORD-121724,2025-11-07,2025-11-07,0.0
ORD-121725,2025-07-02,2025-07-02,0.0
ORD-121726,2024-07-29,2024-07-29,0.0
ORD-121727,2025-10-23,,
ORD-121728,2025-03-07,2025-03-07,0.0
ORD-121729,2025-07-06,2025-07-06,0.0
ORD-121730,2025-06-23,2025-06-23,0.0
ORD-121731,2025-11-09,2025-11-09,0.0
ORD-121732,2024-05-24,2024-05-24,0.0
ORD-121733,2025-07-08,2025-07-09,1.0
ORD-121734,2025-02-03,2025-02-03,0.0
ORD-121735,2024-09-30,2024-10-01,1.0
ORD-121736,2025-07-06,2025-07-07,1.0
ORD-121737,2025-10-24,2025-10-24,0.0
ORD-121738,2024-10-18,2024-10-18,0.0
ORD-121739,2024-08-06,2024-08-07,1.0
ORD-121740,2025-06-14,2025-06-15,1.0
ORD-121741,2024-10-27,2024-10-27,0.0
ORD-121742,2024-10-02,2024-10-02,0.0
ORD-121743,2025-06-10,2025-06-10,0.0
ORD-121744,2025-09-02,2025-09-07,5.0
ORD-121745,2025-11-10,2025-11-10,0.0
ORD-121746,2025-06-27,2025-06-27,0.0
ORD-121747,2025-05-12,2025-05-12,0.0
ORD-121748,2025-03-19,2025-03-20,1.0
ORD-121749,2025-09-14,2025-09-14,0.0
ORD-121750,2024-09-16,2024-09-17,1.0
ORD-121751,2025-08-30,2025-08-31,1.0
ORD-121752,2024-11-03,2024-11-03,0.0
ORD-121753,2024-12-05,2024-12-05,0.0
ORD-121754,2025-07-31,2025-07-31,0.0
ORD-121755,2025-11-02,2025-11-02,0.0
ORD-121756,2024-03-25,2024-03-25,0.0
ORD-121757,2024-02-27,2024-02-27,0.0
ORD-121758,2025-09-13,2025-09-13,0.0
ORD-121759,2024-11-02,2024-11-03,1.0
ORD-121760,2025-04-27,2025-04-27,0.0
ORD-121761,2025-08-26,2025-08-26,0.0
ORD-121762,2025-06-24,2025-06-24,0.0
ORD-121763,2025-06-09,2025-06-09,0.0
ORD-121764,2025-05-13,2025-05-13,0.0
ORD-121765,2025-06-01,2025-06-01,0.0
ORD-121766,2025-11-15,2025-11-18,3.0
ORD-121767,2025-07-27,2025-07-27,0.0
ORD-121768,2024-10-26,2024-10-26,0.0
ORD-121769,2025-08-11,2025-08-11,0.0
ORD-121770,2025-03-25,,
ORD-121771,2025-12-30,2025-12-30,0.0
ORD-121772,2025-11-02,,
ORD-121773,2024-06-02,2024-06-02,0.0
ORD-121774,2025-10-26,,
ORD-121775,2025-07-14,2025-07-17,3.0
ORD-121776,2024-08-04,2024-08-05,1.0
ORD-121777,2025-08-19,2025-08-21,2.0
ORD-121778,2025-07-27,,
ORD-121779,2025-10-31,,
ORD-121780,2025-12-04,2025-12-05,1.0
ORD-121781,2025-09-09,,
ORD-121782,2024-12-04,,
ORD-121783,2024-04-11,2024-04-11,0.0
ORD-121784,2025-10-27,2025-10-27,0.0
ORD-121785,2024-11-04,2024-11-04,0.0
ORD-121786,2025-09-02,2025-09-02,0.0
ORD-121787,2025-09-16,2025-09-16,0.0
ORD-121788,2024-06-30,2024-06-30,0.0
ORD-121789,2025-10-08,2025-10-08,0.0
ORD-121790,2025-05-14,2025-05-14,0.0
ORD-121791,2025-12-07,2025-12-07,0.0
ORD-121792,2024-12-27,2024-12-27,0.0
ORD-121793,2025-03-16,2025-03-16,0.0
ORD-121794,2024-05-04,,
ORD-121795,2025-07-19,2025-07-19,0.0
ORD-121796,2025-12-07,2025-12-08,1.0
ORD-121797,2025-11-12,2025-11-12,0.0
ORD-121798,2025-12-29,2025-12-29,0.0
ORD-121799,2025-07-19,2025-07-19,0.0
ORD-121800,2025-10-05,2025-10-06,1.0
ORD-121801,2025-05-02,,
ORD-121802,2025-11-16,,
ORD-121803,2025-12-21,2025-12-21,0.0
ORD-121804,2025-10-30,2025-10-31,1.0
ORD-121805,2025-05-20,2025-05-20,0.0
ORD-121806,2025-12-27,2025-12-29,2.0
ORD-121807,2025-12-22,2025-12-22,0.0
ORD-121808,2024-12-11,2024-12-12,1.0
ORD-121809,2025-09-18,2025-09-20,2.0
ORD-121810,2024-07-24,2024-07-25,1.0
ORD-121811,2025-06-07,2025-06-07,0.0
ORD-121812,2024-05-08,2024-05-08,0.0
ORD-121813,2025-08-18,2025-08-18,0.0
ORD-121814,2025-06-02,,
ORD-121815,2025-06-25,,
ORD-121816,2025-11-16,2025-11-16,0.0
ORD-121817,2024-08-03,2024-08-04,1.0
ORD-121818,2024-07-29,2024-07-29,0.0
ORD-121819,2025-06-16,2025-06-18,2.0
ORD-121820,2025-11-01,2025-11-01,0.0
ORD-121821,2024-11-10,,
ORD-121822,2024-06-25,2024-06-25,0.0
ORD-121823,2024-11-10,2024-11-15,5.0
ORD-121824,2025-07-17,,
ORD-121825,2025-07-30,2025-07-30,0.0
ORD-121826,2024-06-06,2024-06-06,0.0
ORD-121827,2024-12-02,2024-12-02,0.0
ORD-121828,2025-06-07,2025-06-07,0.0
ORD-121829,2025-04-06,2025-04-06,0.0
ORD-121830,2025-04-29,2025-04-30,1.0
ORD-121831,2024-05-24,2024-05-24,0.0
ORD-121832,2025-01-29,2025-01-29,0.0
ORD-121833,2025-04-04,2025-04-04,0.0
ORD-121834,2025-02-22,2025-02-22,0.0
ORD-121835,2024-11-15,2024-11-16,1.0
ORD-121836,2025-05-09,,
ORD-121837,2025-11-24,2025-11-24,0.0
ORD-121838,2025-12-12,2025-12-12,0.0
ORD-121839,2025-01-01,2025-01-01,0.0
ORD-121840,2024-10-22,2024-10-22,0.0
ORD-121841,2025-05-26,2025-05-27,1.0
ORD-121842,2024-07-18,2024-07-18,0.0
ORD-121843,2025-05-11,2025-05-11,0.0
ORD-121844,2024-10-05,2024-10-06,1.0
ORD-121845,2025-08-04,2025-08-05,1.0
ORD-121846,2025-03-30,2025-03-30,0.0
ORD-121847,2025-08-10,2025-08-10,0.0
ORD-121848,2024-09-04,,
ORD-121849,2025-01-28,2025-01-28,0.0
ORD-121850,2025-11-23,2025-11-23,0.0
ORD-121851,2025-07-06,2025-07-09,3.0
ORD-121852,2025-11-25,2025-11-25,0.0
ORD-121853,2025-08-08,2025-08-08,0.0
ORD-121854,2025-01-10,2025-01-10,0.0
ORD-121855,2024-08-22,,
ORD-121856,2025-04-10,2025-04-11,1.0
ORD-121857,2024-07-30,2024-08-01,2.0
ORD-121858,2025-06-14,2025-06-14,0.0
ORD-121859,2024-12-17,2024-12-19,2.0
ORD-121860,2025-09-18,2025-09-18,0.0
ORD-121861,2025-03-05,2025-03-05,0.0
ORD-121862,2024-10-20,2024-10-21,1.0
ORD-121863,2025-05-20,,
ORD-121864,2024-06-18,2024-06-18,0.0
ORD-121865,2025-10-13,2025-10-13,0.0
ORD-121866,2025-05-20,2025-05-20,0.0
ORD-121867,2025-02-13,2025-02-16,3.0
ORD-121868,2024-10-26,2024-10-27,1.0
ORD-121869,2024-10-15,2024-10-16,1.0
ORD-121870,2025-02-24,2025-02-24,0.0
ORD-121871,2024-10-27,2024-10-27,0.0
ORD-121872,2025-11-17,2025-11-17,0.0
ORD-121873,2025-01-27,2025-01-27,0.0
ORD-121874,2024-09-18,2024-09-18,0.0
ORD-121875,2025-03-05,2025-03-06,1.0
ORD-121876,2025-11-21,2025-11-26,5.0
ORD-121877,2025-10-15,2025-10-15,0.0
ORD-121878,2025-11-26,2025-11-26,0.0
ORD-121879,2025-07-05,,
ORD-121880,2025-04-17,2025-04-17,0.0
ORD-121881,2024-12-25,2024-12-27,2.0
ORD-121882,2025-07-18,2025-07-18,0.0
ORD-121883,2025-03-17,2025-03-17,0.0
ORD-121884,2025-06-15,2025-06-16,1.0
ORD-121885,2025-10-21,2025-10-21,0.0
ORD-121886,2025-10-20,2025-10-20,0.0
ORD-121887,2025-06-14,2025-06-14,0.0
ORD-121888,2025-07-22,,
ORD-121889,2025-11-03,2025-11-03,0.0
ORD-121890,2025-05-12,2025-05-15,3.0
ORD-121891,2024-04-25,2024-04-25,0.0
ORD-121892,2025-10-19,2025-10-20,1.0
ORD-121893,2025-10-03,2025-10-04,1.0
ORD-121894,2025-10-02,2025-10-02,0.0
ORD-121895,2025-11-16,2025-11-18,2.0
ORD-121896,2025-12-08,2025-12-08,0.0
ORD-121897,2025-12-09,,
ORD-121898,2024-06-12,2024-06-12,0.0
ORD-121899,2024-04-12,2024-04-12,0.0
ORD-121900,2025-10-29,2025-10-29,0.0
ORD-121901,2025-06-04,2025-06-06,2.0
ORD-121902,2024-10-31,2024-10-31,0.0
ORD-121903,2025-01-27,2025-01-27,0.0
ORD-121904,2024-11-19,2024-11-20,1.0
ORD-121905,2024-11-28,2024-11-28,0.0
ORD-121906,2025-10-21,2025-10-23,2.0
ORD-121907,2025-11-07,2025-11-07,0.0
ORD-121908,2025-08-12,2025-08-12,0.0
ORD-121909,2025-03-09,2025-03-11,2.0
ORD-121910,2025-04-11,2025-04-13,2.0
ORD-121911,2025-05-01,2025-05-01,0.0
ORD-121912,2025-02-15,2025-02-17,2.0
ORD-121913,2025-04-02,2025-04-02,0.0
ORD-121914,2025-06-19,2025-06-19,0.0
ORD-121915,2025-11-27,2025-11-27,0.0
ORD-121916,2025-03-02,2025-03-04,2.0
ORD-121917,2024-12-18,2024-12-18,0.0
ORD-121918,2025-08-18,2025-08-18,0.0
ORD-121919,2025-11-18,2025-11-18,0.0
ORD-121920,2025-03-13,,
ORD-121921,2024-05-03,,
ORD-121922,2025-04-07,2025-04-07,0.0
ORD-121923,2025-08-20,2025-08-21,1.0
ORD-121924,2025-09-26,2025-09-27,1.0
ORD-121925,2025-09-08,2025-09-08,0.0
ORD-121926,2024-03-29,2024-03-30,1.0
ORD-121927,2025-08-12,2025-08-12,0.0
ORD-121928,2025-02-05,2025-02-07,2.0
ORD-121929,2024-11-07,2024-11-07,0.0
ORD-121930,2025-09-28,2025-09-28,0.0
ORD-121931,2024-03-30,2024-03-31,1.0
ORD-121932,2025-12-14,2025-12-14,0.0
ORD-121933,2025-11-08,2025-11-10,2.0
ORD-121934,2025-04-23,,
ORD-121935,2025-07-04,2025-07-05,1.0
ORD-121936,2025-02-03,2025-02-06,3.0
ORD-121937,2025-08-18,,
ORD-121938,2025-12-10,2025-12-10,0.0
ORD-121939,2025-04-02,2025-04-02,0.0
ORD-121940,2025-03-19,2025-03-19,0.0
ORD-121941,2024-12-31,2024-12-31,0.0
ORD-121942,2025-03-09,2025-03-10,1.0
ORD-121943,2024-08-20,2024-08-22,2.0
ORD-121944,2025-01-07,2025-01-08,1.0
ORD-121945,2025-11-01,2025-11-01,0.0
ORD-121946,2025-01-30,2025-01-30,0.0
ORD-121947,2024-12-05,2024-12-07,2.0
ORD-121948,2025-06-30,2025-06-30,0.0
ORD-121949,2024-10-06,2024-10-06,0.0
ORD-121950,2025-10-09,2025-10-09,0.0
ORD-121951,2025-11-16,2025-11-16,0.0
ORD-121952,2025-09-21,2025-09-22,1.0
ORD-121953,2025-05-05,2025-05-07,2.0
ORD-121954,2025-12-01,2025-12-01,0.0
ORD-121955,2025-11-06,2025-11-08,2.0
ORD-121956,2025-03-30,,
ORD-121957,2025-08-24,2025-08-27,3.0
ORD-121958,2024-10-06,2024-10-07,1.0
ORD-121959,2025-03-23,2025-03-23,0.0
ORD-121960,2025-03-13,2025-03-14,1.0
ORD-121961,2025-04-24,2025-04-25,1.0
ORD-121962,2024-04-30,2024-05-01,1.0
ORD-121963,2024-11-06,2024-11-07,1.0
ORD-121964,2024-10-28,2024-10-28,0.0
ORD-121965,2025-05-20,2025-05-20,0.0
ORD-121966,2025-10-02,2025-10-02,0.0
ORD-121967,2025-12-23,,
ORD-121968,2024-12-04,2024-12-07,3.0
ORD-121969,2025-06-22,2025-06-22,0.0
ORD-121970,2024-10-27,2024-10-27,0.0
ORD-121971,2025-01-27,2025-01-27,0.0
ORD-121972,2025-01-25,2025-01-27,2.0
ORD-121973,2025-03-18,2025-03-19,1.0
ORD-121974,2025-12-12,2025-12-12,0.0
ORD-121975,2025-06-26,2025-06-27,1.0
ORD-121976,2024-12-11,2024-12-12,1.0
ORD-121977,2025-11-26,2025-11-26,0.0
ORD-121978,2025-06-07,,
ORD-121979,2025-10-09,2025-10-10,1.0
ORD-121980,2024-08-12,2024-08-12,0.0
ORD-121981,2025-02-03,2025-02-03,0.0
ORD-121982,2024-05-12,2024-05-13,1.0
ORD-121983,2025-02-28,2025-02-28,0.0
ORD-121984,2025-06-30,2025-07-01,1.0
ORD-121985,2024-09-03,2024-09-03,0.0
ORD-121986,2025-09-16,2025-09-16,0.0
ORD-121987,2025-12-12,2025-12-12,0.0
ORD-121988,2025-04-10,2025-04-10,0.0
ORD-121989,2025-08-02,,
ORD-121990,2025-07-16,2025-07-18,2.0
ORD-121991,2025-02-02,2025-02-02,0.0
ORD-121992,2024-03-25,2024-03-25,0.0
ORD-121993,2025-11-16,2025-11-16,0.0
ORD-121994,2025-07-08,2025-07-08,0.0
ORD-121995,2025-09-16,2025-09-16,0.0
ORD-121996,2025-06-02,2025-06-03,1.0
ORD-121997,2024-12-28,2024-12-28,0.0
ORD-121998,2025-09-02,2025-09-02,0.0
ORD-121999,2024-12-19,2024-12-19,0.0
ORD-122000,2025-11-11,2025-11-11,0.0
ORD-122001,2025-04-02,2025-04-05,3.0
ORD-122002,2025-07-15,2025-07-15,0.0
ORD-122003,2025-12-02,2025-12-02,0.0
ORD-122004,2025-06-14,2025-06-14,0.0
ORD-122005,2025-02-15,2025-02-17,2.0
ORD-122006,2025-08-26,2025-08-27,1.0
ORD-122007,2025-10-11,2025-10-11,0.0
ORD-122008,2025-08-28,2025-08-28,0.0
ORD-122009,2025-09-18,2025-09-18,0.0
ORD-122010,2024-11-27,2024-11-27,0.0
ORD-122011,2025-04-21,2025-04-21,0.0
ORD-122012,2024-09-13,2024-09-13,0.0
ORD-122013,2025-01-15,2025-01-15,0.0
ORD-122014,2025-10-27,2025-10-27,0.0
ORD-122015,2025-01-25,,
ORD-122016,2025-12-24,2025-12-24,0.0
ORD-122017,2025-11-17,2025-11-17,0.0
ORD-122018,2025-05-04,2025-05-04,0.0
ORD-122019,2025-11-12,2025-11-12,0.0
ORD-122020,2025-08-04,2025-08-04,0.0
ORD-122021,2024-11-06,2024-11-06,0.0
ORD-122022,2025-09-27,2025-09-28,1.0
ORD-122023,2025-10-30,2025-10-30,0.0
ORD-122024,2025-11-25,2025-11-25,0.0
ORD-122025,2025-10-19,2025-10-19,0.0
ORD-122026,2024-06-06,2024-06-06,0.0
ORD-122027,2025-07-06,2025-07-06,0.0
ORD-122028,2025-03-28,2025-03-29,1.0
ORD-122029,2024-12-19,2024-12-21,2.0
ORD-122030,2024-11-12,2024-11-12,0.0
ORD-122031,2024-02-25,2024-02-25,0.0
ORD-122032,2025-10-21,2025-10-21,0.0
ORD-122033,2025-12-14,2025-12-14,0.0
ORD-122034,2025-06-27,2025-06-27,0.0
ORD-122035,2025-04-14,,
ORD-122036,2025-10-09,2025-10-09,0.0
ORD-122037,2025-11-04,2025-11-05,1.0
ORD-122038,2025-07-03,2025-07-05,2.0
ORD-122039,2025-08-14,2025-08-14,0.0
ORD-122040,2025-11-22,,
ORD-122041,2025-05-26,2025-05-26,0.0
ORD-122042,2024-11-24,2024-11-25,1.0
ORD-122043,2024-10-23,2024-10-23,0.0
ORD-122044,2025-11-07,2025-11-07,0.0
ORD-122045,2025-03-14,2025-03-15,1.0
ORD-122046,2025-06-09,,
ORD-122047,2025-01-11,2025-01-12,1.0
ORD-122048,2024-11-06,2024-11-06,0.0
ORD-122049,2025-01-07,,
ORD-122050,2025-03-07,2025-03-08,1.0
ORD-122051,2025-09-16,2025-09-16,0.0
ORD-122052,2025-09-15,2025-09-16,1.0
ORD-122053,2025-04-08,2025-04-08,0.0
ORD-122054,2025-10-11,2025-10-12,1.0
ORD-122055,2025-10-07,2025-10-08,1.0
ORD-122056,2025-11-01,2025-11-01,0.0
ORD-122057,2025-08-10,2025-08-11,1.0
ORD-122058,2024-11-12,2024-11-13,1.0
ORD-122059,2025-07-17,2025-07-17,0.0
ORD-122060,2025-10-25,2025-10-25,0.0
ORD-122061,2025-08-23,2025-08-23,0.0
ORD-122062,2025-08-06,2025-08-06,0.0
ORD-122063,2025-09-16,2025-09-19,3.0
ORD-122064,2024-06-15,2024-06-16,1.0
ORD-122065,2025-09-30,2025-09-30,0.0
ORD-122066,2024-11-04,2024-11-04,0.0
ORD-122067,2024-12-17,2024-12-18,1.0
ORD-122068,2025-04-09,2025-04-09,0.0
ORD-122069,2025-10-22,2025-10-23,1.0
ORD-122070,2025-09-18,2025-09-18,0.0
ORD-122071,2025-03-16,,
ORD-122072,2025-05-21,2025-05-21,0.0
ORD-122073,2025-07-24,2025-07-24,0.0
ORD-122074,2024-11-25,2024-11-25,0.0
ORD-122075,2025-06-20,2025-06-20,0.0
ORD-122076,2025-05-28,2025-05-30,2.0
ORD-122077,2025-08-25,2025-08-27,2.0
ORD-122078,2025-10-31,2025-10-31,0.0
ORD-122079,2024-09-03,,
ORD-122080,2025-01-12,2025-01-12,0.0
ORD-122081,2025-04-07,2025-04-07,0.0
ORD-122082,2025-08-25,2025-08-25,0.0
ORD-122083,2025-01-09,2025-01-09,0.0
ORD-122084,2025-12-01,2025-12-01,0.0
ORD-122085,2025-08-31,2025-08-31,0.0
ORD-122086,2025-07-07,2025-07-07,0.0
ORD-122087,2025-05-02,2025-05-03,1.0
ORD-122088,2025-08-05,2025-08-05,0.0
ORD-122089,2025-02-06,2025-02-06,0.0
ORD-122090,2025-08-14,2025-08-14,0.0
ORD-122091,2024-06-06,2024-06-06,0.0
ORD-122092,2025-08-14,2025-08-14,0.0
ORD-122093,2025-04-20,2025-04-21,1.0
ORD-122094,2025-11-25,2025-11-25,0.0
ORD-122095,2025-12-02,2025-12-03,1.0
ORD-122096,2024-12-16,2024-12-16,0.0
ORD-122097,2025-01-12,2025-01-12,0.0
ORD-122098,2025-09-29,2025-09-29,0.0
ORD-122099,2025-09-09,2025-09-09,0.0
ORD-122100,2025-09-06,2025-09-06,0.0
ORD-122101,2025-03-11,2025-03-11,0.0
ORD-122102,2025-10-25,2025-10-25,0.0
ORD-122103,2025-10-21,2025-10-21,0.0
ORD-122104,2025-01-26,2025-01-26,0.0
ORD-122105,2025-02-04,2025-02-06,2.0
ORD-122106,2025-07-09,2025-07-09,0.0
ORD-122107,2025-08-03,2025-08-04,1.0
ORD-122108,2025-08-25,2025-08-25,0.0
ORD-122109,2024-10-15,2024-10-15,0.0
ORD-122110,2025-05-12,2025-05-12,0.0
ORD-122111,2025-09-22,2025-09-22,0.0
ORD-122112,2025-01-07,2025-01-09,2.0
ORD-122113,2025-11-19,2025-11-21,2.0
ORD-122114,2025-01-07,2025-01-07,0.0
ORD-122115,2025-10-10,2025-10-10,0.0
ORD-122116,2025-07-31,,
ORD-122117,2024-08-15,2024-08-15,0.0
ORD-122118,2024-11-01,2024-11-01,0.0
ORD-122119,2024-12-10,,
ORD-122120,2025-10-13,2025-10-16,3.0
ORD-122121,2025-12-03,2025-12-04,1.0
ORD-122122,2025-05-18,,
ORD-122123,2025-09-26,2025-09-26,0.0
ORD-122124,2025-12-17,2025-12-18,1.0
ORD-122125,2025-09-09,2025-09-09,0.0
ORD-122126,2025-04-21,2025-04-21,0.0
ORD-122127,2025-10-05,2025-10-05,0.0
ORD-122128,2025-10-21,2025-10-21,0.0
ORD-122129,2025-09-16,2025-09-16,0.0
ORD-122130,2025-06-28,2025-06-29,1.0
ORD-122131,2024-10-30,2024-11-01,2.0
ORD-122132,2025-10-17,2025-10-17,0.0
ORD-122133,2025-06-23,2025-06-23,0.0
ORD-122134,2025-09-04,2025-09-04,0.0
ORD-122135,2024-12-13,2024-12-14,1.0
ORD-122136,2025-01-28,2025-01-29,1.0
ORD-122137,2025-02-12,2025-02-12,0.0
ORD-122138,2025-10-03,2025-10-04,1.0
ORD-122139,2025-08-23,2025-08-28,5.0
ORD-122140,2024-05-22,2024-05-23,1.0
ORD-122141,2024-08-22,2024-08-25,3.0
ORD-122142,2025-09-30,2025-10-01,1.0
ORD-122143,2025-11-18,2025-11-21,3.0
ORD-122144,2025-12-31,2026-01-01,1.0
ORD-122145,2025-01-19,2025-01-19,0.0
ORD-122146,2025-02-23,2025-02-23,0.0
ORD-122147,2024-08-19,2024-08-19,0.0
ORD-122148,2025-12-27,2025-12-28,1.0
ORD-122149,2025-12-20,2025-12-20,0.0
ORD-122150,2025-12-02,,
ORD-122151,2025-03-15,2025-03-15,0.0
ORD-122152,2024-12-04,2024-12-04,0.0
ORD-122153,2025-02-08,2025-02-08,0.0
ORD-122154,2025-05-31,2025-05-31,0.0
ORD-122155,2025-12-10,2025-12-10,0.0
ORD-122156,2025-06-28,2025-06-28,0.0
ORD-122157,2025-03-08,2025-03-08,0.0
ORD-122158,2025-10-06,2025-10-07,1.0
ORD-122159,2025-01-04,2025-01-06,2.0
ORD-122160,2025-07-08,,
ORD-122161,2024-06-20,2024-06-22,2.0
ORD-122162,2025-01-20,,
ORD-122163,2025-08-27,,
ORD-122164,2025-12-17,2025-12-17,0.0
ORD-122165,2024-06-13,2024-06-13,0.0
ORD-122166,2025-05-03,2025-05-03,0.0
ORD-122167,2025-09-30,2025-09-30,0.0
ORD-122168,2024-06-29,2024-06-29,0.0
ORD-122169,2025-02-28,2025-03-01,1.0
ORD-122170,2024-11-24,2024-11-26,2.0
ORD-122171,2024-08-26,2024-08-27,1.0
ORD-122172,2024-12-29,2024-12-29,0.0
ORD-122173,2025-11-11,2025-11-11,0.0
ORD-122174,2024-07-27,,
ORD-122175,2025-12-21,2025-12-21,0.0
ORD-122176,2024-11-09,2024-11-09,0.0
ORD-122177,2025-10-30,2025-11-01,2.0
ORD-122178,2025-09-03,2025-09-04,1.0
ORD-122179,2025-08-24,2025-08-24,0.0
ORD-122180,2025-09-10,2025-09-13,3.0
ORD-122181,2024-05-01,2024-05-01,0.0
ORD-122182,2025-03-02,2025-03-03,1.0
ORD-122183,2025-03-02,2025-03-02,0.0
ORD-122184,2024-12-29,2024-12-29,0.0
ORD-122185,2025-09-27,2025-09-27,0.0
ORD-122186,2024-11-07,2024-11-07,0.0
ORD-122187,2025-02-02,2025-02-02,0.0
ORD-122188,2024-09-10,2024-09-10,0.0
ORD-122189,2024-09-22,2024-09-22,0.0
ORD-122190,2025-08-12,2025-08-12,0.0
ORD-122191,2025-09-02,2025-09-02,0.0
ORD-122192,2025-03-12,,
ORD-122193,2025-05-16,2025-05-16,0.0
ORD-122194,2025-09-23,2025-09-24,1.0
ORD-122195,2025-10-06,2025-10-07,1.0
ORD-122196,2025-11-11,2025-11-11,0.0
ORD-122197,2024-11-24,,
ORD-122198,2024-11-14,2024-11-14,0.0
ORD-122199,2025-05-30,2025-05-30,0.0
ORD-122200,2024-11-02,2024-11-03,1.0
ORD-122201,2025-01-18,2025-01-18,0.0
ORD-122202,2025-11-07,2025-11-07,0.0
ORD-122203,2024-11-10,,
ORD-122204,2024-03-29,2024-03-29,0.0
ORD-122205,2025-09-30,2025-09-30,0.0
ORD-122206,2025-08-05,2025-08-07,2.0
ORD-122207,2025-11-10,2025-11-10,0.0
ORD-122208,2025-12-19,2025-12-20,1.0
ORD-122209,2024-11-04,2024-11-04,0.0
ORD-122210,2025-10-06,2025-10-08,2.0
ORD-122211,2025-11-06,2025-11-06,0.0
ORD-122212,2025-10-25,2025-10-25,0.0
ORD-122213,2025-05-16,2025-05-16,0.0
ORD-122214,2025-09-13,,
ORD-122215,2025-03-07,,
ORD-122216,2025-03-13,2025-03-13,0.0
ORD-122217,2025-11-07,2025-11-07,0.0
ORD-122218,2025-09-27,2025-09-27,0.0
ORD-122219,2025-11-05,2025-11-05,0.0
ORD-122220,2024-10-22,2024-10-22,0.0
ORD-122221,2025-10-26,2025-10-26,0.0
ORD-122222,2025-11-21,2025-11-21,0.0
ORD-122223,2024-07-10,2024-07-10,0.0
ORD-122224,2025-05-05,2025-05-05,0.0
ORD-122225,2025-11-14,2025-11-14,0.0
ORD-122226,2025-04-19,2025-04-19,0.0
ORD-122227,2024-09-08,2024-09-08,0.0
ORD-122228,2025-11-18,,
ORD-122229,2025-11-03,,
ORD-122230,2025-10-21,2025-10-21,0.0
ORD-122231,2025-11-15,2025-11-16,1.0
ORD-122232,2025-08-17,2025-08-17,0.0
ORD-122233,2025-08-22,2025-08-22,0.0
ORD-122234,2025-11-11,2025-11-11,0.0
ORD-122235,2025-10-24,2025-10-24,0.0
ORD-122236,2025-10-20,2025-10-20,0.0
ORD-122237,2025-07-28,2025-07-28,0.0
ORD-122238,2025-12-16,2025-12-18,2.0
ORD-122239,2025-05-20,2025-05-20,0.0
ORD-122240,2025-03-16,2025-03-19,3.0
ORD-122241,2025-10-29,2025-10-31,2.0
ORD-122242,2025-09-25,2025-09-25,0.0
ORD-122243,2025-12-15,2025-12-16,1.0
ORD-122244,2025-06-04,2025-06-04,0.0
ORD-122245,2024-08-02,2024-08-02,0.0
ORD-122246,2025-03-15,2025-03-15,0.0
ORD-122247,2024-08-12,2024-08-12,0.0
ORD-122248,2025-05-20,2025-05-20,0.0
ORD-122249,2025-04-19,2025-04-21,2.0
ORD-122250,2025-07-16,2025-07-16,0.0
ORD-122251,2024-10-14,2024-10-14,0.0
ORD-122252,2025-11-04,2025-11-04,0.0
ORD-122253,2024-12-05,2024-12-05,0.0
ORD-122254,2025-06-03,,
ORD-122255,2024-11-27,,
ORD-122256,2025-11-08,2025-11-08,0.0
ORD-122257,2025-06-17,2025-06-17,0.0
ORD-122258,2025-10-07,,
ORD-122259,2025-09-23,2025-09-23,0.0
ORD-122260,2025-12-24,2025-12-25,1.0
ORD-122261,2025-06-11,2025-06-11,0.0
ORD-122262,2025-08-14,2025-08-14,0.0
ORD-122263,2025-11-28,2025-12-01,3.0
ORD-122264,2025-10-05,2025-10-05,0.0
ORD-122265,2025-03-21,2025-03-21,0.0
ORD-122266,2024-10-22,2024-10-22,0.0
ORD-122267,2025-03-07,,
ORD-122268,2025-09-24,2025-09-24,0.0
ORD-122269,2024-10-18,,
ORD-122270,2024-11-18,2024-11-19,1.0
ORD-122271,2025-07-16,2025-07-16,0.0
ORD-122272,2024-07-22,2024-07-27,5.0
ORD-122273,2025-12-16,,
ORD-122274,2024-11-22,2024-11-25,3.0
ORD-122275,2025-03-07,2025-03-07,0.0
ORD-122276,2024-11-08,2024-11-08,0.0
ORD-122277,2024-06-30,2024-07-01,1.0
ORD-122278,2025-08-25,2025-08-25,0.0
ORD-122279,2025-11-03,,
ORD-122280,2025-12-16,2025-12-16,0.0
ORD-122281,2024-11-02,2024-11-02,0.0
ORD-122282,2025-10-25,2025-10-26,1.0
ORD-122283,2024-05-30,2024-05-30,0.0
ORD-122284,2024-07-26,2024-07-27,1.0
ORD-122285,2025-09-16,2025-09-16,0.0
ORD-122286,2025-11-22,2025-11-22,0.0
ORD-122287,2025-10-22,2025-10-22,0.0
ORD-122288,2025-06-29,2025-06-30,1.0
ORD-122289,2024-10-25,,
ORD-122290,2025-08-19,2025-08-19,0.0
ORD-122291,2025-11-17,2025-11-17,0.0
ORD-122292,2024-12-28,2024-12-28,0.0
ORD-122293,2025-02-01,,
ORD-122294,2024-11-17,2024-11-17,0.0
ORD-122295,2025-01-07,2025-01-07,0.0
ORD-122296,2025-11-21,2025-11-21,0.0
ORD-122297,2024-09-08,2024-09-08,0.0
ORD-122298,2025-08-20,2025-08-21,1.0
ORD-122299,2025-03-07,2025-03-07,0.0
ORD-122300,2025-11-14,2025-11-14,0.0
ORD-122301,2025-12-03,2025-12-03,0.0
ORD-122302,2024-09-13,,
ORD-122303,2025-06-12,2025-06-13,1.0
ORD-122304,2025-10-30,2025-10-31,1.0
ORD-122305,2024-11-14,2024-11-16,2.0
ORD-122306,2025-02-16,2025-02-17,1.0
ORD-122307,2024-08-09,2024-08-09,0.0
ORD-122308,2025-10-02,2025-10-03,1.0
ORD-122309,2025-03-07,2025-03-10,3.0
ORD-122310,2025-04-11,2025-04-11,0.0
ORD-122311,2025-07-14,2025-07-14,0.0
ORD-122312,2025-11-28,2025-11-28,0.0
ORD-122313,2025-10-19,2025-10-20,1.0
ORD-122314,2025-10-23,,
ORD-122315,2025-02-12,2025-02-12,0.0
ORD-122316,2024-10-02,2024-10-02,0.0
ORD-122317,2025-04-29,2025-04-30,1.0
ORD-122318,2025-10-02,2025-10-04,2.0
ORD-122319,2025-09-18,2025-09-18,0.0
ORD-122320,2024-06-23,2024-06-23,0.0
ORD-122321,2025-08-19,2025-08-20,1.0
ORD-122322,2025-04-25,2025-04-30,5.0
ORD-122323,2025-12-14,2025-12-15,1.0
ORD-122324,2025-11-11,2025-11-11,0.0
ORD-122325,2025-10-14,,
ORD-122326,2025-04-07,2025-04-07,0.0
ORD-122327,2025-09-22,2025-09-23,1.0
ORD-122328,2025-07-11,,
ORD-122329,2025-02-24,2025-02-24,0.0
ORD-122330,2025-09-19,2025-09-20,1.0
ORD-122331,2025-10-09,2025-10-09,0.0
ORD-122332,2025-12-24,2025-12-24,0.0
ORD-122333,2025-02-04,2025-02-05,1.0
ORD-122334,2025-06-07,2025-06-07,0.0
ORD-122335,2025-11-29,2025-11-29,0.0
ORD-122336,2025-11-06,,
ORD-122337,2024-10-25,2024-10-25,0.0
ORD-122338,2024-12-28,2024-12-30,2.0
ORD-122339,2025-07-21,,
ORD-122340,2024-11-12,2024-11-12,0.0
ORD-122341,2025-11-30,,
ORD-122342,2025-10-18,2025-10-21,3.0
ORD-122343,2025-10-16,2025-10-16,0.0
ORD-122344,2025-08-13,2025-08-13,0.0
ORD-122345,2025-03-13,2025-03-13,0.0
ORD-122346,2025-06-06,,
ORD-122347,2025-08-19,2025-08-19,0.0
ORD-122348,2025-04-05,2025-04-05,0.0
ORD-122349,2025-02-02,2025-02-02,0.0
ORD-122350,2024-04-10,,
ORD-122351,2024-12-16,2024-12-16,0.0
ORD-122352,2025-10-26,2025-10-27,1.0
ORD-122353,2025-02-09,2025-02-10,1.0
ORD-122354,2025-11-10,2025-11-10,0.0
ORD-122355,2025-10-03,2025-10-03,0.0
ORD-122356,2025-04-25,2025-04-25,0.0
ORD-122357,2025-09-11,2025-09-12,1.0
ORD-122358,2025-10-23,2025-10-23,0.0
ORD-122359,2025-05-19,2025-05-20,1.0
ORD-122360,2025-03-26,2025-03-28,2.0
ORD-122361,2025-01-04,2025-01-04,0.0
ORD-122362,2025-11-28,2025-11-28,0.0
ORD-122363,2025-02-14,2025-02-16,2.0
ORD-122364,2025-07-11,2025-07-11,0.0
ORD-122365,2025-11-10,2025-11-10,0.0
ORD-122366,2025-01-24,2025-01-25,1.0
ORD-122367,2025-11-17,2025-11-22,5.0
ORD-122368,2025-04-30,2025-04-30,0.0
ORD-122369,2025-02-08,2025-02-08,0.0
ORD-122370,2024-08-02,2024-08-03,1.0
ORD-122371,2025-11-05,2025-11-05,0.0
ORD-122372,2024-05-07,2024-05-07,0.0
ORD-122373,2025-03-02,2025-03-02,0.0
ORD-122374,2025-09-27,2025-09-27,0.0
ORD-122375,2025-06-15,2025-06-15,0.0
ORD-122376,2024-11-05,2024-11-05,0.0
ORD-122377,2025-10-19,2025-10-19,0.0
ORD-122378,2025-04-30,2025-04-30,0.0
ORD-122379,2024-08-19,2024-08-19,0.0
ORD-122380,2025-08-02,2025-08-02,0.0
ORD-122381,2024-10-18,2024-10-19,1.0
ORD-122382,2025-10-03,2025-10-05,2.0
ORD-122383,2025-09-04,2025-09-05,1.0
ORD-122384,2024-09-26,2024-09-26,0.0
ORD-122385,2024-03-27,2024-03-27,0.0
ORD-122386,2025-10-11,2025-10-12,1.0
ORD-122387,2024-10-26,2024-10-26,0.0
ORD-122388,2025-06-19,2025-06-19,0.0
ORD-122389,2024-02-21,2024-02-21,0.0
ORD-122390,2025-07-20,2025-07-20,0.0
ORD-122391,2024-09-18,2024-09-18,0.0
ORD-122392,2024-11-14,2024-11-16,2.0
ORD-122393,2025-11-08,2025-11-09,1.0
ORD-122394,2025-05-26,2025-05-26,0.0
ORD-122395,2025-09-22,2025-09-23,1.0
ORD-122396,2025-02-15,2025-02-15,0.0
ORD-122397,2025-06-29,2025-06-29,0.0
ORD-122398,2025-01-28,2025-01-31,3.0
ORD-122399,2024-10-23,2024-10-24,1.0
ORD-122400,2025-07-22,2025-07-22,0.0
ORD-122401,2025-03-31,2025-03-31,0.0
ORD-122402,2025-04-26,2025-04-26,0.0
ORD-122403,2025-09-30,2025-09-30,0.0
ORD-122404,2025-01-02,2025-01-04,2.0
ORD-122405,2025-11-05,,
ORD-122406,2024-05-26,2024-05-26,0.0
ORD-122407,2025-02-11,2025-02-12,1.0
ORD-122408,2025-06-30,2025-07-03,3.0
ORD-122409,2025-05-22,2025-05-22,0.0
ORD-122410,2025-04-10,2025-04-11,1.0
ORD-122411,2024-08-11,2024-08-11,0.0
ORD-122412,2025-11-03,2025-11-04,1.0
ORD-122413,2025-05-05,2025-05-06,1.0
ORD-122414,2025-12-10,,
ORD-122415,2024-11-18,2024-11-18,0.0
ORD-122416,2025-12-20,,
ORD-122417,2024-03-30,2024-03-31,1.0
ORD-122418,2025-06-04,2025-06-04,0.0
ORD-122419,2025-06-20,2025-06-20,0.0
ORD-122420,2025-01-21,2025-01-21,0.0
ORD-122421,2025-02-24,2025-02-25,1.0
ORD-122422,2025-08-08,2025-08-08,0.0
ORD-122423,2024-05-09,2024-05-09,0.0
ORD-122424,2025-01-27,2025-01-27,0.0
ORD-122425,2025-07-05,,
ORD-122426,2025-09-29,2025-09-30,1.0
ORD-122427,2025-03-31,,
ORD-122428,2024-11-08,2024-11-08,0.0
ORD-122429,2025-08-17,2025-08-17,0.0
ORD-122430,2024-05-12,2024-05-14,2.0
ORD-122431,2024-05-04,2024-05-04,0.0
ORD-122432,2025-01-24,2025-01-25,1.0
ORD-122433,2025-12-24,2025-12-24,0.0
ORD-122434,2025-10-15,2025-10-15,0.0
ORD-122435,2024-08-04,2024-08-04,0.0
ORD-122436,2025-05-03,2025-05-03,0.0
ORD-122437,2024-12-03,2024-12-03,0.0
ORD-122438,2025-11-08,2025-11-08,0.0
ORD-122439,2024-06-24,2024-06-24,0.0
ORD-122440,2025-11-11,2025-11-13,2.0
ORD-122441,2025-11-19,2025-11-19,0.0
ORD-122442,2025-05-01,2025-05-01,0.0
ORD-122443,2025-09-19,2025-09-19,0.0
ORD-122444,2025-01-28,2025-01-29,1.0
ORD-122445,2025-10-04,2025-10-04,0.0
ORD-122446,2024-10-28,2024-10-29,1.0
ORD-122447,2025-11-06,2025-11-06,0.0
ORD-122448,2025-05-29,2025-05-31,2.0
ORD-122449,2025-11-12,2025-11-13,1.0
ORD-122450,2025-12-28,2025-12-28,0.0
ORD-122451,2025-03-09,2025-03-09,0.0
ORD-122452,2025-03-15,,
ORD-122453,2025-07-04,2025-07-04,0.0
ORD-122454,2025-10-25,2025-10-26,1.0
ORD-122455,2025-07-29,2025-07-29,0.0
ORD-122456,2025-09-12,2025-09-13,1.0
ORD-122457,2025-09-28,2025-09-28,0.0
ORD-122458,2024-06-05,2024-06-05,0.0
ORD-122459,2025-09-24,2025-09-24,0.0
ORD-122460,2025-11-22,2025-11-22,0.0
ORD-122461,2025-08-12,2025-08-12,0.0
ORD-122462,2024-07-15,2024-07-15,0.0
ORD-122463,2025-09-08,2025-09-10,2.0
ORD-122464,2025-07-01,2025-07-01,0.0
ORD-122465,2025-09-02,2025-09-02,0.0
ORD-122466,2024-12-07,,
ORD-122467,2025-03-27,2025-03-27,0.0
ORD-122468,2025-04-29,,
ORD-122469,2025-07-10,2025-07-11,1.0
ORD-122470,2025-12-26,2025-12-26,0.0
ORD-122471,2025-11-03,2025-11-03,0.0
ORD-122472,2025-08-08,,
ORD-122473,2025-02-16,2025-02-16,0.0
ORD-122474,2025-10-21,2025-10-21,0.0
ORD-122475,2024-07-28,2024-07-28,0.0
ORD-122476,2025-10-01,2025-10-02,1.0
ORD-122477,2025-12-26,2025-12-27,1.0
ORD-122478,2024-12-19,2024-12-19,0.0
ORD-122479,2024-07-20,2024-07-22,2.0
ORD-122480,2024-01-30,2024-01-31,1.0
ORD-122481,2024-07-12,2024-07-12,0.0
ORD-122482,2025-01-10,2025-01-10,0.0
ORD-122483,2025-09-24,2025-09-24,0.0
ORD-122484,2025-10-31,2025-11-01,1.0
ORD-122485,2025-06-16,2025-06-17,1.0
ORD-122486,2024-11-27,2024-11-27,0.0
ORD-122487,2025-12-26,2025-12-26,0.0
ORD-122488,2025-08-09,2025-08-09,0.0
ORD-122489,2024-11-12,2024-11-14,2.0
ORD-122490,2025-10-01,2025-10-01,0.0
ORD-122491,2025-03-13,2025-03-14,1.0
ORD-122492,2025-08-21,,
ORD-122493,2025-12-08,,
ORD-122494,2025-09-19,2025-09-19,0.0
ORD-122495,2025-05-22,2025-05-24,2.0
ORD-122496,2025-06-05,2025-06-05,0.0
ORD-122497,2024-05-30,2024-06-02,3.0
ORD-122498,2025-12-25,2025-12-25,0.0
ORD-122499,2025-03-04,2025-03-04,0.0
ORD-122500,2024-11-23,2024-11-23,0.0
ORD-122501,2025-12-08,,
ORD-122502,2025-09-08,2025-09-10,2.0
ORD-122503,2025-09-16,2025-09-16,0.0
ORD-122504,2025-08-16,2025-08-16,0.0
ORD-122505,2025-03-18,2025-03-18,0.0
ORD-122506,2024-11-02,2024-11-02,0.0
ORD-122507,2025-11-04,2025-11-05,1.0
ORD-122508,2025-07-11,2025-07-12,1.0
ORD-122509,2025-05-03,,
ORD-122510,2025-10-26,2025-10-26,0.0
ORD-122511,2025-06-07,2025-06-08,1.0
ORD-122512,2025-01-01,,
ORD-122513,2024-12-16,2024-12-16,0.0
ORD-122514,2024-05-29,2024-05-29,0.0
ORD-122515,2025-05-15,2025-05-15,0.0
ORD-122516,2025-04-14,2025-04-15,1.0
ORD-122517,2025-04-25,2025-04-26,1.0
ORD-122518,2025-04-17,2025-04-17,0.0
ORD-122519,2025-07-20,2025-07-23,3.0
ORD-122520,2024-09-30,2024-10-01,1.0
ORD-122521,2025-12-27,2025-12-27,0.0
ORD-122522,2025-06-13,2025-06-14,1.0
ORD-122523,2025-10-23,2025-10-23,0.0
ORD-122524,2025-09-23,2025-09-23,0.0
ORD-122525,2025-10-14,2025-10-16,2.0
ORD-122526,2025-02-12,2025-02-12,0.0
ORD-122527,2025-10-24,2025-10-25,1.0
ORD-122528,2024-11-12,2024-11-12,0.0
ORD-122529,2025-05-26,2025-05-26,0.0
ORD-122530,2025-04-17,,
ORD-122531,2025-03-04,2025-03-04,0.0
ORD-122532,2025-08-27,2025-08-28,1.0
ORD-122533,2025-07-27,2025-07-27,0.0
ORD-122534,2026-01-01,2026-01-01,0.0
ORD-122535,2025-04-28,2025-04-28,0.0
ORD-122536,2025-10-28,2025-10-28,0.0
ORD-122537,2025-02-06,2025-02-08,2.0
ORD-122538,2024-11-01,2024-11-02,1.0
ORD-122539,2025-10-26,2025-10-26,0.0
ORD-122540,2025-07-06,2025-07-08,2.0
ORD-122541,2025-04-17,2025-04-17,0.0
ORD-122542,2024-12-16,2024-12-17,1.0
ORD-122543,2024-12-10,2024-12-12,2.0
ORD-122544,2025-12-29,,
ORD-122545,2024-10-24,2024-10-24,0.0
ORD-122546,2025-11-28,,
ORD-122547,2025-11-11,2025-11-11,0.0
ORD-122548,2024-11-18,2024-11-18,0.0
ORD-122549,2025-11-20,2025-11-20,0.0
ORD-122550,2025-07-26,2025-07-28,2.0
ORD-122551,2025-11-01,,
ORD-122552,2025-11-06,2025-11-06,0.0
ORD-122553,2025-11-09,2025-11-10,1.0
ORD-122554,2025-11-07,2025-11-07,0.0
ORD-122555,2024-12-24,,
ORD-122556,2025-08-19,2025-08-19,0.0
ORD-122557,2025-12-11,2025-12-14,3.0
ORD-122558,2025-05-06,2025-05-06,0.0
ORD-122559,2025-02-15,2025-02-16,1.0
ORD-122560,2024-10-28,2024-10-29,1.0
ORD-122561,2025-07-20,2025-07-20,0.0
ORD-122562,2024-10-10,2024-10-13,3.0
ORD-122563,2025-05-31,2025-06-02,2.0
ORD-122564,2025-10-15,2025-10-15,0.0
ORD-122565,2024-01-29,2024-01-30,1.0
ORD-122566,2025-04-09,2025-04-09,0.0
ORD-122567,2025-10-24,2025-10-25,1.0
ORD-122568,2025-09-05,2025-09-07,2.0
ORD-122569,2025-06-26,2025-06-27,1.0
ORD-122570,2024-11-22,2024-11-23,1.0
ORD-122571,2025-09-24,2025-09-24,0.0
ORD-122572,2025-12-24,2025-12-25,1.0
ORD-122573,2025-06-03,2025-06-04,1.0
ORD-122574,2024-11-07,2024-11-07,0.0
ORD-122575,2025-12-28,2025-12-29,1.0
ORD-122576,2025-11-28,2025-11-28,0.0
ORD-122577,2024-07-24,2024-07-24,0.0
ORD-122578,2025-12-12,2025-12-12,0.0
ORD-122579,2025-05-17,,
ORD-122580,2025-01-24,,
ORD-122581,2025-06-14,2025-06-14,0.0
ORD-122582,2024-10-24,2024-10-24,0.0
ORD-122583,2024-11-14,2024-11-14,0.0
ORD-122584,2025-01-14,2025-01-14,0.0
ORD-122585,2025-07-24,2025-07-26,2.0
ORD-122586,2024-11-15,2024-11-15,0.0
ORD-122587,2026-01-02,2026-01-03,1.0
ORD-122588,2025-12-10,2025-12-11,1.0
ORD-122589,2025-08-20,2025-08-23,3.0
ORD-122590,2025-11-28,2025-11-29,1.0
ORD-122591,2025-11-16,2025-11-19,3.0
ORD-122592,2025-05-23,2025-05-25,2.0
ORD-122593,2025-04-04,2025-04-04,0.0
ORD-122594,2025-09-16,2025-09-16,0.0
ORD-122595,2024-12-07,2024-12-07,0.0
ORD-122596,2025-12-02,2025-12-02,0.0
ORD-122597,2025-10-15,2025-10-16,1.0
ORD-122598,2025-08-15,2025-08-15,0.0
ORD-122599,2024-09-10,2024-09-10,0.0
ORD-122600,2025-11-04,2025-11-04,0.0
ORD-122601,2025-10-24,2025-10-24,0.0
ORD-122602,2024-11-10,2024-11-10,0.0
ORD-122603,2025-08-14,2025-08-14,0.0
ORD-122604,2025-07-20,2025-07-20,0.0
ORD-122605,2025-10-29,2025-10-29,0.0
ORD-122606,2025-08-30,2025-08-30,0.0
ORD-122607,2025-04-05,,
ORD-122608,2024-07-25,,
ORD-122609,2024-10-24,2024-10-25,1.0
ORD-122610,2025-12-29,2025-12-31,2.0
ORD-122611,2025-10-30,2025-10-30,0.0
ORD-122612,2025-08-25,,
ORD-122613,2025-09-26,2025-09-26,0.0
ORD-122614,2025-04-07,2025-04-07,0.0
ORD-122615,2025-10-14,2025-10-15,1.0
ORD-122616,2025-10-29,2025-10-29,0.0
ORD-122617,2024-10-27,,
ORD-122618,2025-09-19,2025-09-19,0.0
ORD-122619,2025-04-07,2025-04-07,0.0
ORD-122620,2025-04-07,2025-04-08,1.0
ORD-122621,2025-01-29,2025-01-29,0.0
ORD-122622,2025-11-05,2025-11-05,0.0
ORD-122623,2025-08-27,2025-08-27,0.0
ORD-122624,2025-07-20,2025-07-20,0.0
ORD-122625,2025-04-03,2025-04-05,2.0
ORD-122626,2025-10-21,2025-10-21,0.0
ORD-122627,2025-09-17,2025-09-17,0.0
ORD-122628,2024-05-03,2024-05-03,0.0
ORD-122629,2025-04-30,2025-05-01,1.0
ORD-122630,2024-07-26,2024-07-26,0.0
ORD-122631,2025-07-18,2025-07-19,1.0
ORD-122632,2025-06-04,2025-06-05,1.0
ORD-122633,2025-01-12,2025-01-12,0.0
ORD-122634,2025-01-09,2025-01-10,1.0
ORD-122635,2025-09-19,2025-09-21,2.0
ORD-122636,2025-10-20,2025-10-20,0.0
ORD-122637,2024-10-16,,
ORD-122638,2025-10-10,2025-10-10,0.0
ORD-122639,2025-10-17,2025-10-20,3.0
ORD-122640,2024-06-26,,
ORD-122641,2025-07-25,2025-07-28,3.0
ORD-122642,2024-11-07,2024-11-07,0.0
ORD-122643,2025-12-22,2025-12-22,0.0
ORD-122644,2025-03-26,2025-03-26,0.0
ORD-122645,2025-10-01,2025-10-04,3.0
ORD-122646,2025-07-06,2025-07-06,0.0
ORD-122647,2025-10-04,2025-10-04,0.0
ORD-122648,2025-10-09,2025-10-10,1.0
ORD-122649,2024-11-16,2024-11-16,0.0
ORD-122650,2024-10-03,2024-10-03,0.0
ORD-122651,2025-04-25,2025-04-25,0.0
ORD-122652,2025-02-08,2025-02-09,1.0
ORD-122653,2025-07-17,2025-07-19,2.0
ORD-122654,2025-11-18,2025-11-20,2.0
ORD-122655,2025-01-30,2025-01-31,1.0
ORD-122656,2025-11-03,2025-11-05,2.0
ORD-122657,2025-09-29,,
ORD-122658,2025-01-23,2025-01-24,1.0
ORD-122659,2025-10-31,2025-10-31,0.0
ORD-122660,2025-06-21,2025-06-21,0.0
ORD-122661,2025-03-18,2025-03-18,0.0
ORD-122662,2025-07-29,2025-07-29,0.0
ORD-122663,2025-08-30,2025-08-30,0.0
ORD-122664,2025-05-07,2025-05-09,2.0
ORD-122665,2025-06-23,2025-06-23,0.0
ORD-122666,2024-12-19,2024-12-19,0.0
ORD-122667,2025-07-09,2025-07-09,0.0
ORD-122668,2024-05-10,2024-05-10,0.0
ORD-122669,2025-06-18,2025-06-18,0.0
ORD-122670,2025-10-18,,
ORD-122671,2025-04-03,,
ORD-122672,2025-12-04,2025-12-04,0.0
ORD-122673,2025-03-14,2025-03-15,1.0
ORD-122674,2025-11-10,2025-11-11,1.0
ORD-122675,2025-05-05,2025-05-05,0.0
ORD-122676,2025-06-09,2025-06-10,1.0
ORD-122677,2025-09-09,,
ORD-122678,2025-11-25,,
ORD-122679,2025-10-12,2025-10-12,0.0
ORD-122680,2025-07-09,2025-07-09,0.0
ORD-122681,2024-02-26,2024-02-26,0.0
ORD-122682,2025-01-04,2025-01-06,2.0
ORD-122683,2025-10-23,2025-10-23,0.0
ORD-122684,2025-08-15,2025-08-16,1.0
ORD-122685,2025-11-29,2025-11-29,0.0
ORD-122686,2025-06-21,2025-06-21,0.0
ORD-122687,2025-12-07,2025-12-08,1.0
ORD-122688,2024-10-22,2024-10-22,0.0
ORD-122689,2025-07-15,,
ORD-122690,2025-11-17,2025-11-17,0.0
ORD-122691,2025-08-11,2025-08-11,0.0
ORD-122692,2025-10-27,2025-10-27,0.0
ORD-122693,2025-05-23,2025-05-23,0.0
ORD-122694,2025-01-11,2025-01-12,1.0
ORD-122695,2025-09-04,2025-09-05,1.0
ORD-122696,2024-12-10,2024-12-11,1.0
ORD-122697,2025-05-28,2025-05-28,0.0
ORD-122698,2025-05-01,2025-05-01,0.0
ORD-122699,2025-10-24,2025-10-24,0.0
ORD-122700,2025-11-01,2025-11-02,1.0
ORD-122701,2025-08-05,2025-08-06,1.0
ORD-122702,2025-05-17,2025-05-17,0.0
ORD-122703,2024-12-11,2024-12-12,1.0
ORD-122704,2025-07-31,2025-07-31,0.0
ORD-122705,2025-09-12,2025-09-12,0.0
ORD-122706,2025-09-13,2025-09-13,0.0
ORD-122707,2024-09-28,2024-09-28,0.0
ORD-122708,2025-05-01,2025-05-02,1.0
ORD-122709,2025-12-26,2025-12-26,0.0
ORD-122710,2025-01-22,2025-01-23,1.0
ORD-122711,2024-10-27,2024-10-27,0.0
ORD-122712,2025-06-03,2025-06-03,0.0
ORD-122713,2024-12-07,,
ORD-122714,2024-10-08,2024-10-11,3.0
ORD-122715,2025-06-18,2025-06-18,0.0
ORD-122716,2025-02-01,2025-02-01,0.0
ORD-122717,2024-11-15,2024-11-16,1.0
ORD-122718,2025-09-24,2025-09-24,0.0
ORD-122719,2025-08-26,2025-08-26,0.0
ORD-122720,2025-10-21,2025-10-21,0.0
ORD-122721,2025-03-28,2025-03-30,2.0
ORD-122722,2025-03-17,2025-03-18,1.0
ORD-122723,2025-03-01,2025-03-01,0.0
ORD-122724,2025-07-23,2025-07-24,1.0
ORD-122725,2025-05-06,2025-05-06,0.0
ORD-122726,2025-06-21,2025-06-22,1.0
ORD-122727,2024-08-22,2024-08-23,1.0
ORD-122728,2024-11-09,2024-11-09,0.0
ORD-122729,2025-07-20,2025-07-20,0.0
ORD-122730,2025-06-24,2025-06-24,0.0
ORD-122731,2024-11-08,2024-11-08,0.0
ORD-122732,2024-08-06,2024-08-06,0.0
ORD-122733,2025-04-24,2025-04-24,0.0
ORD-122734,2025-09-23,,
ORD-122735,2025-01-02,2025-01-02,0.0
ORD-122736,2025-05-30,2025-05-30,0.0
ORD-122737,2025-06-21,2025-06-21,0.0
ORD-122738,2025-08-23,2025-08-24,1.0
ORD-122739,2025-11-05,2025-11-05,0.0
ORD-122740,2025-07-05,2025-07-05,0.0
ORD-122741,2025-10-28,2025-10-28,0.0
ORD-122742,2025-02-16,2025-02-17,1.0
ORD-122743,2025-05-04,2025-05-05,1.0
ORD-122744,2025-03-14,2025-03-14,0.0
ORD-122745,2025-03-23,,
ORD-122746,2025-11-22,2025-11-22,0.0
ORD-122747,2025-04-08,,
ORD-122748,2024-08-25,2024-08-25,0.0
ORD-122749,2025-11-13,2025-11-13,0.0
ORD-122750,2025-11-09,2025-11-10,1.0
ORD-122751,2025-10-04,2025-10-04,0.0
ORD-122752,2025-01-07,2025-01-08,1.0
ORD-122753,2025-02-28,2025-02-28,0.0
ORD-122754,2025-12-19,2025-12-22,3.0
ORD-122755,2025-07-24,2025-07-25,1.0
ORD-122756,2025-10-05,2025-10-05,0.0
ORD-122757,2025-10-18,2025-10-18,0.0
ORD-122758,2024-07-13,2024-07-13,0.0
ORD-122759,2025-02-12,2025-02-12,0.0
ORD-122760,2024-12-18,,
ORD-122761,2025-10-25,2025-10-26,1.0
ORD-122762,2024-11-28,2024-11-28,0.0
ORD-122763,2025-08-21,2025-08-21,0.0
ORD-122764,2025-09-30,2025-09-30,0.0
ORD-122765,2025-12-25,2025-12-26,1.0
ORD-122766,2025-11-26,2025-11-27,1.0
ORD-122767,2025-09-26,2025-09-27,1.0
ORD-122768,2025-11-09,2025-11-11,2.0
ORD-122769,2025-10-05,2025-10-05,0.0
ORD-122770,2025-12-31,2025-12-31,0.0
ORD-122771,2025-10-28,,
ORD-122772,2024-11-23,2024-11-24,1.0
ORD-122773,2025-09-28,2025-09-28,0.0
ORD-122774,2025-01-25,2025-01-26,1.0
ORD-122775,2025-10-06,2025-10-06,0.0
ORD-122776,2025-02-20,2025-02-20,0.0
ORD-122777,2024-12-17,2024-12-17,0.0
ORD-122778,2025-10-08,2025-10-08,0.0
ORD-122779,2024-03-10,2024-03-11,1.0
ORD-122780,2025-02-24,2025-02-24,0.0
ORD-122781,2025-01-13,2025-01-13,0.0
ORD-122782,2025-10-22,2025-10-22,0.0
ORD-122783,2025-09-16,2025-09-16,0.0
ORD-122784,2024-08-08,2024-08-08,0.0
ORD-122785,2025-01-31,2025-02-02,2.0
ORD-122786,2024-10-11,2024-10-12,1.0
ORD-122787,2025-12-27,2025-12-27,0.0
ORD-122788,2025-07-02,2025-07-02,0.0
ORD-122789,2025-11-08,2025-11-09,1.0
ORD-122790,2025-11-16,2025-11-16,0.0
ORD-122791,2025-06-03,2025-06-04,1.0
ORD-122792,2025-03-02,2025-03-02,0.0
ORD-122793,2025-09-28,,
ORD-122794,2025-08-13,2025-08-13,0.0
ORD-122795,2025-08-19,2025-08-19,0.0
ORD-122796,2025-09-28,2025-09-29,1.0
ORD-122797,2024-11-14,2024-11-14,0.0
ORD-122798,2025-11-03,2025-11-04,1.0
ORD-122799,2025-03-02,2025-03-02,0.0
ORD-122800,2025-05-17,2025-05-17,0.0
ORD-122801,2025-05-23,2025-05-23,0.0
ORD-122802,2025-11-14,2025-11-14,0.0
ORD-122803,2024-09-15,2024-09-15,0.0
ORD-122804,2025-04-21,2025-04-22,1.0
ORD-122805,2025-01-02,2025-01-02,0.0
ORD-122806,2024-12-25,2024-12-26,1.0
ORD-122807,2024-06-19,2024-06-19,0.0
ORD-122808,2025-06-07,2025-06-07,0.0
ORD-122809,2025-01-23,2025-01-23,0.0
ORD-122810,2025-01-30,2025-01-30,0.0
ORD-122811,2025-03-01,2025-03-01,0.0
ORD-122812,2025-10-23,2025-10-25,2.0
ORD-122813,2024-11-04,2024-11-05,1.0
ORD-122814,2025-05-12,2025-05-12,0.0
ORD-122815,2024-10-29,2024-10-29,0.0
ORD-122816,2025-10-07,2025-10-07,0.0
ORD-122817,2024-09-18,,
ORD-122818,2025-11-14,2025-11-16,2.0
ORD-122819,2024-11-22,2024-11-22,0.0
ORD-122820,2024-12-23,2024-12-26,3.0
ORD-122821,2025-04-07,2025-04-07,0.0
ORD-122822,2025-02-12,2025-02-12,0.0
ORD-122823,2025-07-04,2025-07-04,0.0
ORD-122824,2025-10-10,2025-10-10,0.0
ORD-122825,2024-11-10,2024-11-10,0.0
ORD-122826,2024-04-27,2024-04-29,2.0
ORD-122827,2025-06-02,2025-06-03,1.0
ORD-122828,2025-11-03,2025-11-03,0.0
ORD-122829,2024-12-03,2024-12-03,0.0
ORD-122830,2025-02-17,2025-02-17,0.0
ORD-122831,2024-11-21,2024-11-21,0.0
ORD-122832,2024-12-24,2024-12-26,2.0
ORD-122833,2025-12-11,2025-12-11,0.0
ORD-122834,2025-07-13,2025-07-15,2.0
ORD-122835,2025-11-25,2025-11-25,0.0
ORD-122836,2025-02-25,2025-02-25,0.0
ORD-122837,2025-12-11,2025-12-11,0.0
ORD-122838,2025-01-31,2025-01-31,0.0
ORD-122839,2025-11-09,2025-11-10,1.0
ORD-122840,2025-11-14,2025-11-15,1.0
ORD-122841,2024-09-17,,
ORD-122842,2025-08-08,2025-08-09,1.0
ORD-122843,2025-02-11,,
ORD-122844,2025-09-16,2025-09-17,1.0
ORD-122845,2025-01-27,2025-01-27,0.0
ORD-122846,2025-06-07,2025-06-07,0.0
ORD-122847,2024-09-15,2024-09-15,0.0
ORD-122848,2024-12-23,2024-12-23,0.0
ORD-122849,2025-11-07,2025-11-08,1.0
ORD-122850,2024-06-09,2024-06-09,0.0
ORD-122851,2025-11-01,2025-11-01,0.0
ORD-122852,2025-01-03,2025-01-03,0.0
ORD-122853,2025-09-11,2025-09-12,1.0
ORD-122854,2025-09-29,2025-09-30,1.0
ORD-122855,2025-05-12,2025-05-13,1.0
ORD-122856,2025-10-19,2025-10-19,0.0
ORD-122857,2024-09-18,2024-09-18,0.0
ORD-122858,2024-11-10,2024-11-10,0.0
ORD-122859,2025-07-06,2025-07-06,0.0
ORD-122860,2025-10-14,2025-10-14,0.0
ORD-122861,2025-09-08,,
ORD-122862,2025-10-13,2025-10-13,0.0
ORD-122863,2025-11-15,2025-11-16,1.0
ORD-122864,2025-11-16,2025-11-16,0.0
ORD-122865,2025-10-25,,
ORD-122866,2024-10-22,2024-10-22,0.0
ORD-122867,2025-07-12,2025-07-13,1.0
ORD-122868,2025-10-25,2025-10-27,2.0
ORD-122869,2025-05-04,2025-05-04,0.0
ORD-122870,2025-10-29,,
ORD-122871,2024-11-05,2024-11-07,2.0
ORD-122872,2025-08-11,2025-08-11,0.0
ORD-122873,2024-10-18,2024-10-18,0.0
ORD-122874,2024-12-09,2024-12-09,0.0
ORD-122875,2025-08-29,,
ORD-122876,2024-01-21,2024-01-21,0.0
ORD-122877,2025-02-10,2025-02-10,0.0
ORD-122878,2024-10-17,2024-10-18,1.0
ORD-122879,2025-09-29,2025-09-29,0.0
ORD-122880,2025-09-26,2025-09-26,0.0
ORD-122881,2025-06-28,2025-07-01,3.0
ORD-122882,2025-08-18,2025-08-18,0.0
ORD-122883,2025-09-06,2025-09-08,2.0
ORD-122884,2025-05-10,2025-05-12,2.0
ORD-122885,2024-11-10,2024-11-10,0.0
ORD-122886,2025-05-20,2025-05-20,0.0
ORD-122887,2025-08-18,2025-08-20,2.0
ORD-122888,2025-09-11,,
ORD-122889,2025-05-19,2025-05-19,0.0
ORD-122890,2025-05-12,2025-05-12,0.0
ORD-122891,2025-04-29,2025-04-29,0.0
ORD-122892,2025-12-28,2025-12-29,1.0
ORD-122893,2024-11-14,,
ORD-122894,2025-08-22,2025-08-22,0.0
ORD-122895,2024-10-17,2024-10-17,0.0
ORD-122896,2025-06-13,2025-06-14,1.0
ORD-122897,2025-12-02,2025-12-03,1.0
ORD-122898,2025-04-06,,
ORD-122899,2024-11-30,2024-12-03,3.0
ORD-122900,2025-10-17,2025-10-17,0.0
ORD-122901,2025-11-06,2025-11-06,0.0
ORD-122902,2025-11-26,2025-11-26,0.0
ORD-122903,2025-04-18,2025-04-18,0.0
ORD-122904,2024-11-03,2024-11-03,0.0
ORD-122905,2024-11-17,2024-11-17,0.0
ORD-122906,2025-06-26,2025-06-26,0.0
ORD-122907,2025-09-16,2025-09-16,0.0
ORD-122908,2025-11-01,2025-11-01,0.0
ORD-122909,2025-10-06,2025-10-07,1.0
ORD-122910,2024-05-03,2024-05-03,0.0
ORD-122911,2025-01-12,,
ORD-122912,2025-10-20,2025-10-20,0.0
ORD-122913,2025-06-15,2025-06-15,0.0
ORD-122914,2025-08-31,,
ORD-122915,2025-10-02,2025-10-03,1.0
ORD-122916,2025-10-26,2025-10-29,3.0
ORD-122917,2025-09-19,2025-09-19,0.0
ORD-122918,2025-06-16,2025-06-18,2.0
ORD-122919,2025-07-11,2025-07-11,0.0
ORD-122920,2025-07-05,2025-07-05,0.0
ORD-122921,2025-07-02,2025-07-02,0.0
ORD-122922,2024-08-09,2024-08-09,0.0
ORD-122923,2025-10-22,2025-10-22,0.0
ORD-122924,2025-10-25,2025-10-26,1.0
ORD-122925,2025-11-03,2025-11-05,2.0
ORD-122926,2025-02-05,2025-02-07,2.0
ORD-122927,2025-02-07,2025-02-09,2.0
ORD-122928,2025-08-04,2025-08-04,0.0
ORD-122929,2024-08-15,2024-08-15,0.0
ORD-122930,2025-12-04,2025-12-04,0.0
ORD-122931,2025-04-28,2025-04-28,0.0
ORD-122932,2025-12-19,2025-12-20,1.0
ORD-122933,2025-12-06,2025-12-06,0.0
ORD-122934,2025-12-20,2025-12-20,0.0
ORD-122935,2024-12-08,2024-12-09,1.0
ORD-122936,2025-10-09,2025-10-09,0.0
ORD-122937,2025-12-13,,
ORD-122938,2024-07-18,2024-07-20,2.0
ORD-122939,2024-12-07,,
ORD-122940,2025-07-12,2025-07-12,0.0
ORD-122941,2025-11-18,,
ORD-122942,2025-07-14,2025-07-14,0.0
ORD-122943,2025-12-20,2025-12-20,0.0
ORD-122944,2024-11-17,,
ORD-122945,2025-11-11,2025-11-12,1.0
ORD-122946,2024-06-13,2024-06-16,3.0
ORD-122947,2025-03-06,2025-03-06,0.0
ORD-122948,2024-11-18,2024-11-18,0.0
ORD-122949,2025-09-02,2025-09-02,0.0
ORD-122950,2024-08-25,2024-08-25,0.0
ORD-122951,2024-03-07,2024-03-10,3.0
ORD-122952,2024-11-04,2024-11-04,0.0
ORD-122953,2025-03-11,2025-03-11,0.0
ORD-122954,2025-12-13,2025-12-13,0.0
ORD-122955,2025-09-14,2025-09-14,0.0
ORD-122956,2025-10-30,2025-11-02,3.0
ORD-122957,2025-11-20,2025-11-20,0.0
ORD-122958,2025-07-01,,
ORD-122959,2025-05-17,2025-05-18,1.0
ORD-122960,2025-03-23,2025-03-25,2.0
ORD-122961,2025-02-18,2025-02-18,0.0
ORD-122962,2025-11-02,2025-11-03,1.0
ORD-122963,2025-08-31,,
ORD-122964,2024-07-24,2024-07-25,1.0
ORD-122965,2024-09-01,2024-09-02,1.0
ORD-122966,2025-02-09,2025-02-09,0.0
ORD-122967,2025-03-24,,
ORD-122968,2025-11-25,2025-11-25,0.0
ORD-122969,2024-11-03,2024-11-03,0.0
ORD-122970,2024-10-05,2024-10-07,2.0
ORD-122971,2025-07-03,2025-07-04,1.0
ORD-122972,2025-01-27,2025-01-27,0.0
ORD-122973,2025-02-02,2025-02-03,1.0
ORD-122974,2024-04-16,2024-04-16,0.0
ORD-122975,2024-03-17,2024-03-19,2.0
ORD-122976,2025-02-18,2025-02-19,1.0
ORD-122977,2025-08-12,2025-08-14,2.0
ORD-122978,2025-11-12,2025-11-14,2.0
ORD-122979,2025-03-13,2025-03-13,0.0
ORD-122980,2025-05-12,2025-05-12,0.0
ORD-122981,2024-08-03,2024-08-03,0.0
ORD-122982,2025-05-10,2025-05-11,1.0
ORD-122983,2024-11-09,,
ORD-122984,2025-10-28,2025-10-28,0.0
ORD-122985,2025-06-11,2025-06-11,0.0
ORD-122986,2025-06-05,2025-06-05,0.0
ORD-122987,2025-11-10,2025-11-10,0.0
ORD-122988,2025-06-19,2025-06-19,0.0
ORD-122989,2025-11-22,2025-11-22,0.0
ORD-122990,2025-02-04,2025-02-06,2.0
ORD-122991,2025-04-18,,
ORD-122992,2025-11-23,2025-11-24,1.0
ORD-122993,2025-11-23,2025-11-23,0.0
ORD-122994,2024-03-25,2024-03-25,0.0
ORD-122995,2025-01-14,2025-01-14,0.0
ORD-122996,2024-11-14,2024-11-14,0.0
ORD-122997,2025-09-17,2025-09-17,0.0
ORD-122998,2024-07-16,2024-07-16,0.0
ORD-122999,2024-11-01,2024-11-03,2.0
ORD-123000,2025-09-10,2025-09-10,0.0
ORD-123001,2025-04-29,2025-04-29,0.0
ORD-123002,2025-03-02,2025-03-02,0.0
ORD-123003,2025-11-03,2025-11-03,0.0
ORD-123004,2024-05-19,2024-05-21,2.0
ORD-123005,2025-12-23,2025-12-23,0.0
ORD-123006,2025-07-31,2025-08-01,1.0
ORD-123007,2025-10-06,2025-10-06,0.0
ORD-123008,2024-10-14,2024-10-15,1.0
ORD-123009,2025-10-15,2025-10-15,0.0
ORD-123010,2024-10-03,2024-10-03,0.0
ORD-123011,2025-05-12,2025-05-13,1.0
ORD-123012,2025-06-25,2025-06-25,0.0
ORD-123013,2025-03-28,,
ORD-123014,2024-10-05,2024-10-05,0.0
ORD-123015,2024-11-11,2024-11-11,0.0
ORD-123016,2024-04-12,2024-04-13,1.0
ORD-123017,2025-05-13,2025-05-13,0.0
ORD-123018,2025-07-24,2025-07-24,0.0
ORD-123019,2025-12-29,2025-12-29,0.0
ORD-123020,2025-02-08,2025-02-10,2.0
ORD-123021,2025-05-23,2025-05-23,0.0
ORD-123022,2024-04-08,2024-04-09,1.0
ORD-123023,2025-12-03,2025-12-04,1.0
ORD-123024,2025-01-23,2025-01-23,0.0
ORD-123025,2024-08-19,2024-08-21,2.0
ORD-123026,2025-06-17,2025-06-17,0.0
ORD-123027,2025-01-02,2025-01-02,0.0
ORD-123028,2025-06-30,2025-06-30,0.0
ORD-123029,2025-02-27,2025-02-28,1.0
ORD-123030,2024-02-02,2024-02-02,0.0
ORD-123031,2025-10-21,2025-10-21,0.0
ORD-123032,2025-01-22,2025-01-22,0.0
ORD-123033,2024-06-25,2024-06-25,0.0
ORD-123034,2025-12-22,2025-12-22,0.0
ORD-123035,2024-10-31,2024-10-31,0.0
ORD-123036,2025-12-22,,
ORD-123037,2025-03-12,2025-03-12,0.0
ORD-123038,2024-09-28,2024-09-28,0.0
ORD-123039,2025-07-08,2025-07-10,2.0
ORD-123040,2025-11-17,2025-11-17,0.0
ORD-123041,2025-06-02,2025-06-02,0.0
ORD-123042,2025-07-29,2025-07-29,0.0
ORD-123043,2024-07-10,2024-07-11,1.0
ORD-123044,2025-11-26,2025-11-27,1.0
ORD-123045,2025-03-07,2025-03-10,3.0
ORD-123046,2025-09-04,2025-09-05,1.0
ORD-123047,2024-10-28,2024-10-28,0.0
ORD-123048,2025-11-06,2025-11-06,0.0
ORD-123049,2024-11-14,,
ORD-123050,2025-09-27,2025-09-27,0.0
ORD-123051,2025-11-28,2025-11-28,0.0
ORD-123052,2025-10-12,2025-10-12,0.0
ORD-123053,2025-10-10,2025-10-10,0.0
ORD-123054,2025-10-11,2025-10-13,2.0
ORD-123055,2024-08-02,2024-08-02,0.0
ORD-123056,2025-01-31,2025-01-31,0.0
ORD-123057,2024-11-03,2024-11-03,0.0
ORD-123058,2025-10-21,2025-10-21,0.0
ORD-123059,2025-03-02,2025-03-03,1.0
ORD-123060,2025-02-16,2025-02-16,0.0
ORD-123061,2025-04-27,,
ORD-123062,2024-12-30,2024-12-30,0.0
ORD-123063,2025-03-11,2025-03-11,0.0
ORD-123064,2025-07-05,2025-07-06,1.0
ORD-123065,2024-11-08,2024-11-08,0.0
ORD-123066,2024-07-16,2024-07-16,0.0
ORD-123067,2025-08-07,2025-08-12,5.0
ORD-123068,2025-08-21,2025-08-21,0.0
ORD-123069,2026-01-03,2026-01-04,1.0
ORD-123070,2025-09-16,2025-09-16,0.0
ORD-123071,2025-09-09,,
ORD-123072,2024-06-26,2024-06-28,2.0
ORD-123073,2024-10-08,2024-10-10,2.0
ORD-123074,2025-10-30,2025-10-30,0.0
ORD-123075,2025-10-13,2025-10-13,0.0
ORD-123076,2024-11-18,2024-11-18,0.0
ORD-123077,2025-03-24,2025-03-24,0.0
ORD-123078,2025-11-08,2025-11-08,0.0
ORD-123079,2025-07-27,2025-07-27,0.0
ORD-123080,2025-10-09,2025-10-11,2.0
ORD-123081,2025-07-21,2025-07-21,0.0
ORD-123082,2025-11-17,2025-11-18,1.0
ORD-123083,2025-11-03,2025-11-03,0.0
ORD-123084,2025-01-27,2025-01-27,0.0
ORD-123085,2025-07-20,2025-07-21,1.0
ORD-123086,2024-06-08,2024-06-08,0.0
ORD-123087,2025-04-26,,
ORD-123088,2025-11-05,2025-11-07,2.0
ORD-123089,2025-11-10,2025-11-10,0.0
ORD-123090,2025-10-31,2025-11-02,2.0
ORD-123091,2025-06-10,2025-06-10,0.0
ORD-123092,2025-08-04,2025-08-04,0.0
ORD-123093,2025-11-17,2025-11-17,0.0
ORD-123094,2025-12-09,2025-12-09,0.0
ORD-123095,2025-10-31,2025-10-31,0.0
ORD-123096,2025-03-20,,
ORD-123097,2024-12-12,2024-12-12,0.0
ORD-123098,2024-11-12,2024-11-12,0.0
ORD-123099,2024-09-22,2024-09-22,0.0
ORD-123100,2025-06-04,2025-06-05,1.0
ORD-123101,2024-06-30,2024-06-30,0.0
ORD-123102,2025-04-26,,
ORD-123103,2025-02-25,2025-02-26,1.0
ORD-123104,2024-08-07,2024-08-09,2.0
ORD-123105,2025-09-03,2025-09-03,0.0
ORD-123106,2024-10-29,,
ORD-123107,2024-09-03,2024-09-06,3.0
ORD-123108,2025-10-23,2025-10-23,0.0
ORD-123109,2024-10-04,2024-10-04,0.0
ORD-123110,2025-10-12,2025-10-12,0.0
ORD-123111,2025-02-02,2025-02-03,1.0
ORD-123112,2025-11-03,2025-11-03,0.0
ORD-123113,2025-11-01,2025-11-02,1.0
ORD-123114,2025-04-16,2025-04-16,0.0
ORD-123115,2024-04-12,2024-04-12,0.0
ORD-123116,2025-09-01,2025-09-02,1.0
ORD-123117,2025-09-02,2025-09-02,0.0
ORD-123118,2025-02-21,2025-02-22,1.0
ORD-123119,2025-11-26,2025-11-28,2.0
ORD-123120,2025-11-18,2025-11-19,1.0
ORD-123121,2024-12-02,,
ORD-123122,2025-10-16,2025-10-17,1.0
ORD-123123,2025-07-11,2025-07-11,0.0
ORD-123124,2025-11-13,2025-11-16,3.0
ORD-123125,2025-08-12,2025-08-12,0.0
ORD-123126,2025-11-09,2025-11-09,0.0
ORD-123127,2025-12-01,2025-12-02,1.0
ORD-123128,2025-12-26,2025-12-26,0.0
ORD-123129,2025-09-30,2025-10-01,1.0
ORD-123130,2025-09-08,2025-09-09,1.0
ORD-123131,2025-03-03,2025-03-03,0.0
ORD-123132,2025-10-10,2025-10-10,0.0
ORD-123133,2024-05-01,2024-05-01,0.0
ORD-123134,2025-04-01,2025-04-01,0.0
ORD-123135,2025-11-03,2025-11-08,5.0
ORD-123136,2024-11-08,2024-11-08,0.0
ORD-123137,2025-04-11,2025-04-11,0.0
ORD-123138,2025-10-19,2025-10-19,0.0
ORD-123139,2025-11-19,2025-11-21,2.0
ORD-123140,2025-02-09,2025-02-10,1.0
ORD-123141,2025-07-01,2025-07-01,0.0
ORD-123142,2025-05-17,2025-05-17,0.0
ORD-123143,2025-03-04,,
ORD-123144,2025-11-02,2025-11-02,0.0
ORD-123145,2024-12-20,2024-12-20,0.0
ORD-123146,2024-09-30,2024-09-30,0.0
ORD-123147,2025-05-06,,
ORD-123148,2025-04-18,2025-04-18,0.0
ORD-123149,2025-08-16,2025-08-17,1.0
ORD-123150,2025-11-07,2025-11-07,0.0
ORD-123151,2025-05-20,2025-05-21,1.0
ORD-123152,2024-08-13,2024-08-13,0.0
ORD-123153,2025-11-10,,
ORD-123154,2024-12-30,,
ORD-123155,2025-11-01,,
ORD-123156,2025-11-20,2025-11-20,0.0
ORD-123157,2025-12-26,,
ORD-123158,2024-11-04,2024-11-04,0.0
ORD-123159,2025-11-14,2025-11-16,2.0
ORD-123160,2025-08-13,2025-08-14,1.0
ORD-123161,2025-03-19,2025-03-19,0.0
ORD-123162,2025-05-19,2025-05-21,2.0
ORD-123163,2025-01-30,,
ORD-123164,2025-01-16,2025-01-16,0.0
ORD-123165,2025-04-01,2025-04-02,1.0
ORD-123166,2025-03-20,2025-03-20,0.0
ORD-123167,2024-10-23,,
ORD-123168,2024-10-27,2024-10-27,0.0
ORD-123169,2025-04-22,2025-04-23,1.0
ORD-123170,2025-05-31,2025-05-31,0.0
ORD-123171,2025-10-16,,
ORD-123172,2025-09-28,2025-09-30,2.0
ORD-123173,2025-11-29,2025-11-29,0.0
ORD-123174,2025-05-02,2025-05-03,1.0
ORD-123175,2024-03-19,2024-03-19,0.0
ORD-123176,2025-10-12,2025-10-12,0.0
ORD-123177,2025-10-26,2025-10-26,0.0
ORD-123178,2024-11-11,2024-11-12,1.0
ORD-123179,2025-07-09,,
ORD-123180,2025-06-30,,
ORD-123181,2024-11-22,2024-11-23,1.0
ORD-123182,2025-09-02,,
ORD-123183,2025-12-09,,
ORD-123184,2025-11-16,,
ORD-123185,2025-03-01,2025-03-01,0.0
ORD-123186,2025-08-17,2025-08-18,1.0
ORD-123187,2025-06-04,2025-06-05,1.0
ORD-123188,2025-11-08,2025-11-08,0.0
ORD-123189,2025-06-14,2025-06-14,0.0
ORD-123190,2025-09-18,2025-09-19,1.0
ORD-123191,2025-11-08,2025-11-08,0.0
ORD-123192,2025-06-29,2025-06-30,1.0
ORD-123193,2025-01-10,2025-01-12,2.0
ORD-123194,2025-07-03,2025-07-03,0.0
ORD-123195,2025-11-03,2025-11-05,2.0
ORD-123196,2024-08-28,2024-08-28,0.0
ORD-123197,2024-08-17,2024-08-17,0.0
ORD-123198,2024-08-28,2024-08-29,1.0
ORD-123199,2025-07-11,2025-07-11,0.0
ORD-123200,2024-12-18,2024-12-18,0.0
ORD-123201,2025-09-10,2025-09-10,0.0
ORD-123202,2024-12-17,2024-12-18,1.0
ORD-123203,2025-08-14,2025-08-14,0.0
ORD-123204,2024-09-14,2024-09-14,0.0
ORD-123205,2025-10-20,2025-10-21,1.0
ORD-123206,2025-05-19,2025-05-22,3.0
ORD-123207,2025-09-27,2025-09-27,0.0
ORD-123208,2024-10-28,2024-10-28,0.0
ORD-123209,2024-07-29,2024-07-29,0.0
ORD-123210,2024-12-03,2024-12-04,1.0
ORD-123211,2025-04-19,2025-04-19,0.0
ORD-123212,2024-10-17,2024-10-17,0.0
ORD-123213,2025-09-13,2025-09-13,0.0
ORD-123214,2025-05-05,2025-05-06,1.0
ORD-123215,2025-12-01,2025-12-01,0.0
ORD-123216,2025-10-27,2025-10-27,0.0
ORD-123217,2025-01-27,2025-01-27,0.0
ORD-123218,2024-05-03,2024-05-03,0.0
ORD-123219,2025-10-28,2025-10-28,0.0
ORD-123220,2025-05-04,2025-05-04,0.0
ORD-123221,2025-01-10,2025-01-12,2.0
ORD-123222,2024-10-06,2024-10-06,0.0
ORD-123223,2025-02-16,2025-02-16,0.0
ORD-123224,2025-11-09,2025-11-09,0.0
ORD-123225,2024-12-05,2024-12-07,2.0
ORD-123226,2025-10-21,2025-10-21,0.0
ORD-123227,2025-11-23,2025-11-23,0.0
ORD-123228,2025-11-30,2025-11-30,0.0
ORD-123229,2025-11-07,2025-11-07,0.0
ORD-123230,2025-09-20,2025-09-20,0.0
ORD-123231,2025-01-21,2025-01-21,0.0
ORD-123232,2025-06-17,2025-06-17,0.0
ORD-123233,2025-04-22,2025-04-22,0.0
ORD-123234,2024-11-05,2024-11-05,0.0
ORD-123235,2025-06-17,2025-06-19,2.0
ORD-123236,2025-07-29,2025-07-29,0.0
ORD-123237,2025-08-19,2025-08-19,0.0
ORD-123238,2025-09-08,2025-09-09,1.0
ORD-123239,2025-09-26,2025-09-29,3.0
ORD-123240,2025-11-08,2025-11-09,1.0
ORD-123241,2025-11-05,2025-11-05,0.0
ORD-123242,2025-02-07,2025-02-07,0.0
ORD-123243,2025-02-13,2025-02-13,0.0
ORD-123244,2025-10-19,2025-10-19,0.0
ORD-123245,2025-06-21,2025-06-22,1.0
ORD-123246,2025-01-28,2025-01-28,0.0
ORD-123247,2025-11-28,2025-11-29,1.0
ORD-123248,2025-09-03,2025-09-03,0.0
ORD-123249,2025-10-19,2025-10-19,0.0
ORD-123250,2025-06-07,2025-06-07,0.0
ORD-123251,2025-04-11,2025-04-11,0.0
ORD-123252,2024-06-29,2024-06-29,0.0
ORD-123253,2025-09-23,2025-09-23,0.0
ORD-123254,2024-10-24,2024-10-25,1.0
ORD-123255,2025-12-10,2025-12-11,1.0
ORD-123256,2025-12-01,2025-12-01,0.0
ORD-123257,2025-02-25,2025-02-26,1.0
ORD-123258,2025-01-29,2025-01-31,2.0
ORD-123259,2025-11-16,,
ORD-123260,2024-10-30,2024-10-31,1.0
ORD-123261,2025-12-04,2025-12-06,2.0
ORD-123262,2025-07-27,2025-07-27,0.0
ORD-123263,2025-01-21,2025-01-21,0.0
ORD-123264,2024-10-30,2024-10-30,0.0
ORD-123265,2025-08-05,,
ORD-123266,2025-03-26,,
ORD-123267,2024-09-23,2024-09-23,0.0
ORD-123268,2025-01-01,2025-01-01,0.0
ORD-123269,2025-10-08,2025-10-09,1.0
ORD-123270,2025-02-20,2025-02-20,0.0
ORD-123271,2024-12-06,2024-12-07,1.0
ORD-123272,2025-04-23,2025-04-24,1.0
ORD-123273,2025-01-28,2025-01-28,0.0
ORD-123274,2024-03-02,,
ORD-123275,2025-09-21,2025-09-21,0.0
ORD-123276,2025-10-24,2025-10-25,1.0
ORD-123277,2025-03-20,2025-03-21,1.0
ORD-123278,2025-12-15,2025-12-15,0.0
ORD-123279,2025-02-10,2025-02-12,2.0
ORD-123280,2025-03-16,2025-03-17,1.0
ORD-123281,2024-11-30,2024-12-01,1.0
ORD-123282,2024-11-29,2024-11-29,0.0
ORD-123283,2025-04-28,2025-04-28,0.0
ORD-123284,2025-04-06,2025-04-06,0.0
ORD-123285,2024-12-19,2024-12-19,0.0
ORD-123286,2025-04-05,2025-04-06,1.0
ORD-123287,2025-11-26,2025-11-26,0.0
ORD-123288,2025-10-18,2025-10-19,1.0
ORD-123289,2025-01-12,2025-01-13,1.0
ORD-123290,2025-05-30,2025-05-30,0.0
ORD-123291,2025-06-12,2025-06-12,0.0
ORD-123292,2025-10-28,2025-10-28,0.0
ORD-123293,2025-06-26,2025-06-26,0.0
ORD-123294,2024-07-14,2024-07-14,0.0
ORD-123295,2025-11-09,,
ORD-123296,2025-10-16,2025-10-17,1.0
ORD-123297,2025-12-29,2025-12-29,0.0
ORD-123298,2025-06-24,2025-06-24,0.0
ORD-123299,2024-05-17,2024-05-19,2.0
ORD-123300,2024-11-17,2024-11-20,3.0
ORD-123301,2025-01-03,2025-01-03,0.0
ORD-123302,2025-09-24,2025-09-24,0.0
ORD-123303,2025-09-08,2025-09-08,0.0
ORD-123304,2025-07-07,2025-07-07,0.0
ORD-123305,2025-03-24,2025-03-25,1.0
ORD-123306,2025-10-25,,
ORD-123307,2025-03-17,2025-03-20,3.0
ORD-123308,2025-07-10,2025-07-10,0.0
ORD-123309,2025-05-10,2025-05-10,0.0
ORD-123310,2025-11-12,2025-11-14,2.0
ORD-123311,2025-02-02,2025-02-03,1.0
ORD-123312,2025-07-02,2025-07-03,1.0
ORD-123313,2024-04-27,2024-04-29,2.0
ORD-123314,2025-02-21,2025-02-22,1.0
ORD-123315,2025-05-05,2025-05-05,0.0
ORD-123316,2025-10-20,2025-10-20,0.0
ORD-123317,2025-08-22,2025-08-23,1.0
ORD-123318,2025-06-26,2025-06-27,1.0
ORD-123319,2024-05-20,2024-05-20,0.0
ORD-123320,2025-09-19,2025-09-20,1.0
ORD-123321,2025-08-24,2025-08-24,0.0
ORD-123322,2025-11-03,2025-11-03,0.0
ORD-123323,2024-05-13,2024-05-13,0.0
ORD-123324,2025-10-12,2025-10-12,0.0
ORD-123325,2024-07-05,2024-07-06,1.0
ORD-123326,2025-11-10,2025-11-10,0.0
ORD-123327,2024-12-03,2024-12-03,0.0
ORD-123328,2025-12-15,2025-12-16,1.0
ORD-123329,2024-11-05,2024-11-07,2.0
ORD-123330,2024-10-16,2024-10-16,0.0
ORD-123331,2025-10-08,2025-10-08,0.0
ORD-123332,2025-02-19,2025-02-19,0.0
ORD-123333,2025-11-09,2025-11-09,0.0
ORD-123334,2025-11-14,2025-11-14,0.0
ORD-123335,2025-10-24,2025-10-25,1.0
ORD-123336,2025-05-15,2025-05-15,0.0
ORD-123337,2025-09-24,2025-09-26,2.0
ORD-123338,2025-04-06,2025-04-07,1.0
ORD-123339,2025-03-27,2025-03-27,0.0
ORD-123340,2025-12-12,2025-12-12,0.0
ORD-123341,2025-05-08,2025-05-09,1.0
ORD-123342,2024-11-14,2024-11-15,1.0
ORD-123343,2025-02-17,2025-02-17,0.0
ORD-123344,2025-04-06,2025-04-06,0.0
ORD-123345,2024-12-09,2024-12-10,1.0
ORD-123346,2025-11-05,2025-11-05,0.0
ORD-123347,2025-09-22,2025-09-24,2.0
ORD-123348,2024-08-17,2024-08-17,0.0
ORD-123349,2024-11-17,2024-11-18,1.0
ORD-123350,2025-07-29,2025-07-30,1.0
ORD-123351,2025-12-13,2025-12-16,3.0
ORD-123352,2024-09-26,2024-09-26,0.0
ORD-123353,2025-09-16,,
ORD-123354,2025-10-28,2025-10-28,0.0
ORD-123355,2024-03-12,2024-03-14,2.0
ORD-123356,2025-09-29,2025-09-29,0.0
ORD-123357,2025-10-08,2025-10-08,0.0
ORD-123358,2025-11-11,2025-11-12,1.0
ORD-123359,2025-07-15,2025-07-18,3.0
ORD-123360,2024-04-15,2024-04-15,0.0
ORD-123361,2025-04-25,2025-04-25,0.0
ORD-123362,2025-10-31,2025-11-03,3.0
ORD-123363,2025-10-29,2025-10-30,1.0
ORD-123364,2025-06-26,2025-06-26,0.0
ORD-123365,2024-11-21,2024-11-21,0.0
ORD-123366,2025-01-05,2025-01-05,0.0
ORD-123367,2024-12-10,2024-12-10,0.0
ORD-123368,2025-08-24,2025-08-25,1.0
ORD-123369,2025-08-24,2025-08-24,0.0
ORD-123370,2024-12-12,2024-12-15,3.0
ORD-123371,2025-01-29,2025-01-29,0.0
ORD-123372,2025-06-08,2025-06-08,0.0
ORD-123373,2025-03-01,2025-03-01,0.0
ORD-123374,2025-08-14,2025-08-14,0.0
ORD-123375,2025-09-05,2025-09-05,0.0
ORD-123376,2024-08-07,2024-08-07,0.0
ORD-123377,2025-10-13,2025-10-13,0.0
ORD-123378,2025-09-20,2025-09-20,0.0
ORD-123379,2024-11-14,2024-11-14,0.0
ORD-123380,2025-10-16,2025-10-16,0.0
ORD-123381,2024-07-08,2024-07-08,0.0
ORD-123382,2025-10-18,,
ORD-123383,2025-12-24,2025-12-24,0.0
ORD-123384,2025-05-06,2025-05-08,2.0
ORD-123385,2025-02-19,2025-02-20,1.0
ORD-123386,2025-02-01,2025-02-03,2.0
ORD-123387,2025-11-16,2025-11-16,0.0
ORD-123388,2024-06-18,2024-06-18,0.0
ORD-123389,2025-10-19,2025-10-19,0.0
ORD-123390,2025-11-25,2025-11-25,0.0
ORD-123391,2025-02-12,2025-02-14,2.0
ORD-123392,2024-11-06,2024-11-06,0.0
ORD-123393,2024-10-18,2024-10-20,2.0
ORD-123394,2025-11-29,2025-11-29,0.0
ORD-123395,2025-01-17,2025-01-18,1.0
ORD-123396,2025-10-05,2025-10-08,3.0
ORD-123397,2025-09-17,2025-09-17,0.0
ORD-123398,2025-11-06,,
ORD-123399,2025-08-15,2025-08-15,0.0
ORD-123400,2025-11-14,2025-11-17,3.0
ORD-123401,2025-11-17,2025-11-17,0.0
ORD-123402,2025-06-29,2025-07-01,2.0
ORD-123403,2025-11-15,2025-11-15,0.0
ORD-123404,2025-04-25,2025-04-25,0.0
ORD-123405,2024-09-28,2024-09-30,2.0
ORD-123406,2025-09-16,2025-09-16,0.0
ORD-123407,2025-05-03,2025-05-03,0.0
ORD-123408,2025-12-26,2025-12-26,0.0
ORD-123409,2025-09-27,2025-09-28,1.0
ORD-123410,2025-12-25,2025-12-25,0.0
ORD-123411,2025-11-08,2025-11-09,1.0
ORD-123412,2024-11-16,2024-11-18,2.0
ORD-123413,2024-08-03,2024-08-04,1.0
ORD-123414,2025-09-07,2025-09-10,3.0
ORD-123415,2024-12-31,2024-12-31,0.0
ORD-123416,2025-08-17,2025-08-18,1.0
ORD-123417,2025-01-18,2025-01-18,0.0
ORD-123418,2025-06-02,2025-06-02,0.0
ORD-123419,2025-10-23,2025-10-23,0.0
ORD-123420,2025-10-26,2025-10-26,0.0
ORD-123421,2025-04-07,2025-04-08,1.0
ORD-123422,2024-09-25,2024-09-28,3.0
ORD-123423,2024-07-31,2024-08-01,1.0
ORD-123424,2025-09-12,2025-09-15,3.0
ORD-123425,2024-11-15,2024-11-15,0.0
ORD-123426,2024-11-14,2024-11-14,0.0
ORD-123427,2024-12-06,2024-12-06,0.0
ORD-123428,2025-06-28,2025-06-28,0.0
ORD-123429,2025-10-04,2025-10-04,0.0
ORD-123430,2025-07-03,2025-07-06,3.0
ORD-123431,2025-06-11,2025-06-11,0.0
ORD-123432,2025-12-09,2025-12-09,0.0
ORD-123433,2025-07-24,2025-07-24,0.0
ORD-123434,2025-12-11,2025-12-12,1.0
ORD-123435,2025-12-16,,
ORD-123436,2025-03-21,2025-03-21,0.0
ORD-123437,2025-04-13,2025-04-14,1.0
ORD-123438,2025-10-18,2025-10-19,1.0
ORD-123439,2025-11-03,2025-11-04,1.0
ORD-123440,2025-07-27,2025-07-27,0.0
ORD-123441,2025-01-27,,
ORD-123442,2025-01-11,2025-01-11,0.0
ORD-123443,2025-06-14,2025-06-16,2.0
ORD-123444,2025-09-11,2025-09-11,0.0
ORD-123445,2025-08-07,2025-08-07,0.0
ORD-123446,2024-08-11,2024-08-11,0.0
ORD-123447,2025-08-10,2025-08-10,0.0
ORD-123448,2025-05-21,2025-05-21,0.0
ORD-123449,2025-05-24,,
ORD-123450,2025-12-09,,
ORD-123451,2025-05-31,2025-06-01,1.0
ORD-123452,2024-08-16,2024-08-16,0.0
ORD-123453,2025-11-21,2025-11-21,0.0
ORD-123454,2025-11-28,2025-11-28,0.0
ORD-123455,2025-08-24,2025-08-26,2.0
ORD-123456,2025-09-10,2025-09-11,1.0
ORD-123457,2025-07-24,2025-07-24,0.0
ORD-123458,2025-12-13,2025-12-13,0.0
ORD-123459,2024-08-25,2024-08-25,0.0
ORD-123460,2025-03-22,2025-03-22,0.0
ORD-123461,2025-05-23,2025-05-23,0.0
ORD-123462,2025-09-05,2025-09-05,0.0
ORD-123463,2025-06-22,2025-06-22,0.0
ORD-123464,2025-10-29,2025-10-30,1.0
ORD-123465,2025-10-02,2025-10-02,0.0
ORD-123466,2025-08-25,2025-08-26,1.0
ORD-123467,2025-05-07,2025-05-07,0.0
ORD-123468,2024-09-13,2024-09-14,1.0
ORD-123469,2024-10-27,2024-10-27,0.0
ORD-123470,2025-01-27,,
ORD-123471,2025-10-27,2025-10-27,0.0
ORD-123472,2025-06-02,2025-06-02,0.0
ORD-123473,2025-02-03,2025-02-03,0.0
ORD-123474,2025-04-30,,
ORD-123475,2025-10-02,2025-10-03,1.0
ORD-123476,2025-12-16,2025-12-21,5.0
ORD-123477,2024-12-06,,
ORD-123478,2025-07-04,2025-07-04,0.0
ORD-123479,2025-09-19,2025-09-19,0.0
ORD-123480,2025-04-23,2025-04-24,1.0
ORD-123481,2025-12-07,2025-12-07,0.0
ORD-123482,2025-07-27,2025-07-27,0.0
ORD-123483,2025-11-16,2025-11-16,0.0
ORD-123484,2024-11-24,2024-11-24,0.0
ORD-123485,2025-05-16,2025-05-16,0.0
ORD-123486,2025-10-25,2025-10-25,0.0
ORD-123487,2025-07-04,2025-07-04,0.0
ORD-123488,2025-11-13,2025-11-14,1.0
ORD-123489,2024-10-23,2024-10-25,2.0
ORD-123490,2025-11-02,2025-11-04,2.0
ORD-123491,2025-06-03,2025-06-06,3.0
ORD-123492,2024-10-21,2024-10-21,0.0
ORD-123493,2025-03-09,,
ORD-123494,2025-11-22,,
ORD-123495,2024-06-29,2024-06-29,0.0
ORD-123496,2025-07-08,2025-07-09,1.0
ORD-123497,2025-02-19,2025-02-19,0.0
ORD-123498,2025-09-02,,
ORD-123499,2025-02-16,2025-02-16,0.0
ORD-123500,2025-07-06,2025-07-06,0.0
ORD-123501,2024-09-12,2024-09-12,0.0
ORD-123502,2025-11-08,2025-11-08,0.0
ORD-123503,2024-04-16,2024-04-19,3.0
ORD-123504,2025-10-19,2025-10-19,0.0
ORD-123505,2025-04-22,2025-04-22,0.0
ORD-123506,2025-10-10,2025-10-10,0.0
ORD-123507,2024-12-21,2024-12-21,0.0
ORD-123508,2025-11-06,2025-11-06,0.0
ORD-123509,2025-11-01,2025-11-03,2.0
ORD-123510,2025-06-12,2025-06-12,0.0
ORD-123511,2025-07-24,2025-07-24,0.0
ORD-123512,2024-12-24,2024-12-25,1.0
ORD-123513,2025-12-06,2025-12-09,3.0
ORD-123514,2025-11-27,2025-11-27,0.0
ORD-123515,2025-05-28,2025-05-28,0.0
ORD-123516,2024-06-03,,
ORD-123517,2024-10-25,2024-10-25,0.0
ORD-123518,2025-12-20,2025-12-20,0.0
ORD-123519,2025-06-18,,
ORD-123520,2025-05-25,,
ORD-123521,2026-01-02,2026-01-02,0.0
ORD-123522,2025-08-02,2025-08-03,1.0
ORD-123523,2025-11-20,2025-11-21,1.0
ORD-123524,2025-02-18,2025-02-21,3.0
ORD-123525,2025-08-14,2025-08-14,0.0
ORD-123526,2025-11-05,2025-11-06,1.0
ORD-123527,2025-07-17,2025-07-17,0.0
ORD-123528,2024-11-11,2024-11-11,0.0
ORD-123529,2024-09-17,,
ORD-123530,2025-02-24,2025-02-26,2.0
ORD-123531,2025-03-08,,
ORD-123532,2025-07-12,,
ORD-123533,2025-07-15,2025-07-17,2.0
ORD-123534,2025-05-15,2025-05-16,1.0
ORD-123535,2025-11-21,2025-11-22,1.0
ORD-123536,2025-10-23,2025-10-23,0.0
ORD-123537,2025-01-30,2025-01-30,0.0
ORD-123538,2024-09-27,2024-09-27,0.0
ORD-123539,2025-03-09,2025-03-10,1.0
ORD-123540,2025-12-03,2025-12-03,0.0
ORD-123541,2024-06-20,2024-06-20,0.0
ORD-123542,2025-07-12,2025-07-12,0.0
ORD-123543,2024-11-14,,
ORD-123544,2024-08-02,2024-08-04,2.0
ORD-123545,2024-08-05,2024-08-05,0.0
ORD-123546,2025-07-08,2025-07-08,0.0
ORD-123547,2025-03-09,2025-03-09,0.0
ORD-123548,2024-09-16,2024-09-16,0.0
ORD-123549,2025-07-14,2025-07-14,0.0
ORD-123550,2025-07-04,2025-07-04,0.0
ORD-123551,2025-01-11,,
ORD-123552,2025-11-14,2025-11-14,0.0
ORD-123553,2025-09-13,2025-09-13,0.0
ORD-123554,2024-09-14,2024-09-15,1.0
ORD-123555,2025-08-14,2025-08-14,0.0
ORD-123556,2025-05-09,,
ORD-123557,2025-06-09,2025-06-10,1.0
ORD-123558,2024-10-21,2024-10-21,0.0
ORD-123559,2025-12-02,2025-12-03,1.0
ORD-123560,2025-11-06,,
ORD-123561,2024-10-20,2024-10-20,0.0
ORD-123562,2025-07-18,2025-07-20,2.0
ORD-123563,2025-11-03,2025-11-03,0.0
ORD-123564,2025-09-30,2025-09-30,0.0
ORD-123565,2025-09-19,2025-09-19,0.0
ORD-123566,2025-08-27,2025-08-27,0.0
ORD-123567,2025-01-09,2025-01-09,0.0
ORD-123568,2025-11-17,2025-11-17,0.0
ORD-123569,2025-10-31,2025-10-31,0.0
ORD-123570,2025-04-26,2025-04-27,1.0
ORD-123571,2025-04-27,2025-04-27,0.0
ORD-123572,2025-04-20,2025-04-22,2.0
ORD-123573,2024-11-04,,
ORD-123574,2025-09-18,2025-09-18,0.0
ORD-123575,2025-11-16,2025-11-16,0.0
ORD-123576,2025-11-10,,
ORD-123577,2024-11-01,2024-11-01,0.0
ORD-123578,2025-10-12,2025-10-12,0.0
ORD-123579,2025-01-04,2025-01-04,0.0
ORD-123580,2025-12-16,2025-12-16,0.0
ORD-123581,2025-11-30,2025-11-30,0.0
ORD-123582,2025-08-24,2025-08-24,0.0
ORD-123583,2024-12-07,2024-12-08,1.0
ORD-123584,2025-11-05,2025-11-08,3.0
ORD-123585,2024-10-24,2024-10-24,0.0
ORD-123586,2024-08-16,2024-08-16,0.0
ORD-123587,2025-12-10,2025-12-12,2.0
ORD-123588,2025-10-06,,
ORD-123589,2025-07-03,,
ORD-123590,2025-09-04,2025-09-04,0.0
ORD-123591,2025-11-18,2025-11-20,2.0
ORD-123592,2025-02-02,2025-02-02,0.0
ORD-123593,2024-07-11,2024-07-12,1.0
ORD-123594,2025-09-28,2025-09-29,1.0
ORD-123595,2025-11-10,2025-11-10,0.0
ORD-123596,2025-07-07,2025-07-08,1.0
ORD-123597,2025-06-28,2025-06-28,0.0
ORD-123598,2025-02-09,2025-02-10,1.0
ORD-123599,2024-12-19,2024-12-19,0.0
ORD-123600,2025-05-08,2025-05-08,0.0
ORD-123601,2024-10-20,,
ORD-123602,2025-05-30,,
ORD-123603,2025-11-22,2025-11-23,1.0
ORD-123604,2025-08-17,2025-08-17,0.0
ORD-123605,2025-03-06,2025-03-06,0.0
ORD-123606,2024-06-11,2024-06-11,0.0
ORD-123607,2025-04-06,,
ORD-123608,2025-10-16,2025-10-16,0.0
ORD-123609,2025-01-27,2025-01-27,0.0
ORD-123610,2025-12-19,2025-12-19,0.0
ORD-123611,2025-12-17,2025-12-18,1.0
ORD-123612,2025-03-05,2025-03-06,1.0
ORD-123613,2025-10-01,2025-10-01,0.0
ORD-123614,2025-10-25,2025-10-25,0.0
ORD-123615,2024-10-30,2024-10-30,0.0
ORD-123616,2025-09-05,2025-09-05,0.0
ORD-123617,2025-12-03,2025-12-03,0.0
ORD-123618,2025-06-19,2025-06-22,3.0
ORD-123619,2025-08-01,,
ORD-123620,2025-11-16,2025-11-16,0.0
ORD-123621,2024-06-16,2024-06-16,0.0
ORD-123622,2025-04-04,2025-04-04,0.0
ORD-123623,2025-03-10,2025-03-10,0.0
ORD-123624,2024-06-30,2024-06-30,0.0
ORD-123625,2025-10-08,2025-10-08,0.0
ORD-123626,2025-11-19,2025-11-20,1.0
ORD-123627,2025-11-13,2025-11-13,0.0
ORD-123628,2024-12-21,2024-12-24,3.0
ORD-123629,2025-02-27,2025-02-28,1.0
ORD-123630,2025-10-03,2025-10-04,1.0
ORD-123631,2024-09-13,2024-09-13,0.0
ORD-123632,2025-07-01,,
ORD-123633,2025-03-18,2025-03-19,1.0
ORD-123634,2025-12-03,2025-12-04,1.0
ORD-123635,2025-08-26,,
ORD-123636,2025-11-10,2025-11-11,1.0
ORD-123637,2025-09-01,2025-09-01,0.0
ORD-123638,2025-09-30,2025-09-30,0.0
ORD-123639,2025-10-27,,
ORD-123640,2024-08-18,2024-08-23,5.0
ORD-123641,2025-11-02,2025-11-02,0.0
ORD-123642,2025-10-29,2025-10-31,2.0
ORD-123643,2025-02-03,2025-02-04,1.0
ORD-123644,2025-06-15,,
ORD-123645,2025-05-11,2025-05-11,0.0
ORD-123646,2025-12-04,2025-12-04,0.0
ORD-123647,2025-09-13,,
ORD-123648,2025-11-09,2025-11-09,0.0
ORD-123649,2025-06-26,2025-06-27,1.0
ORD-123650,2025-03-16,2025-03-16,0.0
ORD-123651,2025-08-26,2025-08-31,5.0
ORD-123652,2025-09-12,2025-09-12,0.0
ORD-123653,2025-03-06,2025-03-06,0.0
ORD-123654,2025-09-19,,
ORD-123655,2025-08-05,2025-08-05,0.0
ORD-123656,2025-11-16,2025-11-16,0.0
ORD-123657,2025-10-28,2025-10-28,0.0
ORD-123658,2024-04-02,2024-04-03,1.0
ORD-123659,2024-11-19,2024-11-21,2.0
ORD-123660,2025-12-25,2025-12-26,1.0
ORD-123661,2025-06-10,2025-06-10,0.0
ORD-123662,2025-12-01,2025-12-03,2.0
ORD-123663,2025-12-06,2025-12-07,1.0
ORD-123664,2025-12-16,2025-12-16,0.0
ORD-123665,2025-01-18,2025-01-18,0.0
ORD-123666,2025-04-23,2025-04-24,1.0
ORD-123667,2025-10-18,2025-10-18,0.0
ORD-123668,2025-10-29,2025-10-29,0.0
ORD-123669,2025-08-12,2025-08-12,0.0
ORD-123670,2025-11-18,2025-11-18,0.0
ORD-123671,2025-07-27,2025-07-27,0.0
ORD-123672,2025-11-09,2025-11-09,0.0
ORD-123673,2024-06-16,,
ORD-123674,2025-11-03,2025-11-03,0.0
ORD-123675,2024-07-13,2024-07-13,0.0
ORD-123676,2025-07-17,,
ORD-123677,2025-12-21,2025-12-21,0.0
ORD-123678,2025-04-02,2025-04-03,1.0
ORD-123679,2025-02-21,2025-02-21,0.0
ORD-123680,2024-10-26,2024-10-26,0.0
ORD-123681,2024-04-14,2024-04-14,0.0
ORD-123682,2025-05-19,2025-05-20,1.0
ORD-123683,2025-06-26,2025-06-28,2.0
ORD-123684,2024-08-23,2024-08-23,0.0
ORD-123685,2025-05-14,2025-05-14,0.0
ORD-123686,2025-07-26,2025-07-28,2.0
ORD-123687,2024-05-09,2024-05-09,0.0
ORD-123688,2025-10-15,2025-10-16,1.0
ORD-123689,2025-08-24,,
ORD-123690,2024-12-25,2024-12-25,0.0
ORD-123691,2025-03-15,2025-03-16,1.0
ORD-123692,2025-10-18,2025-10-20,2.0
ORD-123693,2025-05-16,2025-05-16,0.0
ORD-123694,2025-08-09,2025-08-10,1.0
ORD-123695,2024-11-29,,
ORD-123696,2025-08-23,2025-08-25,2.0
ORD-123697,2025-09-11,,
ORD-123698,2025-06-09,,
ORD-123699,2025-08-30,2025-08-30,0.0
ORD-123700,2025-07-15,2025-07-16,1.0
ORD-123701,2025-02-24,2025-02-25,1.0
ORD-123702,2025-08-25,2025-08-25,0.0
ORD-123703,2025-12-12,2025-12-12,0.0
ORD-123704,2025-10-18,2025-10-18,0.0
ORD-123705,2025-07-26,2025-07-27,1.0
ORD-123706,2025-12-18,2025-12-18,0.0
ORD-123707,2024-09-18,2024-09-18,0.0
ORD-123708,2025-01-03,2025-01-03,0.0
ORD-123709,2025-01-23,2025-01-23,0.0
ORD-123710,2025-09-29,2025-09-29,0.0
ORD-123711,2025-11-29,2025-11-29,0.0
ORD-123712,2024-09-08,2024-09-08,0.0
ORD-123713,2024-10-24,2024-10-27,3.0
ORD-123714,2025-03-19,2025-03-19,0.0
ORD-123715,2025-10-17,2025-10-17,0.0
ORD-123716,2024-11-01,2024-11-01,0.0
ORD-123717,2025-07-13,2025-07-13,0.0
ORD-123718,2024-08-07,,
ORD-123719,2024-06-05,2024-06-05,0.0
ORD-123720,2025-12-01,2025-12-01,0.0
ORD-123721,2024-10-06,2024-10-07,1.0
ORD-123722,2025-11-08,2025-11-09,1.0
ORD-123723,2025-08-24,2025-08-26,2.0
ORD-123724,2025-08-23,2025-08-23,0.0
ORD-123725,2025-07-19,2025-07-19,0.0
ORD-123726,2025-05-05,2025-05-05,0.0
ORD-123727,2025-11-07,2025-11-07,0.0
ORD-123728,2025-05-15,2025-05-16,1.0
ORD-123729,2025-01-15,2025-01-16,1.0
ORD-123730,2025-02-10,2025-02-10,0.0
ORD-123731,2024-11-08,2024-11-09,1.0
ORD-123732,2025-12-07,2025-12-09,2.0
ORD-123733,2024-08-21,2024-08-21,0.0
ORD-123734,2024-11-15,2024-11-15,0.0
ORD-123735,2025-02-15,,
ORD-123736,2025-04-29,2025-05-01,2.0
ORD-123737,2025-10-18,2025-10-18,0.0
ORD-123738,2025-08-05,2025-08-10,5.0
ORD-123739,2025-05-02,2025-05-02,0.0
ORD-123740,2024-11-12,2024-11-12,0.0
ORD-123741,2025-09-04,2025-09-06,2.0
ORD-123742,2025-05-03,2025-05-03,0.0
ORD-123743,2024-11-30,2024-12-02,2.0
ORD-123744,2025-07-24,2025-07-24,0.0
ORD-123745,2025-05-29,2025-06-01,3.0
ORD-123746,2025-10-22,2025-10-23,1.0
ORD-123747,2024-02-07,2024-02-09,2.0
ORD-123748,2025-03-30,,
ORD-123749,2025-08-25,2025-08-26,1.0
ORD-123750,2025-06-03,2025-06-03,0.0
ORD-123751,2025-11-11,2025-11-11,0.0
ORD-123752,2024-12-01,2024-12-02,1.0
ORD-123753,2025-09-14,2025-09-14,0.0
ORD-123754,2025-09-05,2025-09-06,1.0
ORD-123755,2025-02-12,2025-02-12,0.0
ORD-123756,2025-08-07,2025-08-08,1.0
ORD-123757,2025-11-16,2025-11-16,0.0
ORD-123758,2024-10-11,2024-10-11,0.0
ORD-123759,2025-06-26,2025-06-27,1.0
ORD-123760,2025-03-31,2025-04-03,3.0
ORD-123761,2024-10-03,2024-10-03,0.0
ORD-123762,2025-05-24,2025-05-24,0.0
ORD-123763,2025-03-05,2025-03-07,2.0
ORD-123764,2025-01-28,2025-01-28,0.0
ORD-123765,2025-05-18,2025-05-18,0.0
ORD-123766,2025-09-19,,
ORD-123767,2025-10-25,2025-10-26,1.0
ORD-123768,2025-06-11,2025-06-13,2.0
ORD-123769,2025-08-10,2025-08-10,0.0
ORD-123770,2024-11-30,2024-11-30,0.0
ORD-123771,2025-02-17,2025-02-17,0.0
ORD-123772,2025-09-03,2025-09-05,2.0
ORD-123773,2025-11-16,2025-11-16,0.0
ORD-123774,2025-03-17,2025-03-17,0.0
ORD-123775,2025-10-21,2025-10-21,0.0
ORD-123776,2024-11-12,2024-11-12,0.0
ORD-123777,2025-11-20,2025-11-21,1.0
ORD-123778,2025-06-23,2025-06-23,0.0
ORD-123779,2025-07-24,2025-07-24,0.0
ORD-123780,2025-07-31,2025-08-05,5.0
ORD-123781,2025-06-24,2025-06-24,0.0
ORD-123782,2024-02-05,2024-02-06,1.0
ORD-123783,2025-04-14,2025-04-14,0.0
ORD-123784,2025-12-06,2025-12-06,0.0
ORD-123785,2025-10-21,2025-10-22,1.0
ORD-123786,2025-11-09,2025-11-09,0.0
ORD-123787,2024-11-17,2024-11-17,0.0
ORD-123788,2024-11-22,2024-11-22,0.0
ORD-123789,2025-09-26,2025-09-26,0.0
ORD-123790,2024-12-22,,
ORD-123791,2025-08-19,2025-08-19,0.0
ORD-123792,2025-01-10,2025-01-10,0.0
ORD-123793,2024-10-09,2024-10-10,1.0
ORD-123794,2025-05-07,,
ORD-123795,2025-02-25,2025-02-25,0.0
ORD-123796,2025-05-30,2025-05-30,0.0
ORD-123797,2025-02-23,2025-02-23,0.0
ORD-123798,2025-07-16,2025-07-19,3.0
ORD-123799,2025-09-24,2025-09-24,0.0
ORD-123800,2025-08-19,2025-08-22,3.0
ORD-123801,2025-12-31,2025-12-31,0.0
ORD-123802,2024-12-04,,
ORD-123803,2025-03-22,2025-03-24,2.0
ORD-123804,2024-09-27,2024-09-28,1.0
ORD-123805,2025-11-18,2025-11-18,0.0
ORD-123806,2025-03-21,2025-03-21,0.0
ORD-123807,2025-06-27,2025-06-29,2.0
ORD-123808,2024-11-05,,
ORD-123809,2024-03-31,2024-04-01,1.0
ORD-123810,2025-04-07,2025-04-07,0.0
ORD-123811,2025-11-15,2025-11-15,0.0
ORD-123812,2025-07-17,2025-07-18,1.0
ORD-123813,2024-02-24,2024-02-24,0.0
ORD-123814,2025-08-18,2025-08-18,0.0
ORD-123815,2025-10-20,2025-10-20,0.0
ORD-123816,2025-07-12,2025-07-12,0.0
ORD-123817,2025-08-15,2025-08-16,1.0
ORD-123818,2024-11-15,2024-11-16,1.0
ORD-123819,2024-08-25,2024-08-25,0.0
ORD-123820,2024-07-14,2024-07-14,0.0
ORD-123821,2025-05-01,,
ORD-123822,2024-12-04,2024-12-04,0.0
ORD-123823,2025-11-20,2025-11-20,0.0
ORD-123824,2025-11-05,2025-11-05,0.0
ORD-123825,2025-09-15,,
ORD-123826,2025-09-16,2025-09-16,0.0
ORD-123827,2025-10-14,2025-10-17,3.0
ORD-123828,2025-02-13,2025-02-13,0.0
ORD-123829,2024-07-26,2024-07-26,0.0
ORD-123830,2025-11-18,2025-11-18,0.0
ORD-123831,2024-12-23,2024-12-23,0.0
ORD-123832,2025-11-15,2025-11-15,0.0
ORD-123833,2024-07-27,2024-07-27,0.0
ORD-123834,2025-09-18,2025-09-18,0.0
ORD-123835,2025-08-19,,
ORD-123836,2025-05-17,2025-05-17,0.0
ORD-123837,2024-12-05,2024-12-05,0.0
ORD-123838,2025-01-20,2025-01-20,0.0
ORD-123839,2025-10-15,2025-10-15,0.0
ORD-123840,2025-09-26,2025-09-27,1.0
ORD-123841,2025-03-04,2025-03-04,0.0
ORD-123842,2025-02-07,2025-02-10,3.0
ORD-123843,2025-03-18,,
ORD-123844,2025-12-11,2025-12-11,0.0
ORD-123845,2025-06-20,2025-06-20,0.0
ORD-123846,2025-05-13,2025-05-13,0.0
ORD-123847,2025-04-26,2025-04-26,0.0
ORD-123848,2025-02-25,2025-02-26,1.0
ORD-123849,2025-04-20,2025-04-20,0.0
ORD-123850,2025-04-24,2025-04-24,0.0
ORD-123851,2024-10-25,,
ORD-123852,2024-06-11,,
ORD-123853,2025-04-10,2025-04-10,0.0
ORD-123854,2024-04-24,2024-04-24,0.0
ORD-123855,2025-10-27,2025-10-28,1.0
ORD-123856,2025-10-25,2025-10-25,0.0
ORD-123857,2025-04-25,2025-04-25,0.0
ORD-123858,2024-11-08,,
ORD-123859,2025-07-05,2025-07-05,0.0
ORD-123860,2025-12-31,2025-12-31,0.0
ORD-123861,2024-08-12,2024-08-12,0.0
ORD-123862,2025-06-19,2025-06-21,2.0
ORD-123863,2025-01-20,2025-01-20,0.0
ORD-123864,2025-11-08,2025-11-11,3.0
ORD-123865,2025-04-10,2025-04-10,0.0
ORD-123866,2025-06-11,2025-06-11,0.0
ORD-123867,2025-08-04,2025-08-04,0.0
ORD-123868,2025-11-29,2025-11-30,1.0
ORD-123869,2024-12-02,2024-12-02,0.0
ORD-123870,2024-12-27,2024-12-27,0.0
ORD-123871,2025-08-22,2025-08-25,3.0
ORD-123872,2025-03-03,2025-03-03,0.0
ORD-123873,2024-07-04,2024-07-04,0.0
ORD-123874,2025-06-25,2025-06-25,0.0
ORD-123875,2024-06-10,2024-06-11,1.0
ORD-123876,2025-12-02,2025-12-03,1.0
ORD-123877,2025-09-12,2025-09-12,0.0
ORD-123878,2025-02-19,2025-02-19,0.0
ORD-123879,2025-06-26,2025-06-29,3.0
ORD-123880,2024-12-03,2024-12-03,0.0
ORD-123881,2025-11-26,,
ORD-123882,2025-02-13,2025-02-13,0.0
ORD-123883,2025-07-13,2025-07-13,0.0
ORD-123884,2025-08-17,2025-08-19,2.0
ORD-123885,2024-06-19,2024-06-21,2.0
ORD-123886,2025-07-23,2025-07-23,0.0
ORD-123887,2025-05-08,2025-05-09,1.0
ORD-123888,2024-09-09,2024-09-09,0.0
ORD-123889,2025-01-23,,
ORD-123890,2025-03-15,2025-03-15,0.0
ORD-123891,2025-10-19,2025-10-19,0.0
ORD-123892,2025-05-18,2025-05-18,0.0
ORD-123893,2025-12-08,2025-12-08,0.0
ORD-123894,2025-08-21,,
ORD-123895,2025-01-28,2025-01-28,0.0
ORD-123896,2025-12-04,2025-12-04,0.0
ORD-123897,2025-07-30,2025-07-31,1.0
ORD-123898,2024-11-27,2024-11-28,1.0
ORD-123899,2025-03-14,2025-03-14,0.0
ORD-123900,2025-12-24,2025-12-25,1.0
ORD-123901,2025-11-01,,
ORD-123902,2025-11-19,2025-11-19,0.0
ORD-123903,2025-09-27,2025-09-28,1.0
ORD-123904,2025-10-03,2025-10-03,0.0
ORD-123905,2025-11-06,2025-11-08,2.0
ORD-123906,2024-12-15,2024-12-16,1.0
ORD-123907,2025-11-02,2025-11-04,2.0
ORD-123908,2025-02-13,2025-02-13,0.0
ORD-123909,2024-11-12,2024-11-13,1.0
ORD-123910,2024-09-13,2024-09-13,0.0
ORD-123911,2025-06-10,2025-06-10,0.0
ORD-123912,2025-06-11,2025-06-11,0.0
ORD-123913,2025-11-12,2025-11-12,0.0
ORD-123914,2025-09-04,2025-09-04,0.0
ORD-123915,2025-05-19,2025-05-19,0.0
ORD-123916,2025-01-15,2025-01-16,1.0
ORD-123917,2025-03-29,2025-04-01,3.0
ORD-123918,2025-11-13,2025-11-14,1.0
ORD-123919,2025-11-25,,
ORD-123920,2025-08-30,2025-08-30,0.0
ORD-123921,2025-08-23,2025-08-24,1.0
ORD-123922,2024-10-19,,
ORD-123923,2025-09-27,2025-09-27,0.0
ORD-123924,2025-06-13,2025-06-14,1.0
ORD-123925,2024-09-18,2024-09-19,1.0
ORD-123926,2025-12-09,2025-12-09,0.0
ORD-123927,2025-10-24,2025-10-24,0.0
ORD-123928,2025-09-01,2025-09-01,0.0
ORD-123929,2025-07-17,2025-07-18,1.0
ORD-123930,2024-08-19,2024-08-19,0.0
ORD-123931,2025-11-27,2025-11-27,0.0
ORD-123932,2025-01-07,2025-01-07,0.0
ORD-123933,2025-02-11,2025-02-11,0.0
ORD-123934,2025-12-21,2025-12-21,0.0
ORD-123935,2025-10-11,2025-10-14,3.0
ORD-123936,2025-09-24,2025-09-24,0.0
ORD-123937,2025-11-06,2025-11-09,3.0
ORD-123938,2025-11-28,,
ORD-123939,2025-02-18,2025-02-18,0.0
ORD-123940,2025-11-15,2025-11-15,0.0
ORD-123941,2025-10-20,2025-10-21,1.0
ORD-123942,2025-03-09,2025-03-09,0.0
ORD-123943,2025-10-07,2025-10-07,0.0
ORD-123944,2024-11-21,2024-11-21,0.0
ORD-123945,2025-10-29,2025-10-29,0.0
ORD-123946,2025-12-20,2025-12-20,0.0
ORD-123947,2025-08-23,2025-08-23,0.0
ORD-123948,2025-08-22,2025-08-22,0.0
ORD-123949,2025-11-04,2025-11-05,1.0
ORD-123950,2024-08-06,2024-08-06,0.0
ORD-123951,2025-07-30,,
ORD-123952,2025-02-13,2025-02-14,1.0
ORD-123953,2024-12-14,2024-12-15,1.0
ORD-123954,2024-02-11,2024-02-11,0.0
ORD-123955,2025-07-14,2025-07-14,0.0
ORD-123956,2025-05-10,2025-05-10,0.0
ORD-123957,2025-02-24,2025-02-24,0.0
ORD-123958,2025-01-26,2025-01-27,1.0
ORD-123959,2025-02-17,2025-02-17,0.0
ORD-123960,2025-08-11,2025-08-12,1.0
ORD-123961,2024-04-07,2024-04-07,0.0
ORD-123962,2025-11-07,2025-11-08,1.0
ORD-123963,2025-03-19,2025-03-20,1.0
ORD-123964,2025-02-08,2025-02-08,0.0
ORD-123965,2025-10-27,2025-10-27,0.0
ORD-123966,2025-02-19,2025-02-19,0.0
ORD-123967,2025-07-21,2025-07-21,0.0
ORD-123968,2024-11-07,2024-11-07,0.0
ORD-123969,2024-09-09,2024-09-09,0.0
ORD-123970,2025-09-02,2025-09-02,0.0
ORD-123971,2025-08-14,2025-08-15,1.0
ORD-123972,2024-05-27,2024-05-29,2.0
ORD-123973,2024-09-27,2024-09-30,3.0
ORD-123974,2025-03-19,,
ORD-123975,2025-05-15,2025-05-17,2.0
ORD-123976,2025-11-12,2025-11-13,1.0
ORD-123977,2025-05-19,2025-05-19,0.0
ORD-123978,2025-07-20,,
ORD-123979,2025-04-14,2025-04-14,0.0
ORD-123980,2025-12-08,2025-12-10,2.0
ORD-123981,2024-11-02,2024-11-05,3.0
ORD-123982,2024-09-08,2024-09-10,2.0
ORD-123983,2025-07-19,2025-07-19,0.0
ORD-123984,2024-11-28,,
ORD-123985,2024-05-04,2024-05-04,0.0
ORD-123986,2025-08-23,2025-08-26,3.0
ORD-123987,2025-07-20,2025-07-20,0.0
ORD-123988,2025-02-10,2025-02-11,1.0
ORD-123989,2025-10-18,2025-10-20,2.0
ORD-123990,2025-08-26,2025-08-28,2.0
ORD-123991,2025-02-13,2025-02-13,0.0
ORD-123992,2025-09-07,2025-09-08,1.0
ORD-123993,2025-02-22,2025-02-24,2.0
ORD-123994,2024-06-28,2024-06-28,0.0
ORD-123995,2025-10-20,2025-10-20,0.0
ORD-123996,2025-10-06,2025-10-06,0.0
ORD-123997,2025-07-29,2025-07-30,1.0
ORD-123998,2024-09-01,,
ORD-123999,2025-11-01,2025-11-01,0.0
ORD-124000,2025-06-12,2025-06-13,1.0
ORD-124001,2025-05-10,2025-05-11,1.0
ORD-124002,2025-08-17,,
ORD-124003,2024-12-20,2024-12-22,2.0
ORD-124004,2024-11-05,2024-11-05,0.0
ORD-124005,2024-02-07,2024-02-09,2.0
ORD-124006,2025-05-25,2025-05-25,0.0
ORD-124007,2025-11-13,2025-11-13,0.0
ORD-124008,2025-11-12,2025-11-12,0.0
ORD-124009,2025-11-04,2025-11-05,1.0
ORD-124010,2025-10-23,2025-10-26,3.0
ORD-124011,2025-09-13,2025-09-13,0.0
ORD-124012,2024-07-28,2024-07-29,1.0
ORD-124013,2025-03-05,2025-03-06,1.0
ORD-124014,2025-09-07,2025-09-08,1.0
ORD-124015,2024-11-24,,
ORD-124016,2025-07-09,2025-07-11,2.0
ORD-124017,2025-02-22,2025-02-22,0.0
ORD-124018,2024-11-03,2024-11-03,0.0
ORD-124019,2025-07-28,2025-07-28,0.0
ORD-124020,2024-10-18,2024-10-18,0.0
ORD-124021,2025-09-06,2025-09-07,1.0
ORD-124022,2025-07-07,2025-07-09,2.0
ORD-124023,2025-10-21,2025-10-21,0.0
ORD-124024,2025-05-28,2025-05-28,0.0
ORD-124025,2025-11-10,2025-11-10,0.0
ORD-124026,2025-11-10,2025-11-10,0.0
ORD-124027,2025-04-12,2025-04-13,1.0
ORD-124028,2025-10-29,2025-10-29,0.0
ORD-124029,2024-10-17,2024-10-19,2.0
ORD-124030,2024-09-05,2024-09-05,0.0
ORD-124031,2024-09-10,2024-09-10,0.0
ORD-124032,2025-01-25,2025-01-25,0.0
ORD-124033,2025-12-23,2025-12-23,0.0
ORD-124034,2025-11-13,2025-11-13,0.0
ORD-124035,2025-10-22,,
ORD-124036,2024-04-27,,
ORD-124037,2025-10-29,2025-10-29,0.0
ORD-124038,2025-11-14,,
ORD-124039,2025-05-19,2025-05-20,1.0
ORD-124040,2025-10-31,2025-10-31,0.0
ORD-124041,2025-02-24,2025-02-27,3.0
ORD-124042,2024-06-04,2024-06-05,1.0
ORD-124043,2025-11-16,2025-11-16,0.0
ORD-124044,2025-08-25,2025-08-25,0.0
ORD-124045,2024-05-01,2024-05-01,0.0
ORD-124046,2025-12-03,2025-12-04,1.0
ORD-124047,2025-06-08,2025-06-08,0.0
ORD-124048,2025-09-08,2025-09-10,2.0
ORD-124049,2025-11-16,2025-11-16,0.0
ORD-124050,2025-11-16,2025-11-16,0.0
ORD-124051,2024-07-27,2024-07-27,0.0
ORD-124052,2025-05-08,2025-05-09,1.0
ORD-124053,2025-03-20,2025-03-20,0.0
ORD-124054,2024-03-15,2024-03-16,1.0
ORD-124055,2025-11-18,2025-11-20,2.0
ORD-124056,2024-11-12,2024-11-14,2.0
ORD-124057,2024-12-25,2024-12-25,0.0
ORD-124058,2025-04-22,2025-04-22,0.0
ORD-124059,2024-09-29,,
ORD-124060,2025-12-16,2025-12-16,0.0
ORD-124061,2025-05-29,2025-05-29,0.0
ORD-124062,2025-05-18,,
ORD-124063,2025-07-28,2025-07-28,0.0
ORD-124064,2025-12-14,2025-12-15,1.0
ORD-124065,2025-11-04,2025-11-04,0.0
ORD-124066,2025-11-18,2025-11-19,1.0
ORD-124067,2024-11-21,2024-11-21,0.0
ORD-124068,2025-10-26,2025-10-27,1.0
ORD-124069,2025-06-10,,
ORD-124070,2025-04-24,2025-04-24,0.0
ORD-124071,2025-10-21,2025-10-24,3.0
ORD-124072,2025-07-29,,
ORD-124073,2025-01-15,2025-01-15,0.0
ORD-124074,2025-03-30,2025-03-31,1.0
ORD-124075,2025-01-12,2025-01-13,1.0
ORD-124076,2025-11-19,2025-11-19,0.0
ORD-124077,2025-01-28,2025-01-28,0.0
ORD-124078,2025-11-16,2025-11-16,0.0
ORD-124079,2025-06-12,2025-06-12,0.0
ORD-124080,2025-10-30,2025-10-30,0.0
ORD-124081,2024-12-02,2024-12-03,1.0
ORD-124082,2025-08-20,2025-08-20,0.0
ORD-124083,2025-01-09,2025-01-09,0.0
ORD-124084,2024-06-22,2024-06-23,1.0
ORD-124085,2024-10-03,2024-10-04,1.0
ORD-124086,2024-12-15,2024-12-20,5.0
ORD-124087,2025-07-19,,
ORD-124088,2025-04-02,2025-04-02,0.0
ORD-124089,2025-08-09,2025-08-09,0.0
ORD-124090,2025-12-08,2025-12-09,1.0
ORD-124091,2025-12-14,2025-12-15,1.0
ORD-124092,2025-11-05,,
ORD-124093,2024-05-07,2024-05-07,0.0
ORD-124094,2025-02-06,2025-02-06,0.0
ORD-124095,2025-06-13,2025-06-14,1.0
ORD-124096,2025-05-04,2025-05-07,3.0
ORD-124097,2025-10-22,2025-10-23,1.0
ORD-124098,2025-02-26,2025-02-27,1.0
ORD-124099,2025-03-19,2025-03-20,1.0
ORD-124100,2025-11-11,2025-11-11,0.0
ORD-124101,2025-01-11,2025-01-13,2.0
ORD-124102,2024-10-12,2024-10-12,0.0
ORD-124103,2025-01-27,2025-01-27,0.0
ORD-124104,2024-05-04,2024-05-04,0.0
ORD-124105,2024-03-05,2024-03-06,1.0
ORD-124106,2025-08-02,2025-08-02,0.0
ORD-124107,2025-07-20,2025-07-22,2.0
ORD-124108,2024-05-31,2024-06-01,1.0
ORD-124109,2025-10-11,2025-10-11,0.0
ORD-124110,2025-08-24,2025-08-24,0.0
ORD-124111,2025-10-31,2025-10-31,0.0
ORD-124112,2025-06-07,2025-06-08,1.0
ORD-124113,2024-04-13,2024-04-13,0.0
ORD-124114,2024-02-24,2024-02-27,3.0
ORD-124115,2025-10-27,2025-11-01,5.0
ORD-124116,2025-03-26,2025-03-26,0.0
ORD-124117,2025-10-08,2025-10-09,1.0
ORD-124118,2024-11-15,2024-11-15,0.0
ORD-124119,2025-04-30,2025-04-30,0.0
ORD-124120,2025-01-23,2025-01-23,0.0
ORD-124121,2025-10-07,,
ORD-124122,2025-08-05,2025-08-07,2.0
ORD-124123,2024-09-18,2024-09-18,0.0
ORD-124124,2025-03-22,2025-03-23,1.0
ORD-124125,2024-04-07,2024-04-08,1.0
ORD-124126,2024-10-24,,
ORD-124127,2024-09-13,2024-09-13,0.0
ORD-124128,2024-10-01,2024-10-01,0.0
ORD-124129,2025-02-10,,
ORD-124130,2025-02-26,2025-02-27,1.0
ORD-124131,2025-10-25,2025-10-26,1.0
ORD-124132,2024-10-26,2024-10-27,1.0
ORD-124133,2025-10-15,2025-10-16,1.0
ORD-124134,2025-11-03,2025-11-05,2.0
ORD-124135,2025-06-14,2025-06-14,0.0
ORD-124136,2025-06-01,,
ORD-124137,2025-10-01,,
ORD-124138,2025-07-01,2025-07-01,0.0
ORD-124139,2025-12-10,2025-12-11,1.0
ORD-124140,2025-03-19,2025-03-19,0.0
ORD-124141,2024-11-19,,
ORD-124142,2025-11-09,2025-11-09,0.0
ORD-124143,2025-07-16,2025-07-16,0.0
ORD-124144,2025-10-22,2025-10-22,0.0
ORD-124145,2025-02-10,2025-02-10,0.0
ORD-124146,2024-11-22,2024-11-22,0.0
ORD-124147,2025-08-04,2025-08-04,0.0
ORD-124148,2025-12-26,2025-12-27,1.0
ORD-124149,2025-01-29,2025-01-30,1.0
ORD-124150,2025-08-29,2025-08-29,0.0
ORD-124151,2024-05-17,2024-05-17,0.0
ORD-124152,2025-08-16,2025-08-18,2.0
ORD-124153,2024-10-31,2024-11-01,1.0
ORD-124154,2025-11-05,2025-11-05,0.0
ORD-124155,2025-11-14,2025-11-17,3.0
ORD-124156,2025-08-17,2025-08-17,0.0
ORD-124157,2024-09-11,2024-09-11,0.0
ORD-124158,2025-06-06,2025-06-06,0.0
ORD-124159,2025-06-04,,
ORD-124160,2025-01-20,2025-01-20,0.0
ORD-124161,2025-06-21,2025-06-22,1.0
ORD-124162,2025-06-07,2025-06-07,0.0
ORD-124163,2025-08-02,2025-08-02,0.0
ORD-124164,2025-05-11,2025-05-11,0.0
ORD-124165,2024-06-03,,
ORD-124166,2024-11-04,,
ORD-124167,2025-09-06,2025-09-06,0.0
ORD-124168,2025-09-05,2025-09-07,2.0
ORD-124169,2025-07-20,2025-07-20,0.0
ORD-124170,2025-10-16,2025-10-16,0.0
ORD-124171,2025-01-15,2025-01-15,0.0
ORD-124172,2025-10-28,,
ORD-124173,2025-10-21,2025-10-21,0.0
ORD-124174,2024-11-29,2024-12-02,3.0
ORD-124175,2025-10-29,2025-10-29,0.0
ORD-124176,2025-12-15,2025-12-15,0.0
ORD-124177,2025-03-13,2025-03-15,2.0
ORD-124178,2025-02-26,2025-03-01,3.0
ORD-124179,2025-09-02,2025-09-02,0.0
ORD-124180,2025-03-28,2025-03-28,0.0
ORD-124181,2025-01-27,,
ORD-124182,2024-09-10,2024-09-11,1.0
ORD-124183,2025-12-02,2025-12-02,0.0
ORD-124184,2025-09-10,2025-09-10,0.0
ORD-124185,2025-04-18,2025-04-18,0.0
ORD-124186,2025-03-13,2025-03-13,0.0
ORD-124187,2024-08-19,2024-08-19,0.0
ORD-124188,2025-11-04,2025-11-04,0.0
ORD-124189,2025-10-02,2025-10-02,0.0
ORD-124190,2025-04-03,2025-04-04,1.0
ORD-124191,2024-11-07,,
ORD-124192,2025-08-24,2025-08-26,2.0
ORD-124193,2024-08-18,,
ORD-124194,2025-05-02,2025-05-03,1.0
ORD-124195,2025-01-14,2025-01-19,5.0
ORD-124196,2025-07-03,2025-07-04,1.0
ORD-124197,2025-01-30,2025-01-30,0.0
ORD-124198,2025-10-10,2025-10-10,0.0
ORD-124199,2024-08-20,2024-08-20,0.0
ORD-124200,2025-08-05,2025-08-05,0.0
ORD-124201,2025-10-21,2025-10-21,0.0
ORD-124202,2025-09-23,2025-09-24,1.0
ORD-124203,2025-01-30,2025-01-31,1.0
ORD-124204,2025-09-29,2025-09-29,0.0
ORD-124205,2025-06-05,2025-06-05,0.0
ORD-124206,2025-09-03,2025-09-03,0.0
ORD-124207,2025-08-18,2025-08-18,0.0
ORD-124208,2025-07-29,2025-07-29,0.0
ORD-124209,2025-08-12,2025-08-12,0.0
ORD-124210,2025-10-07,2025-10-09,2.0
ORD-124211,2025-08-01,2025-08-01,0.0
ORD-124212,2025-11-21,2025-11-23,2.0
ORD-124213,2025-03-13,2025-03-14,1.0
ORD-124214,2025-10-08,2025-10-08,0.0
ORD-124215,2025-10-21,2025-10-24,3.0
ORD-124216,2025-03-28,2025-03-29,1.0
ORD-124217,2025-11-21,2025-11-21,0.0
ORD-124218,2025-10-31,,
ORD-124219,2025-12-20,2025-12-20,0.0
ORD-124220,2025-08-07,2025-08-07,0.0
ORD-124221,2025-07-19,,
ORD-124222,2025-05-23,2025-05-23,0.0
ORD-124223,2025-03-15,2025-03-15,0.0
ORD-124224,2025-07-22,2025-07-22,0.0
ORD-124225,2024-07-26,2024-07-28,2.0
ORD-124226,2025-12-11,2025-12-12,1.0
ORD-124227,2025-07-08,2025-07-08,0.0
ORD-124228,2025-07-11,2025-07-11,0.0
ORD-124229,2025-07-25,2025-07-25,0.0
ORD-124230,2025-09-28,2025-09-28,0.0
ORD-124231,2024-02-20,,
ORD-124232,2025-09-13,2025-09-15,2.0
ORD-124233,2025-06-25,2025-06-25,0.0
ORD-124234,2025-08-13,2025-08-13,0.0
ORD-124235,2024-01-27,2024-01-27,0.0
ORD-124236,2025-10-20,2025-10-20,0.0
ORD-124237,2024-09-15,2024-09-16,1.0
ORD-124238,2025-03-19,2025-03-19,0.0
ORD-124239,2025-11-04,2025-11-04,0.0
ORD-124240,2024-12-09,2024-12-09,0.0
ORD-124241,2025-01-26,2025-01-26,0.0
ORD-124242,2025-03-01,2025-03-01,0.0
ORD-124243,2025-02-23,,
ORD-124244,2025-07-08,2025-07-09,1.0
ORD-124245,2025-12-09,2025-12-10,1.0
ORD-124246,2025-09-26,2025-09-26,0.0
ORD-124247,2025-08-27,2025-08-27,0.0
ORD-124248,2025-11-15,2025-11-15,0.0
ORD-124249,2025-05-05,2025-05-05,0.0
ORD-124250,2024-12-20,2024-12-20,0.0
ORD-124251,2024-10-25,,
ORD-124252,2025-04-17,2025-04-17,0.0
ORD-124253,2025-05-20,2025-05-20,0.0
ORD-124254,2024-09-01,2024-09-01,0.0
ORD-124255,2025-10-06,2025-10-07,1.0
ORD-124256,2025-04-28,2025-04-29,1.0
ORD-124257,2025-02-14,2025-02-15,1.0
ORD-124258,2024-09-08,2024-09-08,0.0
ORD-124259,2025-06-24,2025-06-24,0.0
ORD-124260,2025-06-22,,
ORD-124261,2025-11-15,2025-11-18,3.0
ORD-124262,2025-11-06,2025-11-08,2.0
ORD-124263,2025-01-06,2025-01-09,3.0
ORD-124264,2025-11-23,2025-11-23,0.0
ORD-124265,2025-11-07,2025-11-07,0.0
ORD-124266,2024-12-16,2024-12-16,0.0
ORD-124267,2025-02-07,2025-02-07,0.0
ORD-124268,2025-11-09,2025-11-09,0.0
ORD-124269,2024-04-15,2024-04-15,0.0
ORD-124270,2025-12-12,2025-12-13,1.0
ORD-124271,2025-12-13,,
ORD-124272,2025-11-17,2025-11-19,2.0
ORD-124273,2025-12-02,2025-12-03,1.0
ORD-124274,2025-01-26,,
ORD-124275,2024-02-01,2024-02-04,3.0
ORD-124276,2025-11-18,2025-11-18,0.0
ORD-124277,2025-11-19,2025-11-20,1.0
ORD-124278,2025-10-23,2025-10-25,2.0
ORD-124279,2025-06-07,2025-06-07,0.0
ORD-124280,2025-10-26,2025-10-26,0.0
ORD-124281,2024-07-16,2024-07-16,0.0
ORD-124282,2024-11-20,2024-11-20,0.0
ORD-124283,2024-11-02,2024-11-02,0.0
ORD-124284,2025-08-22,2025-08-22,0.0
ORD-124285,2025-02-12,2025-02-12,0.0
ORD-124286,2024-09-23,2024-09-23,0.0
ORD-124287,2024-10-18,2024-10-18,0.0
ORD-124288,2024-10-26,2024-10-29,3.0
ORD-124289,2025-10-09,2025-10-10,1.0
ORD-124290,2025-02-03,2025-02-03,0.0
ORD-124291,2025-01-27,2025-01-28,1.0
ORD-124292,2025-03-23,2025-03-24,1.0
ORD-124293,2025-11-23,,
ORD-124294,2025-06-09,2025-06-09,0.0
ORD-124295,2025-11-09,2025-11-11,2.0
ORD-124296,2025-10-30,2025-11-02,3.0
ORD-124297,2025-01-02,2025-01-03,1.0
ORD-124298,2025-10-22,2025-10-22,0.0
ORD-124299,2025-10-29,2025-10-29,0.0
ORD-124300,2025-09-09,2025-09-10,1.0
ORD-124301,2025-07-18,2025-07-18,0.0
ORD-124302,2025-05-21,2025-05-21,0.0
ORD-124303,2025-11-03,,
ORD-124304,2025-10-29,2025-10-29,0.0
ORD-124305,2024-10-14,2024-10-17,3.0
ORD-124306,2025-11-10,2025-11-10,0.0
ORD-124307,2025-04-10,2025-04-10,0.0
ORD-124308,2025-05-08,2025-05-08,0.0
ORD-124309,2025-11-02,2025-11-02,0.0
ORD-124310,2025-12-24,2025-12-24,0.0
ORD-124311,2024-09-29,2024-09-30,1.0
ORD-124312,2025-03-09,2025-03-11,2.0
ORD-124313,2025-07-21,2025-07-21,0.0
ORD-124314,2024-09-17,2024-09-17,0.0
ORD-124315,2025-01-27,2025-01-27,0.0
ORD-124316,2025-09-01,,
ORD-124317,2025-02-04,2025-02-04,0.0
ORD-124318,2025-07-30,2025-07-30,0.0
ORD-124319,2025-06-25,2025-06-25,0.0
ORD-124320,2025-05-14,2025-05-17,3.0
ORD-124321,2025-11-20,2025-11-20,0.0
ORD-124322,2024-10-24,2024-10-24,0.0
ORD-124323,2024-12-25,2024-12-25,0.0
ORD-124324,2025-03-11,2025-03-13,2.0
ORD-124325,2025-04-11,2025-04-12,1.0
ORD-124326,2024-12-11,2024-12-12,1.0
ORD-124327,2025-12-08,2025-12-08,0.0
ORD-124328,2025-11-11,2025-11-11,0.0
ORD-124329,2025-06-25,2025-06-25,0.0
ORD-124330,2024-10-07,2024-10-07,0.0
ORD-124331,2024-11-28,2024-11-28,0.0
ORD-124332,2024-10-18,,
ORD-124333,2024-08-08,2024-08-08,0.0
ORD-124334,2025-05-12,2025-05-15,3.0
ORD-124335,2024-11-18,2024-11-19,1.0
ORD-124336,2025-07-02,2025-07-04,2.0
ORD-124337,2025-11-01,2025-11-03,2.0
ORD-124338,2025-06-06,2025-06-09,3.0
ORD-124339,2025-11-25,2025-11-26,1.0
ORD-124340,2025-11-12,2025-11-12,0.0
ORD-124341,2024-07-08,2024-07-09,1.0
ORD-124342,2025-05-03,2025-05-03,0.0
ORD-124343,2025-11-05,2025-11-05,0.0
ORD-124344,2024-04-13,,
ORD-124345,2024-11-12,2024-11-12,0.0
ORD-124346,2025-01-05,2025-01-05,0.0
ORD-124347,2025-12-22,2025-12-22,0.0
ORD-124348,2025-03-20,2025-03-21,1.0
ORD-124349,2025-02-13,,
ORD-124350,2025-10-05,2025-10-05,0.0
ORD-124351,2025-04-28,2025-04-28,0.0
ORD-124352,2025-11-21,2025-11-21,0.0
ORD-124353,2025-07-19,,
ORD-124354,2025-05-17,,
ORD-124355,2024-06-17,2024-06-17,0.0
ORD-124356,2025-12-06,2025-12-06,0.0
ORD-124357,2025-12-19,2025-12-20,1.0
ORD-124358,2024-12-26,2024-12-26,0.0
ORD-124359,2025-11-14,2025-11-15,1.0
ORD-124360,2025-05-12,2025-05-12,0.0
ORD-124361,2024-09-09,2024-09-10,1.0
ORD-124362,2024-09-28,2024-09-29,1.0
ORD-124363,2024-08-24,,
ORD-124364,2024-11-17,2024-11-17,0.0
ORD-124365,2025-05-24,2025-05-24,0.0
ORD-124366,2025-01-06,2025-01-07,1.0
ORD-124367,2025-05-13,,
ORD-124368,2024-09-26,2024-09-26,0.0
ORD-124369,2025-09-17,,
ORD-124370,2025-11-15,2025-11-16,1.0
ORD-124371,2025-11-15,2025-11-15,0.0
ORD-124372,2024-03-24,2024-03-24,0.0
ORD-124373,2024-11-29,2024-11-29,0.0
ORD-124374,2025-04-03,2025-04-03,0.0
ORD-124375,2025-04-23,2025-04-24,1.0
ORD-124376,2025-12-14,2025-12-14,0.0
ORD-124377,2025-03-04,2025-03-04,0.0
ORD-124378,2025-04-01,2025-04-01,0.0
ORD-124379,2025-09-01,2025-09-01,0.0
ORD-124380,2025-11-24,2025-11-24,0.0
ORD-124381,2025-03-17,2025-03-17,0.0
ORD-124382,2025-08-04,2025-08-04,0.0
ORD-124383,2025-02-19,2025-02-19,0.0
ORD-124384,2025-11-01,2025-11-01,0.0
ORD-124385,2025-10-16,2025-10-18,2.0
ORD-124386,2025-07-13,2025-07-13,0.0
ORD-124387,2025-11-02,2025-11-02,0.0
ORD-124388,2025-11-23,2025-11-23,0.0
ORD-124389,2024-12-27,2024-12-27,0.0
ORD-124390,2025-01-30,2025-01-30,0.0
ORD-124391,2024-10-22,2024-10-22,0.0
ORD-124392,2025-10-18,,
ORD-124393,2025-03-20,2025-03-20,0.0
ORD-124394,2025-08-02,2025-08-02,0.0
ORD-124395,2025-06-23,2025-06-24,1.0
ORD-124396,2025-09-23,2025-09-23,0.0
ORD-124397,2024-07-21,2024-07-22,1.0
ORD-124398,2024-10-04,2024-10-04,0.0
ORD-124399,2025-05-03,2025-05-05,2.0
ORD-124400,2025-03-05,2025-03-06,1.0
ORD-124401,2025-11-24,2025-11-24,0.0
ORD-124402,2025-05-03,2025-05-03,0.0
ORD-124403,2024-12-12,2024-12-12,0.0
ORD-124404,2025-08-22,2025-08-22,0.0
ORD-124405,2025-01-12,2025-01-12,0.0
ORD-124406,2025-01-02,2025-01-04,2.0
ORD-124407,2025-12-05,2025-12-05,0.0
ORD-124408,2025-11-07,2025-11-07,0.0
ORD-124409,2025-02-13,2025-02-13,0.0
ORD-124410,2025-02-02,2025-02-02,0.0
ORD-124411,2025-09-14,,
ORD-124412,2025-09-03,2025-09-04,1.0
ORD-124413,2025-08-01,2025-08-02,1.0
ORD-124414,2025-03-26,2025-03-27,1.0
ORD-124415,2024-10-22,2024-10-22,0.0
ORD-124416,2025-05-20,2025-05-20,0.0
ORD-124417,2024-09-20,2024-09-21,1.0
ORD-124418,2025-04-23,2025-04-23,0.0
ORD-124419,2025-08-21,2025-08-21,0.0
ORD-124420,2025-10-25,,
ORD-124421,2025-10-15,2025-10-16,1.0
ORD-124422,2025-06-18,2025-06-20,2.0
ORD-124423,2025-04-20,2025-04-22,2.0
ORD-124424,2025-11-12,2025-11-12,0.0
ORD-124425,2025-07-07,2025-07-07,0.0
ORD-124426,2025-07-04,2025-07-05,1.0
ORD-124427,2025-10-01,2025-10-02,1.0
ORD-124428,2025-11-21,2025-11-21,0.0
ORD-124429,2024-11-25,2024-11-25,0.0
ORD-124430,2024-12-02,2024-12-03,1.0
ORD-124431,2025-11-06,,
ORD-124432,2025-12-23,2025-12-24,1.0
ORD-124433,2024-10-13,2024-10-13,0.0
ORD-124434,2025-02-15,2025-02-15,0.0
ORD-124435,2024-10-21,2024-10-21,0.0
ORD-124436,2025-11-19,2025-11-19,0.0
ORD-124437,2025-04-01,2025-04-01,0.0
ORD-124438,2025-10-27,,
ORD-124439,2025-10-04,2025-10-04,0.0
ORD-124440,2025-11-17,2025-11-18,1.0
ORD-124441,2025-03-28,2025-03-30,2.0
ORD-124442,2025-11-14,2025-11-14,0.0
ORD-124443,2025-08-04,2025-08-04,0.0
ORD-124444,2025-10-27,2025-10-27,0.0
ORD-124445,2025-10-09,2025-10-09,0.0
ORD-124446,2025-06-14,2025-06-14,0.0
ORD-124447,2025-11-10,2025-11-10,0.0
ORD-124448,2025-09-22,2025-09-24,2.0
ORD-124449,2025-05-02,2025-05-02,0.0
ORD-124450,2025-10-25,,
ORD-124451,2024-03-19,2024-03-19,0.0
ORD-124452,2025-10-03,2025-10-03,0.0
ORD-124453,2025-04-19,2025-04-19,0.0
ORD-124454,2024-10-25,2024-10-25,0.0
ORD-124455,2024-12-11,2024-12-11,0.0
ORD-124456,2025-07-07,2025-07-07,0.0
ORD-124457,2025-10-16,2025-10-17,1.0
ORD-124458,2025-11-29,2025-11-30,1.0
ORD-124459,2025-11-10,2025-11-10,0.0
ORD-124460,2025-07-23,2025-07-23,0.0
ORD-124461,2025-12-06,2025-12-07,1.0
ORD-124462,2025-06-04,2025-06-04,0.0
ORD-124463,2025-08-16,2025-08-16,0.0
ORD-124464,2025-12-22,2025-12-23,1.0
ORD-124465,2025-03-19,2025-03-19,0.0
ORD-124466,2025-08-21,2025-08-21,0.0
ORD-124467,2024-11-19,2024-11-19,0.0
ORD-124468,2024-06-28,2024-06-28,0.0
ORD-124469,2025-12-01,2025-12-01,0.0
ORD-124470,2025-10-07,2025-10-08,1.0
ORD-124471,2025-11-13,2025-11-15,2.0
ORD-124472,2025-11-07,2025-11-09,2.0
ORD-124473,2025-05-31,2025-05-31,0.0
ORD-124474,2024-10-06,,
ORD-124475,2025-05-20,2025-05-21,1.0
ORD-124476,2024-12-27,2024-12-27,0.0
ORD-124477,2025-06-27,2025-06-27,0.0
ORD-124478,2025-01-25,2025-01-25,0.0
ORD-124479,2024-08-16,2024-08-16,0.0
ORD-124480,2025-08-24,2025-08-24,0.0
ORD-124481,2025-11-26,2025-11-26,0.0
ORD-124482,2024-11-11,2024-11-11,0.0
ORD-124483,2025-07-17,,
ORD-124484,2025-11-05,2025-11-06,1.0
ORD-124485,2025-03-25,2025-03-27,2.0
ORD-124486,2025-07-13,,
ORD-124487,2026-01-02,2026-01-02,0.0
ORD-124488,2025-05-09,2025-05-10,1.0
ORD-124489,2025-01-27,2025-01-29,2.0
ORD-124490,2025-10-31,2025-11-03,3.0
ORD-124491,2025-04-08,,
ORD-124492,2025-04-16,2025-04-16,0.0
ORD-124493,2025-09-09,2025-09-10,1.0
ORD-124494,2025-05-18,2025-05-18,0.0
ORD-124495,2024-10-30,2024-10-30,0.0
ORD-124496,2025-07-15,2025-07-15,0.0
ORD-124497,2024-12-23,2024-12-23,0.0
ORD-124498,2025-07-24,2025-07-24,0.0
ORD-124499,2025-06-28,2025-06-30,2.0
ORD-124500,2025-05-15,2025-05-18,3.0
ORD-124501,2025-07-30,2025-08-02,3.0
ORD-124502,2025-12-11,,
ORD-124503,2025-11-10,2025-11-12,2.0
ORD-124504,2025-03-24,2025-03-24,0.0
ORD-124505,2025-05-23,,
ORD-124506,2025-03-19,2025-03-20,1.0
ORD-124507,2025-11-16,2025-11-17,1.0
ORD-124508,2025-11-22,2025-11-24,2.0
ORD-124509,2025-05-04,2025-05-04,0.0
ORD-124510,2025-10-25,2025-10-26,1.0
ORD-124511,2025-07-27,2025-07-29,2.0
ORD-124512,2025-09-01,2025-09-01,0.0
ORD-124513,2025-10-29,2025-10-29,0.0
ORD-124514,2025-11-15,,
ORD-124515,2025-09-17,2025-09-19,2.0
ORD-124516,2024-11-06,2024-11-06,0.0
ORD-124517,2025-04-23,2025-04-23,0.0
ORD-124518,2025-12-07,2025-12-07,0.0
ORD-124519,2025-11-17,,
ORD-124520,2025-06-21,,
ORD-124521,2025-11-27,2025-11-30,3.0
ORD-124522,2024-09-10,2024-09-10,0.0
ORD-124523,2025-10-01,,
ORD-124524,2025-10-18,2025-10-18,0.0
ORD-124525,2024-08-20,2024-08-22,2.0
ORD-124526,2025-09-15,2025-09-15,0.0
ORD-124527,2025-11-01,2025-11-01,0.0
ORD-124528,2025-11-04,2025-11-06,2.0
ORD-124529,2024-09-21,2024-09-21,0.0
ORD-124530,2024-11-10,2024-11-10,0.0
ORD-124531,2025-07-07,2025-07-07,0.0
ORD-124532,2025-03-26,2025-03-26,0.0
ORD-124533,2025-11-29,2025-11-29,0.0
ORD-124534,2024-12-27,2024-12-28,1.0
ORD-124535,2025-08-22,2025-08-23,1.0
ORD-124536,2025-09-04,2025-09-04,0.0
ORD-124537,2025-09-07,,
ORD-124538,2025-10-26,2025-10-26,0.0
ORD-124539,2024-02-21,2024-02-21,0.0
ORD-124540,2025-12-09,2025-12-09,0.0
ORD-124541,2025-11-24,2025-11-25,1.0
ORD-124542,2025-01-11,2025-01-13,2.0
ORD-124543,2025-11-21,2025-11-21,0.0
ORD-124544,2025-07-23,2025-07-23,0.0
ORD-124545,2025-01-09,2025-01-09,0.0
ORD-124546,2024-08-01,2024-08-02,1.0
ORD-124547,2025-10-26,2025-10-26,0.0
ORD-124548,2025-04-13,,
ORD-124549,2024-11-09,2024-11-09,0.0
ORD-124550,2025-09-18,2025-09-18,0.0
ORD-124551,2025-05-02,,
ORD-124552,2026-01-01,2026-01-01,0.0
ORD-124553,2025-12-10,2025-12-10,0.0
ORD-124554,2025-05-11,,
ORD-124555,2025-12-07,2025-12-07,0.0
ORD-124556,2025-11-28,,
ORD-124557,2025-10-23,2025-10-26,3.0
ORD-124558,2025-11-10,,
ORD-124559,2024-11-16,2024-11-16,0.0
ORD-124560,2025-10-30,2025-10-31,1.0
ORD-124561,2025-11-25,2025-11-26,1.0
ORD-124562,2024-11-04,2024-11-04,0.0
ORD-124563,2025-09-01,2025-09-01,0.0
ORD-124564,2024-12-03,2024-12-03,0.0
ORD-124565,2025-10-23,2025-10-23,0.0
ORD-124566,2024-08-22,2024-08-25,3.0
ORD-124567,2025-05-08,2025-05-10,2.0
ORD-124568,2025-11-21,,
ORD-124569,2025-08-24,2025-08-25,1.0
ORD-124570,2025-10-29,,
ORD-124571,2024-08-05,2024-08-05,0.0
ORD-124572,2025-10-23,2025-10-23,0.0
ORD-124573,2025-08-22,2025-08-22,0.0
ORD-124574,2024-11-18,2024-11-18,0.0
ORD-124575,2025-11-04,2025-11-04,0.0
ORD-124576,2024-05-17,2024-05-17,0.0
ORD-124577,2025-09-05,2025-09-08,3.0
ORD-124578,2024-05-29,2024-05-29,0.0
ORD-124579,2025-10-30,2025-10-30,0.0
ORD-124580,2025-08-01,2025-08-02,1.0
ORD-124581,2024-09-11,2024-09-14,3.0
ORD-124582,2025-05-10,2025-05-10,0.0
ORD-124583,2025-01-28,2025-01-28,0.0
ORD-124584,2025-10-13,2025-10-14,1.0
ORD-124585,2025-04-12,,
ORD-124586,2025-09-15,2025-09-16,1.0
ORD-124587,2025-11-09,2025-11-09,0.0
ORD-124588,2024-10-27,2024-10-29,2.0
ORD-124589,2024-09-02,2024-09-02,0.0
ORD-124590,2025-10-21,2025-10-21,0.0
ORD-124591,2025-03-07,2025-03-09,2.0
ORD-124592,2025-06-13,2025-06-13,0.0
ORD-124593,2025-08-12,2025-08-14,2.0
ORD-124594,2025-09-16,2025-09-18,2.0
ORD-124595,2025-10-07,,
ORD-124596,2025-10-27,2025-10-27,0.0
ORD-124597,2024-08-17,2024-08-17,0.0
ORD-124598,2025-10-23,2025-10-25,2.0
ORD-124599,2025-08-11,2025-08-11,0.0
ORD-124600,2024-07-01,2024-07-01,0.0
ORD-124601,2025-07-10,2025-07-11,1.0
ORD-124602,2024-05-06,2024-05-06,0.0
ORD-124603,2025-08-30,,
ORD-124604,2024-12-25,2024-12-25,0.0
ORD-124605,2025-09-07,,
ORD-124606,2025-01-03,2025-01-03,0.0
ORD-124607,2025-05-09,2025-05-09,0.0
ORD-124608,2025-10-03,2025-10-03,0.0
ORD-124609,2025-11-05,2025-11-06,1.0
ORD-124610,2024-12-04,2024-12-04,0.0
ORD-124611,2025-03-24,2025-03-26,2.0
ORD-124612,2025-11-08,2025-11-08,0.0
ORD-124613,2025-06-17,2025-06-17,0.0
ORD-124614,2025-05-19,2025-05-22,3.0
ORD-124615,2025-09-18,2025-09-18,0.0
ORD-124616,2025-08-21,2025-08-21,0.0
ORD-124617,2025-03-13,2025-03-13,0.0
ORD-124618,2024-10-20,2024-10-20,0.0
ORD-124619,2025-10-13,2025-10-13,0.0
ORD-124620,2025-09-16,2025-09-16,0.0
ORD-124621,2025-11-19,,
ORD-124622,2025-12-30,2025-12-30,0.0
ORD-124623,2025-01-22,2025-01-23,1.0
ORD-124624,2024-10-07,2024-10-07,0.0
ORD-124625,2025-02-01,2025-02-01,0.0
ORD-124626,2024-10-06,2024-10-08,2.0
ORD-124627,2025-10-26,2025-10-26,0.0
ORD-124628,2025-12-11,2025-12-11,0.0
ORD-124629,2025-11-16,2025-11-16,0.0
ORD-124630,2025-06-25,2025-06-28,3.0
ORD-124631,2025-02-13,2025-02-13,0.0
ORD-124632,2025-04-29,2025-04-29,0.0
ORD-124633,2025-10-24,2025-10-24,0.0
ORD-124634,2024-12-11,2024-12-11,0.0
ORD-124635,2025-01-12,2025-01-12,0.0
ORD-124636,2025-06-29,2025-06-30,1.0
ORD-124637,2025-11-14,2025-11-14,0.0
ORD-124638,2025-06-22,2025-06-22,0.0
ORD-124639,2025-08-06,,
ORD-124640,2025-11-14,2025-11-14,0.0
ORD-124641,2025-08-22,2025-08-22,0.0
ORD-124642,2024-07-30,2024-07-31,1.0
ORD-124643,2025-05-19,2025-05-19,0.0
ORD-124644,2024-09-06,2024-09-07,1.0
ORD-124645,2025-04-01,2025-04-01,0.0
ORD-124646,2025-10-22,2025-10-24,2.0
ORD-124647,2025-11-24,,
ORD-124648,2025-04-19,2025-04-19,0.0
ORD-124649,2025-03-08,2025-03-09,1.0
ORD-124650,2025-04-04,2025-04-04,0.0
ORD-124651,2024-10-24,2024-10-24,0.0
ORD-124652,2025-08-15,2025-08-16,1.0
ORD-124653,2025-12-31,2026-01-01,1.0
ORD-124654,2024-11-05,2024-11-05,0.0
ORD-124655,2025-10-10,2025-10-10,0.0
ORD-124656,2025-02-09,2025-02-09,0.0
ORD-124657,2025-01-22,,
ORD-124658,2025-09-16,2025-09-17,1.0
ORD-124659,2025-01-28,2025-01-29,1.0
ORD-124660,2025-11-07,2025-11-08,1.0
ORD-124661,2025-10-19,2025-10-20,1.0
ORD-124662,2025-11-09,2025-11-09,0.0
ORD-124663,2024-10-18,2024-10-21,3.0
ORD-124664,2025-11-06,2025-11-06,0.0
ORD-124665,2025-10-27,2025-10-27,0.0
ORD-124666,2025-09-05,2025-09-05,0.0
ORD-124667,2025-11-08,2025-11-09,1.0
ORD-124668,2024-05-09,2024-05-09,0.0
ORD-124669,2025-09-08,2025-09-09,1.0
ORD-124670,2025-04-13,,
ORD-124671,2025-06-12,2025-06-12,0.0
ORD-124672,2025-07-23,2025-07-23,0.0
ORD-124673,2024-07-07,,
ORD-124674,2024-07-27,2024-07-27,0.0
ORD-124675,2024-07-09,2024-07-10,1.0
ORD-124676,2025-07-15,2025-07-16,1.0
ORD-124677,2025-11-29,2025-11-29,0.0
ORD-124678,2025-11-04,2025-11-04,0.0
ORD-124679,2025-07-24,2025-07-24,0.0
ORD-124680,2025-01-19,2025-01-19,0.0
ORD-124681,2024-03-09,2024-03-09,0.0
ORD-124682,2024-09-08,2024-09-09,1.0
ORD-124683,2024-07-15,2024-07-16,1.0
ORD-124684,2025-03-27,2025-03-27,0.0
ORD-124685,2025-06-18,2025-06-18,0.0
ORD-124686,2025-03-09,2025-03-11,2.0
ORD-124687,2024-11-03,2024-11-03,0.0
ORD-124688,2025-10-25,2025-10-26,1.0
ORD-124689,2025-08-22,2025-08-22,0.0
ORD-124690,2025-11-22,2025-11-23,1.0
ORD-124691,2025-12-12,2025-12-12,0.0
ORD-124692,2025-01-27,2025-01-27,0.0
ORD-124693,2025-03-28,2025-03-28,0.0
ORD-124694,2025-11-15,2025-11-15,0.0
ORD-124695,2025-07-12,2025-07-12,0.0
ORD-124696,2024-06-01,2024-06-03,2.0
ORD-124697,2025-08-12,2025-08-12,0.0
ORD-124698,2025-12-18,2025-12-18,0.0
ORD-124699,2025-04-23,,
ORD-124700,2025-09-25,2025-09-25,0.0
ORD-124701,2024-12-13,2024-12-13,0.0
ORD-124702,2025-05-12,2025-05-12,0.0
ORD-124703,2025-12-21,2025-12-21,0.0
ORD-124704,2025-01-30,2025-01-31,1.0
ORD-124705,2025-11-19,2025-11-19,0.0
ORD-124706,2024-10-30,2024-10-30,0.0
ORD-124707,2025-05-08,2025-05-08,0.0
ORD-124708,2024-09-10,2024-09-10,0.0
ORD-124709,2025-04-27,2025-04-30,3.0
ORD-124710,2025-08-11,2025-08-11,0.0
ORD-124711,2025-06-08,,
ORD-124712,2025-05-24,2025-05-24,0.0
ORD-124713,2024-08-21,2024-08-21,0.0
ORD-124714,2025-03-27,2025-03-27,0.0
ORD-124715,2025-10-30,2025-11-02,3.0
ORD-124716,2025-10-05,2025-10-05,0.0
ORD-124717,2025-02-16,2025-02-16,0.0
ORD-124718,2025-07-24,2025-07-24,0.0
ORD-124719,2025-12-09,2025-12-12,3.0
ORD-124720,2024-11-19,2024-11-19,0.0
ORD-124721,2025-12-23,2025-12-23,0.0
ORD-124722,2025-09-29,2025-09-29,0.0
ORD-124723,2025-09-29,2025-09-29,0.0
ORD-124724,2024-08-09,2024-08-10,1.0
ORD-124725,2025-06-16,2025-06-16,0.0
ORD-124726,2024-10-01,,
ORD-124727,2024-06-26,,
ORD-124728,2025-03-06,2025-03-06,0.0
ORD-124729,2025-08-20,2025-08-20,0.0
ORD-124730,2024-11-11,2024-11-11,0.0
ORD-124731,2025-11-12,2025-11-13,1.0
ORD-124732,2025-07-27,2025-07-29,2.0
ORD-124733,2024-09-05,2024-09-07,2.0
ORD-124734,2024-09-25,2024-09-25,0.0
ORD-124735,2024-03-20,2024-03-20,0.0
ORD-124736,2025-06-19,2025-06-19,0.0
ORD-124737,2025-02-06,2025-02-11,5.0
ORD-124738,2025-05-14,2025-05-15,1.0
ORD-124739,2024-09-27,2024-09-27,0.0
ORD-124740,2025-12-30,2025-12-30,0.0
ORD-124741,2025-05-02,2025-05-02,0.0
ORD-124742,2025-09-29,2025-09-29,0.0
ORD-124743,2025-10-02,2025-10-02,0.0
ORD-124744,2024-11-18,2024-11-18,0.0
ORD-124745,2025-12-04,2025-12-04,0.0
ORD-124746,2024-09-28,2024-09-28,0.0
ORD-124747,2024-12-21,2024-12-21,0.0
ORD-124748,2024-08-21,2024-08-21,0.0
ORD-124749,2025-05-21,2025-05-21,0.0
ORD-124750,2025-09-24,2025-09-25,1.0
ORD-124751,2025-12-09,2025-12-09,0.0
ORD-124752,2025-06-10,2025-06-10,0.0
ORD-124753,2025-08-19,2025-08-19,0.0
ORD-124754,2025-04-30,2025-05-02,2.0
ORD-124755,2024-03-26,,
ORD-124756,2025-10-17,2025-10-20,3.0
ORD-124757,2025-11-13,2025-11-15,2.0
ORD-124758,2025-10-07,2025-10-07,0.0
ORD-124759,2024-06-04,2024-06-05,1.0
ORD-124760,2025-11-16,2025-11-17,1.0
ORD-124761,2024-08-09,2024-08-09,0.0
ORD-124762,2025-05-24,2025-05-26,2.0
ORD-124763,2025-11-25,2025-11-25,0.0
ORD-124764,2024-10-30,2024-10-30,0.0
ORD-124765,2025-06-16,2025-06-16,0.0
ORD-124766,2024-11-14,2024-11-14,0.0
ORD-124767,2024-11-18,2024-11-18,0.0
ORD-124768,2025-05-13,2025-05-13,0.0
ORD-124769,2025-04-05,2025-04-06,1.0
ORD-124770,2025-09-16,2025-09-16,0.0
ORD-124771,2025-03-05,,
ORD-124772,2025-09-01,2025-09-01,0.0
ORD-124773,2025-01-31,2025-01-31,0.0
ORD-124774,2025-10-06,2025-10-08,2.0
ORD-124775,2025-11-11,2025-11-12,1.0
ORD-124776,2025-01-27,2025-01-27,0.0
ORD-124777,2024-08-26,2024-08-26,0.0
ORD-124778,2024-08-01,2024-08-01,0.0
ORD-124779,2024-11-09,2024-11-10,1.0
ORD-124780,2025-01-02,2025-01-02,0.0
ORD-124781,2025-11-17,2025-11-18,1.0
ORD-124782,2025-09-22,2025-09-22,0.0
ORD-124783,2025-08-15,2025-08-15,0.0
ORD-124784,2025-10-04,2025-10-04,0.0
ORD-124785,2025-08-23,2025-08-24,1.0
ORD-124786,2025-03-05,2025-03-05,0.0
ORD-124787,2024-09-14,2024-09-14,0.0
ORD-124788,2024-08-09,2024-08-10,1.0
ORD-124789,2024-10-23,,
ORD-124790,2025-12-05,2025-12-05,0.0
ORD-124791,2024-04-15,2024-04-18,3.0
ORD-124792,2024-08-14,2024-08-14,0.0
ORD-124793,2025-02-18,,
ORD-124794,2024-07-29,2024-07-29,0.0
ORD-124795,2025-07-06,2025-07-06,0.0
ORD-124796,2025-07-30,2025-07-31,1.0
ORD-124797,2025-04-15,2025-04-15,0.0
ORD-124798,2025-10-11,2025-10-11,0.0
ORD-124799,2025-11-16,2025-11-16,0.0
ORD-124800,2024-12-14,2024-12-14,0.0
ORD-124801,2025-11-19,2025-11-19,0.0
ORD-124802,2024-08-29,2024-08-29,0.0
ORD-124803,2025-11-23,2025-11-23,0.0
ORD-124804,2025-04-24,2025-04-24,0.0
ORD-124805,2024-10-28,2024-10-29,1.0
ORD-124806,2024-03-05,2024-03-05,0.0
ORD-124807,2025-07-09,,
ORD-124808,2024-11-29,2024-11-29,0.0
ORD-124809,2025-11-13,2025-11-14,1.0
ORD-124810,2025-12-26,2025-12-28,2.0
ORD-124811,2024-06-11,2024-06-11,0.0
ORD-124812,2025-08-14,2025-08-14,0.0
ORD-124813,2025-12-27,,
ORD-124814,2025-11-26,2025-11-27,1.0
ORD-124815,2025-12-12,2025-12-14,2.0
ORD-124816,2024-09-29,2024-09-29,0.0
ORD-124817,2025-08-08,2025-08-10,2.0
ORD-124818,2025-11-07,2025-11-07,0.0
ORD-124819,2025-02-09,2025-02-09,0.0
ORD-124820,2025-03-05,2025-03-06,1.0
ORD-124821,2024-12-25,2024-12-26,1.0
ORD-124822,2025-11-24,2025-11-24,0.0
ORD-124823,2024-04-25,2024-04-26,1.0
ORD-124824,2024-04-02,2024-04-03,1.0
ORD-124825,2024-11-30,2024-12-02,2.0
ORD-124826,2025-11-02,2025-11-03,1.0
ORD-124827,2025-10-12,2025-10-13,1.0
ORD-124828,2025-01-29,2025-01-29,0.0
ORD-124829,2025-04-12,2025-04-12,0.0
ORD-124830,2025-01-28,2025-01-29,1.0
ORD-124831,2025-05-01,2025-05-01,0.0
ORD-124832,2025-10-31,2025-11-01,1.0
ORD-124833,2024-12-11,2024-12-12,1.0
ORD-124834,2025-08-16,2025-08-17,1.0
ORD-124835,2025-11-08,,
ORD-124836,2024-02-06,2024-02-06,0.0
ORD-124837,2025-10-03,2025-10-03,0.0
ORD-124838,2025-03-28,2025-03-28,0.0
ORD-124839,2025-01-05,2025-01-05,0.0
ORD-124840,2025-11-06,2025-11-06,0.0
ORD-124841,2025-11-19,2025-11-20,1.0
ORD-124842,2024-04-25,,
ORD-124843,2024-09-20,2024-09-21,1.0
ORD-124844,2025-02-17,2025-02-18,1.0
ORD-124845,2025-06-07,2025-06-07,0.0
ORD-124846,2024-10-31,2024-10-31,0.0
ORD-124847,2024-11-21,2024-11-21,0.0
ORD-124848,2025-01-30,2025-01-31,1.0
ORD-124849,2024-12-25,,
ORD-124850,2025-04-27,2025-04-27,0.0
ORD-124851,2025-05-26,2025-05-27,1.0
ORD-124852,2025-02-15,2025-02-15,0.0
ORD-124853,2025-12-06,2025-12-06,0.0
ORD-124854,2025-11-19,2025-11-19,0.0
ORD-124855,2025-08-30,2025-08-30,0.0
ORD-124856,2025-06-03,2025-06-04,1.0
ORD-124857,2025-05-30,2025-06-01,2.0
ORD-124858,2025-09-17,,
ORD-124859,2025-08-25,2025-08-26,1.0
ORD-124860,2025-11-17,2025-11-17,0.0
ORD-124861,2024-12-14,2024-12-15,1.0
ORD-124862,2025-06-04,2025-06-07,3.0
ORD-124863,2024-09-20,2024-09-20,0.0
ORD-124864,2024-06-07,2024-06-07,0.0
ORD-124865,2024-10-22,2024-10-22,0.0
ORD-124866,2025-04-05,2025-04-05,0.0
ORD-124867,2025-10-28,2025-10-28,0.0
ORD-124868,2025-11-07,2025-11-07,0.0
ORD-124869,2025-02-03,2025-02-03,0.0
ORD-124870,2025-10-17,2025-10-17,0.0
ORD-124871,2024-08-31,2024-08-31,0.0
ORD-124872,2025-03-08,2025-03-08,0.0
ORD-124873,2025-11-01,2025-11-01,0.0
ORD-124874,2024-06-06,2024-06-08,2.0
ORD-124875,2025-09-14,,
ORD-124876,2024-09-02,,
ORD-124877,2025-04-12,2025-04-13,1.0
ORD-124878,2025-04-15,2025-04-17,2.0
ORD-124879,2025-12-20,2025-12-20,0.0
ORD-124880,2025-02-03,,
ORD-124881,2025-09-03,2025-09-03,0.0
ORD-124882,2024-07-28,2024-07-30,2.0
ORD-124883,2025-08-09,2025-08-09,0.0
ORD-124884,2024-10-24,2024-10-25,1.0
ORD-124885,2024-12-08,2024-12-08,0.0
ORD-124886,2025-04-20,2025-04-20,0.0
ORD-124887,2025-05-20,2025-05-23,3.0
ORD-124888,2025-03-12,2025-03-12,0.0
ORD-124889,2025-11-15,2025-11-16,1.0
ORD-124890,2025-02-26,,
ORD-124891,2025-10-24,2025-10-24,0.0
ORD-124892,2024-12-10,,
ORD-124893,2024-12-30,2024-12-30,0.0
ORD-124894,2025-09-04,2025-09-06,2.0
ORD-124895,2025-07-01,,
ORD-124896,2024-12-01,2024-12-03,2.0
ORD-124897,2024-08-03,2024-08-05,2.0
ORD-124898,2025-09-13,2025-09-13,0.0
ORD-124899,2025-10-18,2025-10-18,0.0
ORD-124900,2025-05-09,2025-05-12,3.0
ORD-124901,2025-06-26,2025-06-26,0.0
ORD-124902,2025-07-15,2025-07-15,0.0
ORD-124903,2025-01-22,2025-01-22,0.0
ORD-124904,2025-08-17,,
ORD-124905,2025-10-30,,
ORD-124906,2024-06-21,2024-06-21,0.0
ORD-124907,2025-12-12,2025-12-13,1.0
ORD-124908,2024-11-01,2024-11-02,1.0
ORD-124909,2025-09-09,2025-09-09,0.0
ORD-124910,2024-12-25,2024-12-25,0.0
ORD-124911,2025-06-02,2025-06-03,1.0
ORD-124912,2025-11-22,2025-11-24,2.0
ORD-124913,2024-11-04,,
ORD-124914,2025-11-05,2025-11-06,1.0
ORD-124915,2025-10-25,,
ORD-124916,2025-08-13,2025-08-16,3.0
ORD-124917,2025-09-04,2025-09-05,1.0
ORD-124918,2025-12-15,2025-12-15,0.0
ORD-124919,2024-07-23,2024-07-23,0.0
ORD-124920,2025-05-30,2025-05-30,0.0
ORD-124921,2024-08-23,2024-08-23,0.0
ORD-124922,2025-04-20,,
ORD-124923,2025-11-01,2025-11-01,0.0
ORD-124924,2025-12-17,2025-12-18,1.0
ORD-124925,2025-02-08,2025-02-09,1.0
ORD-124926,2025-04-15,,
ORD-124927,2025-05-25,2025-05-27,2.0
ORD-124928,2025-12-23,2025-12-23,0.0
ORD-124929,2025-10-05,2025-10-05,0.0
ORD-124930,2025-01-24,,
ORD-124931,2025-06-29,2025-06-29,0.0
ORD-124932,2025-01-23,2025-01-23,0.0
ORD-124933,2025-10-22,2025-10-22,0.0
ORD-124934,2025-06-03,2025-06-04,1.0
ORD-124935,2025-12-30,2025-12-30,0.0
ORD-124936,2024-03-30,2024-03-30,0.0
ORD-124937,2025-12-18,2025-12-18,0.0
ORD-124938,2025-04-16,2025-04-16,0.0
ORD-124939,2025-02-25,2025-02-25,0.0
ORD-124940,2025-07-20,,
ORD-124941,2025-10-08,2025-10-08,0.0
ORD-124942,2025-08-20,2025-08-20,0.0
ORD-124943,2024-08-26,2024-08-26,0.0
ORD-124944,2025-12-06,2025-12-06,0.0
ORD-124945,2025-08-28,2025-08-28,0.0
ORD-124946,2024-05-18,2024-05-18,0.0
ORD-124947,2025-08-14,2025-08-14,0.0
ORD-124948,2025-08-19,2025-08-20,1.0
ORD-124949,2025-07-29,2025-07-29,0.0
ORD-124950,2024-11-17,2024-11-17,0.0
ORD-124951,2025-01-19,2025-01-20,1.0
ORD-124952,2025-06-29,2025-06-30,1.0
ORD-124953,2024-12-29,2024-12-31,2.0
ORD-124954,2025-04-13,2025-04-13,0.0
ORD-124955,2024-10-27,2024-10-28,1.0
ORD-124956,2024-08-08,2024-08-08,0.0
ORD-124957,2025-04-15,2025-04-15,0.0
ORD-124958,2025-10-22,2025-10-27,5.0
ORD-124959,2025-11-02,2025-11-03,1.0
ORD-124960,2025-11-14,2025-11-16,2.0
ORD-124961,2025-12-03,,
ORD-124962,2025-01-21,2025-01-22,1.0
ORD-124963,2025-10-29,2025-10-29,0.0
ORD-124964,2025-06-13,2025-06-13,0.0
ORD-124965,2025-09-25,2025-09-25,0.0
ORD-124966,2024-12-29,2024-12-31,2.0
ORD-124967,2025-11-16,2025-11-18,2.0
ORD-124968,2025-09-04,2025-09-04,0.0
ORD-124969,2025-09-01,2025-09-02,1.0
ORD-124970,2025-06-18,2025-06-18,0.0
ORD-124971,2024-11-08,2024-11-09,1.0
ORD-124972,2025-06-29,2025-07-01,2.0
ORD-124973,2025-12-05,2025-12-06,1.0
ORD-124974,2024-09-04,2024-09-04,0.0
ORD-124975,2024-02-29,,
ORD-124976,2025-02-19,2025-02-20,1.0
ORD-124977,2025-08-10,2025-08-10,0.0
ORD-124978,2025-12-08,,
ORD-124979,2025-04-13,2025-04-13,0.0
ORD-124980,2024-07-26,2024-07-27,1.0
ORD-124981,2025-04-12,2025-04-12,0.0
ORD-124982,2025-03-04,2025-03-04,0.0
ORD-124983,2024-05-10,,
ORD-124984,2025-08-02,,
ORD-124985,2025-09-18,2025-09-21,3.0
ORD-124986,2025-06-12,2025-06-12,0.0
ORD-124987,2025-10-26,2025-10-26,0.0
ORD-124988,2025-08-05,2025-08-05,0.0
ORD-124989,2025-10-03,,
ORD-124990,2024-10-31,2024-11-01,1.0
ORD-124991,2024-07-27,,
ORD-124992,2025-10-31,2025-10-31,0.0
ORD-124993,2025-06-21,2025-06-22,1.0
ORD-124994,2025-06-10,2025-06-10,0.0
ORD-124995,2025-08-17,,
ORD-124996,2025-04-06,2025-04-07,1.0
ORD-124997,2025-03-28,2025-03-28,0.0
ORD-124998,2024-06-20,2024-06-20,0.0
ORD-124999,2024-10-09,2024-10-09,0.0
ORD-125000,2024-11-04,2024-11-04,0.0
ORD-125001,2025-08-12,2025-08-12,0.0
ORD-125002,2025-03-20,2025-03-20,0.0
ORD-125003,2025-07-01,2025-07-02,1.0
ORD-125004,2024-06-06,2024-06-07,1.0
ORD-125005,2025-08-18,2025-08-18,0.0
ORD-125006,2025-11-08,2025-11-08,0.0
ORD-125007,2024-11-16,2024-11-16,0.0
ORD-125008,2025-05-05,2025-05-10,5.0
ORD-125009,2024-09-10,2024-09-10,0.0
ORD-125010,2025-11-15,2025-11-15,0.0
ORD-125011,2024-11-12,2024-11-12,0.0
ORD-125012,2025-01-03,2025-01-04,1.0
ORD-125013,2025-04-24,,
ORD-125014,2025-01-28,2025-01-29,1.0
ORD-125015,2025-08-05,2025-08-05,0.0
ORD-125016,2025-08-11,2025-08-11,0.0
ORD-125017,2025-12-11,2025-12-12,1.0
ORD-125018,2025-06-11,2025-06-11,0.0
ORD-125019,2025-11-11,,
ORD-125020,2024-11-14,2024-11-14,0.0
ORD-125021,2024-11-14,2024-11-14,0.0
ORD-125022,2024-08-25,2024-08-26,1.0
ORD-125023,2024-10-30,2024-11-01,2.0
ORD-125024,2025-11-06,2025-11-06,0.0
ORD-125025,2025-08-08,2025-08-09,1.0
ORD-125026,2024-08-09,2024-08-10,1.0
ORD-125027,2025-11-16,2025-11-16,0.0
ORD-125028,2025-01-17,2025-01-20,3.0
ORD-125029,2024-12-14,2024-12-14,0.0
ORD-125030,2025-04-20,2025-04-21,1.0
ORD-125031,2025-03-07,,
ORD-125032,2025-08-21,2025-08-21,0.0
ORD-125033,2024-05-22,2024-05-23,1.0
ORD-125034,2025-06-30,2025-07-01,1.0
ORD-125035,2025-01-21,2025-01-21,0.0
ORD-125036,2025-06-12,2025-06-12,0.0
ORD-125037,2025-12-08,2025-12-08,0.0
ORD-125038,2025-07-25,2025-07-28,3.0
ORD-125039,2024-10-09,2024-10-11,2.0
ORD-125040,2025-03-02,2025-03-02,0.0
ORD-125041,2025-01-10,2025-01-10,0.0
ORD-125042,2025-12-02,2025-12-02,0.0
ORD-125043,2025-10-06,2025-10-07,1.0
ORD-125044,2024-10-30,2024-10-31,1.0
ORD-125045,2025-07-12,2025-07-13,1.0
ORD-125046,2024-08-21,2024-08-22,1.0
ORD-125047,2024-12-15,,
ORD-125048,2025-11-01,2025-11-01,0.0
ORD-125049,2025-08-04,2025-08-04,0.0
ORD-125050,2025-09-24,2025-09-24,0.0
ORD-125051,2024-10-04,2024-10-06,2.0
ORD-125052,2025-11-03,2025-11-03,0.0
ORD-125053,2024-11-14,2024-11-16,2.0
ORD-125054,2025-11-02,2025-11-02,0.0
ORD-125055,2025-03-31,,
ORD-125056,2025-12-14,2025-12-14,0.0
ORD-125057,2025-11-19,2025-11-19,0.0
ORD-125058,2025-11-22,,
ORD-125059,2024-11-11,2024-11-12,1.0
ORD-125060,2025-06-09,2025-06-09,0.0
ORD-125061,2025-11-02,2025-11-02,0.0
ORD-125062,2025-09-03,,
ORD-125063,2025-03-08,,
ORD-125064,2025-07-30,2025-08-01,2.0
ORD-125065,2025-01-09,2025-01-09,0.0
ORD-125066,2024-11-07,2024-11-07,0.0
ORD-125067,2025-04-24,2025-04-24,0.0
ORD-125068,2024-11-29,,
ORD-125069,2025-01-27,2025-01-30,3.0
ORD-125070,2025-05-24,2025-05-24,0.0
ORD-125071,2024-12-17,2024-12-17,0.0
ORD-125072,2025-08-06,2025-08-06,0.0
ORD-125073,2025-07-08,2025-07-10,2.0
ORD-125074,2025-12-11,2025-12-11,0.0
ORD-125075,2025-08-03,,
ORD-125076,2025-10-26,2025-10-26,0.0
ORD-125077,2025-07-07,2025-07-07,0.0
ORD-125078,2025-12-04,2025-12-05,1.0
ORD-125079,2025-06-02,2025-06-03,1.0
ORD-125080,2025-03-21,2025-03-21,0.0
ORD-125081,2024-12-12,2024-12-13,1.0
ORD-125082,2025-01-18,,
ORD-125083,2025-11-18,2025-11-19,1.0
ORD-125084,2025-09-27,2025-09-27,0.0
ORD-125085,2025-03-25,2025-03-25,0.0
ORD-125086,2025-08-09,2025-08-11,2.0
ORD-125087,2025-07-20,2025-07-21,1.0
ORD-125088,2025-04-12,2025-04-13,1.0
ORD-125089,2024-08-18,2024-08-21,3.0
ORD-125090,2025-10-27,2025-10-28,1.0
ORD-125091,2025-03-13,2025-03-13,0.0
ORD-125092,2025-02-21,2025-02-22,1.0
ORD-125093,2025-01-12,2025-01-13,1.0
ORD-125094,2025-01-27,2025-01-27,0.0
ORD-125095,2025-05-24,2025-05-24,0.0
ORD-125096,2025-09-28,2025-09-28,0.0
ORD-125097,2024-10-23,2024-10-24,1.0
ORD-125098,2025-04-27,2025-04-27,0.0
ORD-125099,2025-11-03,2025-11-03,0.0
ORD-125100,2025-05-03,2025-05-03,0.0
ORD-125101,2025-06-20,2025-06-20,0.0
ORD-125102,2025-11-12,2025-11-14,2.0
ORD-125103,2025-05-30,2025-05-31,1.0
ORD-125104,2025-09-11,2025-09-11,0.0
ORD-125105,2024-09-05,2024-09-05,0.0
ORD-125106,2024-06-15,2024-06-15,0.0
ORD-125107,2025-11-08,2025-11-08,0.0
ORD-125108,2025-12-27,2025-12-27,0.0
ORD-125109,2024-11-14,2024-11-14,0.0
ORD-125110,2025-11-07,2025-11-07,0.0
ORD-125111,2024-04-25,2024-04-25,0.0
ORD-125112,2025-01-15,2025-01-15,0.0
ORD-125113,2025-02-25,2025-02-27,2.0
ORD-125114,2025-12-23,2025-12-23,0.0
ORD-125115,2025-02-20,2025-02-22,2.0
ORD-125116,2025-12-19,2025-12-19,0.0
ORD-125117,2025-11-27,2025-11-29,2.0
ORD-125118,2024-11-03,2024-11-04,1.0
ORD-125119,2025-11-13,2025-11-13,0.0
ORD-125120,2025-02-21,2025-02-21,0.0
ORD-125121,2024-10-16,2024-10-16,0.0
ORD-125122,2025-06-07,,
ORD-125123,2024-05-21,2024-05-21,0.0
ORD-125124,2025-01-22,2025-01-22,0.0
ORD-125125,2024-11-01,,
ORD-125126,2024-11-18,2024-11-18,0.0
ORD-125127,2025-06-16,2025-06-16,0.0
ORD-125128,2025-06-01,2025-06-01,0.0
ORD-125129,2025-11-29,,
ORD-125130,2025-01-23,2025-01-23,0.0
ORD-125131,2025-10-23,2025-10-24,1.0
ORD-125132,2024-10-08,2024-10-13,5.0
ORD-125133,2024-09-30,2024-10-01,1.0
ORD-125134,2025-11-06,2025-11-06,0.0
ORD-125135,2025-10-06,2025-10-07,1.0
ORD-125136,2025-05-25,2025-05-27,2.0
ORD-125137,2025-08-19,,
ORD-125138,2024-12-02,2024-12-02,0.0
ORD-125139,2025-07-12,2025-07-14,2.0
ORD-125140,2025-12-15,2025-12-15,0.0
ORD-125141,2024-08-06,2024-08-06,0.0
ORD-125142,2025-08-16,2025-08-16,0.0
ORD-125143,2024-03-10,2024-03-11,1.0
ORD-125144,2025-04-01,2025-04-02,1.0
ORD-125145,2024-11-25,,
ORD-125146,2024-08-21,2024-08-21,0.0
ORD-125147,2025-10-06,2025-10-06,0.0
ORD-125148,2025-08-10,2025-08-10,0.0
ORD-125149,2025-11-03,2025-11-03,0.0
ORD-125150,2025-11-07,2025-11-07,0.0
ORD-125151,2025-05-29,,
ORD-125152,2024-09-06,2024-09-07,1.0
ORD-125153,2024-09-03,2024-09-03,0.0
ORD-125154,2025-10-19,,
ORD-125155,2025-10-22,2025-10-23,1.0
ORD-125156,2025-08-26,2025-08-26,0.0
ORD-125157,2025-12-19,2025-12-19,0.0
ORD-125158,2025-11-04,2025-11-04,0.0
ORD-125159,2025-10-29,2025-11-01,3.0
ORD-125160,2024-12-16,2024-12-17,1.0
ORD-125161,2024-11-09,2024-11-11,2.0
ORD-125162,2025-09-14,2025-09-14,0.0
ORD-125163,2025-08-16,2025-08-17,1.0
ORD-125164,2025-07-21,2025-07-21,0.0
ORD-125165,2025-10-30,2025-10-31,1.0
ORD-125166,2025-04-27,2025-04-27,0.0
ORD-125167,2025-12-29,,
ORD-125168,2025-01-05,,
ORD-125169,2025-05-04,2025-05-05,1.0
ORD-125170,2025-06-25,2025-06-25,0.0
ORD-125171,2025-05-11,2025-05-11,0.0
ORD-125172,2025-11-08,,
ORD-125173,2025-10-31,2025-11-05,5.0
ORD-125174,2025-11-17,2025-11-17,0.0
ORD-125175,2024-09-08,2024-09-08,0.0
ORD-125176,2025-06-02,2025-06-03,1.0
ORD-125177,2025-11-13,2025-11-14,1.0
ORD-125178,2025-07-25,2025-07-28,3.0
ORD-125179,2025-08-30,2025-08-30,0.0
ORD-125180,2025-08-13,2025-08-14,1.0
ORD-125181,2025-05-24,2025-05-25,1.0
ORD-125182,2025-06-30,2025-07-01,1.0
ORD-125183,2025-09-26,2025-09-28,2.0
ORD-125184,2025-05-27,2025-05-27,0.0
ORD-125185,2024-06-04,,
ORD-125186,2025-11-01,2025-11-02,1.0
ORD-125187,2025-02-12,2025-02-12,0.0
ORD-125188,2025-07-22,2025-07-25,3.0
ORD-125189,2025-10-24,2025-10-24,0.0
ORD-125190,2025-05-08,2025-05-08,0.0
ORD-125191,2024-09-29,2024-09-29,0.0
ORD-125192,2025-02-24,2025-02-24,0.0
ORD-125193,2025-01-23,2025-01-23,0.0
ORD-125194,2025-11-19,2025-11-19,0.0
ORD-125195,2025-02-18,2025-02-18,0.0
ORD-125196,2025-09-20,2025-09-22,2.0
ORD-125197,2025-03-13,2025-03-13,0.0
ORD-125198,2025-07-19,2025-07-19,0.0
ORD-125199,2025-10-23,2025-10-23,0.0
ORD-125200,2025-06-14,2025-06-15,1.0
ORD-125201,2025-11-15,2025-11-16,1.0
ORD-125202,2025-07-29,2025-08-01,3.0
ORD-125203,2025-10-11,2025-10-11,0.0
ORD-125204,2025-01-30,2025-01-31,1.0
ORD-125205,2025-12-19,2025-12-20,1.0
ORD-125206,2024-10-24,2024-10-24,0.0
ORD-125207,2025-03-02,2025-03-03,1.0
ORD-125208,2025-10-18,2025-10-18,0.0
ORD-125209,2025-12-21,2025-12-21,0.0
ORD-125210,2025-12-11,2025-12-11,0.0
ORD-125211,2025-09-23,2025-09-23,0.0
ORD-125212,2024-11-10,2024-11-10,0.0
ORD-125213,2025-11-18,2025-11-18,0.0
ORD-125214,2025-01-05,2025-01-05,0.0
ORD-125215,2025-01-26,2025-01-26,0.0
ORD-125216,2024-08-08,2024-08-08,0.0
ORD-125217,2025-05-02,2025-05-02,0.0
ORD-125218,2024-10-20,2024-10-20,0.0
ORD-125219,2024-11-19,,
ORD-125220,2024-06-04,,
ORD-125221,2025-09-18,2025-09-18,0.0
ORD-125222,2025-11-07,2025-11-07,0.0
ORD-125223,2025-11-03,2025-11-03,0.0
ORD-125224,2025-02-15,2025-02-15,0.0
ORD-125225,2025-08-29,2025-08-29,0.0
ORD-125226,2025-04-28,2025-04-28,0.0
ORD-125227,2024-12-18,2024-12-18,0.0
ORD-125228,2025-08-11,2025-08-11,0.0
ORD-125229,2025-12-05,2025-12-05,0.0
ORD-125230,2025-08-10,2025-08-11,1.0
ORD-125231,2024-11-13,2024-11-13,0.0
ORD-125232,2024-09-20,2024-09-21,1.0
ORD-125233,2025-11-20,2025-11-23,3.0
ORD-125234,2025-08-10,2025-08-10,0.0
ORD-125235,2025-08-03,2025-08-06,3.0
ORD-125236,2025-04-17,2025-04-18,1.0
ORD-125237,2025-10-19,2025-10-19,0.0
ORD-125238,2024-06-09,2024-06-10,1.0
ORD-125239,2025-06-16,2025-06-16,0.0
ORD-125240,2025-09-10,2025-09-10,0.0
ORD-125241,2024-11-07,2024-11-07,0.0
ORD-125242,2025-02-13,2025-02-13,0.0
ORD-125243,2025-11-05,2025-11-06,1.0
ORD-125244,2024-10-27,2024-10-27,0.0
ORD-125245,2024-12-02,2024-12-02,0.0
ORD-125246,2025-11-17,2025-11-17,0.0
ORD-125247,2025-05-23,2025-05-23,0.0
ORD-125248,2024-11-20,2024-11-20,0.0
ORD-125249,2025-04-02,2025-04-02,0.0
ORD-125250,2024-06-29,2024-07-01,2.0
ORD-125251,2025-09-20,2025-09-20,0.0
ORD-125252,2024-11-12,,
ORD-125253,2025-08-17,2025-08-17,0.0
ORD-125254,2025-09-21,,
ORD-125255,2025-10-31,2025-10-31,0.0
ORD-125256,2025-10-24,2025-10-25,1.0
ORD-125257,2026-01-05,2026-01-07,2.0
ORD-125258,2025-09-28,2025-09-29,1.0
ORD-125259,2025-11-06,2025-11-06,0.0
ORD-125260,2024-10-05,2024-10-08,3.0
ORD-125261,2025-06-22,2025-06-25,3.0
ORD-125262,2024-11-16,2024-11-17,1.0
ORD-125263,2025-07-31,2025-07-31,0.0
ORD-125264,2025-09-15,2025-09-16,1.0
ORD-125265,2025-10-28,2025-10-28,0.0
ORD-125266,2024-07-14,2024-07-14,0.0
ORD-125267,2024-12-22,,
ORD-125268,2025-11-17,2025-11-18,1.0
ORD-125269,2025-11-04,2025-11-04,0.0
ORD-125270,2025-07-22,2025-07-22,0.0
ORD-125271,2025-04-24,2025-04-24,0.0
ORD-125272,2025-01-16,2025-01-16,0.0
ORD-125273,2025-08-26,,
ORD-125274,2025-10-05,2025-10-06,1.0
ORD-125275,2025-10-21,2025-10-21,0.0
ORD-125276,2024-03-30,2024-03-30,0.0
ORD-125277,2025-10-27,2025-10-27,0.0
ORD-125278,2024-11-08,2024-11-08,0.0
ORD-125279,2025-12-11,2025-12-11,0.0
ORD-125280,2025-12-07,2025-12-07,0.0
ORD-125281,2025-06-03,2025-06-03,0.0
ORD-125282,2024-10-17,2024-10-19,2.0
ORD-125283,2025-07-05,2025-07-06,1.0
ORD-125284,2025-11-02,2025-11-07,5.0
ORD-125285,2025-09-12,2025-09-12,0.0
ORD-125286,2025-10-13,2025-10-13,0.0
ORD-125287,2024-12-11,2024-12-11,0.0
ORD-125288,2025-03-28,2025-03-28,0.0
ORD-125289,2025-11-27,2025-11-30,3.0
ORD-125290,2024-09-23,2024-09-23,0.0
ORD-125291,2025-11-10,2025-11-11,1.0
ORD-125292,2024-05-23,2024-05-23,0.0
ORD-125293,2025-04-29,2025-04-29,0.0
ORD-125294,2025-08-30,2025-08-31,1.0
ORD-125295,2025-06-30,2025-07-01,1.0
ORD-125296,2025-10-30,2025-10-31,1.0
ORD-125297,2025-09-28,2025-09-29,1.0
ORD-125298,2024-11-09,2024-11-09,0.0
ORD-125299,2025-11-09,2025-11-10,1.0
ORD-125300,2024-10-31,2024-10-31,0.0
ORD-125301,2024-10-02,2024-10-03,1.0
ORD-125302,2025-11-02,,
ORD-125303,2024-09-24,2024-09-24,0.0
ORD-125304,2025-07-24,2025-07-24,0.0
ORD-125305,2025-12-06,2025-12-06,0.0
ORD-125306,2024-12-20,2024-12-20,0.0
ORD-125307,2025-11-01,2025-11-01,0.0
ORD-125308,2025-05-12,2025-05-12,0.0
ORD-125309,2025-09-03,2025-09-03,0.0
ORD-125310,2025-07-09,2025-07-09,0.0
ORD-125311,2025-06-03,2025-06-04,1.0
ORD-125312,2024-11-07,2024-11-08,1.0
ORD-125313,2024-10-27,2024-10-27,0.0
ORD-125314,2025-10-22,,
ORD-125315,2025-03-11,2025-03-11,0.0
ORD-125316,2025-10-24,2025-10-27,3.0
ORD-125317,2026-01-02,2026-01-02,0.0
ORD-125318,2025-04-23,2025-04-24,1.0
ORD-125319,2025-09-30,2025-10-02,2.0
ORD-125320,2025-07-01,2025-07-01,0.0
ORD-125321,2025-01-17,2025-01-17,0.0
ORD-125322,2025-04-04,2025-04-04,0.0
ORD-125323,2025-10-06,2025-10-06,0.0
ORD-125324,2025-11-03,2025-11-03,0.0
ORD-125325,2024-08-28,2024-08-28,0.0
ORD-125326,2024-09-03,,
ORD-125327,2025-04-29,2025-04-30,1.0
ORD-125328,2025-10-07,2025-10-08,1.0
ORD-125329,2025-01-22,2025-01-23,1.0
ORD-125330,2024-07-10,2024-07-10,0.0
ORD-125331,2024-09-13,2024-09-14,1.0
ORD-125332,2025-11-26,2025-11-26,0.0
ORD-125333,2025-08-02,2025-08-04,2.0
ORD-125334,2025-08-26,2025-08-26,0.0
ORD-125335,2025-08-16,2025-08-16,0.0
ORD-125336,2024-10-06,2024-10-06,0.0
ORD-125337,2025-04-11,,
ORD-125338,2025-03-04,2025-03-04,0.0
ORD-125339,2025-09-05,2025-09-05,0.0
ORD-125340,2025-10-17,2025-10-18,1.0
ORD-125341,2025-06-14,2025-06-14,0.0
ORD-125342,2025-01-15,2025-01-18,3.0
ORD-125343,2025-06-22,2025-06-22,0.0
ORD-125344,2025-02-20,2025-02-22,2.0
ORD-125345,2024-12-08,2024-12-08,0.0
ORD-125346,2024-11-20,2024-11-20,0.0
ORD-125347,2024-06-09,2024-06-10,1.0
ORD-125348,2024-09-06,2024-09-06,0.0
ORD-125349,2025-05-05,2025-05-05,0.0
ORD-125350,2025-02-12,,
ORD-125351,2025-10-21,2025-10-21,0.0
ORD-125352,2025-07-26,2025-07-26,0.0
ORD-125353,2025-10-29,2025-10-30,1.0
ORD-125354,2024-05-20,2024-05-20,0.0
ORD-125355,2025-08-05,2025-08-05,0.0
ORD-125356,2024-07-02,2024-07-02,0.0
ORD-125357,2025-11-06,2025-11-06,0.0
ORD-125358,2024-07-07,2024-07-07,0.0
ORD-125359,2025-03-09,,
ORD-125360,2024-06-26,2024-06-28,2.0
ORD-125361,2025-07-29,,
ORD-125362,2024-07-21,2024-07-21,0.0
ORD-125363,2025-07-21,2025-07-23,2.0
ORD-125364,2025-09-26,2025-09-26,0.0
ORD-125365,2025-11-04,,
ORD-125366,2024-10-25,2024-10-25,0.0
ORD-125367,2025-02-03,,
ORD-125368,2025-07-27,2025-07-27,0.0
ORD-125369,2025-10-08,2025-10-08,0.0
ORD-125370,2025-09-02,2025-09-02,0.0
ORD-125371,2025-10-22,2025-10-22,0.0
ORD-125372,2025-11-04,2025-11-06,2.0
ORD-125373,2025-05-10,2025-05-11,1.0
ORD-125374,2024-06-01,2024-06-01,0.0
ORD-125375,2025-10-18,2025-10-18,0.0
ORD-125376,2024-12-03,2024-12-04,1.0
ORD-125377,2024-07-03,2024-07-03,0.0
ORD-125378,2025-05-25,2025-05-25,0.0
ORD-125379,2025-08-09,2025-08-11,2.0
ORD-125380,2025-08-25,2025-08-27,2.0
ORD-125381,2025-01-09,2025-01-09,0.0
ORD-125382,2025-02-05,2025-02-05,0.0
ORD-125383,2024-10-14,2024-10-16,2.0
ORD-125384,2024-10-29,2024-10-30,1.0
ORD-125385,2025-09-25,2025-09-25,0.0
ORD-125386,2024-10-01,2024-10-01,0.0
ORD-125387,2025-02-12,2025-02-12,0.0
ORD-125388,2024-06-13,2024-06-13,0.0
ORD-125389,2024-06-27,2024-06-27,0.0
ORD-125390,2024-11-01,2024-11-01,0.0
ORD-125391,2025-12-25,2025-12-26,1.0
ORD-125392,2025-10-22,2025-10-23,1.0
ORD-125393,2025-10-31,,
ORD-125394,2024-10-14,2024-10-14,0.0
ORD-125395,2025-11-03,2025-11-03,0.0
ORD-125396,2024-07-23,2024-07-23,0.0
ORD-125397,2024-04-22,,
ORD-125398,2025-07-30,2025-07-30,0.0
ORD-125399,2025-01-20,2025-01-20,0.0
ORD-125400,2025-01-01,,
ORD-125401,2024-08-25,,
ORD-125402,2025-12-14,2025-12-15,1.0
ORD-125403,2025-10-21,2025-10-22,1.0
ORD-125404,2025-12-07,2025-12-07,0.0
ORD-125405,2024-09-28,2024-09-28,0.0
ORD-125406,2025-03-28,2025-03-28,0.0
ORD-125407,2025-08-08,2025-08-08,0.0
ORD-125408,2025-09-24,2025-09-24,0.0
ORD-125409,2025-09-01,2025-09-01,0.0
ORD-125410,2025-02-26,2025-02-28,2.0
ORD-125411,2025-09-30,2025-10-02,2.0
ORD-125412,2026-01-01,,
ORD-125413,2024-05-22,2024-05-23,1.0
ORD-125414,2024-11-03,2024-11-04,1.0
ORD-125415,2025-11-27,,
ORD-125416,2024-10-14,2024-10-14,0.0
ORD-125417,2025-01-04,2025-01-04,0.0
ORD-125418,2025-12-13,2025-12-14,1.0
ORD-125419,2024-05-16,2024-05-16,0.0
ORD-125420,2025-05-18,2025-05-18,0.0
ORD-125421,2024-10-28,2024-10-28,0.0
ORD-125422,2024-10-11,2024-10-13,2.0
ORD-125423,2024-11-28,2024-11-30,2.0
ORD-125424,2025-08-14,2025-08-14,0.0
ORD-125425,2025-02-15,2025-02-16,1.0
ORD-125426,2024-12-12,2024-12-12,0.0
ORD-125427,2025-06-01,2025-06-01,0.0
ORD-125428,2025-01-17,2025-01-17,0.0
ORD-125429,2025-04-17,2025-04-17,0.0
ORD-125430,2024-11-16,2024-11-16,0.0
ORD-125431,2024-12-25,2024-12-28,3.0
ORD-125432,2025-07-03,2025-07-05,2.0
ORD-125433,2025-11-14,2025-11-14,0.0
ORD-125434,2024-11-01,2024-11-01,0.0
ORD-125435,2025-09-17,2025-09-17,0.0
ORD-125436,2024-10-25,2024-10-25,0.0
ORD-125437,2025-01-04,2025-01-04,0.0
ORD-125438,2025-07-19,2025-07-19,0.0
ORD-125439,2025-08-29,2025-08-29,0.0
ORD-125440,2025-08-13,2025-08-13,0.0
ORD-125441,2025-08-28,2025-08-28,0.0
ORD-125442,2024-12-22,2024-12-22,0.0
ORD-125443,2024-06-27,2024-06-29,2.0
ORD-125444,2024-09-19,2024-09-19,0.0
ORD-125445,2025-10-31,2025-10-31,0.0
ORD-125446,2024-06-12,2024-06-12,0.0
ORD-125447,2025-10-23,2025-10-24,1.0
ORD-125448,2025-07-28,2025-07-28,0.0
ORD-125449,2025-02-01,2025-02-01,0.0
ORD-125450,2025-07-05,2025-07-05,0.0
ORD-125451,2025-04-28,2025-04-29,1.0
ORD-125452,2025-05-08,,
ORD-125453,2024-10-27,2024-10-29,2.0
ORD-125454,2025-12-04,2025-12-04,0.0
ORD-125455,2024-08-17,2024-08-17,0.0
ORD-125456,2025-01-22,2025-01-22,0.0
ORD-125457,2025-10-23,2025-10-23,0.0
ORD-125458,2025-04-09,2025-04-09,0.0
ORD-125459,2025-11-14,2025-11-16,2.0
ORD-125460,2024-09-26,2024-09-27,1.0
ORD-125461,2025-07-09,2025-07-09,0.0
ORD-125462,2025-03-15,2025-03-15,0.0
ORD-125463,2025-07-23,,
ORD-125464,2024-08-01,2024-08-01,0.0
ORD-125465,2025-06-12,2025-06-12,0.0
ORD-125466,2025-11-11,,
ORD-125467,2024-11-11,2024-11-11,0.0
ORD-125468,2025-03-24,2025-03-24,0.0
ORD-125469,2025-04-14,2025-04-14,0.0
ORD-125470,2025-11-21,2025-11-21,0.0
ORD-125471,2025-11-15,2025-11-15,0.0
ORD-125472,2025-04-25,,
ORD-125473,2024-08-25,2024-08-25,0.0
ORD-125474,2025-01-20,,
ORD-125475,2024-10-31,2024-10-31,0.0
ORD-125476,2025-09-15,2025-09-15,0.0
ORD-125477,2025-01-31,2025-02-02,2.0
ORD-125478,2025-02-24,2025-02-24,0.0
ORD-125479,2025-06-02,2025-06-02,0.0
ORD-125480,2024-12-07,2024-12-09,2.0
ORD-125481,2025-09-11,2025-09-11,0.0
ORD-125482,2025-12-13,,
ORD-125483,2024-11-23,2024-11-23,0.0
ORD-125484,2025-04-21,2025-04-22,1.0
ORD-125485,2025-09-28,2025-09-28,0.0
ORD-125486,2025-04-20,2025-04-21,1.0
ORD-125487,2025-08-18,2025-08-18,0.0
ORD-125488,2025-11-26,2025-11-26,0.0
ORD-125489,2025-06-14,2025-06-14,0.0
ORD-125490,2025-10-17,2025-10-17,0.0
ORD-125491,2025-10-06,2025-10-06,0.0
ORD-125492,2025-11-07,2025-11-07,0.0
ORD-125493,2025-04-08,,
ORD-125494,2025-05-25,2025-05-25,0.0
ORD-125495,2025-11-16,2025-11-16,0.0
ORD-125496,2025-08-16,2025-08-16,0.0
ORD-125497,2025-09-04,2025-09-04,0.0
ORD-125498,2025-08-02,2025-08-03,1.0
ORD-125499,2025-11-22,,
ORD-125500,2025-12-02,2025-12-02,0.0
ORD-125501,2025-04-06,2025-04-06,0.0
ORD-125502,2025-12-08,2025-12-10,2.0
ORD-125503,2025-09-15,2025-09-15,0.0
ORD-125504,2025-12-14,,
ORD-125505,2025-10-25,2025-10-25,0.0
ORD-125506,2025-11-12,2025-11-12,0.0
ORD-125507,2025-02-10,2025-02-10,0.0
ORD-125508,2024-10-22,2024-10-22,0.0
ORD-125509,2025-08-01,2025-08-01,0.0
ORD-125510,2024-08-30,2024-08-30,0.0
ORD-125511,2025-12-04,2025-12-05,1.0
ORD-125512,2025-11-27,2025-11-28,1.0
ORD-125513,2025-10-21,2025-10-23,2.0
ORD-125514,2024-08-26,2024-08-26,0.0
ORD-125515,2025-06-08,2025-06-09,1.0
ORD-125516,2025-10-13,2025-10-13,0.0
ORD-125517,2024-03-06,2024-03-06,0.0
ORD-125518,2025-12-30,2025-12-31,1.0
ORD-125519,2025-05-21,2025-05-21,0.0
ORD-125520,2025-11-12,,
ORD-125521,2025-10-02,2025-10-04,2.0
ORD-125522,2025-07-02,2025-07-05,3.0
ORD-125523,2024-07-01,2024-07-01,0.0
ORD-125524,2025-02-26,2025-02-26,0.0
ORD-125525,2025-07-14,2025-07-14,0.0
ORD-125526,2024-08-06,2024-08-08,2.0
ORD-125527,2025-11-15,2025-11-16,1.0
ORD-125528,2025-01-23,2025-01-23,0.0
ORD-125529,2025-01-24,2025-01-24,0.0
ORD-125530,2024-12-02,2024-12-02,0.0
ORD-125531,2025-11-12,2025-11-12,0.0
ORD-125532,2025-11-04,2025-11-04,0.0
ORD-125533,2025-07-15,2025-07-15,0.0
ORD-125534,2025-09-17,,
ORD-125535,2025-07-02,2025-07-04,2.0
ORD-125536,2025-06-02,2025-06-02,0.0
ORD-125537,2026-01-01,2026-01-04,3.0
ORD-125538,2025-07-29,2025-07-29,0.0
ORD-125539,2025-11-17,2025-11-17,0.0
ORD-125540,2025-02-08,2025-02-09,1.0
ORD-125541,2026-01-02,2026-01-04,2.0
ORD-125542,2025-06-09,,
ORD-125543,2025-11-06,2025-11-07,1.0
ORD-125544,2024-04-25,2024-04-25,0.0
ORD-125545,2025-11-19,,
ORD-125546,2025-12-31,2026-01-05,5.0
ORD-125547,2024-05-01,2024-05-02,1.0
ORD-125548,2025-11-17,2025-11-17,0.0
ORD-125549,2024-05-06,2024-05-06,0.0
ORD-125550,2025-12-31,2025-12-31,0.0
ORD-125551,2025-05-04,,
ORD-125552,2025-09-15,2025-09-17,2.0
ORD-125553,2025-07-20,2025-07-22,2.0
ORD-125554,2025-12-20,2025-12-21,1.0
ORD-125555,2025-03-27,2025-03-28,1.0
ORD-125556,2024-08-28,2024-08-28,0.0
ORD-125557,2025-08-20,2025-08-21,1.0
ORD-125558,2025-06-03,2025-06-03,0.0
ORD-125559,2025-12-26,2025-12-27,1.0
ORD-125560,2025-04-23,2025-04-23,0.0
ORD-125561,2025-08-20,2025-08-20,0.0
ORD-125562,2025-06-08,,
ORD-125563,2024-01-31,2024-02-01,1.0
ORD-125564,2025-03-10,2025-03-10,0.0
ORD-125565,2025-12-21,2025-12-21,0.0
ORD-125566,2025-10-22,2025-10-22,0.0
ORD-125567,2025-06-10,2025-06-13,3.0
ORD-125568,2024-10-23,2024-10-23,0.0
ORD-125569,2025-11-07,2025-11-07,0.0
ORD-125570,2025-12-19,2025-12-20,1.0
ORD-125571,2025-09-01,2025-09-02,1.0
ORD-125572,2025-05-25,2025-05-25,0.0
ORD-125573,2025-10-21,2025-10-21,0.0
ORD-125574,2024-07-06,2024-07-06,0.0
ORD-125575,2025-12-22,2025-12-22,0.0
ORD-125576,2024-10-31,2024-10-31,0.0
ORD-125577,2025-06-20,,
ORD-125578,2024-12-20,2024-12-20,0.0
ORD-125579,2025-10-01,2025-10-01,0.0
ORD-125580,2025-04-03,2025-04-03,0.0
ORD-125581,2024-03-03,2024-03-03,0.0
ORD-125582,2025-12-22,2025-12-25,3.0
ORD-125583,2024-10-05,2024-10-05,0.0
ORD-125584,2025-12-04,2025-12-04,0.0
ORD-125585,2024-11-24,2024-11-24,0.0
ORD-125586,2025-11-03,2025-11-06,3.0
ORD-125587,2025-12-03,2025-12-03,0.0
ORD-125588,2025-05-11,2025-05-11,0.0
ORD-125589,2025-11-14,2025-11-14,0.0
ORD-125590,2025-02-26,2025-02-26,0.0
ORD-125591,2025-08-26,2025-08-27,1.0
ORD-125592,2025-08-23,2025-08-25,2.0
ORD-125593,2025-04-14,2025-04-14,0.0
ORD-125594,2025-09-25,2025-09-28,3.0
ORD-125595,2025-05-05,2025-05-05,0.0
ORD-125596,2025-02-24,2025-02-24,0.0
ORD-125597,2024-03-14,2024-03-14,0.0
ORD-125598,2025-06-12,2025-06-12,0.0
ORD-125599,2025-06-10,2025-06-11,1.0
ORD-125600,2024-08-27,2024-08-27,0.0
ORD-125601,2024-10-07,2024-10-08,1.0
ORD-125602,2025-11-11,2025-11-11,0.0
ORD-125603,2024-01-31,2024-01-31,0.0
ORD-125604,2025-05-31,,
ORD-125605,2025-03-11,2025-03-13,2.0
ORD-125606,2025-06-21,2025-06-21,0.0
ORD-125607,2024-12-19,2024-12-19,0.0
ORD-125608,2024-12-17,2024-12-17,0.0
ORD-125609,2025-08-16,2025-08-16,0.0
ORD-125610,2025-05-03,2025-05-04,1.0
ORD-125611,2025-04-13,2025-04-13,0.0
ORD-125612,2024-09-29,,
ORD-125613,2025-10-10,,
ORD-125614,2025-08-30,2025-09-02,3.0
ORD-125615,2025-05-19,,
ORD-125616,2025-11-05,2025-11-05,0.0
ORD-125617,2025-12-31,2025-12-31,0.0
ORD-125618,2024-06-29,,
ORD-125619,2025-05-05,2025-05-05,0.0
ORD-125620,2024-07-04,2024-07-04,0.0
ORD-125621,2025-07-19,,
ORD-125622,2024-11-03,2024-11-03,0.0
ORD-125623,2024-11-28,2024-11-29,1.0
ORD-125624,2024-12-06,2024-12-06,0.0
ORD-125625,2025-01-13,2025-01-13,0.0
ORD-125626,2025-06-11,2025-06-11,0.0
ORD-125627,2024-11-18,2024-11-18,0.0
ORD-125628,2025-11-22,2025-11-23,1.0
ORD-125629,2025-06-10,2025-06-10,0.0
ORD-125630,2025-03-20,2025-03-20,0.0
ORD-125631,2025-10-05,2025-10-05,0.0
ORD-125632,2025-07-22,2025-07-22,0.0
ORD-125633,2025-01-30,,
ORD-125634,2025-11-16,2025-11-17,1.0
ORD-125635,2025-03-29,,
ORD-125636,2025-12-16,,
ORD-125637,2025-07-14,2025-07-14,0.0
ORD-125638,2025-09-13,2025-09-14,1.0
ORD-125639,2024-11-20,2024-11-20,0.0
ORD-125640,2024-10-09,2024-10-09,0.0
ORD-125641,2025-04-29,2025-04-29,0.0
ORD-125642,2025-12-07,2025-12-07,0.0
ORD-125643,2025-09-22,2025-09-22,0.0
ORD-125644,2025-11-19,2025-11-21,2.0
ORD-125645,2024-12-17,2024-12-17,0.0
ORD-125646,2025-01-29,2025-01-29,0.0
ORD-125647,2025-08-11,,
ORD-125648,2025-10-22,2025-10-22,0.0
ORD-125649,2025-07-24,2025-07-24,0.0
ORD-125650,2025-11-21,2025-11-21,0.0
ORD-125651,2025-06-17,2025-06-17,0.0
ORD-125652,2024-08-01,2024-08-01,0.0
ORD-125653,2025-04-30,2025-04-30,0.0
ORD-125654,2025-11-07,2025-11-07,0.0
ORD-125655,2025-02-21,2025-02-21,0.0
ORD-125656,2024-06-24,2024-06-24,0.0
ORD-125657,2025-06-20,2025-06-20,0.0
ORD-125658,2025-06-29,2025-06-30,1.0
ORD-125659,2024-07-04,2024-07-09,5.0
ORD-125660,2024-07-31,2024-07-31,0.0
ORD-125661,2025-07-19,2025-07-19,0.0
ORD-125662,2025-11-06,2025-11-07,1.0
ORD-125663,2025-07-18,2025-07-19,1.0
ORD-125664,2025-05-15,2025-05-15,0.0
ORD-125665,2025-10-12,,
ORD-125666,2024-12-23,2024-12-25,2.0
ORD-125667,2025-02-20,,
ORD-125668,2025-09-15,2025-09-15,0.0
ORD-125669,2025-10-30,2025-10-30,0.0
ORD-125670,2024-04-30,2024-04-30,0.0
ORD-125671,2025-11-09,2025-11-12,3.0
ORD-125672,2025-08-07,2025-08-08,1.0
ORD-125673,2024-12-30,2024-12-30,0.0
ORD-125674,2025-01-02,,
ORD-125675,2024-07-19,2024-07-22,3.0
ORD-125676,2025-01-25,2025-01-26,1.0
ORD-125677,2024-11-07,2024-11-07,0.0
ORD-125678,2025-11-09,2025-11-12,3.0
ORD-125679,2025-11-10,2025-11-10,0.0
ORD-125680,2025-10-16,,
ORD-125681,2024-07-21,2024-07-21,0.0
ORD-125682,2025-12-07,2025-12-08,1.0
ORD-125683,2025-02-02,,
ORD-125684,2024-10-26,2024-10-26,0.0
ORD-125685,2024-09-29,2024-09-30,1.0
ORD-125686,2025-11-15,2025-11-17,2.0
ORD-125687,2025-02-04,,
ORD-125688,2025-01-21,2025-01-23,2.0
ORD-125689,2025-10-06,2025-10-07,1.0
ORD-125690,2025-02-08,,
ORD-125691,2025-06-12,2025-06-13,1.0
ORD-125692,2024-12-27,2024-12-27,0.0
ORD-125693,2025-11-09,2025-11-09,0.0
ORD-125694,2025-06-24,2025-06-26,2.0
ORD-125695,2025-08-09,,
ORD-125696,2026-01-02,2026-01-02,0.0
ORD-125697,2025-11-12,2025-11-14,2.0
ORD-125698,2025-11-18,2025-11-18,0.0
ORD-125699,2025-06-20,2025-06-20,0.0
ORD-125700,2025-02-09,2025-02-10,1.0
ORD-125701,2025-10-03,2025-10-05,2.0
ORD-125702,2025-08-26,2025-08-26,0.0
ORD-125703,2025-12-07,,
ORD-125704,2024-12-09,2024-12-09,0.0
ORD-125705,2025-01-08,,
ORD-125706,2025-11-10,2025-11-10,0.0
ORD-125707,2024-11-19,2024-11-19,0.0
ORD-125708,2024-11-27,2024-11-27,0.0
ORD-125709,2024-07-22,2024-07-22,0.0
ORD-125710,2025-06-11,2025-06-12,1.0
ORD-125711,2024-04-21,2024-04-21,0.0
ORD-125712,2024-11-10,2024-11-12,2.0
ORD-125713,2025-08-20,2025-08-20,0.0
ORD-125714,2025-11-02,2025-11-02,0.0
ORD-125715,2025-06-18,2025-06-18,0.0
ORD-125716,2025-05-18,2025-05-18,0.0
ORD-125717,2025-09-07,2025-09-07,0.0
ORD-125718,2025-11-12,,
ORD-125719,2025-09-30,2025-09-30,0.0
ORD-125720,2025-09-12,2025-09-13,1.0
ORD-125721,2025-02-23,2025-02-23,0.0
ORD-125722,2025-10-03,2025-10-03,0.0
ORD-125723,2024-07-19,2024-07-19,0.0
ORD-125724,2025-07-06,,
ORD-125725,2024-08-31,,
ORD-125726,2025-03-02,2025-03-03,1.0
ORD-125727,2025-12-21,2025-12-21,0.0
ORD-125728,2025-06-20,2025-06-20,0.0
ORD-125729,2024-08-15,2024-08-15,0.0
ORD-125730,2025-01-02,,
ORD-125731,2025-09-13,2025-09-13,0.0
ORD-125732,2024-12-23,2024-12-23,0.0
ORD-125733,2025-02-14,2025-02-17,3.0
ORD-125734,2024-09-20,2024-09-20,0.0
ORD-125735,2025-08-16,2025-08-17,1.0
ORD-125736,2024-10-31,2024-10-31,0.0
ORD-125737,2024-11-03,2024-11-03,0.0
ORD-125738,2025-11-02,2025-11-03,1.0
ORD-125739,2025-05-12,2025-05-12,0.0
ORD-125740,2024-03-31,2024-04-01,1.0
ORD-125741,2025-11-14,2025-11-16,2.0
ORD-125742,2025-08-07,2025-08-08,1.0
ORD-125743,2024-10-12,2024-10-12,0.0
ORD-125744,2025-11-14,2025-11-14,0.0
ORD-125745,2025-12-27,2025-12-27,0.0
ORD-125746,2024-06-26,2024-06-27,1.0
ORD-125747,2025-04-14,2025-04-14,0.0
ORD-125748,2025-10-03,2025-10-04,1.0
ORD-125749,2024-12-18,2024-12-18,0.0
ORD-125750,2025-09-10,2025-09-10,0.0
ORD-125751,2025-11-06,2025-11-06,0.0
ORD-125752,2025-02-01,2025-02-01,0.0
ORD-125753,2025-10-29,2025-10-29,0.0
ORD-125754,2025-10-18,2025-10-18,0.0
ORD-125755,2025-02-18,2025-02-18,0.0
ORD-125756,2025-10-19,2025-10-19,0.0
ORD-125757,2025-06-14,2025-06-14,0.0
ORD-125758,2025-12-18,2025-12-18,0.0
ORD-125759,2025-04-15,2025-04-15,0.0
ORD-125760,2025-05-13,2025-05-15,2.0
ORD-125761,2025-09-03,2025-09-05,2.0
ORD-125762,2024-11-23,2024-11-23,0.0
ORD-125763,2025-08-17,,
ORD-125764,2025-09-30,2025-09-30,0.0
ORD-125765,2025-08-31,2025-08-31,0.0
ORD-125766,2025-12-16,2025-12-16,0.0
ORD-125767,2025-12-31,2025-12-31,0.0
ORD-125768,2025-11-16,2025-11-16,0.0
ORD-125769,2025-12-21,2025-12-21,0.0
ORD-125770,2024-09-19,2024-09-20,1.0
ORD-125771,2024-12-04,2024-12-04,0.0
ORD-125772,2025-09-28,2025-10-03,5.0
ORD-125773,2025-06-11,,
ORD-125774,2025-10-02,2025-10-02,0.0
ORD-125775,2025-07-02,2025-07-02,0.0
ORD-125776,2025-06-11,2025-06-12,1.0
ORD-125777,2025-11-19,2025-11-19,0.0
ORD-125778,2024-11-28,2024-11-30,2.0
ORD-125779,2024-11-12,2024-11-12,0.0
ORD-125780,2025-02-03,2025-02-04,1.0
ORD-125781,2024-11-27,2024-11-27,0.0
ORD-125782,2025-09-12,2025-09-12,0.0
ORD-125783,2025-01-07,,
ORD-125784,2025-01-22,,
ORD-125785,2025-07-14,2025-07-14,0.0
ORD-125786,2025-06-05,2025-06-05,0.0
ORD-125787,2025-05-10,2025-05-11,1.0
ORD-125788,2024-05-30,2024-05-30,0.0
ORD-125789,2025-09-08,2025-09-08,0.0
ORD-125790,2025-07-26,2025-07-29,3.0
ORD-125791,2025-07-21,2025-07-22,1.0
ORD-125792,2024-10-23,2024-10-26,3.0
ORD-125793,2024-08-18,2024-08-20,2.0
ORD-125794,2025-04-09,2025-04-09,0.0
ORD-125795,2025-03-14,2025-03-14,0.0
ORD-125796,2025-05-05,,
ORD-125797,2024-12-20,2024-12-20,0.0
ORD-125798,2025-03-22,2025-03-24,2.0
ORD-125799,2025-03-31,,
ORD-125800,2025-10-29,2025-10-29,0.0
ORD-125801,2025-08-19,2025-08-19,0.0
ORD-125802,2024-05-18,2024-05-19,1.0
ORD-125803,2025-03-30,2025-03-31,1.0
ORD-125804,2024-11-21,2024-11-22,1.0
ORD-125805,2025-11-16,2025-11-16,0.0
ORD-125806,2025-03-18,2025-03-18,0.0
ORD-125807,2025-01-10,2025-01-10,0.0
ORD-125808,2024-12-18,2024-12-18,0.0
ORD-125809,2025-03-20,2025-03-20,0.0
ORD-125810,2025-09-17,2025-09-17,0.0
ORD-125811,2025-11-08,,
ORD-125812,2025-05-17,2025-05-17,0.0
ORD-125813,2025-02-17,,
ORD-125814,2024-10-29,,
ORD-125815,2024-10-18,2024-10-20,2.0
ORD-125816,2025-10-30,2025-10-30,0.0
ORD-125817,2025-08-18,2025-08-18,0.0
ORD-125818,2025-11-10,2025-11-12,2.0
ORD-125819,2025-10-08,2025-10-08,0.0
ORD-125820,2025-02-26,,
ORD-125821,2025-07-09,2025-07-09,0.0
ORD-125822,2024-07-27,2024-07-27,0.0
ORD-125823,2025-09-08,2025-09-08,0.0
ORD-125824,2024-10-21,2024-10-21,0.0
ORD-125825,2024-06-23,2024-06-23,0.0
ORD-125826,2025-07-05,2025-07-05,0.0
ORD-125827,2025-10-06,2025-10-06,0.0
ORD-125828,2025-04-06,2025-04-06,0.0
ORD-125829,2025-07-22,2025-07-22,0.0
ORD-125830,2025-11-13,2025-11-13,0.0
ORD-125831,2024-06-04,2024-06-04,0.0
ORD-125832,2025-11-15,2025-11-15,0.0
ORD-125833,2024-12-19,2024-12-19,0.0
ORD-125834,2024-03-29,2024-03-31,2.0
ORD-125835,2024-05-08,2024-05-10,2.0
ORD-125836,2025-05-22,2025-05-22,0.0
ORD-125837,2026-01-02,2026-01-03,1.0
ORD-125838,2025-11-01,,
ORD-125839,2025-12-16,2025-12-18,2.0
ORD-125840,2024-11-22,,
ORD-125841,2025-06-07,2025-06-07,0.0
ORD-125842,2025-05-20,2025-05-21,1.0
ORD-125843,2024-05-25,2024-05-28,3.0
ORD-125844,2025-08-19,,
ORD-125845,2025-01-13,2025-01-13,0.0
ORD-125846,2025-10-01,2025-10-01,0.0
ORD-125847,2025-06-21,2025-06-21,0.0
ORD-125848,2025-07-15,2025-07-16,1.0
ORD-125849,2025-03-11,2025-03-11,0.0
ORD-125850,2025-05-01,2025-05-01,0.0
ORD-125851,2024-06-07,,
ORD-125852,2025-02-08,2025-02-09,1.0
ORD-125853,2025-03-10,,
ORD-125854,2024-10-22,2024-10-22,0.0
ORD-125855,2024-12-15,2024-12-15,0.0
ORD-125856,2025-11-05,2025-11-06,1.0
ORD-125857,2025-05-29,2025-05-29,0.0
ORD-125858,2025-09-01,2025-09-01,0.0
ORD-125859,2025-03-15,2025-03-15,0.0
ORD-125860,2025-01-20,2025-01-20,0.0
ORD-125861,2025-12-08,2025-12-08,0.0
ORD-125862,2025-08-20,2025-08-20,0.0
ORD-125863,2025-09-28,2025-09-28,0.0
ORD-125864,2024-07-08,2024-07-08,0.0
ORD-125865,2025-11-29,2025-11-29,0.0
ORD-125866,2024-12-22,2024-12-22,0.0
ORD-125867,2025-05-19,2025-05-20,1.0
ORD-125868,2025-12-13,2025-12-13,0.0
ORD-125869,2024-04-24,2024-04-24,0.0
ORD-125870,2025-08-11,2025-08-11,0.0
ORD-125871,2025-08-11,2025-08-13,2.0
ORD-125872,2025-11-19,2025-11-19,0.0
ORD-125873,2025-10-18,2025-10-19,1.0
ORD-125874,2025-01-09,2025-01-11,2.0
ORD-125875,2024-09-26,2024-09-27,1.0
ORD-125876,2024-10-29,2024-10-29,0.0
ORD-125877,2025-03-15,2025-03-16,1.0
ORD-125878,2025-07-24,2025-07-25,1.0
ORD-125879,2024-09-08,2024-09-11,3.0
ORD-125880,2024-11-16,2024-11-16,0.0
ORD-125881,2025-06-17,2025-06-17,0.0
ORD-125882,2025-05-27,2025-05-29,2.0
ORD-125883,2025-09-12,2025-09-14,2.0
ORD-125884,2024-12-26,2024-12-28,2.0
ORD-125885,2025-02-26,2025-02-26,0.0
ORD-125886,2025-11-03,2025-11-03,0.0
ORD-125887,2025-03-26,2025-03-29,3.0
ORD-125888,2025-11-26,2025-11-26,0.0
ORD-125889,2025-06-15,2025-06-18,3.0
ORD-125890,2025-11-19,2025-11-19,0.0
ORD-125891,2025-03-27,2025-03-27,0.0
ORD-125892,2025-09-11,2025-09-11,0.0
ORD-125893,2024-08-19,2024-08-19,0.0
ORD-125894,2025-03-14,2025-03-14,0.0
ORD-125895,2024-12-22,2024-12-22,0.0
ORD-125896,2025-12-09,2025-12-09,0.0
ORD-125897,2025-09-12,2025-09-14,2.0
ORD-125898,2025-10-29,2025-10-29,0.0
ORD-125899,2024-10-30,2024-10-30,0.0
ORD-125900,2025-08-07,2025-08-10,3.0
ORD-125901,2024-08-08,2024-08-09,1.0
ORD-125902,2025-11-06,2025-11-06,0.0
ORD-125903,2025-11-09,2025-11-09,0.0
ORD-125904,2025-09-06,2025-09-06,0.0
ORD-125905,2025-10-23,,
ORD-125906,2025-06-30,2025-07-02,2.0
ORD-125907,2025-12-08,2025-12-08,0.0
ORD-125908,2025-10-18,2025-10-18,0.0
ORD-125909,2025-11-06,2025-11-06,0.0
ORD-125910,2025-01-03,2025-01-04,1.0
ORD-125911,2025-01-11,2025-01-11,0.0
ORD-125912,2025-06-30,2025-06-30,0.0
ORD-125913,2024-08-09,2024-08-10,1.0
ORD-125914,2024-05-30,2024-05-30,0.0
ORD-125915,2025-04-02,,
ORD-125916,2025-05-27,2025-05-27,0.0
ORD-125917,2025-04-08,2025-04-08,0.0
ORD-125918,2024-08-12,,
ORD-125919,2025-02-03,2025-02-05,2.0
ORD-125920,2025-07-25,2025-07-25,0.0
ORD-125921,2025-07-29,2025-07-31,2.0
ORD-125922,2025-11-27,2025-11-27,0.0
ORD-125923,2025-09-03,2025-09-03,0.0
ORD-125924,2025-11-11,2025-11-12,1.0
ORD-125925,2025-02-02,2025-02-02,0.0
ORD-125926,2024-07-22,2024-07-27,5.0
ORD-125927,2025-10-24,2025-10-24,0.0
ORD-125928,2025-05-08,2025-05-08,0.0
ORD-125929,2025-02-21,2025-02-22,1.0
ORD-125930,2025-08-17,2025-08-18,1.0
ORD-125931,2025-01-01,2025-01-01,0.0
ORD-125932,2025-10-15,2025-10-15,0.0
ORD-125933,2024-11-14,2024-11-14,0.0
ORD-125934,2025-04-19,2025-04-19,0.0
ORD-125935,2025-09-30,2025-10-01,1.0
ORD-125936,2025-02-01,2025-02-01,0.0
ORD-125937,2025-11-23,2025-11-23,0.0
ORD-125938,2025-02-05,2025-02-05,0.0
ORD-125939,2025-08-31,2025-08-31,0.0
ORD-125940,2025-08-21,2025-08-22,1.0
ORD-125941,2025-08-15,2025-08-15,0.0
ORD-125942,2025-02-20,2025-02-21,1.0
ORD-125943,2024-08-26,,
ORD-125944,2024-10-13,2024-10-13,0.0
ORD-125945,2025-05-01,2025-05-03,2.0
ORD-125946,2025-03-17,2025-03-17,0.0
ORD-125947,2025-04-01,2025-04-01,0.0
ORD-125948,2025-10-30,,
ORD-125949,2025-05-29,2025-05-29,0.0
ORD-125950,2025-07-15,2025-07-15,0.0
ORD-125951,2024-05-03,2024-05-04,1.0
ORD-125952,2025-08-19,,
ORD-125953,2025-12-06,,
ORD-125954,2025-07-04,,
ORD-125955,2025-11-27,2025-11-27,0.0
ORD-125956,2024-11-18,2024-11-18,0.0
ORD-125957,2025-05-25,2025-05-28,3.0
ORD-125958,2024-11-25,,
ORD-125959,2025-09-19,2025-09-19,0.0
ORD-125960,2024-09-02,2024-09-05,3.0
ORD-125961,2025-02-12,2025-02-12,0.0
ORD-125962,2025-04-10,2025-04-12,2.0
ORD-125963,2025-10-30,2025-10-30,0.0
ORD-125964,2025-01-04,2025-01-04,0.0
ORD-125965,2024-10-26,2024-10-27,1.0
ORD-125966,2025-06-15,2025-06-15,0.0
ORD-125967,2024-11-25,2024-11-26,1.0
ORD-125968,2025-10-28,2025-11-02,5.0
ORD-125969,2025-10-23,2025-10-23,0.0
ORD-125970,2024-09-01,2024-09-01,0.0
ORD-125971,2025-02-25,2025-02-27,2.0
ORD-125972,2025-07-04,,
ORD-125973,2024-04-28,2024-04-28,0.0
ORD-125974,2025-11-15,2025-11-15,0.0
ORD-125975,2024-05-10,2024-05-10,0.0
ORD-125976,2024-12-01,2024-12-03,2.0
ORD-125977,2025-09-02,2025-09-02,0.0
ORD-125978,2025-12-15,,
ORD-125979,2025-06-26,2025-06-27,1.0
ORD-125980,2025-01-14,2025-01-15,1.0
ORD-125981,2025-03-22,2025-03-22,0.0
ORD-125982,2024-06-25,2024-06-25,0.0
ORD-125983,2025-09-03,2025-09-03,0.0
ORD-125984,2025-11-08,2025-11-10,2.0
ORD-125985,2024-10-24,2024-10-25,1.0
ORD-125986,2025-04-08,,
ORD-125987,2025-12-17,2025-12-17,0.0
ORD-125988,2025-06-17,2025-06-17,0.0
ORD-125989,2024-07-12,2024-07-13,1.0
ORD-125990,2024-10-21,2024-10-21,0.0
ORD-125991,2025-12-15,2025-12-16,1.0
ORD-125992,2025-10-27,2025-10-28,1.0
ORD-125993,2025-11-03,,
ORD-125994,2025-11-17,2025-11-19,2.0
ORD-125995,2025-04-25,2025-04-25,0.0
ORD-125996,2025-10-30,2025-11-01,2.0
ORD-125997,2025-11-13,2025-11-14,1.0
ORD-125998,2025-09-08,2025-09-09,1.0
ORD-125999,2025-12-07,2025-12-12,5.0
ORD-126000,2025-12-05,2025-12-05,0.0
ORD-126001,2025-03-05,2025-03-05,0.0
ORD-126002,2024-05-17,2024-05-20,3.0
ORD-126003,2024-11-18,2024-11-19,1.0
ORD-126004,2025-07-19,2025-07-19,0.0
ORD-126005,2025-11-18,2025-11-20,2.0
ORD-126006,2024-06-15,2024-06-16,1.0
ORD-126007,2025-05-02,2025-05-02,0.0
ORD-126008,2025-06-26,,
ORD-126009,2025-05-29,2025-05-31,2.0
ORD-126010,2025-08-16,2025-08-17,1.0
ORD-126011,2025-10-24,2025-10-24,0.0
ORD-126012,2025-11-12,2025-11-13,1.0
ORD-126013,2025-09-27,2025-09-30,3.0
ORD-126014,2025-11-25,2025-11-27,2.0
ORD-126015,2025-09-24,2025-09-25,1.0
ORD-126016,2025-11-05,2025-11-06,1.0
ORD-126017,2025-02-23,2025-02-23,0.0
ORD-126018,2026-01-02,2026-01-03,1.0
ORD-126019,2025-08-04,2025-08-04,0.0
ORD-126020,2025-10-28,2025-10-29,1.0
ORD-126021,2025-11-20,2025-11-20,0.0
ORD-126022,2025-11-04,2025-11-06,2.0
ORD-126023,2025-10-21,2025-10-22,1.0
ORD-126024,2025-09-15,2025-09-16,1.0
ORD-126025,2025-01-29,2025-01-29,0.0
ORD-126026,2025-04-25,2025-04-25,0.0
ORD-126027,2025-02-01,2025-02-03,2.0
ORD-126028,2024-11-25,2024-11-25,0.0
ORD-126029,2024-07-21,2024-07-21,0.0
ORD-126030,2025-03-03,2025-03-03,0.0
ORD-126031,2025-03-17,2025-03-17,0.0
ORD-126032,2024-03-10,2024-03-10,0.0
ORD-126033,2024-11-11,2024-11-13,2.0
ORD-126034,2025-02-20,,
ORD-126035,2025-08-03,2025-08-04,1.0
ORD-126036,2025-01-21,2025-01-21,0.0
ORD-126037,2025-04-06,2025-04-07,1.0
ORD-126038,2025-01-15,2025-01-15,0.0
ORD-126039,2025-05-12,2025-05-13,1.0
ORD-126040,2025-08-06,2025-08-06,0.0
ORD-126041,2025-02-17,2025-02-17,0.0
ORD-126042,2025-06-24,2025-06-24,0.0
ORD-126043,2025-11-20,2025-11-21,1.0
ORD-126044,2025-10-02,2025-10-03,1.0
ORD-126045,2025-09-20,2025-09-20,0.0
ORD-126046,2024-11-02,2024-11-03,1.0
ORD-126047,2025-05-22,2025-05-22,0.0
ORD-126048,2025-09-11,2025-09-11,0.0
ORD-126049,2025-01-09,2025-01-09,0.0
ORD-126050,2025-12-17,2025-12-17,0.0
ORD-126051,2025-08-27,2025-08-28,1.0
ORD-126052,2025-05-02,2025-05-03,1.0
ORD-126053,2025-02-16,2025-02-16,0.0
ORD-126054,2024-08-17,2024-08-17,0.0
ORD-126055,2024-12-04,2024-12-04,0.0
ORD-126056,2025-01-27,2025-01-30,3.0
ORD-126057,2025-05-29,2025-05-30,1.0
ORD-126058,2025-11-29,2025-11-30,1.0
ORD-126059,2025-01-28,2025-01-28,0.0
ORD-126060,2025-03-10,2025-03-10,0.0
ORD-126061,2025-11-06,2025-11-08,2.0
ORD-126062,2025-08-17,2025-08-19,2.0
ORD-126063,2025-04-25,2025-04-26,1.0
ORD-126064,2024-11-18,2024-11-18,0.0
ORD-126065,2024-10-28,2024-10-28,0.0
ORD-126066,2025-08-09,,
ORD-126067,2025-02-13,2025-02-14,1.0
ORD-126068,2025-10-08,2025-10-09,1.0
ORD-126069,2025-03-11,2025-03-11,0.0
ORD-126070,2025-11-14,2025-11-14,0.0
ORD-126071,2025-10-24,2025-10-27,3.0
ORD-126072,2025-12-20,2025-12-21,1.0
ORD-126073,2024-06-12,2024-06-12,0.0
ORD-126074,2025-05-08,2025-05-08,0.0
ORD-126075,2025-11-22,2025-11-22,0.0
ORD-126076,2025-08-24,2025-08-25,1.0
ORD-126077,2024-10-04,2024-10-04,0.0
ORD-126078,2024-12-29,2024-12-29,0.0
ORD-126079,2025-05-27,2025-05-27,0.0
ORD-126080,2025-05-21,2025-05-23,2.0
ORD-126081,2024-09-11,,
ORD-126082,2025-10-16,2025-10-16,0.0
ORD-126083,2025-04-26,2025-04-26,0.0
ORD-126084,2024-11-09,2024-11-09,0.0
ORD-126085,2024-12-05,2024-12-05,0.0
ORD-126086,2025-07-24,2025-07-25,1.0
ORD-126087,2025-01-29,2025-01-29,0.0
ORD-126088,2025-09-01,2025-09-01,0.0
ORD-126089,2025-11-16,2025-11-17,1.0
ORD-126090,2025-01-12,2025-01-13,1.0
ORD-126091,2025-08-28,2025-08-28,0.0
ORD-126092,2025-04-06,,
ORD-126093,2024-07-19,2024-07-19,0.0
ORD-126094,2025-04-16,2025-04-16,0.0
ORD-126095,2025-10-03,2025-10-05,2.0
ORD-126096,2025-09-20,2025-09-20,0.0
ORD-126097,2025-10-29,2025-10-29,0.0
ORD-126098,2025-06-10,2025-06-11,1.0
ORD-126099,2024-11-14,2024-11-14,0.0
ORD-126100,2024-12-30,2024-12-30,0.0
ORD-126101,2025-08-17,2025-08-17,0.0
ORD-126102,2024-08-05,2024-08-05,0.0
ORD-126103,2025-10-01,2025-10-01,0.0
ORD-126104,2024-02-09,,
ORD-126105,2024-03-29,,
ORD-126106,2025-05-19,,
ORD-126107,2025-04-21,2025-04-22,1.0
ORD-126108,2025-11-10,2025-11-10,0.0
ORD-126109,2025-12-12,2025-12-12,0.0
ORD-126110,2025-06-30,2025-07-03,3.0
ORD-126111,2025-02-25,2025-02-25,0.0
ORD-126112,2025-10-29,2025-10-31,2.0
ORD-126113,2025-06-16,2025-06-17,1.0
ORD-126114,2025-05-31,2025-06-02,2.0
ORD-126115,2024-09-21,2024-09-21,0.0
ORD-126116,2024-07-01,2024-07-01,0.0
ORD-126117,2025-12-02,2025-12-02,0.0
ORD-126118,2024-08-14,2024-08-16,2.0
ORD-126119,2025-10-19,2025-10-19,0.0
ORD-126120,2025-01-25,2025-01-25,0.0
ORD-126121,2025-10-20,2025-10-20,0.0
ORD-126122,2024-07-16,2024-07-18,2.0
ORD-126123,2025-12-18,2025-12-18,0.0
ORD-126124,2025-11-23,,
ORD-126125,2024-08-06,2024-08-06,0.0
ORD-126126,2025-09-15,2025-09-16,1.0
ORD-126127,2024-05-02,2024-05-03,1.0
ORD-126128,2025-05-23,2025-05-23,0.0
ORD-126129,2024-06-07,2024-06-08,1.0
ORD-126130,2024-11-07,2024-11-07,0.0
ORD-126131,2025-11-26,2025-11-28,2.0
ORD-126132,2025-10-06,,
ORD-126133,2025-11-16,2025-11-18,2.0
ORD-126134,2025-09-27,2025-09-28,1.0
ORD-126135,2025-05-14,2025-05-17,3.0
ORD-126136,2025-11-12,2025-11-12,0.0
ORD-126137,2025-12-20,2025-12-23,3.0
ORD-126138,2024-07-26,2024-07-26,0.0
ORD-126139,2025-04-26,2025-04-26,0.0
ORD-126140,2025-11-09,2025-11-12,3.0
ORD-126141,2025-08-31,2025-08-31,0.0
ORD-126142,2024-11-08,2024-11-10,2.0
ORD-126143,2025-10-02,2025-10-02,0.0
ORD-126144,2025-09-16,2025-09-16,0.0
ORD-126145,2025-11-10,2025-11-11,1.0
ORD-126146,2025-10-02,2025-10-03,1.0
ORD-126147,2025-04-04,2025-04-04,0.0
ORD-126148,2025-06-02,2025-06-02,0.0
ORD-126149,2025-08-02,2025-08-02,0.0
ORD-126150,2025-08-03,2025-08-03,0.0
ORD-126151,2025-10-09,2025-10-09,0.0
ORD-126152,2024-05-15,2024-05-17,2.0
ORD-126153,2025-10-16,2025-10-16,0.0
ORD-126154,2025-02-14,2025-02-16,2.0
ORD-126155,2025-10-12,2025-10-13,1.0
ORD-126156,2025-07-10,2025-07-10,0.0
ORD-126157,2025-03-14,2025-03-14,0.0
ORD-126158,2025-06-08,2025-06-08,0.0
ORD-126159,2025-05-17,2025-05-17,0.0
ORD-126160,2025-10-30,2025-10-30,0.0
ORD-126161,2024-11-17,2024-11-19,2.0
ORD-126162,2025-09-06,2025-09-06,0.0
ORD-126163,2025-02-28,2025-03-01,1.0
ORD-126164,2025-08-05,2025-08-05,0.0
ORD-126165,2025-10-26,2025-10-26,0.0
ORD-126166,2025-02-18,,
ORD-126167,2025-10-06,2025-10-09,3.0
ORD-126168,2025-03-10,2025-03-10,0.0
ORD-126169,2025-07-18,2025-07-19,1.0
ORD-126170,2025-11-04,2025-11-04,0.0
ORD-126171,2024-12-17,2024-12-17,0.0
ORD-126172,2025-10-24,2025-10-24,0.0
ORD-126173,2024-04-30,2024-04-30,0.0
ORD-126174,2025-08-29,2025-08-30,1.0
ORD-126175,2025-10-18,2025-10-18,0.0
ORD-126176,2025-11-09,2025-11-12,3.0
ORD-126177,2024-07-22,2024-07-22,0.0
ORD-126178,2025-04-30,2025-04-30,0.0
ORD-126179,2025-12-14,2025-12-14,0.0
ORD-126180,2025-01-11,2025-01-12,1.0
ORD-126181,2024-10-04,2024-10-04,0.0
ORD-126182,2025-09-13,,
ORD-126183,2025-11-06,2025-11-06,0.0
ORD-126184,2025-01-13,2025-01-13,0.0
ORD-126185,2024-05-03,2024-05-03,0.0
ORD-126186,2025-11-02,2025-11-02,0.0
ORD-126187,2025-10-03,2025-10-03,0.0
ORD-126188,2024-06-27,2024-06-27,0.0
ORD-126189,2025-10-18,2025-10-18,0.0
ORD-126190,2025-04-27,2025-04-27,0.0
ORD-126191,2024-10-30,2024-10-31,1.0
ORD-126192,2024-11-10,2024-11-10,0.0
ORD-126193,2025-12-27,2025-12-27,0.0
ORD-126194,2025-05-03,,
ORD-126195,2024-03-10,2024-03-12,2.0
ORD-126196,2025-10-16,2025-10-16,0.0
ORD-126197,2025-10-09,2025-10-11,2.0
ORD-126198,2025-10-01,2025-10-01,0.0
ORD-126199,2025-09-20,2025-09-20,0.0
ORD-126200,2024-08-22,2024-08-24,2.0
ORD-126201,2024-11-08,2024-11-09,1.0
ORD-126202,2025-12-16,2025-12-16,0.0
ORD-126203,2025-08-23,2025-08-23,0.0
ORD-126204,2025-07-12,2025-07-13,1.0
ORD-126205,2025-10-20,2025-10-21,1.0
ORD-126206,2025-06-02,2025-06-02,0.0
ORD-126207,2024-10-17,2024-10-19,2.0
ORD-126208,2024-06-04,2024-06-04,0.0
ORD-126209,2025-06-21,2025-06-21,0.0
ORD-126210,2025-12-08,2025-12-08,0.0
ORD-126211,2024-09-08,2024-09-11,3.0
ORD-126212,2025-01-13,2025-01-13,0.0
ORD-126213,2025-11-26,2025-11-26,0.0
ORD-126214,2025-09-24,,
ORD-126215,2024-06-03,2024-06-03,0.0
ORD-126216,2025-07-20,2025-07-20,0.0
ORD-126217,2024-12-05,2024-12-07,2.0
ORD-126218,2025-11-13,2025-11-13,0.0
ORD-126219,2025-12-23,2025-12-23,0.0
ORD-126220,2025-11-28,2025-11-28,0.0
ORD-126221,2025-07-27,2025-07-27,0.0
ORD-126222,2025-04-08,2025-04-08,0.0
ORD-126223,2025-10-20,2025-10-20,0.0
ORD-126224,2025-10-28,2025-10-31,3.0
ORD-126225,2025-07-11,2025-07-11,0.0
ORD-126226,2024-08-17,2024-08-19,2.0
ORD-126227,2025-07-01,2025-07-01,0.0
ORD-126228,2025-10-06,2025-10-07,1.0
ORD-126229,2025-11-06,2025-11-06,0.0
ORD-126230,2025-01-11,2025-01-12,1.0
ORD-126231,2024-11-08,2024-11-08,0.0
ORD-126232,2025-12-01,2025-12-01,0.0
ORD-126233,2025-11-20,2025-11-21,1.0
ORD-126234,2025-06-24,2025-06-24,0.0
ORD-126235,2025-10-07,2025-10-07,0.0
ORD-126236,2025-03-18,2025-03-18,0.0
ORD-126237,2024-11-02,2024-11-02,0.0
ORD-126238,2025-01-08,2025-01-10,2.0
ORD-126239,2025-06-14,2025-06-15,1.0
ORD-126240,2025-01-16,2025-01-18,2.0
ORD-126241,2025-08-09,2025-08-09,0.0
ORD-126242,2025-08-13,2025-08-13,0.0
ORD-126243,2024-12-25,,
ORD-126244,2025-02-27,2025-02-27,0.0
ORD-126245,2025-08-30,2025-08-30,0.0
ORD-126246,2024-10-31,2024-10-31,0.0
ORD-126247,2025-11-16,,
ORD-126248,2025-01-12,2025-01-13,1.0
ORD-126249,2025-06-29,,
ORD-126250,2025-08-14,2025-08-14,0.0
ORD-126251,2024-10-26,2024-10-29,3.0
ORD-126252,2025-01-20,2025-01-20,0.0
ORD-126253,2025-11-11,,
ORD-126254,2024-09-30,2024-09-30,0.0
ORD-126255,2025-03-18,,
ORD-126256,2025-01-02,2025-01-02,0.0
ORD-126257,2025-10-11,2025-10-11,0.0
ORD-126258,2025-12-06,2025-12-07,1.0
ORD-126259,2025-03-26,2025-03-28,2.0
ORD-126260,2024-10-25,2024-10-25,0.0
ORD-126261,2025-03-20,2025-03-20,0.0
ORD-126262,2025-10-17,,
ORD-126263,2025-12-17,2025-12-19,2.0
ORD-126264,2025-11-14,2025-11-15,1.0
ORD-126265,2025-10-18,2025-10-18,0.0
ORD-126266,2025-10-26,2025-10-26,0.0
ORD-126267,2025-07-21,2025-07-21,0.0
ORD-126268,2025-12-10,2025-12-11,1.0
ORD-126269,2025-06-24,2025-06-24,0.0
ORD-126270,2025-08-12,2025-08-12,0.0
ORD-126271,2025-01-29,2025-01-29,0.0
ORD-126272,2025-03-28,2025-03-29,1.0
ORD-126273,2025-11-20,2025-11-22,2.0
ORD-126274,2024-07-05,2024-07-05,0.0
ORD-126275,2025-12-13,2025-12-13,0.0
ORD-126276,2025-05-30,2025-05-30,0.0
ORD-126277,2025-10-24,2025-10-24,0.0
ORD-126278,2025-10-04,2025-10-05,1.0
ORD-126279,2025-08-07,2025-08-07,0.0
ORD-126280,2025-10-18,2025-10-18,0.0
ORD-126281,2024-09-13,2024-09-13,0.0
ORD-126282,2025-07-18,2025-07-18,0.0
ORD-126283,2026-01-02,2026-01-05,3.0
ORD-126284,2025-03-01,2025-03-01,0.0
ORD-126285,2025-01-30,2025-01-30,0.0
ORD-126286,2024-07-03,,
ORD-126287,2025-07-03,2025-07-04,1.0
ORD-126288,2025-04-05,2025-04-08,3.0
ORD-126289,2024-04-14,2024-04-14,0.0
ORD-126290,2024-12-31,,
ORD-126291,2025-04-02,2025-04-04,2.0
ORD-126292,2025-10-03,2025-10-04,1.0
ORD-126293,2025-01-29,2025-01-30,1.0
ORD-126294,2025-12-02,2025-12-04,2.0
ORD-126295,2025-01-12,,
ORD-126296,2025-02-15,2025-02-15,0.0
ORD-126297,2025-12-22,,
ORD-126298,2025-10-04,2025-10-04,0.0
ORD-126299,2024-10-07,2024-10-07,0.0
ORD-126300,2024-10-08,2024-10-08,0.0
ORD-126301,2025-11-26,2025-11-27,1.0
ORD-126302,2025-10-20,2025-10-20,0.0
ORD-126303,2025-01-07,2025-01-07,0.0
ORD-126304,2025-06-06,2025-06-07,1.0
ORD-126305,2025-11-09,2025-11-10,1.0
ORD-126306,2025-05-19,2025-05-20,1.0
ORD-126307,2025-08-28,2025-08-28,0.0
ORD-126308,2025-12-13,2025-12-13,0.0
ORD-126309,2025-10-19,2025-10-21,2.0
ORD-126310,2024-08-07,2024-08-08,1.0
ORD-126311,2025-12-07,2025-12-10,3.0
ORD-126312,2025-11-02,2025-11-02,0.0
ORD-126313,2025-10-13,2025-10-13,0.0
ORD-126314,2024-07-20,2024-07-22,2.0
ORD-126315,2025-09-06,2025-09-06,0.0
ORD-126316,2024-05-14,2024-05-15,1.0
ORD-126317,2025-10-27,2025-10-27,0.0
ORD-126318,2025-03-30,2025-03-30,0.0
ORD-126319,2025-05-11,,
ORD-126320,2024-08-16,2024-08-16,0.0
ORD-126321,2025-10-24,2025-10-26,2.0
ORD-126322,2024-11-02,2024-11-04,2.0
ORD-126323,2024-11-13,,
ORD-126324,2025-02-27,2025-02-27,0.0
ORD-126325,2025-04-21,2025-04-22,1.0
ORD-126326,2024-12-07,2024-12-10,3.0
ORD-126327,2025-03-09,2025-03-10,1.0
ORD-126328,2025-07-25,2025-07-25,0.0
ORD-126329,2025-01-27,2025-01-30,3.0
ORD-126330,2025-01-27,2025-01-29,2.0
ORD-126331,2025-02-01,,
ORD-126332,2025-07-06,2025-07-06,0.0
ORD-126333,2025-11-29,2025-11-29,0.0
ORD-126334,2025-03-16,,
ORD-126335,2025-08-12,2025-08-12,0.0
ORD-126336,2025-11-17,2025-11-17,0.0
ORD-126337,2025-08-25,2025-08-26,1.0
ORD-126338,2025-12-05,2025-12-06,1.0
ORD-126339,2025-07-12,,
ORD-126340,2024-09-12,2024-09-12,0.0
ORD-126341,2024-09-19,2024-09-19,0.0
ORD-126342,2025-10-25,2025-10-25,0.0
ORD-126343,2025-10-21,2025-10-21,0.0
ORD-126344,2024-11-15,2024-11-15,0.0
ORD-126345,2024-11-14,2024-11-14,0.0
ORD-126346,2025-05-15,2025-05-15,0.0
ORD-126347,2025-11-20,2025-11-21,1.0
ORD-126348,2024-10-09,2024-10-10,1.0
ORD-126349,2025-10-28,2025-10-28,0.0
ORD-126350,2025-07-17,2025-07-17,0.0
ORD-126351,2024-08-17,2024-08-17,0.0
ORD-126352,2025-03-23,2025-03-23,0.0
ORD-126353,2025-03-22,2025-03-22,0.0
ORD-126354,2025-02-12,2025-02-12,0.0
ORD-126355,2024-08-24,2024-08-24,0.0
ORD-126356,2025-08-14,2025-08-15,1.0
ORD-126357,2025-09-03,2025-09-03,0.0
ORD-126358,2025-06-08,,
ORD-126359,2024-12-28,,
ORD-126360,2025-08-31,2025-08-31,0.0
ORD-126361,2025-11-08,2025-11-09,1.0
ORD-126362,2024-12-21,,
ORD-126363,2025-03-15,2025-03-15,0.0
ORD-126364,2025-10-29,2025-10-29,0.0
ORD-126365,2024-11-06,,
ORD-126366,2025-10-16,2025-10-16,0.0
ORD-126367,2024-11-16,2024-11-16,0.0
ORD-126368,2025-04-13,2025-04-13,0.0
ORD-126369,2025-09-05,2025-09-05,0.0
ORD-126370,2025-11-09,2025-11-10,1.0
ORD-126371,2024-03-29,2024-03-29,0.0
ORD-126372,2025-04-12,2025-04-12,0.0
ORD-126373,2025-11-29,2025-12-01,2.0
ORD-126374,2025-02-09,2025-02-12,3.0
ORD-126375,2024-11-21,2024-11-21,0.0
ORD-126376,2024-08-17,2024-08-19,2.0
ORD-126377,2024-04-10,2024-04-11,1.0
ORD-126378,2025-07-23,2025-07-23,0.0
ORD-126379,2025-01-08,2025-01-09,1.0
ORD-126380,2024-12-27,,
ORD-126381,2025-05-27,2025-05-27,0.0
ORD-126382,2024-06-20,2024-06-20,0.0
ORD-126383,2025-11-02,2025-11-02,0.0
ORD-126384,2025-10-18,2025-10-20,2.0
ORD-126385,2025-11-20,2025-11-21,1.0
ORD-126386,2025-02-27,2025-02-28,1.0
ORD-126387,2025-05-20,2025-05-21,1.0
ORD-126388,2025-02-25,2025-02-28,3.0
ORD-126389,2025-05-24,2025-05-24,0.0
ORD-126390,2025-02-18,2025-02-18,0.0
ORD-126391,2024-12-20,2024-12-21,1.0
ORD-126392,2025-01-09,2025-01-09,0.0
ORD-126393,2024-11-07,2024-11-07,0.0
ORD-126394,2024-11-22,2024-11-22,0.0
ORD-126395,2024-11-08,2024-11-08,0.0
ORD-126396,2025-11-11,2025-11-11,0.0
ORD-126397,2025-02-23,2025-02-24,1.0
ORD-126398,2025-01-02,2025-01-03,1.0
ORD-126399,2024-06-21,2024-06-21,0.0
ORD-126400,2025-11-12,2025-11-12,0.0
ORD-126401,2025-05-19,,
ORD-126402,2025-12-24,2025-12-24,0.0
ORD-126403,2025-10-13,2025-10-14,1.0
ORD-126404,2024-11-02,2024-11-02,0.0
ORD-126405,2024-10-18,2024-10-18,0.0
ORD-126406,2025-12-17,2025-12-17,0.0
ORD-126407,2024-11-23,2024-11-23,0.0
ORD-126408,2025-09-02,2025-09-02,0.0
ORD-126409,2025-07-05,2025-07-05,0.0
ORD-126410,2025-03-02,2025-03-02,0.0
ORD-126411,2025-11-03,2025-11-03,0.0
ORD-126412,2025-07-28,2025-07-28,0.0
ORD-126413,2024-05-07,2024-05-07,0.0
ORD-126414,2025-04-27,2025-04-27,0.0
ORD-126415,2025-08-05,2025-08-05,0.0
ORD-126416,2025-06-02,2025-06-04,2.0
ORD-126417,2025-10-11,2025-10-11,0.0
ORD-126418,2025-06-07,2025-06-07,0.0
ORD-126419,2024-12-08,2024-12-08,0.0
ORD-126420,2025-01-04,2025-01-06,2.0
ORD-126421,2024-11-06,2024-11-08,2.0
ORD-126422,2025-07-10,2025-07-10,0.0
ORD-126423,2025-11-21,2025-11-21,0.0
ORD-126424,2025-02-09,2025-02-09,0.0
ORD-126425,2025-02-18,2025-02-19,1.0
ORD-126426,2025-01-26,,
ORD-126427,2025-11-08,2025-11-08,0.0
ORD-126428,2025-04-27,2025-04-28,1.0
ORD-126429,2025-10-29,2025-10-29,0.0
ORD-126430,2025-03-13,2025-03-15,2.0
ORD-126431,2025-06-24,2025-06-25,1.0
ORD-126432,2025-08-24,2025-08-24,0.0
ORD-126433,2025-05-07,2025-05-07,0.0
ORD-126434,2025-10-07,2025-10-09,2.0
ORD-126435,2025-10-17,,
ORD-126436,2025-10-28,2025-10-28,0.0
ORD-126437,2025-08-03,2025-08-03,0.0
ORD-126438,2025-11-20,2025-11-22,2.0
ORD-126439,2024-08-29,,
ORD-126440,2025-07-11,2025-07-11,0.0
ORD-126441,2025-08-05,2025-08-06,1.0
ORD-126442,2025-04-27,2025-04-27,0.0
ORD-126443,2025-03-03,2025-03-03,0.0
ORD-126444,2025-08-13,2025-08-13,0.0
ORD-126445,2025-05-24,2025-05-25,1.0
ORD-126446,2024-12-16,2024-12-16,0.0
ORD-126447,2025-06-10,,
ORD-126448,2025-06-24,2025-06-24,0.0
ORD-126449,2025-05-27,2025-05-27,0.0
ORD-126450,2024-09-21,2024-09-21,0.0
ORD-126451,2025-01-04,2025-01-05,1.0
ORD-126452,2025-01-07,2025-01-07,0.0
ORD-126453,2025-05-09,2025-05-10,1.0
ORD-126454,2024-12-22,2024-12-22,0.0
ORD-126455,2025-02-18,2025-02-19,1.0
ORD-126456,2025-04-01,2025-04-01,0.0
ORD-126457,2025-11-11,2025-11-11,0.0
ORD-126458,2025-08-25,2025-08-26,1.0
ORD-126459,2025-09-27,2025-09-27,0.0
ORD-126460,2025-01-02,,
ORD-126461,2025-03-20,2025-03-20,0.0
ORD-126462,2025-03-20,2025-03-21,1.0
ORD-126463,2024-06-13,2024-06-16,3.0
ORD-126464,2025-05-31,2025-05-31,0.0
ORD-126465,2024-09-02,2024-09-03,1.0
ORD-126466,2024-09-26,2024-09-26,0.0
ORD-126467,2025-07-20,2025-07-20,0.0
ORD-126468,2024-11-29,2024-11-29,0.0
ORD-126469,2025-08-13,2025-08-15,2.0
ORD-126470,2025-11-05,,
ORD-126471,2025-11-11,2025-11-12,1.0
ORD-126472,2024-06-19,2024-06-20,1.0
ORD-126473,2025-07-29,2025-07-30,1.0
ORD-126474,2025-01-05,2025-01-06,1.0
ORD-126475,2025-04-29,2025-04-30,1.0
ORD-126476,2024-11-06,2024-11-07,1.0
ORD-126477,2025-01-26,2025-01-26,0.0
ORD-126478,2024-02-05,2024-02-05,0.0
ORD-126479,2025-08-03,2025-08-03,0.0
ORD-126480,2025-08-15,2025-08-15,0.0
ORD-126481,2024-08-04,2024-08-04,0.0
ORD-126482,2025-04-15,2025-04-16,1.0
ORD-126483,2025-09-14,2025-09-14,0.0
ORD-126484,2025-04-24,2025-04-24,0.0
ORD-126485,2025-08-17,2025-08-19,2.0
ORD-126486,2025-01-15,2025-01-15,0.0
ORD-126487,2025-05-13,2025-05-13,0.0
ORD-126488,2025-04-08,2025-04-08,0.0
ORD-126489,2024-06-03,,
ORD-126490,2025-08-01,2025-08-01,0.0
ORD-126491,2025-08-17,2025-08-17,0.0
ORD-126492,2025-08-04,2025-08-05,1.0
ORD-126493,2025-10-30,2025-10-30,0.0
ORD-126494,2025-02-02,2025-02-03,1.0
ORD-126495,2025-10-18,2025-10-20,2.0
ORD-126496,2024-12-06,2024-12-08,2.0
ORD-126497,2024-08-28,2024-08-28,0.0
ORD-126498,2024-06-22,,
ORD-126499,2025-11-11,2025-11-11,0.0
ORD-126500,2025-04-25,2025-04-26,1.0
ORD-126501,2024-11-05,,
ORD-126502,2025-04-03,2025-04-03,0.0
ORD-126503,2025-06-13,2025-06-13,0.0
ORD-126504,2025-01-09,2025-01-09,0.0
ORD-126505,2024-12-02,2024-12-02,0.0
ORD-126506,2025-10-04,2025-10-04,0.0
ORD-126507,2026-01-06,2026-01-06,0.0
ORD-126508,2025-03-30,2025-04-02,3.0
ORD-126509,2025-04-10,2025-04-10,0.0
ORD-126510,2025-04-12,2025-04-12,0.0
ORD-126511,2025-10-31,2025-10-31,0.0
ORD-126512,2024-11-13,2024-11-13,0.0
ORD-126513,2025-01-27,2025-01-27,0.0
ORD-126514,2025-09-05,2025-09-05,0.0
ORD-126515,2024-12-16,,
ORD-126516,2024-09-06,2024-09-06,0.0
ORD-126517,2025-06-12,2025-06-12,0.0
ORD-126518,2025-11-04,2025-11-05,1.0
ORD-126519,2025-08-23,2025-08-23,0.0
ORD-126520,2025-07-22,2025-07-22,0.0
ORD-126521,2025-10-11,2025-10-12,1.0
ORD-126522,2024-11-20,2024-11-22,2.0
ORD-126523,2026-01-01,2026-01-02,1.0
ORD-126524,2024-09-19,2024-09-19,0.0
ORD-126525,2025-10-23,2025-10-23,0.0
ORD-126526,2025-06-11,2025-06-11,0.0
ORD-126527,2025-10-06,,
ORD-126528,2024-11-25,2024-11-25,0.0
ORD-126529,2025-09-05,2025-09-05,0.0
ORD-126530,2025-04-09,2025-04-09,0.0
ORD-126531,2025-09-14,2025-09-14,0.0
ORD-126532,2025-05-07,2025-05-07,0.0
ORD-126533,2025-09-04,2025-09-05,1.0
ORD-126534,2025-05-30,2025-06-01,2.0
ORD-126535,2024-07-07,2024-07-08,1.0
ORD-126536,2024-12-26,2024-12-26,0.0
ORD-126537,2025-10-27,2025-10-27,0.0
ORD-126538,2024-11-24,,
ORD-126539,2025-05-26,2025-05-26,0.0
ORD-126540,2025-02-16,2025-02-16,0.0
ORD-126541,2025-10-28,2025-10-28,0.0
ORD-126542,2025-11-26,2025-11-27,1.0
ORD-126543,2024-11-11,2024-11-12,1.0
ORD-126544,2025-11-29,,
ORD-126545,2025-10-22,2025-10-22,0.0
ORD-126546,2025-10-30,2025-10-30,0.0
ORD-126547,2025-07-06,,
ORD-126548,2024-09-29,2024-09-29,0.0
ORD-126549,2025-11-06,2025-11-08,2.0
ORD-126550,2025-11-12,2025-11-13,1.0
ORD-126551,2025-05-06,2025-05-07,1.0
ORD-126552,2025-08-27,2025-08-30,3.0
ORD-126553,2024-07-06,2024-07-06,0.0
ORD-126554,2025-04-28,2025-04-30,2.0
ORD-126555,2025-03-23,2025-03-23,0.0
ORD-126556,2025-04-03,2025-04-04,1.0
ORD-126557,2025-06-06,2025-06-06,0.0
ORD-126558,2025-10-26,2025-10-26,0.0
ORD-126559,2025-11-13,2025-11-13,0.0
ORD-126560,2025-11-18,,
ORD-126561,2025-01-08,,
ORD-126562,2024-09-19,,
ORD-126563,2025-09-14,2025-09-14,0.0
ORD-126564,2025-01-02,2025-01-02,0.0
ORD-126565,2025-09-05,2025-09-08,3.0
ORD-126566,2025-11-09,2025-11-09,0.0
ORD-126567,2025-09-28,,
ORD-126568,2025-12-27,2025-12-27,0.0
ORD-126569,2025-02-21,2025-02-22,1.0
ORD-126570,2025-09-27,2025-09-27,0.0
ORD-126571,2025-10-11,2025-10-11,0.0
ORD-126572,2025-10-28,2025-10-28,0.0
ORD-126573,2024-11-22,2024-11-23,1.0
ORD-126574,2025-11-03,2025-11-04,1.0
ORD-126575,2024-02-29,2024-02-29,0.0
ORD-126576,2025-07-07,,
ORD-126577,2025-03-02,2025-03-03,1.0
ORD-126578,2025-08-31,2025-09-02,2.0
ORD-126579,2024-12-19,2024-12-19,0.0
ORD-126580,2024-10-23,,
ORD-126581,2024-10-23,2024-10-24,1.0
ORD-126582,2025-01-03,2025-01-05,2.0
ORD-126583,2024-07-06,2024-07-07,1.0
ORD-126584,2024-06-26,2024-06-26,0.0
ORD-126585,2025-02-27,2025-02-27,0.0
ORD-126586,2025-08-22,2025-08-22,0.0
ORD-126587,2025-04-02,2025-04-02,0.0
ORD-126588,2025-07-09,2025-07-09,0.0
ORD-126589,2025-08-07,2025-08-09,2.0
ORD-126590,2024-10-21,2024-10-21,0.0
ORD-126591,2025-07-24,2025-07-24,0.0
ORD-126592,2025-05-15,2025-05-15,0.0
ORD-126593,2025-10-08,2025-10-09,1.0
ORD-126594,2025-04-11,2025-04-13,2.0
ORD-126595,2025-10-12,2025-10-13,1.0
ORD-126596,2025-09-17,2025-09-17,0.0
ORD-126597,2025-10-21,2025-10-21,0.0
ORD-126598,2025-02-02,2025-02-03,1.0
ORD-126599,2025-05-27,2025-05-27,0.0
ORD-126600,2024-08-29,,
ORD-126601,2025-10-30,2025-10-30,0.0
ORD-126602,2024-08-16,2024-08-16,0.0
ORD-126603,2025-03-08,2025-03-08,0.0
ORD-126604,2024-05-07,2024-05-07,0.0
ORD-126605,2024-12-15,2024-12-16,1.0
ORD-126606,2025-12-29,2025-12-29,0.0
ORD-126607,2024-06-18,2024-06-18,0.0
ORD-126608,2025-10-30,2025-10-30,0.0
ORD-126609,2024-09-22,2024-09-23,1.0
ORD-126610,2025-07-31,2025-07-31,0.0
ORD-126611,2024-09-21,2024-09-21,0.0
ORD-126612,2025-10-20,2025-10-21,1.0
ORD-126613,2025-11-14,2025-11-15,1.0
ORD-126614,2025-02-07,2025-02-07,0.0
ORD-126615,2025-08-22,2025-08-22,0.0
ORD-126616,2026-01-01,2026-01-02,1.0
ORD-126617,2025-11-01,2025-11-01,0.0
ORD-126618,2025-07-09,2025-07-09,0.0
ORD-126619,2025-08-19,2025-08-19,0.0
ORD-126620,2025-03-24,2025-03-25,1.0
ORD-126621,2025-11-17,2025-11-19,2.0
ORD-126622,2025-04-08,2025-04-08,0.0
ORD-126623,2025-01-29,2025-01-29,0.0
ORD-126624,2025-04-29,,
ORD-126625,2025-03-09,2025-03-10,1.0
ORD-126626,2025-10-26,2025-10-27,1.0
ORD-126627,2025-09-10,,
ORD-126628,2025-02-07,,
ORD-126629,2025-01-08,,
ORD-126630,2024-05-31,2024-05-31,0.0
ORD-126631,2025-11-05,2025-11-05,0.0
ORD-126632,2025-04-19,2025-04-19,0.0
ORD-126633,2025-11-10,2025-11-10,0.0
ORD-126634,2025-05-10,2025-05-10,0.0
ORD-126635,2024-08-31,2024-09-01,1.0
ORD-126636,2024-09-25,2024-09-25,0.0
ORD-126637,2025-10-14,,
ORD-126638,2025-04-17,2025-04-19,2.0
ORD-126639,2025-11-16,2025-11-16,0.0
ORD-126640,2025-11-21,2025-11-24,3.0
ORD-126641,2025-12-30,2025-12-30,0.0
ORD-126642,2024-11-11,2024-11-11,0.0
ORD-126643,2025-11-04,2025-11-04,0.0
ORD-126644,2024-09-13,2024-09-14,1.0
ORD-126645,2025-09-16,2025-09-16,0.0
ORD-126646,2025-11-02,2025-11-02,0.0
ORD-126647,2025-10-12,2025-10-12,0.0
ORD-126648,2024-07-24,2024-07-25,1.0
ORD-126649,2025-07-30,2025-07-31,1.0
ORD-126650,2024-10-22,2024-10-25,3.0
ORD-126651,2025-05-18,2025-05-19,1.0
ORD-126652,2025-03-15,2025-03-15,0.0
ORD-126653,2025-12-09,2025-12-09,0.0
ORD-126654,2025-01-04,2025-01-04,0.0
ORD-126655,2025-10-31,2025-10-31,0.0
ORD-126656,2025-06-02,2025-06-03,1.0
ORD-126657,2025-11-22,2025-11-24,2.0
ORD-126658,2025-03-13,2025-03-13,0.0
ORD-126659,2024-09-27,2024-09-27,0.0
ORD-126660,2025-04-06,2025-04-06,0.0
ORD-126661,2026-01-01,2026-01-01,0.0
ORD-126662,2025-10-03,2025-10-04,1.0
ORD-126663,2024-11-22,2024-11-22,0.0
ORD-126664,2025-10-07,2025-10-08,1.0
ORD-126665,2025-06-28,2025-06-28,0.0
ORD-126666,2025-11-15,,
ORD-126667,2024-10-29,2024-11-03,5.0
ORD-126668,2025-07-15,2025-07-15,0.0
ORD-126669,2024-11-14,2024-11-14,0.0
ORD-126670,2025-11-22,2025-11-22,0.0
ORD-126671,2025-06-18,2025-06-18,0.0
ORD-126672,2025-07-27,2025-07-27,0.0
ORD-126673,2025-05-29,2025-05-29,0.0
ORD-126674,2025-04-11,,
ORD-126675,2024-11-25,2024-11-26,1.0
ORD-126676,2025-10-19,2025-10-19,0.0
ORD-126677,2025-07-26,2025-07-27,1.0
ORD-126678,2025-12-25,2025-12-25,0.0
ORD-126679,2024-12-02,2024-12-03,1.0
ORD-126680,2025-06-17,2025-06-19,2.0
ORD-126681,2024-11-01,2024-11-03,2.0
ORD-126682,2025-07-20,2025-07-20,0.0
ORD-126683,2025-12-13,2025-12-13,0.0
ORD-126684,2025-06-28,2025-07-01,3.0
ORD-126685,2024-07-16,2024-07-16,0.0
ORD-126686,2025-12-25,2025-12-28,3.0
ORD-126687,2025-11-01,2025-11-01,0.0
ORD-126688,2026-01-02,2026-01-02,0.0
ORD-126689,2024-10-04,2024-10-04,0.0
ORD-126690,2024-04-09,2024-04-09,0.0
ORD-126691,2024-11-04,2024-11-04,0.0
ORD-126692,2024-07-14,2024-07-14,0.0
ORD-126693,2025-08-22,2025-08-22,0.0
ORD-126694,2025-11-06,2025-11-06,0.0
ORD-126695,2026-01-01,2026-01-04,3.0
ORD-126696,2025-12-29,2025-12-30,1.0
ORD-126697,2025-03-13,2025-03-13,0.0
ORD-126698,2024-08-04,2024-08-04,0.0
ORD-126699,2024-05-30,2024-05-30,0.0
ORD-126700,2024-10-31,2024-10-31,0.0
ORD-126701,2025-08-26,2025-08-26,0.0
ORD-126702,2025-08-05,2025-08-05,0.0
ORD-126703,2025-02-12,2025-02-13,1.0
ORD-126704,2025-10-21,2025-10-21,0.0
ORD-126705,2025-11-13,2025-11-13,0.0
ORD-126706,2025-11-01,2025-11-02,1.0
ORD-126707,2024-10-31,2024-10-31,0.0
ORD-126708,2025-11-18,2025-11-20,2.0
ORD-126709,2025-11-11,2025-11-11,0.0
ORD-126710,2025-11-04,2025-11-04,0.0
ORD-126711,2025-08-16,2025-08-17,1.0
ORD-126712,2025-09-02,2025-09-02,0.0
ORD-126713,2025-11-15,2025-11-15,0.0
ORD-126714,2024-07-24,2024-07-24,0.0
ORD-126715,2024-12-29,,
ORD-126716,2025-07-19,2025-07-19,0.0
ORD-126717,2025-11-02,2025-11-02,0.0
ORD-126718,2025-03-21,2025-03-21,0.0
ORD-126719,2025-06-09,2025-06-09,0.0
ORD-126720,2025-07-08,2025-07-09,1.0
ORD-126721,2025-08-25,2025-08-25,0.0
ORD-126722,2025-11-19,2025-11-20,1.0
ORD-126723,2024-10-28,2024-10-28,0.0
ORD-126724,2024-06-04,2024-06-04,0.0
ORD-126725,2025-05-07,2025-05-08,1.0
ORD-126726,2025-07-30,,
ORD-126727,2025-10-14,2025-10-15,1.0
ORD-126728,2025-07-14,2025-07-14,0.0
ORD-126729,2024-11-24,2024-11-24,0.0
ORD-126730,2025-06-11,2025-06-11,0.0
ORD-126731,2025-06-25,2025-06-25,0.0
ORD-126732,2025-12-22,2025-12-23,1.0
ORD-126733,2025-12-31,2026-01-01,1.0
ORD-126734,2025-08-05,2025-08-05,0.0
ORD-126735,2024-12-18,2024-12-18,0.0
ORD-126736,2025-11-29,2025-11-29,0.0
ORD-126737,2025-04-27,2025-04-27,0.0
ORD-126738,2024-11-14,2024-11-14,0.0
ORD-126739,2025-01-24,2025-01-24,0.0
ORD-126740,2025-02-09,2025-02-09,0.0
ORD-126741,2025-11-18,2025-11-18,0.0
ORD-126742,2024-10-07,2024-10-07,0.0
ORD-126743,2025-04-26,2025-04-26,0.0
ORD-126744,2024-11-19,2024-11-19,0.0
ORD-126745,2025-12-11,2025-12-12,1.0
ORD-126746,2025-06-21,2025-06-21,0.0
ORD-126747,2024-08-03,2024-08-04,1.0
ORD-126748,2025-03-21,,
ORD-126749,2025-05-16,2025-05-18,2.0
ORD-126750,2024-11-16,2024-11-16,0.0
ORD-126751,2025-05-14,2025-05-14,0.0
ORD-126752,2025-03-08,,
ORD-126753,2024-11-17,2024-11-17,0.0
ORD-126754,2025-11-20,2025-11-21,1.0
ORD-126755,2024-04-21,2024-04-21,0.0
ORD-126756,2024-12-24,2024-12-25,1.0
ORD-126757,2025-07-23,2025-07-23,0.0
ORD-126758,2024-08-05,2024-08-06,1.0
ORD-126759,2025-02-05,2025-02-05,0.0
ORD-126760,2025-08-19,2025-08-19,0.0
ORD-126761,2024-11-20,2024-11-20,0.0
ORD-126762,2025-06-03,2025-06-03,0.0
ORD-126763,2024-10-31,2024-10-31,0.0
ORD-126764,2025-11-14,2025-11-15,1.0
ORD-126765,2025-08-05,2025-08-05,0.0
ORD-126766,2025-01-16,2025-01-16,0.0
ORD-126767,2025-11-19,2025-11-19,0.0
ORD-126768,2025-06-14,2025-06-14,0.0
ORD-126769,2025-09-26,2025-09-26,0.0
ORD-126770,2025-11-24,2025-11-24,0.0
ORD-126771,2025-11-02,2025-11-03,1.0
ORD-126772,2025-04-15,2025-04-15,0.0
ORD-126773,2024-10-25,2024-10-25,0.0
ORD-126774,2025-04-21,2025-04-21,0.0
ORD-126775,2025-03-31,2025-03-31,0.0
ORD-126776,2025-10-22,2025-10-22,0.0
ORD-126777,2024-12-15,2024-12-15,0.0
ORD-126778,2025-09-14,2025-09-14,0.0
ORD-126779,2025-10-09,2025-10-09,0.0
ORD-126780,2025-03-12,2025-03-14,2.0
ORD-126781,2025-10-31,2025-11-02,2.0
ORD-126782,2025-08-25,2025-08-27,2.0
ORD-126783,2025-05-03,2025-05-03,0.0
ORD-126784,2025-03-04,2025-03-04,0.0
ORD-126785,2024-07-28,2024-07-31,3.0
ORD-126786,2025-09-11,2025-09-11,0.0
ORD-126787,2025-09-25,2025-09-25,0.0
ORD-126788,2024-12-24,2024-12-24,0.0
ORD-126789,2024-07-14,2024-07-14,0.0
ORD-126790,2025-08-20,2025-08-20,0.0
ORD-126791,2025-09-21,2025-09-21,0.0
ORD-126792,2025-02-21,2025-02-22,1.0
ORD-126793,2025-06-26,2025-06-28,2.0
ORD-126794,2025-11-20,,
ORD-126795,2025-06-12,,
ORD-126796,2024-09-02,2024-09-03,1.0
ORD-126797,2025-07-03,2025-07-03,0.0
ORD-126798,2025-01-15,2025-01-15,0.0
ORD-126799,2025-08-27,2025-08-27,0.0
ORD-126800,2025-11-29,2025-12-01,2.0
ORD-126801,2025-09-18,2025-09-18,0.0
ORD-126802,2025-02-16,2025-02-16,0.0
ORD-126803,2024-11-09,2024-11-09,0.0
ORD-126804,2025-10-16,2025-10-17,1.0
ORD-126805,2024-11-21,2024-11-21,0.0
ORD-126806,2024-10-07,2024-10-08,1.0
ORD-126807,2025-08-11,2025-08-12,1.0
ORD-126808,2024-12-04,,
ORD-126809,2025-11-23,,
ORD-126810,2025-07-26,2025-07-28,2.0
ORD-126811,2025-06-23,,
ORD-126812,2025-06-16,2025-06-19,3.0
ORD-126813,2025-10-02,2025-10-02,0.0
ORD-126814,2025-10-29,2025-10-30,1.0
ORD-126815,2024-09-19,2024-09-19,0.0
ORD-126816,2025-10-30,2025-10-30,0.0
ORD-126817,2025-05-15,2025-05-16,1.0
ORD-126818,2024-10-28,2024-10-29,1.0
ORD-126819,2025-09-02,2025-09-04,2.0
ORD-126820,2024-12-30,2024-12-31,1.0
ORD-126821,2025-07-15,2025-07-15,0.0
ORD-126822,2025-05-25,2025-05-25,0.0
ORD-126823,2024-07-12,2024-07-12,0.0
ORD-126824,2024-12-15,2024-12-16,1.0
ORD-126825,2024-10-25,2024-10-25,0.0
ORD-126826,2025-03-10,2025-03-10,0.0
ORD-126827,2025-11-24,2025-11-24,0.0
ORD-126828,2025-01-21,2025-01-22,1.0
ORD-126829,2024-05-04,2024-05-07,3.0
ORD-126830,2025-09-03,2025-09-05,2.0
ORD-126831,2024-04-25,,
ORD-126832,2025-11-15,2025-11-15,0.0
ORD-126833,2024-05-09,2024-05-09,0.0
ORD-126834,2025-12-09,2025-12-09,0.0
ORD-126835,2025-07-27,2025-07-27,0.0
ORD-126836,2025-11-09,2025-11-09,0.0
ORD-126837,2025-12-10,2025-12-12,2.0
ORD-126838,2025-07-14,2025-07-14,0.0
ORD-126839,2025-08-21,2025-08-21,0.0
ORD-126840,2025-01-28,2025-01-29,1.0
ORD-126841,2025-07-14,,
ORD-126842,2024-07-29,2024-07-29,0.0
ORD-126843,2024-11-02,2024-11-02,0.0
ORD-126844,2025-10-20,2025-10-22,2.0
ORD-126845,2025-09-09,2025-09-11,2.0
ORD-126846,2025-12-28,2025-12-28,0.0
ORD-126847,2024-05-22,2024-05-22,0.0
ORD-126848,2025-04-26,,
ORD-126849,2025-06-24,2025-06-24,0.0
ORD-126850,2025-06-20,2025-06-20,0.0
ORD-126851,2024-10-02,,
ORD-126852,2024-12-21,2024-12-21,0.0
ORD-126853,2025-02-12,2025-02-12,0.0
ORD-126854,2025-11-07,2025-11-07,0.0
ORD-126855,2025-02-03,2025-02-05,2.0
ORD-126856,2025-04-11,2025-04-11,0.0
ORD-126857,2025-03-10,2025-03-12,2.0
ORD-126858,2025-01-01,2025-01-02,1.0
ORD-126859,2025-07-30,2025-08-02,3.0
ORD-126860,2025-09-10,2025-09-10,0.0
ORD-126861,2025-08-19,2025-08-19,0.0
ORD-126862,2025-11-28,2025-12-01,3.0
ORD-126863,2025-06-14,2025-06-14,0.0
ORD-126864,2025-03-02,2025-03-02,0.0
ORD-126865,2025-03-25,,
ORD-126866,2025-03-14,2025-03-14,0.0
ORD-126867,2025-10-28,2025-10-28,0.0
ORD-126868,2024-12-12,,
ORD-126869,2025-04-04,2025-04-04,0.0
ORD-126870,2024-03-05,2024-03-05,0.0
ORD-126871,2024-12-07,2024-12-07,0.0
ORD-126872,2025-12-09,2025-12-09,0.0
ORD-126873,2024-12-05,2024-12-05,0.0
ORD-126874,2025-11-03,2025-11-03,0.0
ORD-126875,2024-05-15,2024-05-16,1.0
ORD-126876,2025-03-02,2025-03-02,0.0
ORD-126877,2025-07-28,2025-07-28,0.0
ORD-126878,2025-06-27,,
ORD-126879,2025-12-23,2025-12-23,0.0
ORD-126880,2025-12-09,2025-12-09,0.0
ORD-126881,2025-05-22,2025-05-24,2.0
ORD-126882,2025-06-26,2025-06-27,1.0
ORD-126883,2025-08-16,2025-08-16,0.0
ORD-126884,2024-08-09,2024-08-11,2.0
ORD-126885,2025-11-26,2025-11-26,0.0
ORD-126886,2024-11-11,2024-11-12,1.0
ORD-126887,2025-09-12,2025-09-12,0.0
ORD-126888,2025-11-23,2025-11-25,2.0
ORD-126889,2025-05-05,2025-05-05,0.0
ORD-126890,2025-11-17,2025-11-18,1.0
ORD-126891,2025-06-12,2025-06-12,0.0
ORD-126892,2024-12-30,2024-12-30,0.0
ORD-126893,2024-09-07,2024-09-07,0.0
ORD-126894,2025-08-18,2025-08-18,0.0
ORD-126895,2025-04-14,2025-04-14,0.0
ORD-126896,2025-10-29,2025-10-29,0.0
ORD-126897,2025-06-29,2025-06-29,0.0
ORD-126898,2025-08-02,2025-08-03,1.0
ORD-126899,2024-03-15,2024-03-16,1.0
ORD-126900,2025-06-16,2025-06-18,2.0
ORD-126901,2025-11-13,2025-11-14,1.0
ORD-126902,2025-12-06,2025-12-09,3.0
ORD-126903,2025-10-29,2025-10-29,0.0
ORD-126904,2025-10-24,2025-10-27,3.0
ORD-126905,2025-11-06,2025-11-07,1.0
ORD-126906,2025-05-04,2025-05-04,0.0
ORD-126907,2024-09-07,2024-09-10,3.0
ORD-126908,2024-07-22,2024-07-23,1.0
ORD-126909,2025-04-06,2025-04-06,0.0
ORD-126910,2024-11-12,2024-11-13,1.0
ORD-126911,2024-10-19,2024-10-20,1.0
ORD-126912,2025-07-31,2025-08-01,1.0
ORD-126913,2024-12-26,2024-12-26,0.0
ORD-126914,2025-04-28,2025-04-28,0.0
ORD-126915,2025-05-03,2025-05-03,0.0
ORD-126916,2025-11-03,2025-11-03,0.0
ORD-126917,2024-08-11,2024-08-11,0.0
ORD-126918,2025-12-11,2025-12-11,0.0
ORD-126919,2025-02-21,,
ORD-126920,2024-11-14,2024-11-14,0.0
ORD-126921,2025-10-24,2025-10-24,0.0
ORD-126922,2024-10-08,2024-10-10,2.0
ORD-126923,2025-10-23,2025-10-23,0.0
ORD-126924,2025-12-03,2025-12-05,2.0
ORD-126925,2025-04-17,2025-04-17,0.0
ORD-126926,2025-12-11,2025-12-11,0.0
ORD-126927,2024-07-24,2024-07-24,0.0
ORD-126928,2025-08-20,,
ORD-126929,2025-10-10,2025-10-10,0.0
ORD-126930,2025-08-26,2025-08-26,0.0
ORD-126931,2025-06-06,2025-06-07,1.0
ORD-126932,2025-09-21,2025-09-21,0.0
ORD-126933,2025-04-18,2025-04-18,0.0
ORD-126934,2025-11-03,2025-11-03,0.0
ORD-126935,2024-03-24,2024-03-24,0.0
ORD-126936,2025-11-01,2025-11-02,1.0
ORD-126937,2025-11-11,2025-11-11,0.0
ORD-126938,2025-10-21,2025-10-24,3.0
ORD-126939,2025-11-23,2025-11-24,1.0
ORD-126940,2025-07-04,2025-07-04,0.0
ORD-126941,2025-11-01,2025-11-01,0.0
ORD-126942,2025-08-14,2025-08-16,2.0
ORD-126943,2024-07-10,2024-07-10,0.0
ORD-126944,2025-10-15,2025-10-15,0.0
ORD-126945,2024-11-26,2024-11-27,1.0
ORD-126946,2025-05-13,2025-05-13,0.0
ORD-126947,2025-04-18,2025-04-18,0.0
ORD-126948,2025-12-30,2026-01-01,2.0
ORD-126949,2025-02-27,,
ORD-126950,2025-10-31,2025-11-01,1.0
ORD-126951,2025-07-24,2025-07-24,0.0
ORD-126952,2024-11-11,2024-11-11,0.0
ORD-126953,2024-11-10,2024-11-11,1.0
ORD-126954,2025-06-08,2025-06-09,1.0
ORD-126955,2025-11-20,2025-11-20,0.0
ORD-126956,2024-10-19,2024-10-19,0.0
ORD-126957,2025-12-14,2025-12-15,1.0
ORD-126958,2025-03-14,2025-03-14,0.0
ORD-126959,2025-08-02,2025-08-05,3.0
ORD-126960,2025-02-14,2025-02-15,1.0
ORD-126961,2025-11-13,2025-11-13,0.0
ORD-126962,2025-12-28,2025-12-28,0.0
ORD-126963,2025-07-09,2025-07-09,0.0
ORD-126964,2025-11-25,2025-11-25,0.0
ORD-126965,2025-10-28,2025-10-28,0.0
ORD-126966,2025-05-07,,
ORD-126967,2025-06-29,2025-06-29,0.0
ORD-126968,2025-11-01,2025-11-01,0.0
ORD-126969,2025-07-28,,
ORD-126970,2025-11-10,2025-11-10,0.0
ORD-126971,2025-11-28,2025-11-30,2.0
ORD-126972,2025-06-04,2025-06-05,1.0
ORD-126973,2025-06-16,2025-06-16,0.0
ORD-126974,2025-10-04,2025-10-04,0.0
ORD-126975,2025-12-07,2025-12-08,1.0
ORD-126976,2024-12-22,2024-12-23,1.0
ORD-126977,2025-03-16,,
ORD-126978,2024-03-09,,
ORD-126979,2025-10-18,2025-10-18,0.0
ORD-126980,2025-05-30,2025-05-30,0.0
ORD-126981,2025-01-23,2025-01-23,0.0
ORD-126982,2025-11-29,2025-11-29,0.0
ORD-126983,2025-01-03,2025-01-03,0.0
ORD-126984,2025-10-26,2025-10-26,0.0
ORD-126985,2024-10-30,2024-10-30,0.0
ORD-126986,2025-03-17,2025-03-18,1.0
ORD-126987,2025-07-07,2025-07-07,0.0
ORD-126988,2024-03-12,2024-03-13,1.0
ORD-126989,2025-05-30,2025-05-31,1.0
ORD-126990,2025-07-16,2025-07-21,5.0
ORD-126991,2024-05-11,2024-05-12,1.0
ORD-126992,2025-03-29,2025-03-29,0.0
ORD-126993,2024-12-18,2024-12-19,1.0
ORD-126994,2025-11-18,2025-11-18,0.0
ORD-126995,2025-11-24,,
ORD-126996,2025-08-21,2025-08-23,2.0
ORD-126997,2025-03-31,2025-04-02,2.0
ORD-126998,2024-11-28,2024-11-28,0.0
ORD-126999,2025-06-11,2025-06-11,0.0
ORD-127000,2025-06-08,2025-06-10,2.0
ORD-127001,2025-03-19,2025-03-19,0.0
ORD-127002,2025-07-09,2025-07-09,0.0
ORD-127003,2024-03-04,2024-03-05,1.0
ORD-127004,2025-12-21,2025-12-21,0.0
ORD-127005,2024-08-26,2024-08-27,1.0
ORD-127006,2025-02-03,2025-02-03,0.0
ORD-127007,2025-10-23,2025-10-23,0.0
ORD-127008,2025-04-16,2025-04-16,0.0
ORD-127009,2025-03-15,2025-03-15,0.0
ORD-127010,2025-10-26,2025-10-26,0.0
ORD-127011,2024-09-25,2024-09-25,0.0
ORD-127012,2024-11-02,2024-11-03,1.0
ORD-127013,2025-09-05,2025-09-06,1.0
ORD-127014,2024-07-20,2024-07-20,0.0
ORD-127015,2024-10-08,,
ORD-127016,2025-10-02,2025-10-04,2.0
ORD-127017,2025-04-04,2025-04-04,0.0
ORD-127018,2024-08-23,2024-08-23,0.0
ORD-127019,2024-11-15,2024-11-17,2.0
ORD-127020,2024-06-12,2024-06-12,0.0
ORD-127021,2025-09-23,2025-09-23,0.0
ORD-127022,2025-01-07,2025-01-07,0.0
ORD-127023,2025-09-06,2025-09-06,0.0
ORD-127024,2025-08-20,2025-08-20,0.0
ORD-127025,2025-12-10,2025-12-11,1.0
ORD-127026,2025-01-21,2025-01-22,1.0
ORD-127027,2025-08-19,2025-08-22,3.0
ORD-127028,2025-11-15,2025-11-16,1.0
ORD-127029,2025-08-19,2025-08-20,1.0
ORD-127030,2025-12-05,2025-12-06,1.0
ORD-127031,2025-05-13,2025-05-13,0.0
ORD-127032,2025-11-11,2025-11-12,1.0
ORD-127033,2025-09-05,2025-09-05,0.0
ORD-127034,2025-10-21,2025-10-22,1.0
ORD-127035,2025-06-14,2025-06-17,3.0
ORD-127036,2025-04-17,2025-04-18,1.0
ORD-127037,2025-07-22,2025-07-22,0.0
ORD-127038,2024-12-12,2024-12-13,1.0
ORD-127039,2024-10-15,2024-10-15,0.0
ORD-127040,2025-10-19,2025-10-19,0.0
ORD-127041,2024-08-27,2024-08-27,0.0
ORD-127042,2025-05-12,2025-05-13,1.0
ORD-127043,2025-01-31,2025-01-31,0.0
ORD-127044,2025-04-24,2025-04-25,1.0
ORD-127045,2025-11-10,2025-11-12,2.0
ORD-127046,2024-06-28,2024-06-28,0.0
ORD-127047,2025-09-30,2025-09-30,0.0
ORD-127048,2025-10-09,2025-10-10,1.0
ORD-127049,2025-08-07,,
ORD-127050,2025-01-19,2025-01-21,2.0
ORD-127051,2025-02-04,2025-02-04,0.0
ORD-127052,2024-12-18,2024-12-18,0.0
ORD-127053,2025-06-25,2025-06-25,0.0
ORD-127054,2025-03-21,2025-03-21,0.0
ORD-127055,2025-12-04,2025-12-04,0.0
ORD-127056,2024-08-04,2024-08-04,0.0
ORD-127057,2024-12-09,2024-12-09,0.0
ORD-127058,2025-08-06,2025-08-06,0.0
ORD-127059,2025-04-21,2025-04-23,2.0
ORD-127060,2025-11-11,2025-11-12,1.0
ORD-127061,2025-10-26,2025-10-26,0.0
ORD-127062,2025-10-29,2025-10-29,0.0
ORD-127063,2025-04-02,2025-04-02,0.0
ORD-127064,2025-03-12,2025-03-15,3.0
ORD-127065,2024-10-27,2024-10-27,0.0
ORD-127066,2024-04-11,2024-04-11,0.0
ORD-127067,2025-11-21,2025-11-21,0.0
ORD-127068,2025-10-21,2025-10-22,1.0
ORD-127069,2025-09-23,2025-09-23,0.0
ORD-127070,2024-12-31,2024-12-31,0.0
ORD-127071,2024-10-31,2024-10-31,0.0
ORD-127072,2025-02-28,2025-03-01,1.0
ORD-127073,2024-10-01,2024-10-01,0.0
ORD-127074,2025-12-11,2025-12-11,0.0
ORD-127075,2024-05-28,2024-05-28,0.0
ORD-127076,2025-12-24,2025-12-24,0.0
ORD-127077,2025-11-04,,
ORD-127078,2025-01-22,2025-01-23,1.0
ORD-127079,2024-01-21,2024-01-21,0.0
ORD-127080,2025-01-30,2025-01-30,0.0
ORD-127081,2024-10-08,2024-10-09,1.0
ORD-127082,2024-07-18,,
ORD-127083,2025-09-09,,
ORD-127084,2025-07-07,2025-07-07,0.0
ORD-127085,2025-12-12,2025-12-12,0.0
ORD-127086,2025-07-01,2025-07-01,0.0
ORD-127087,2025-10-20,2025-10-21,1.0
ORD-127088,2025-04-16,2025-04-17,1.0
ORD-127089,2025-12-26,2025-12-26,0.0
ORD-127090,2024-11-15,,
ORD-127091,2024-12-24,2024-12-24,0.0
ORD-127092,2025-07-31,,
ORD-127093,2025-05-02,,
ORD-127094,2025-08-25,2025-08-28,3.0
ORD-127095,2025-04-09,2025-04-09,0.0
ORD-127096,2025-03-24,2025-03-24,0.0
ORD-127097,2024-12-11,,
ORD-127098,2025-10-22,2025-10-22,0.0
ORD-127099,2025-05-25,2025-05-30,5.0
ORD-127100,2025-01-17,2025-01-17,0.0
ORD-127101,2025-11-15,2025-11-16,1.0
ORD-127102,2025-02-02,2025-02-04,2.0
ORD-127103,2025-04-14,,
ORD-127104,2025-10-21,2025-10-22,1.0
ORD-127105,2025-07-06,2025-07-07,1.0
ORD-127106,2025-10-28,2025-10-28,0.0
ORD-127107,2025-02-21,2025-02-21,0.0
ORD-127108,2025-10-02,2025-10-02,0.0
ORD-127109,2025-08-16,2025-08-16,0.0
ORD-127110,2025-11-09,2025-11-10,1.0
ORD-127111,2025-11-08,2025-11-08,0.0
ORD-127112,2025-08-20,2025-08-20,0.0
ORD-127113,2025-11-12,2025-11-12,0.0
ORD-127114,2024-08-16,2024-08-18,2.0
ORD-127115,2025-01-30,2025-01-31,1.0
ORD-127116,2025-09-23,2025-09-24,1.0
ORD-127117,2025-10-20,2025-10-23,3.0
ORD-127118,2025-09-25,2025-09-25,0.0
ORD-127119,2025-10-06,2025-10-08,2.0
ORD-127120,2025-10-04,2025-10-04,0.0
ORD-127121,2025-12-17,2025-12-17,0.0
ORD-127122,2025-10-25,2025-10-25,0.0
ORD-127123,2025-06-05,2025-06-05,0.0
ORD-127124,2025-12-15,2025-12-15,0.0
ORD-127125,2025-07-24,2025-07-27,3.0
ORD-127126,2024-09-26,2024-09-28,2.0
ORD-127127,2025-12-20,2025-12-20,0.0
ORD-127128,2025-11-06,2025-11-07,1.0
ORD-127129,2025-07-09,2025-07-09,0.0
ORD-127130,2025-05-01,2025-05-01,0.0
ORD-127131,2025-08-23,2025-08-23,0.0
ORD-127132,2025-08-17,2025-08-18,1.0
ORD-127133,2025-10-20,2025-10-20,0.0
ORD-127134,2025-10-17,2025-10-19,2.0
ORD-127135,2025-11-18,2025-11-18,0.0
ORD-127136,2024-09-27,2024-09-28,1.0
ORD-127137,2025-03-28,2025-03-28,0.0
ORD-127138,2024-11-02,2024-11-02,0.0
ORD-127139,2025-08-08,2025-08-08,0.0
ORD-127140,2025-05-10,2025-05-10,0.0
ORD-127141,2025-03-25,,
ORD-127142,2024-08-13,,
ORD-127143,2024-11-01,2024-11-02,1.0
ORD-127144,2025-03-19,2025-03-19,0.0
ORD-127145,2025-11-04,2025-11-05,1.0
ORD-127146,2024-11-14,2024-11-14,0.0
ORD-127147,2025-06-29,2025-07-01,2.0
ORD-127148,2025-11-08,2025-11-08,0.0
ORD-127149,2025-10-20,,
ORD-127150,2024-06-11,2024-06-11,0.0
ORD-127151,2024-12-04,2024-12-07,3.0
ORD-127152,2025-09-11,2025-09-13,2.0
ORD-127153,2025-07-25,2025-07-25,0.0
ORD-127154,2025-08-23,,
ORD-127155,2024-08-09,2024-08-09,0.0
ORD-127156,2024-11-27,2024-11-27,0.0
ORD-127157,2025-06-24,2025-06-24,0.0
ORD-127158,2025-02-26,2025-02-28,2.0
ORD-127159,2025-02-19,2025-02-20,1.0
ORD-127160,2025-08-20,2025-08-20,0.0
ORD-127161,2025-01-06,2025-01-06,0.0
ORD-127162,2025-04-06,2025-04-07,1.0
ORD-127163,2025-09-15,2025-09-15,0.0
ORD-127164,2024-10-26,2024-10-27,1.0
ORD-127165,2024-12-04,2024-12-05,1.0
ORD-127166,2025-12-27,2025-12-27,0.0
ORD-127167,2025-03-31,2025-03-31,0.0
ORD-127168,2025-10-17,2025-10-17,0.0
ORD-127169,2024-11-25,2024-11-25,0.0
ORD-127170,2025-03-18,2025-03-18,0.0
ORD-127171,2025-07-12,2025-07-15,3.0
ORD-127172,2025-12-19,2025-12-19,0.0
ORD-127173,2025-01-31,,
ORD-127174,2025-06-22,2025-06-22,0.0
ORD-127175,2025-07-23,2025-07-23,0.0
ORD-127176,2025-08-08,2025-08-08,0.0
ORD-127177,2025-10-24,2025-10-24,0.0
ORD-127178,2025-10-18,2025-10-19,1.0
ORD-127179,2024-08-27,2024-08-27,0.0
ORD-127180,2025-04-26,2025-04-28,2.0
ORD-127181,2024-07-19,2024-07-19,0.0
ORD-127182,2025-10-16,2025-10-17,1.0
ORD-127183,2025-08-19,,
ORD-127184,2025-08-14,2025-08-14,0.0
ORD-127185,2025-09-22,2025-09-22,0.0
ORD-127186,2025-07-16,2025-07-16,0.0
ORD-127187,2024-05-30,2024-05-30,0.0
ORD-127188,2025-08-15,2025-08-16,1.0
ORD-127189,2025-06-26,2025-06-26,0.0
ORD-127190,2025-11-10,2025-11-10,0.0
ORD-127191,2025-03-10,2025-03-10,0.0
ORD-127192,2025-11-20,2025-11-20,0.0
ORD-127193,2025-09-27,2025-09-27,0.0
ORD-127194,2025-11-13,2025-11-14,1.0
ORD-127195,2025-07-17,2025-07-17,0.0
ORD-127196,2025-10-17,2025-10-17,0.0
ORD-127197,2025-11-25,2025-11-25,0.0
ORD-127198,2025-03-05,,
ORD-127199,2025-10-05,2025-10-05,0.0
ORD-127200,2024-01-20,2024-01-22,2.0
ORD-127201,2025-11-27,2025-11-27,0.0
ORD-127202,2025-01-30,2025-01-30,0.0
ORD-127203,2025-06-27,2025-06-27,0.0
ORD-127204,2025-02-24,2025-02-24,0.0
ORD-127205,2025-06-29,2025-06-29,0.0
ORD-127206,2025-04-05,2025-04-05,0.0
ORD-127207,2025-06-06,2025-06-09,3.0
ORD-127208,2025-11-08,2025-11-10,2.0
ORD-127209,2025-11-14,2025-11-14,0.0
ORD-127210,2025-11-18,2025-11-18,0.0
ORD-127211,2025-10-23,2025-10-26,3.0
ORD-127212,2025-01-30,2025-01-30,0.0
ORD-127213,2025-10-22,2025-10-22,0.0
ORD-127214,2025-09-06,,
ORD-127215,2025-08-03,2025-08-03,0.0
ORD-127216,2025-08-03,2025-08-05,2.0
ORD-127217,2025-07-14,2025-07-15,1.0
ORD-127218,2024-09-04,2024-09-04,0.0
ORD-127219,2024-12-02,2024-12-02,0.0
ORD-127220,2024-11-13,2024-11-13,0.0
ORD-127221,2025-10-19,2025-10-19,0.0
ORD-127222,2024-11-29,2024-11-29,0.0
ORD-127223,2025-07-18,2025-07-18,0.0
ORD-127224,2024-12-06,2024-12-06,0.0
ORD-127225,2024-11-12,2024-11-12,0.0
ORD-127226,2025-11-14,2025-11-14,0.0
ORD-127227,2025-05-05,2025-05-05,0.0
ORD-127228,2025-02-18,2025-02-18,0.0
ORD-127229,2025-08-15,2025-08-15,0.0
ORD-127230,2024-10-28,2024-10-28,0.0
ORD-127231,2025-03-27,2025-03-27,0.0
ORD-127232,2024-03-16,2024-03-16,0.0
ORD-127233,2024-10-22,2024-10-25,3.0
ORD-127234,2025-05-23,2025-05-23,0.0
ORD-127235,2025-09-09,2025-09-12,3.0
ORD-127236,2024-06-23,2024-06-23,0.0
ORD-127237,2025-12-03,2025-12-03,0.0
ORD-127238,2024-12-12,2024-12-12,0.0
ORD-127239,2025-11-14,2025-11-16,2.0
ORD-127240,2025-01-30,2025-01-31,1.0
ORD-127241,2025-05-04,2025-05-04,0.0
ORD-127242,2024-06-03,,
ORD-127243,2025-11-01,2025-11-01,0.0
ORD-127244,2024-05-03,2024-05-03,0.0
ORD-127245,2025-12-26,2025-12-28,2.0
ORD-127246,2025-01-02,2025-01-02,0.0
ORD-127247,2025-11-28,2025-11-30,2.0
ORD-127248,2025-03-29,,
ORD-127249,2025-10-30,,
ORD-127250,2025-12-01,2025-12-03,2.0
ORD-127251,2024-05-02,2024-05-03,1.0
ORD-127252,2025-10-28,2025-10-28,0.0
ORD-127253,2025-03-10,2025-03-10,0.0
ORD-127254,2025-06-24,2025-06-25,1.0
ORD-127255,2025-11-07,2025-11-07,0.0
ORD-127256,2025-08-27,2025-08-27,0.0
ORD-127257,2025-01-27,2025-01-27,0.0
ORD-127258,2024-11-20,2024-11-20,0.0
ORD-127259,2025-07-01,2025-07-01,0.0
ORD-127260,2024-10-29,2024-10-29,0.0
ORD-127261,2025-10-30,2025-10-30,0.0
ORD-127262,2024-05-10,,
ORD-127263,2025-01-21,2025-01-22,1.0
ORD-127264,2025-04-15,2025-04-16,1.0
ORD-127265,2025-11-01,2025-11-01,0.0
ORD-127266,2025-11-23,2025-11-23,0.0
ORD-127267,2025-09-07,2025-09-07,0.0
ORD-127268,2025-06-13,2025-06-14,1.0
ORD-127269,2025-04-22,2025-04-22,0.0
ORD-127270,2025-05-15,2025-05-15,0.0
ORD-127271,2025-06-27,2025-06-27,0.0
ORD-127272,2025-06-22,2025-06-23,1.0
ORD-127273,2025-11-17,2025-11-17,0.0
ORD-127274,2025-07-17,2025-07-18,1.0
ORD-127275,2025-12-19,2025-12-19,0.0
ORD-127276,2024-09-06,2024-09-07,1.0
ORD-127277,2025-01-17,,
ORD-127278,2025-10-21,2025-10-21,0.0
ORD-127279,2025-09-28,2025-09-28,0.0
ORD-127280,2024-07-31,2024-07-31,0.0
ORD-127281,2025-10-25,2025-10-27,2.0
ORD-127282,2025-11-08,,
ORD-127283,2024-10-18,2024-10-18,0.0
ORD-127284,2024-10-15,,
ORD-127285,2024-09-12,2024-09-12,0.0
ORD-127286,2025-04-03,2025-04-05,2.0
ORD-127287,2025-06-20,2025-06-20,0.0
ORD-127288,2024-11-16,2024-11-16,0.0
ORD-127289,2025-11-10,2025-11-12,2.0
ORD-127290,2024-08-24,2024-08-26,2.0
ORD-127291,2024-11-17,2024-11-17,0.0
ORD-127292,2025-10-13,2025-10-13,0.0
ORD-127293,2024-07-18,2024-07-18,0.0
ORD-127294,2025-09-28,2025-10-01,3.0
ORD-127295,2025-11-02,2025-11-02,0.0
ORD-127296,2025-11-09,2025-11-11,2.0
ORD-127297,2025-12-28,2025-12-28,0.0
ORD-127298,2025-04-03,2025-04-03,0.0
ORD-127299,2025-05-03,2025-05-03,0.0
ORD-127300,2025-04-08,2025-04-08,0.0
ORD-127301,2025-09-24,2025-09-25,1.0
ORD-127302,2025-12-02,,
ORD-127303,2025-07-28,2025-07-28,0.0
ORD-127304,2024-11-15,2024-11-15,0.0
ORD-127305,2025-10-26,2025-10-27,1.0
ORD-127306,2025-08-10,2025-08-10,0.0
ORD-127307,2024-10-26,2024-10-26,0.0
ORD-127308,2025-11-23,2025-11-23,0.0
ORD-127309,2024-09-25,2024-09-26,1.0
ORD-127310,2025-12-14,2025-12-14,0.0
ORD-127311,2025-02-06,,
ORD-127312,2024-07-06,2024-07-06,0.0
ORD-127313,2025-11-17,2025-11-18,1.0
ORD-127314,2024-08-22,2024-08-22,0.0
ORD-127315,2025-05-11,2025-05-12,1.0
ORD-127316,2025-11-29,2025-11-29,0.0
ORD-127317,2025-10-23,2025-10-24,1.0
ORD-127318,2024-11-04,2024-11-05,1.0
ORD-127319,2025-12-11,2025-12-13,2.0
ORD-127320,2025-12-12,2025-12-12,0.0
ORD-127321,2025-08-24,2025-08-24,0.0
ORD-127322,2024-12-18,2024-12-19,1.0
ORD-127323,2024-06-23,,
ORD-127324,2024-10-24,2024-10-24,0.0
ORD-127325,2024-11-26,2024-11-26,0.0
ORD-127326,2025-02-23,2025-02-24,1.0
ORD-127327,2025-11-03,2025-11-03,0.0
ORD-127328,2025-12-14,2025-12-14,0.0
ORD-127329,2025-10-28,,
ORD-127330,2025-01-23,2025-01-25,2.0
ORD-127331,2025-02-23,,
ORD-127332,2025-08-28,2025-08-28,0.0
ORD-127333,2025-06-18,2025-06-18,0.0
ORD-127334,2025-06-09,2025-06-09,0.0
ORD-127335,2025-11-26,2025-11-26,0.0
ORD-127336,2025-08-25,2025-08-26,1.0
ORD-127337,2025-11-02,2025-11-02,0.0
ORD-127338,2024-08-20,2024-08-20,0.0
ORD-127339,2025-02-02,2025-02-05,3.0
ORD-127340,2025-06-24,2025-06-24,0.0
ORD-127341,2025-07-27,,
ORD-127342,2025-11-15,2025-11-18,3.0
ORD-127343,2025-04-30,2025-04-30,0.0
ORD-127344,2025-08-09,2025-08-11,2.0
ORD-127345,2024-07-23,2024-07-23,0.0
ORD-127346,2024-11-06,2024-11-06,0.0
ORD-127347,2024-09-06,2024-09-08,2.0
ORD-127348,2025-10-05,2025-10-06,1.0
ORD-127349,2025-01-08,2025-01-09,1.0
ORD-127350,2025-08-12,2025-08-12,0.0
ORD-127351,2025-02-09,2025-02-10,1.0
ORD-127352,2024-10-21,2024-10-21,0.0
ORD-127353,2025-12-08,2025-12-09,1.0
ORD-127354,2025-12-13,2025-12-13,0.0
ORD-127355,2025-11-11,,
ORD-127356,2025-04-29,2025-04-29,0.0
ORD-127357,2025-09-12,,
ORD-127358,2025-03-07,2025-03-07,0.0
ORD-127359,2025-08-26,2025-08-26,0.0
ORD-127360,2025-03-29,2025-03-30,1.0
ORD-127361,2025-01-26,,
ORD-127362,2025-10-17,2025-10-17,0.0
ORD-127363,2024-05-01,,
ORD-127364,2025-01-21,2025-01-21,0.0
ORD-127365,2025-04-18,,
ORD-127366,2025-04-27,2025-04-28,1.0
ORD-127367,2025-08-24,2025-08-25,1.0
ORD-127368,2025-07-30,2025-07-30,0.0
ORD-127369,2025-10-25,2025-10-25,0.0
ORD-127370,2025-04-13,2025-04-14,1.0
ORD-127371,2024-06-28,2024-06-28,0.0
ORD-127372,2025-07-06,2025-07-06,0.0
ORD-127373,2025-12-18,2025-12-18,0.0
ORD-127374,2025-03-08,2025-03-08,0.0
ORD-127375,2024-08-23,,
ORD-127376,2024-06-10,2024-06-10,0.0
ORD-127377,2024-11-23,2024-11-23,0.0
ORD-127378,2025-11-25,2025-11-25,0.0
ORD-127379,2025-10-26,2025-10-27,1.0
ORD-127380,2024-08-17,2024-08-18,1.0
ORD-127381,2025-09-09,2025-09-09,0.0
ORD-127382,2025-09-19,2025-09-19,0.0
ORD-127383,2025-10-22,2025-10-22,0.0
ORD-127384,2025-03-06,2025-03-06,0.0
ORD-127385,2025-01-18,2025-01-18,0.0
ORD-127386,2025-08-16,2025-08-16,0.0
ORD-127387,2024-10-10,2024-10-10,0.0
ORD-127388,2025-11-21,2025-11-22,1.0
ORD-127389,2025-04-13,2025-04-14,1.0
ORD-127390,2025-06-13,2025-06-13,0.0
ORD-127391,2025-10-25,2025-10-25,0.0
ORD-127392,2025-03-19,2025-03-20,1.0
ORD-127393,2025-03-03,2025-03-03,0.0
ORD-127394,2025-02-21,,
ORD-127395,2025-04-12,2025-04-12,0.0
ORD-127396,2025-05-30,2025-05-30,0.0
ORD-127397,2025-10-31,2025-11-01,1.0
ORD-127398,2024-11-15,2024-11-15,0.0
ORD-127399,2024-07-30,2024-07-30,0.0
ORD-127400,2025-02-26,2025-03-03,5.0
ORD-127401,2025-12-09,2025-12-09,0.0
ORD-127402,2024-12-06,2024-12-06,0.0
ORD-127403,2025-04-30,2025-04-30,0.0
ORD-127404,2025-11-29,2025-11-30,1.0
ORD-127405,2025-10-21,2025-10-21,0.0
ORD-127406,2024-03-05,2024-03-05,0.0
ORD-127407,2025-10-04,2025-10-04,0.0
ORD-127408,2025-12-17,2025-12-17,0.0
ORD-127409,2025-08-08,2025-08-11,3.0
ORD-127410,2024-08-20,2024-08-20,0.0
ORD-127411,2025-02-19,2025-02-20,1.0
ORD-127412,2024-11-28,,
ORD-127413,2025-10-08,2025-10-08,0.0
ORD-127414,2025-05-13,,
ORD-127415,2025-01-03,2025-01-03,0.0
ORD-127416,2024-11-10,2024-11-10,0.0
ORD-127417,2024-12-28,2024-12-28,0.0
ORD-127418,2025-10-05,2025-10-06,1.0
ORD-127419,2025-11-12,2025-11-13,1.0
ORD-127420,2024-03-21,2024-03-22,1.0
ORD-127421,2025-04-17,2025-04-17,0.0
ORD-127422,2025-02-03,2025-02-03,0.0
ORD-127423,2025-07-09,2025-07-11,2.0
ORD-127424,2025-11-06,2025-11-06,0.0
ORD-127425,2025-12-28,2025-12-28,0.0
ORD-127426,2024-07-24,2024-07-24,0.0
ORD-127427,2025-02-11,2025-02-12,1.0
ORD-127428,2025-11-11,2025-11-11,0.0
ORD-127429,2024-11-08,2024-11-08,0.0
ORD-127430,2025-09-22,2025-09-22,0.0
ORD-127431,2024-12-11,2024-12-11,0.0
ORD-127432,2024-10-22,,
ORD-127433,2024-02-29,2024-02-29,0.0
ORD-127434,2025-12-25,2025-12-25,0.0
ORD-127435,2024-10-17,2024-10-19,2.0
ORD-127436,2024-05-30,,
ORD-127437,2025-02-12,2025-02-12,0.0
ORD-127438,2025-10-26,2025-10-27,1.0
ORD-127439,2025-09-16,2025-09-17,1.0
ORD-127440,2024-08-13,2024-08-13,0.0
ORD-127441,2025-10-31,2025-10-31,0.0
ORD-127442,2025-06-11,,
ORD-127443,2025-11-15,,
ORD-127444,2025-04-30,,
ORD-127445,2025-05-15,,
ORD-127446,2025-02-03,2025-02-04,1.0
ORD-127447,2025-10-24,2025-10-24,0.0
ORD-127448,2025-12-01,2025-12-02,1.0
ORD-127449,2025-11-19,2025-11-20,1.0
ORD-127450,2025-11-08,2025-11-08,0.0
ORD-127451,2025-11-07,2025-11-07,0.0
ORD-127452,2025-04-18,2025-04-18,0.0
ORD-127453,2025-06-28,2025-06-28,0.0
ORD-127454,2025-08-26,,
ORD-127455,2025-01-23,2025-01-25,2.0
ORD-127456,2025-08-06,2025-08-06,0.0
ORD-127457,2025-12-22,2025-12-22,0.0
ORD-127458,2025-10-12,2025-10-12,0.0
ORD-127459,2024-11-03,2024-11-03,0.0
ORD-127460,2024-06-30,,
ORD-127461,2025-09-12,,
ORD-127462,2025-08-17,2025-08-17,0.0
ORD-127463,2025-11-04,2025-11-04,0.0
ORD-127464,2025-07-22,2025-07-22,0.0
ORD-127465,2024-08-30,2024-08-31,1.0
ORD-127466,2025-06-17,2025-06-19,2.0
ORD-127467,2024-07-01,,
ORD-127468,2025-09-02,2025-09-03,1.0
ORD-127469,2025-05-14,2025-05-15,1.0
ORD-127470,2025-07-03,2025-07-04,1.0
ORD-127471,2025-03-26,,
ORD-127472,2024-06-11,2024-06-11,0.0
ORD-127473,2025-12-25,,
ORD-127474,2025-10-22,2025-10-22,0.0
ORD-127475,2025-04-07,2025-04-07,0.0
ORD-127476,2025-07-09,2025-07-09,0.0
ORD-127477,2025-07-27,2025-07-28,1.0
ORD-127478,2025-03-20,2025-03-20,0.0
ORD-127479,2024-09-27,2024-09-27,0.0
ORD-127480,2024-10-23,2024-10-23,0.0
ORD-127481,2025-01-24,2025-01-24,0.0
ORD-127482,2025-10-30,2025-10-30,0.0
ORD-127483,2025-03-23,2025-03-23,0.0
ORD-127484,2025-10-19,2025-10-19,0.0
ORD-127485,2024-11-15,2024-11-16,1.0
ORD-127486,2024-12-03,2024-12-04,1.0
ORD-127487,2025-11-08,,
ORD-127488,2025-01-31,2025-02-02,2.0
ORD-127489,2025-06-21,,
ORD-127490,2025-11-08,2025-11-08,0.0
ORD-127491,2025-04-01,2025-04-01,0.0
ORD-127492,2024-12-13,2024-12-13,0.0
ORD-127493,2024-07-20,2024-07-20,0.0
ORD-127494,2025-05-12,2025-05-14,2.0
ORD-127495,2024-08-14,2024-08-14,0.0
ORD-127496,2024-07-31,2024-07-31,0.0
ORD-127497,2025-12-22,2025-12-23,1.0
ORD-127498,2025-12-10,,
ORD-127499,2025-10-05,2025-10-06,1.0
ORD-127500,2025-12-05,2025-12-06,1.0
ORD-127501,2025-12-07,,
ORD-127502,2025-03-11,2025-03-11,0.0
ORD-127503,2025-01-21,2025-01-21,0.0
ORD-127504,2025-11-14,2025-11-14,0.0
ORD-127505,2024-11-08,2024-11-08,0.0
ORD-127506,2025-11-09,2025-11-09,0.0
ORD-127507,2025-10-25,2025-10-25,0.0
ORD-127508,2025-01-31,2025-01-31,0.0
ORD-127509,2025-01-19,2025-01-19,0.0
ORD-127510,2024-05-29,2024-05-29,0.0
ORD-127511,2025-02-11,2025-02-12,1.0
ORD-127512,2024-07-09,2024-07-09,0.0
ORD-127513,2024-08-18,2024-08-18,0.0
ORD-127514,2025-09-22,2025-09-22,0.0
ORD-127515,2025-01-07,2025-01-07,0.0
ORD-127516,2025-08-13,2025-08-14,1.0
ORD-127517,2025-11-13,2025-11-14,1.0
ORD-127518,2025-02-20,2025-02-23,3.0
ORD-127519,2025-01-05,,
ORD-127520,2025-03-15,2025-03-15,0.0
ORD-127521,2025-11-18,2025-11-18,0.0
ORD-127522,2025-11-25,2025-11-25,0.0
ORD-127523,2025-10-06,2025-10-06,0.0
ORD-127524,2025-06-06,,
ORD-127525,2025-04-20,2025-04-20,0.0
ORD-127526,2025-01-30,,
ORD-127527,2025-12-22,2025-12-22,0.0
ORD-127528,2025-10-24,2025-10-24,0.0
ORD-127529,2025-08-20,2025-08-25,5.0
ORD-127530,2025-07-14,2025-07-14,0.0
ORD-127531,2025-02-21,2025-02-21,0.0
ORD-127532,2024-10-18,2024-10-18,0.0
ORD-127533,2025-10-01,2025-10-01,0.0
ORD-127534,2024-03-17,2024-03-17,0.0
ORD-127535,2025-07-04,2025-07-05,1.0
ORD-127536,2025-09-03,2025-09-03,0.0
