order_id,review_score
ORD-100000,4
ORD-100001,5
ORD-100002,4
ORD-100005,5
ORD-100006,4
ORD-100009,3
ORD-100010,3
ORD-100011,5
ORD-100016,5
ORD-100021,2
ORD-100022,3
ORD-100023,1
ORD-100024,5
ORD-100025,5
ORD-100026,5
ORD-100028,5
ORD-100029,4
ORD-100031,5
ORD-100034,4
ORD-100036,2
ORD-100037,3
ORD-100038,5
ORD-100040,4
ORD-100042,4
ORD-100044,5
ORD-100045,2
ORD-100046,3
ORD-100047,4
ORD-100048,5
ORD-100051,5
ORD-100053,5
ORD-100054,5
ORD-100057,4
ORD-100060,3
ORD-100061,5
ORD-100062,5
ORD-100066,2
ORD-100067,5
ORD-100071,5
ORD-100072,5
ORD-100073,5
ORD-100077,3
ORD-100078,5
ORD-100079,2
ORD-100082,4
ORD-100083,1
ORD-100085,4
ORD-100086,3
ORD-100088,5
ORD-100089,4
ORD-100090,4
ORD-100091,5
ORD-100095,5
ORD-100096,4
ORD-100098,5
ORD-100101,5
ORD-100102,2
ORD-100104,5
ORD-100105,3
ORD-100107,5
ORD-100109,5
ORD-100111,4
ORD-100112,5
ORD-100114,4
ORD-100116,4
ORD-100119,2
ORD-100120,5
ORD-100121,2
ORD-100123,4
ORD-100125,5
ORD-100126,4
ORD-100127,2
ORD-100129,4
ORD-100130,5
ORD-100133,5
ORD-100134,3
ORD-100135,4
ORD-100137,5
ORD-100138,5
ORD-100139,5
ORD-100141,4
ORD-100143,5
ORD-100146,4
ORD-100147,2
ORD-100148,2
ORD-100150,5
ORD-100152,5
ORD-100154,3
ORD-100155,4
ORD-100156,5
ORD-100157,5
ORD-100158,5
ORD-100161,5
ORD-100163,4
ORD-100165,4
ORD-100166,4
ORD-100167,4
ORD-100170,5
ORD-100171,4
ORD-100172,3
ORD-100175,2
ORD-100176,4
ORD-100177,5
ORD-100178,5
ORD-100179,4
ORD-100180,2
ORD-100182,5
ORD-100183,5
ORD-100184,4
ORD-100185,3
ORD-100186,5
ORD-100187,4
ORD-100190,3
ORD-100192,2
ORD-100193,5
ORD-100195,5
ORD-100198,3
ORD-100200,5
ORD-100201,5
ORD-100202,4
ORD-100203,2
ORD-100205,5
ORD-100206,4
ORD-100208,4
ORD-100211,5
ORD-100213,5
ORD-100214,5
ORD-100215,5
ORD-100218,4
ORD-100220,2
ORD-100221,4
ORD-100222,5
ORD-100227,5
ORD-100230,5
ORD-100232,3
ORD-100236,4
ORD-100238,4
ORD-100243,5
ORD-100244,5
ORD-100248,4
ORD-100249,5
ORD-100251,1
ORD-100253,5
ORD-100255,5
ORD-100257,4
ORD-100259,5
ORD-100261,2
ORD-100263,3
ORD-100265,5
ORD-100267,5
ORD-100268,5
ORD-100269,2
ORD-100271,4
ORD-100272,3
ORD-100273,5
ORD-100275,5
ORD-100279,4
ORD-100282,5
ORD-100283,5
ORD-100284,5
ORD-100285,2
ORD-100286,2
ORD-100287,5
ORD-100288,4
ORD-100292,4
ORD-100293,4
ORD-100295,1
ORD-100297,4
ORD-100301,5
ORD-100302,4
ORD-100304,5
ORD-100305,2
ORD-100307,5
ORD-100310,5
ORD-100311,5
ORD-100319,5
ORD-100321,5
ORD-100323,5
ORD-100324,3
ORD-100325,3
ORD-100329,4
ORD-100332,4
ORD-100333,5
ORD-100334,3
ORD-100336,2
ORD-100338,2
ORD-100340,3
ORD-100341,5
ORD-100342,4
ORD-100343,5
ORD-100344,3
ORD-100345,5
ORD-100346,4
ORD-100348,5
ORD-100349,5
ORD-100350,5
ORD-100351,4
ORD-100358,3
ORD-100359,5
ORD-100360,4
ORD-100362,5
ORD-100363,4
ORD-100364,5
ORD-100365,5
ORD-100366,1
ORD-100367,5
ORD-100369,2
ORD-100371,5
ORD-100372,5
ORD-100373,5
ORD-100374,5
ORD-100376,5
ORD-100377,5
ORD-100379,5
ORD-100380,5
ORD-100382,5
ORD-100384,5
ORD-100385,5
ORD-100387,5
ORD-100388,4
ORD-100389,4
ORD-100391,2
ORD-100392,2
ORD-100393,5
ORD-100394,5
ORD-100395,5
ORD-100396,5
ORD-100398,5
ORD-100399,5
ORD-100400,5
ORD-100401,5
ORD-100402,5
ORD-100403,4
ORD-100404,4
ORD-100406,5
ORD-100408,3
ORD-100410,5
ORD-100412,5
ORD-100413,2
ORD-100415,4
ORD-100416,5
ORD-100417,5
ORD-100418,3
ORD-100420,5
ORD-100423,4
ORD-100425,2
ORD-100426,5
ORD-100428,5
ORD-100431,4
ORD-100435,5
ORD-100438,5
ORD-100440,5
ORD-100442,2
ORD-100443,5
ORD-100445,5
ORD-100447,5
ORD-100448,4
ORD-100450,5
ORD-100451,4
ORD-100453,3
ORD-100457,5
ORD-100458,5
ORD-100460,5
ORD-100462,5
ORD-100463,4
ORD-100464,3
ORD-100465,4
ORD-100472,4
ORD-100473,5
ORD-100475,3
ORD-100476,5
ORD-100477,5
ORD-100478,5
ORD-100479,5
ORD-100481,5
ORD-100485,4
ORD-100486,4
ORD-100488,5
ORD-100489,3
ORD-100490,4
ORD-100496,2
ORD-100498,4
ORD-100500,5
ORD-100504,4
ORD-100505,4
ORD-100506,4
ORD-100508,4
ORD-100510,5
ORD-100512,3
ORD-100515,4
ORD-100518,4
ORD-100519,5
ORD-100520,5
ORD-100526,2
ORD-100527,5
ORD-100528,4
ORD-100529,4
ORD-100533,5
ORD-100536,5
ORD-100537,5
ORD-100540,2
ORD-100542,3
ORD-100543,5
ORD-100545,5
ORD-100548,3
ORD-100549,5
ORD-100551,4
ORD-100553,5
ORD-100557,4
ORD-100559,5
ORD-100560,3
ORD-100564,5
ORD-100565,4
ORD-100566,5
ORD-100568,4
ORD-100569,5
ORD-100571,4
ORD-100572,4
ORD-100573,5
ORD-100574,5
ORD-100582,4
ORD-100583,3
ORD-100584,5
ORD-100590,5
ORD-100591,5
ORD-100593,5
ORD-100594,3
ORD-100595,5
ORD-100598,5
ORD-100600,2
ORD-100601,3
ORD-100603,5
ORD-100605,5
ORD-100607,2
ORD-100608,5
ORD-100609,5
ORD-100610,5
ORD-100611,5
ORD-100612,5
ORD-100613,5
ORD-100614,4
ORD-100618,4
ORD-100620,4
ORD-100622,3
ORD-100625,4
ORD-100626,2
ORD-100628,5
ORD-100629,3
ORD-100630,2
ORD-100631,4
ORD-100632,3
ORD-100633,5
ORD-100636,5
ORD-100639,5
ORD-100641,5
ORD-100645,3
ORD-100647,4
ORD-100656,5
ORD-100657,4
ORD-100658,5
ORD-100660,5
ORD-100664,5
ORD-100665,4
ORD-100666,5
ORD-100673,5
ORD-100674,4
ORD-100675,4
ORD-100676,5
ORD-100688,2
ORD-100689,4
ORD-100692,4
ORD-100693,4
ORD-100694,3
ORD-100695,5
ORD-100696,5
ORD-100698,2
ORD-100699,3
ORD-100700,4
ORD-100702,4
ORD-100704,5
ORD-100705,1
ORD-100707,3
ORD-100708,5
ORD-100710,4
ORD-100711,3
ORD-100712,5
ORD-100713,4
ORD-100715,4
ORD-100721,4
ORD-100723,4
ORD-100725,4
ORD-100727,5
ORD-100728,5
ORD-100730,5
ORD-100731,4
ORD-100733,4
ORD-100734,5
ORD-100735,4
ORD-100737,5
ORD-100739,5
ORD-100740,4
ORD-100742,5
ORD-100743,5
ORD-100746,2
ORD-100749,5
ORD-100750,3
ORD-100752,4
ORD-100753,5
ORD-100755,5
ORD-100756,2
ORD-100757,4
ORD-100761,5
ORD-100762,5
ORD-100763,3
ORD-100764,1
ORD-100765,4
ORD-100767,2
ORD-100773,5
ORD-100774,2
ORD-100778,3
ORD-100779,5
ORD-100784,4
ORD-100789,5
ORD-100791,3
ORD-100793,5
ORD-100796,5
ORD-100799,5
ORD-100803,5
ORD-100804,5
ORD-100807,3
ORD-100812,3
ORD-100816,5
ORD-100817,5
ORD-100821,2
ORD-100823,3
ORD-100826,4
ORD-100830,5
ORD-100834,4
ORD-100835,5
ORD-100836,5
ORD-100838,2
ORD-100839,5
ORD-100842,5
ORD-100844,5
ORD-100845,2
ORD-100846,3
ORD-100848,2
ORD-100850,5
ORD-100854,5
ORD-100860,5
ORD-100861,1
ORD-100862,5
ORD-100863,5
ORD-100864,3
ORD-100865,3
ORD-100866,5
ORD-100870,5
ORD-100871,5
ORD-100873,2
ORD-100874,4
ORD-100875,2
ORD-100878,5
ORD-100879,5
ORD-100880,5
ORD-100881,3
ORD-100884,3
ORD-100887,4
ORD-100889,2
ORD-100891,5
ORD-100893,4
ORD-100894,5
ORD-100895,4
ORD-100896,4
ORD-100897,4
ORD-100898,4
ORD-100899,5
ORD-100900,5
ORD-100905,5
ORD-100907,5
ORD-100909,3
ORD-100910,4
ORD-100911,3
ORD-100913,1
ORD-100919,4
ORD-100921,5
ORD-100923,2
ORD-100925,4
ORD-100926,4
ORD-100928,4
ORD-100929,5
ORD-100932,5
ORD-100933,5
ORD-100934,4
ORD-100935,2
ORD-100938,4
ORD-100939,2
ORD-100940,3
ORD-100941,5
ORD-100942,2
ORD-100944,4
ORD-100948,1
ORD-100949,5
ORD-100950,5
ORD-100951,2
ORD-100952,4
ORD-100953,5
ORD-100954,4
ORD-100955,5
ORD-100956,4
ORD-100958,3
ORD-100959,2
ORD-100960,5
ORD-100965,5
ORD-100966,5
ORD-100968,5
ORD-100970,5
ORD-100971,5
ORD-100972,3
ORD-100973,3
ORD-100974,5
ORD-100976,3
ORD-100978,5
ORD-100981,4
ORD-100982,5
ORD-100983,5
ORD-100987,3
ORD-100988,4
ORD-100990,4
ORD-100991,5
ORD-100992,4
ORD-100994,4
ORD-100998,2
ORD-100999,5
ORD-101008,2
ORD-101010,4
ORD-101011,2
ORD-101012,5
ORD-101013,5
ORD-101014,4
ORD-101016,5
ORD-101017,2
ORD-101018,4
ORD-101021,4
ORD-101023,5
ORD-101027,5
ORD-101028,3
ORD-101029,2
ORD-101030,4
ORD-101031,2
ORD-101034,5
ORD-101036,4
ORD-101037,5
ORD-101038,5
ORD-101039,2
ORD-101040,4
ORD-101041,4
ORD-101043,5
ORD-101046,4
ORD-101047,4
ORD-101049,5
ORD-101050,5
ORD-101051,5
ORD-101052,5
ORD-101053,4
ORD-101054,4
ORD-101056,5
ORD-101058,4
ORD-101061,4
ORD-101064,3
ORD-101065,4
ORD-101066,4
ORD-101068,4
ORD-101069,2
ORD-101071,5
ORD-101073,4
ORD-101074,5
ORD-101076,4
ORD-101078,2
ORD-101079,5
ORD-101080,5
ORD-101083,5
ORD-101085,4
ORD-101086,3
ORD-101090,3
ORD-101092,5
ORD-101093,3
ORD-101094,5
ORD-101096,3
ORD-101098,5
ORD-101100,5
ORD-101101,3
ORD-101102,5
ORD-101105,5
ORD-101107,5
ORD-101110,5
ORD-101111,5
ORD-101113,4
ORD-101114,5
ORD-101115,4
ORD-101116,5
ORD-101119,5
ORD-101120,4
ORD-101121,4
ORD-101122,5
ORD-101123,4
ORD-101124,4
ORD-101127,3
ORD-101130,5
ORD-101131,5
ORD-101132,5
ORD-101134,5
ORD-101135,5
ORD-101136,5
ORD-101137,5
ORD-101138,2
ORD-101140,5
ORD-101141,4
ORD-101142,5
ORD-101144,3
ORD-101145,5
ORD-101147,5
ORD-101150,5
ORD-101151,4
ORD-101152,4
ORD-101158,5
ORD-101160,5
ORD-101163,5
ORD-101164,5
ORD-101166,2
ORD-101168,4
ORD-101169,5
ORD-101170,5
ORD-101171,5
ORD-101172,4
ORD-101173,5
ORD-101174,5
ORD-101175,5
ORD-101179,5
ORD-101180,5
ORD-101182,5
ORD-101184,5
ORD-101185,4
ORD-101186,3
ORD-101187,2
ORD-101188,4
ORD-101189,4
ORD-101195,4
ORD-101197,4
ORD-101198,5
ORD-101199,5
ORD-101200,5
ORD-101201,4
ORD-101203,5
ORD-101204,5
ORD-101205,1
ORD-101207,3
ORD-101209,3
ORD-101210,5
ORD-101212,5
ORD-101214,5
ORD-101215,4
ORD-101217,5
ORD-101218,3
ORD-101220,4
ORD-101225,5
ORD-101226,4
ORD-101228,5
ORD-101229,2
ORD-101230,4
ORD-101232,5
ORD-101233,4
ORD-101235,5
ORD-101236,5
ORD-101237,5
ORD-101238,5
ORD-101239,4
ORD-101242,5
ORD-101243,5
ORD-101245,5
ORD-101247,3
ORD-101248,4
ORD-101249,5
ORD-101250,5
ORD-101251,5
ORD-101252,5
ORD-101257,5
ORD-101258,5
ORD-101259,3
ORD-101260,5
ORD-101261,4
ORD-101262,5
ORD-101263,5
ORD-101266,4
ORD-101267,4
ORD-101268,4
ORD-101271,5
ORD-101272,5
ORD-101274,5
ORD-101275,5
ORD-101277,3
ORD-101279,4
ORD-101280,5
ORD-101281,3
ORD-101285,3
ORD-101287,5
ORD-101288,4
ORD-101290,5
ORD-101296,5
ORD-101297,5
ORD-101298,5
ORD-101299,5
ORD-101300,5
ORD-101301,3
ORD-101302,5
ORD-101303,4
ORD-101314,5
ORD-101315,5
ORD-101316,5
ORD-101319,5
ORD-101321,2
ORD-101322,2
ORD-101324,5
ORD-101325,5
ORD-101327,5
ORD-101329,5
ORD-101330,5
ORD-101332,4
ORD-101334,5
ORD-101337,5
ORD-101339,5
ORD-101340,4
ORD-101341,5
ORD-101342,4
ORD-101345,5
ORD-101346,5
ORD-101349,4
ORD-101350,3
ORD-101351,5
ORD-101352,5
ORD-101353,5
ORD-101354,4
ORD-101355,4
ORD-101362,2
ORD-101364,5
ORD-101366,5
ORD-101367,3
ORD-101368,5
ORD-101369,5
ORD-101370,5
ORD-101371,2
ORD-101373,1
ORD-101375,5
ORD-101377,3
ORD-101378,3
ORD-101379,4
ORD-101380,3
ORD-101381,4
ORD-101382,4
ORD-101383,2
ORD-101384,5
ORD-101385,3
ORD-101387,5
ORD-101388,2
ORD-101389,4
ORD-101390,3
ORD-101391,3
ORD-101392,5
ORD-101393,2
ORD-101396,3
ORD-101398,3
ORD-101399,3
ORD-101400,1
ORD-101401,5
ORD-101402,5
ORD-101404,5
ORD-101405,4
ORD-101406,4
ORD-101409,3
ORD-101410,5
ORD-101415,4
ORD-101418,5
ORD-101420,5
ORD-101421,3
ORD-101422,5
ORD-101423,5
ORD-101424,3
ORD-101426,4
ORD-101430,3
ORD-101431,5
ORD-101432,5
ORD-101433,5
ORD-101435,5
ORD-101436,4
ORD-101438,2
ORD-101440,5
ORD-101441,5
ORD-101442,3
ORD-101444,5
ORD-101449,5
ORD-101450,5
ORD-101451,5
ORD-101452,2
ORD-101454,3
ORD-101455,4
ORD-101456,4
ORD-101457,4
ORD-101459,4
ORD-101460,5
ORD-101462,4
ORD-101463,1
ORD-101464,3
ORD-101465,3
ORD-101467,5
ORD-101473,5
ORD-101474,2
ORD-101476,4
ORD-101481,3
ORD-101487,5
ORD-101491,5
ORD-101492,4
ORD-101493,1
ORD-101498,4
ORD-101499,5
ORD-101502,4
ORD-101503,5
ORD-101506,5
ORD-101507,5
ORD-101509,5
ORD-101510,5
ORD-101511,4
ORD-101513,5
ORD-101514,3
ORD-101517,4
ORD-101519,3
ORD-101521,5
ORD-101522,5
ORD-101525,2
ORD-101527,5
ORD-101529,5
ORD-101532,4
ORD-101533,2
ORD-101534,4
ORD-101536,5
ORD-101537,3
ORD-101538,4
ORD-101541,4
ORD-101545,4
ORD-101549,4
ORD-101550,5
ORD-101552,5
ORD-101554,4
ORD-101556,4
ORD-101558,5
ORD-101559,5
ORD-101560,2
ORD-101562,5
ORD-101565,4
ORD-101566,4
ORD-101567,5
ORD-101568,5
ORD-101571,5
ORD-101572,5
ORD-101575,3
ORD-101581,5
ORD-101584,2
ORD-101585,5
ORD-101588,5
ORD-101589,2
ORD-101591,5
ORD-101593,4
ORD-101595,5
ORD-101603,4
ORD-101604,5
ORD-101605,4
ORD-101608,3
ORD-101609,5
ORD-101610,5
ORD-101611,3
ORD-101612,4
ORD-101614,3
ORD-101616,5
ORD-101617,5
ORD-101618,3
ORD-101619,5
ORD-101620,5
ORD-101621,4
ORD-101622,5
ORD-101625,5
ORD-101628,4
ORD-101629,3
ORD-101631,3
ORD-101633,3
ORD-101634,5
ORD-101635,4
ORD-101638,5
ORD-101639,1
ORD-101640,5
ORD-101642,5
ORD-101643,5
ORD-101646,4
ORD-101647,5
ORD-101648,4
ORD-101650,3
ORD-101652,3
ORD-101653,4
ORD-101655,5
ORD-101656,3
ORD-101660,5
ORD-101664,5
ORD-101665,3
ORD-101666,5
ORD-101668,4
ORD-101671,5
ORD-101673,5
ORD-101679,4
ORD-101680,4
ORD-101683,5
ORD-101684,3
ORD-101685,4
ORD-101687,5
ORD-101690,5
ORD-101691,5
ORD-101692,3
ORD-101694,3
ORD-101697,5
ORD-101699,4
ORD-101700,5
ORD-101701,5
ORD-101703,5
ORD-101705,5
ORD-101706,2
ORD-101709,5
ORD-101711,5
ORD-101712,4
ORD-101713,3
ORD-101714,5
ORD-101716,3
ORD-101717,5
ORD-101719,5
ORD-101722,5
ORD-101723,3
ORD-101725,5
ORD-101727,4
ORD-101728,5
ORD-101729,5
ORD-101731,5
ORD-101732,4
ORD-101735,2
ORD-101736,4
ORD-101738,4
ORD-101743,5
ORD-101744,4
ORD-101746,4
ORD-101747,4
ORD-101748,4
ORD-101749,4
ORD-101750,5
ORD-101751,5
ORD-101753,2
ORD-101757,5
ORD-101759,4
ORD-101761,5
ORD-101765,3
ORD-101766,5
ORD-101767,5
ORD-101768,5
ORD-101769,5
ORD-101770,4
ORD-101774,4
ORD-101777,5
ORD-101778,5
ORD-101779,5
ORD-101780,5
ORD-101782,5
ORD-101783,5
ORD-101785,4
ORD-101786,5
ORD-101788,3
ORD-101789,5
ORD-101792,5
ORD-101793,5
ORD-101798,4
ORD-101799,5
ORD-101801,4
ORD-101802,4
ORD-101803,5
ORD-101804,4
ORD-101805,5
ORD-101811,4
ORD-101812,3
ORD-101814,4
ORD-101815,4
ORD-101816,4
ORD-101818,5
ORD-101819,4
ORD-101826,5
ORD-101830,3
ORD-101833,5
ORD-101836,5
ORD-101838,3
ORD-101843,5
ORD-101845,5
ORD-101847,5
ORD-101848,4
ORD-101850,5
ORD-101852,4
ORD-101853,5
ORD-101855,5
ORD-101856,5
ORD-101857,5
ORD-101859,5
ORD-101862,5
ORD-101863,4
ORD-101864,4
ORD-101866,4
ORD-101870,3
ORD-101871,1
ORD-101872,5
ORD-101874,5
ORD-101875,5
ORD-101877,2
ORD-101879,5
ORD-101881,5
ORD-101883,5
ORD-101884,5
ORD-101887,1
ORD-101891,5
ORD-101894,5
ORD-101897,3
ORD-101898,5
ORD-101899,5
ORD-101900,3
ORD-101902,4
ORD-101903,5
ORD-101905,5
ORD-101907,5
ORD-101909,5
ORD-101912,5
ORD-101913,5
ORD-101914,4
ORD-101916,5
ORD-101918,4
ORD-101920,5
ORD-101922,5
ORD-101925,5
ORD-101926,4
ORD-101929,5
ORD-101930,4
ORD-101931,4
ORD-101932,5
ORD-101934,2
ORD-101935,4
ORD-101936,3
ORD-101938,4
ORD-101940,4
ORD-101941,5
ORD-101942,5
ORD-101943,4
ORD-101945,3
ORD-101946,4
ORD-101948,3
ORD-101950,4
ORD-101951,5
ORD-101952,5
ORD-101954,5
ORD-101956,5
ORD-101957,2
ORD-101960,5
ORD-101964,4
ORD-101966,5
ORD-101969,3
ORD-101970,5
ORD-101974,5
ORD-101977,5
ORD-101978,5
ORD-101979,4
ORD-101980,5
ORD-101982,4
ORD-101984,5
ORD-101987,5
ORD-101989,3
ORD-101991,2
ORD-101993,1
ORD-101996,4
ORD-101999,5
ORD-102002,5
ORD-102007,5
ORD-102008,5
ORD-102011,5
ORD-102013,5
ORD-102014,5
ORD-102016,5
ORD-102019,5
ORD-102023,5
ORD-102024,5
ORD-102025,5
ORD-102028,5
ORD-102029,4
ORD-102032,5
ORD-102033,5
ORD-102034,4
ORD-102035,5
ORD-102039,4
ORD-102042,5
ORD-102043,2
ORD-102044,4
ORD-102048,3
ORD-102053,4
ORD-102054,5
ORD-102056,5
ORD-102058,5
ORD-102059,5
ORD-102061,4
ORD-102062,5
ORD-102063,2
ORD-102068,5
ORD-102069,5
ORD-102070,5
ORD-102071,5
ORD-102073,4
ORD-102074,5
ORD-102075,5
ORD-102076,4
ORD-102079,1
ORD-102080,5
ORD-102087,3
ORD-102091,5
ORD-102092,4
ORD-102094,4
ORD-102097,4
ORD-102100,5
ORD-102101,3
ORD-102102,4
ORD-102106,4
ORD-102109,5
ORD-102111,3
ORD-102112,5
ORD-102113,5
ORD-102114,3
ORD-102115,4
ORD-102118,4
ORD-102119,4
ORD-102120,4
ORD-102121,3
ORD-102122,5
ORD-102125,4
ORD-102126,4
ORD-102128,3
ORD-102130,2
ORD-102131,5
ORD-102133,5
ORD-102134,5
ORD-102139,5
ORD-102145,5
ORD-102146,5
ORD-102147,5
ORD-102149,2
ORD-102150,5
ORD-102151,5
ORD-102156,5
ORD-102157,5
ORD-102158,4
ORD-102159,3
ORD-102161,5
ORD-102163,5
ORD-102164,4
ORD-102165,3
ORD-102167,3
ORD-102172,5
ORD-102174,3
ORD-102175,3
ORD-102176,2
ORD-102177,3
ORD-102178,4
ORD-102180,2
ORD-102184,2
ORD-102187,3
ORD-102188,5
ORD-102189,4
ORD-102190,3
ORD-102191,3
ORD-102193,5
ORD-102194,5
ORD-102195,3
ORD-102196,2
ORD-102198,2
ORD-102199,4
ORD-102200,4
ORD-102201,5
ORD-102202,3
ORD-102204,5
ORD-102208,5
ORD-102210,5
ORD-102211,2
ORD-102212,4
ORD-102214,4
ORD-102215,5
ORD-102216,5
ORD-102217,4
ORD-102220,5
ORD-102222,5
ORD-102224,2
ORD-102226,4
ORD-102228,4
ORD-102230,4
ORD-102233,2
ORD-102234,5
ORD-102237,4
ORD-102240,5
ORD-102243,2
ORD-102252,5
ORD-102253,5
ORD-102254,3
ORD-102255,4
ORD-102256,5
ORD-102258,5
ORD-102259,5
ORD-102260,4
ORD-102261,2
ORD-102262,5
ORD-102263,4
ORD-102264,5
ORD-102267,4
ORD-102268,3
ORD-102269,4
ORD-102271,4
ORD-102272,5
ORD-102276,5
ORD-102279,5
ORD-102280,4
ORD-102281,4
ORD-102283,5
ORD-102284,3
ORD-102289,5
ORD-102290,5
ORD-102291,4
ORD-102292,5
ORD-102293,4
ORD-102295,3
ORD-102296,5
ORD-102297,5
ORD-102298,3
ORD-102300,5
ORD-102301,4
ORD-102306,5
ORD-102307,5
ORD-102309,5
ORD-102310,4
ORD-102311,3
ORD-102312,4
ORD-102315,5
ORD-102317,3
ORD-102318,5
ORD-102319,5
ORD-102320,3
ORD-102323,5
ORD-102325,2
ORD-102327,5
ORD-102328,3
ORD-102329,4
ORD-102330,5
ORD-102332,3
ORD-102333,4
ORD-102334,4
ORD-102335,4
ORD-102339,4
ORD-102343,5
ORD-102345,4
ORD-102346,5
ORD-102347,4
ORD-102350,5
ORD-102352,1
ORD-102353,5
ORD-102354,3
ORD-102355,5
ORD-102357,4
ORD-102358,3
ORD-102360,4
ORD-102362,4
ORD-102363,5
ORD-102364,4
ORD-102366,5
ORD-102368,2
ORD-102372,2
ORD-102375,4
ORD-102376,5
ORD-102377,3
ORD-102378,4
ORD-102380,4
ORD-102381,4
ORD-102383,4
ORD-102384,4
ORD-102386,5
ORD-102387,5
ORD-102389,3
ORD-102391,2
ORD-102396,5
ORD-102397,5
ORD-102398,4
ORD-102400,3
ORD-102402,5
ORD-102403,5
ORD-102404,4
ORD-102408,4
ORD-102416,5
ORD-102417,1
ORD-102418,3
ORD-102420,4
ORD-102426,4
ORD-102428,5
ORD-102429,5
ORD-102430,5
ORD-102431,4
ORD-102432,5
ORD-102433,5
ORD-102436,4
ORD-102437,3
ORD-102438,4
ORD-102441,3
ORD-102445,4
ORD-102446,2
ORD-102448,4
ORD-102449,4
ORD-102450,3
ORD-102452,5
ORD-102459,4
ORD-102461,5
ORD-102462,5
ORD-102463,4
ORD-102467,2
ORD-102469,5
ORD-102470,5
ORD-102475,4
ORD-102476,5
ORD-102479,4
ORD-102480,3
ORD-102484,5
ORD-102485,5
ORD-102486,5
ORD-102487,5
ORD-102489,3
ORD-102491,4
ORD-102492,5
ORD-102494,4
ORD-102495,5
ORD-102497,5
ORD-102498,5
ORD-102499,4
ORD-102502,5
ORD-102503,1
ORD-102504,5
ORD-102505,5
ORD-102506,2
ORD-102511,5
ORD-102512,4
ORD-102513,4
ORD-102515,4
ORD-102516,4
ORD-102521,5
ORD-102523,5
ORD-102524,5
ORD-102525,5
ORD-102526,4
ORD-102527,4
ORD-102528,2
ORD-102529,5
ORD-102530,5
ORD-102532,5
ORD-102534,5
ORD-102535,5
ORD-102536,5
ORD-102539,5
ORD-102540,5
ORD-102542,3
ORD-102543,5
ORD-102544,4
ORD-102546,3
ORD-102550,4
ORD-102554,5
ORD-102555,5
ORD-102556,5
ORD-102558,3
ORD-102559,5
ORD-102560,5
ORD-102561,4
ORD-102562,4
ORD-102565,5
ORD-102566,3
ORD-102567,5
ORD-102570,3
ORD-102571,5
ORD-102572,4
ORD-102573,4
ORD-102574,4
ORD-102575,5
ORD-102576,5
ORD-102577,3
ORD-102579,4
ORD-102584,2
ORD-102585,4
ORD-102590,5
ORD-102592,5
ORD-102593,5
ORD-102594,5
ORD-102595,3
ORD-102596,3
ORD-102597,4
ORD-102599,4
ORD-102602,5
ORD-102603,5
ORD-102606,5
ORD-102607,4
ORD-102608,5
ORD-102612,3
ORD-102613,5
ORD-102614,5
ORD-102615,4
ORD-102621,4
ORD-102623,4
ORD-102626,4
ORD-102633,3
ORD-102635,5
ORD-102637,5
ORD-102638,5
ORD-102641,4
ORD-102642,5
ORD-102643,4
ORD-102646,5
ORD-102647,4
ORD-102650,4
ORD-102653,5
ORD-102655,5
ORD-102656,4
ORD-102658,4
ORD-102659,5
ORD-102663,3
ORD-102664,4
ORD-102666,4
ORD-102668,4
ORD-102669,3
ORD-102671,5
ORD-102673,5
ORD-102675,4
ORD-102676,4
ORD-102677,5
ORD-102678,5
ORD-102680,3
ORD-102683,5
ORD-102684,5
ORD-102685,5
ORD-102688,5
ORD-102689,4
ORD-102691,4
ORD-102694,5
ORD-102697,5
ORD-102698,3
ORD-102699,5
ORD-102701,5
ORD-102702,1
ORD-102705,5
ORD-102710,5
ORD-102712,3
ORD-102714,5
ORD-102718,2
ORD-102719,4
ORD-102720,5
ORD-102727,3
ORD-102729,3
ORD-102730,5
ORD-102731,5
ORD-102736,5
ORD-102742,5
ORD-102744,4
ORD-102745,2
ORD-102747,4
ORD-102748,2
ORD-102752,5
ORD-102753,4
ORD-102754,3
ORD-102756,3
ORD-102758,4
ORD-102760,4
ORD-102761,3
ORD-102762,4
ORD-102764,5
ORD-102768,5
ORD-102772,4
ORD-102775,5
ORD-102777,5
ORD-102778,4
ORD-102779,2
ORD-102780,3
ORD-102781,5
ORD-102784,4
ORD-102789,4
ORD-102790,4
ORD-102791,5
ORD-102792,5
ORD-102794,5
ORD-102798,5
ORD-102799,3
ORD-102802,3
ORD-102803,4
ORD-102804,5
ORD-102805,3
ORD-102806,3
ORD-102807,4
ORD-102809,4
ORD-102813,5
ORD-102814,2
ORD-102816,3
ORD-102817,5
ORD-102820,5
ORD-102821,5
ORD-102823,3
ORD-102824,4
ORD-102826,2
ORD-102827,5
ORD-102828,4
ORD-102830,5
ORD-102832,5
ORD-102834,5
ORD-102835,5
ORD-102836,2
ORD-102838,5
ORD-102841,4
ORD-102842,3
ORD-102844,4
ORD-102847,5
ORD-102848,5
ORD-102849,5
ORD-102850,2
ORD-102851,5
ORD-102854,5
ORD-102855,4
ORD-102856,4
ORD-102857,5
ORD-102860,4
ORD-102862,5
ORD-102863,4
ORD-102864,5
ORD-102865,5
ORD-102870,5
ORD-102871,5
ORD-102872,3
ORD-102875,4
ORD-102877,5
ORD-102878,5
ORD-102879,4
ORD-102881,4
ORD-102882,5
ORD-102883,3
ORD-102887,4
ORD-102890,5
ORD-102891,5
ORD-102892,1
ORD-102896,5
ORD-102900,4
ORD-102901,4
ORD-102902,5
ORD-102903,1
ORD-102905,2
ORD-102906,3
ORD-102909,5
ORD-102911,4
ORD-102912,4
ORD-102914,4
ORD-102915,5
ORD-102916,4
ORD-102917,5
ORD-102918,5
ORD-102920,3
ORD-102925,5
ORD-102929,5
ORD-102930,4
ORD-102931,5
ORD-102932,4
ORD-102936,2
ORD-102937,2
ORD-102938,5
ORD-102939,5
ORD-102948,4
ORD-102951,4
ORD-102953,2
ORD-102955,5
ORD-102957,5
ORD-102958,5
ORD-102959,3
ORD-102960,5
ORD-102963,3
ORD-102964,3
ORD-102965,5
ORD-102966,1
ORD-102967,5
ORD-102969,3
ORD-102970,5
ORD-102971,5
ORD-102972,5
ORD-102975,3
ORD-102976,5
ORD-102977,4
ORD-102978,5
ORD-102979,4
ORD-102980,5
ORD-102981,5
ORD-102982,3
ORD-102983,3
ORD-102985,4
ORD-102990,5
ORD-102991,5
ORD-102992,4
ORD-102995,5
ORD-102996,2
ORD-102999,5
ORD-103002,2
ORD-103003,4
ORD-103004,4
ORD-103005,3
ORD-103006,4
ORD-103009,3
ORD-103012,2
ORD-103016,3
ORD-103017,4
ORD-103018,5
ORD-103019,3
ORD-103020,5
ORD-103023,5
ORD-103027,5
ORD-103029,4
ORD-103030,4
ORD-103031,4
ORD-103032,4
ORD-103033,3
ORD-103037,4
ORD-103038,2
ORD-103039,4
ORD-103041,4
ORD-103043,5
ORD-103048,5
ORD-103049,5
ORD-103051,5
ORD-103052,4
ORD-103053,5
ORD-103054,5
ORD-103055,4
ORD-103056,2
ORD-103057,3
ORD-103060,3
ORD-103061,5
ORD-103062,4
ORD-103064,5
ORD-103066,5
ORD-103067,5
ORD-103068,4
ORD-103070,4
ORD-103073,5
ORD-103075,3
ORD-103076,3
ORD-103077,5
ORD-103078,3
ORD-103081,4
ORD-103083,3
ORD-103084,4
ORD-103085,4
ORD-103086,5
ORD-103087,5
ORD-103091,5
ORD-103094,2
ORD-103097,5
ORD-103098,4
ORD-103099,4
ORD-103101,2
ORD-103104,5
ORD-103107,5
ORD-103108,5
ORD-103109,3
ORD-103115,5
ORD-103120,3
ORD-103121,4
ORD-103122,5
ORD-103123,5
ORD-103129,5
ORD-103130,4
ORD-103132,4
ORD-103133,4
ORD-103134,4
ORD-103137,4
ORD-103138,4
ORD-103140,5
ORD-103141,4
ORD-103142,5
ORD-103143,3
ORD-103144,5
ORD-103145,4
ORD-103149,5
ORD-103150,4
ORD-103153,5
ORD-103159,3
ORD-103160,5
ORD-103161,4
ORD-103163,5
ORD-103168,5
ORD-103169,2
ORD-103170,3
ORD-103172,5
ORD-103173,2
ORD-103175,5
ORD-103176,5
ORD-103178,3
ORD-103181,5
ORD-103184,5
ORD-103186,5
ORD-103188,5
ORD-103190,5
ORD-103191,5
ORD-103193,4
ORD-103195,5
ORD-103196,4
ORD-103198,3
ORD-103199,2
ORD-103200,2
ORD-103202,2
ORD-103204,3
ORD-103205,5
ORD-103206,5
ORD-103207,5
ORD-103208,5
ORD-103210,5
ORD-103211,4
ORD-103212,4
ORD-103214,5
ORD-103215,3
ORD-103217,2
ORD-103220,4
ORD-103221,5
ORD-103222,4
ORD-103224,5
ORD-103226,4
ORD-103228,5
ORD-103229,5
ORD-103230,5
ORD-103232,4
ORD-103234,5
ORD-103235,3
ORD-103236,5
ORD-103241,5
ORD-103242,4
ORD-103245,5
ORD-103246,4
ORD-103248,4
ORD-103249,5
ORD-103250,4
ORD-103251,3
ORD-103252,4
ORD-103254,4
ORD-103255,3
ORD-103256,5
ORD-103257,4
ORD-103259,5
ORD-103260,4
ORD-103262,5
ORD-103263,2
ORD-103264,5
ORD-103265,5
ORD-103266,3
ORD-103267,5
ORD-103268,5
ORD-103269,4
ORD-103271,2
ORD-103273,2
ORD-103274,5
ORD-103276,5
ORD-103277,4
ORD-103279,1
ORD-103284,4
ORD-103288,5
ORD-103290,5
ORD-103291,5
ORD-103293,5
ORD-103294,4
ORD-103297,5
ORD-103298,4
ORD-103299,4
ORD-103302,5
ORD-103303,4
ORD-103304,3
ORD-103310,3
ORD-103311,4
ORD-103314,3
ORD-103322,5
ORD-103324,2
ORD-103325,4
ORD-103326,4
ORD-103327,4
ORD-103330,2
ORD-103332,3
ORD-103333,5
ORD-103334,5
ORD-103336,2
ORD-103338,3
ORD-103340,5
ORD-103342,4
ORD-103346,4
ORD-103347,4
ORD-103350,5
ORD-103351,5
ORD-103353,1
ORD-103354,5
ORD-103355,5
ORD-103356,5
ORD-103360,5
ORD-103361,4
ORD-103362,5
ORD-103365,2
ORD-103366,4
ORD-103367,2
ORD-103373,5
ORD-103374,4
ORD-103380,5
ORD-103381,5
ORD-103382,5
ORD-103383,4
ORD-103384,4
ORD-103385,2
ORD-103389,4
ORD-103390,4
ORD-103392,2
ORD-103400,4
ORD-103402,3
ORD-103403,5
ORD-103405,4
ORD-103408,5
ORD-103409,3
ORD-103410,5
ORD-103415,5
ORD-103416,5
ORD-103417,4
ORD-103420,4
ORD-103421,5
ORD-103422,5
ORD-103424,5
ORD-103426,3
ORD-103428,5
ORD-103429,4
ORD-103430,3
ORD-103431,3
ORD-103433,4
ORD-103434,4
ORD-103435,5
ORD-103441,5
ORD-103442,3
ORD-103444,5
ORD-103445,2
ORD-103446,3
ORD-103447,5
ORD-103449,5
ORD-103450,5
ORD-103451,4
ORD-103452,2
ORD-103453,5
ORD-103455,5
ORD-103457,5
ORD-103460,5
ORD-103462,3
ORD-103463,5
ORD-103465,4
ORD-103466,3
ORD-103467,4
ORD-103468,5
ORD-103469,3
ORD-103478,5
ORD-103481,4
ORD-103482,4
ORD-103484,5
ORD-103486,1
ORD-103487,4
ORD-103489,4
ORD-103493,4
ORD-103495,5
ORD-103496,5
ORD-103498,3
ORD-103504,5
ORD-103507,2
ORD-103511,5
ORD-103512,5
ORD-103516,5
ORD-103517,5
ORD-103518,4
ORD-103519,5
ORD-103522,3
ORD-103523,4
ORD-103525,5
ORD-103527,4
ORD-103529,5
ORD-103530,5
ORD-103533,5
ORD-103534,4
ORD-103535,5
ORD-103536,3
ORD-103537,5
ORD-103538,3
ORD-103540,1
ORD-103543,5
ORD-103548,5
ORD-103549,5
ORD-103550,4
ORD-103551,3
ORD-103552,5
ORD-103553,2
ORD-103556,4
ORD-103561,5
ORD-103562,2
ORD-103564,4
ORD-103568,2
ORD-103569,3
ORD-103571,5
ORD-103572,4
ORD-103573,4
ORD-103574,1
ORD-103577,4
ORD-103579,5
ORD-103581,4
ORD-103584,3
ORD-103586,5
ORD-103588,3
ORD-103589,4
ORD-103590,5
ORD-103591,2
ORD-103593,4
ORD-103594,5
ORD-103595,5
ORD-103596,5
ORD-103597,4
ORD-103600,2
ORD-103602,4
ORD-103603,5
ORD-103604,2
ORD-103605,5
ORD-103606,3
ORD-103607,5
ORD-103609,4
ORD-103610,5
ORD-103611,5
ORD-103613,2
ORD-103617,4
ORD-103619,2
ORD-103620,5
ORD-103621,5
ORD-103626,5
ORD-103628,4
ORD-103630,4
ORD-103632,2
ORD-103635,5
ORD-103638,1
ORD-103640,2
ORD-103643,4
ORD-103644,2
ORD-103645,4
ORD-103649,4
ORD-103650,4
ORD-103651,5
ORD-103652,2
ORD-103654,5
ORD-103655,5
ORD-103656,2
ORD-103657,4
ORD-103658,4
ORD-103661,5
ORD-103663,3
ORD-103664,4
ORD-103665,5
ORD-103666,5
ORD-103669,4
ORD-103673,4
ORD-103675,3
ORD-103678,3
ORD-103680,5
ORD-103681,4
ORD-103682,4
ORD-103684,2
ORD-103685,5
ORD-103690,2
ORD-103691,5
ORD-103692,4
ORD-103693,3
ORD-103696,5
ORD-103697,5
ORD-103699,4
ORD-103701,2
ORD-103702,4
ORD-103703,4
ORD-103705,5
ORD-103710,4
ORD-103714,5
ORD-103715,4
ORD-103716,3
ORD-103717,5
ORD-103718,5
ORD-103720,5
ORD-103721,5
ORD-103722,4
ORD-103724,5
ORD-103725,5
ORD-103727,5
ORD-103729,1
ORD-103730,1
ORD-103731,4
ORD-103733,4
ORD-103734,4
ORD-103736,5
ORD-103737,5
ORD-103738,5
ORD-103740,5
ORD-103741,4
ORD-103742,4
ORD-103743,5
ORD-103744,2
ORD-103747,4
ORD-103749,3
ORD-103750,5
ORD-103751,5
ORD-103752,4
ORD-103753,5
ORD-103755,2
ORD-103756,4
ORD-103757,5
ORD-103758,5
ORD-103759,2
ORD-103760,3
ORD-103761,5
ORD-103763,5
ORD-103765,5
ORD-103771,5
ORD-103772,5
ORD-103773,3
ORD-103775,2
ORD-103777,5
ORD-103780,5
ORD-103781,4
ORD-103782,4
ORD-103783,2
ORD-103784,4
ORD-103786,5
ORD-103787,4
ORD-103789,3
ORD-103790,5
ORD-103792,5
ORD-103793,3
ORD-103794,5
ORD-103796,5
ORD-103797,5
ORD-103798,3
ORD-103800,5
ORD-103801,2
ORD-103802,4
ORD-103804,1
ORD-103808,4
ORD-103809,4
ORD-103812,3
ORD-103813,1
ORD-103814,5
ORD-103816,4
ORD-103819,5
ORD-103820,4
ORD-103821,5
ORD-103822,4
ORD-103824,5
ORD-103826,5
ORD-103827,4
ORD-103830,5
ORD-103832,2
ORD-103834,5
ORD-103836,2
ORD-103837,5
ORD-103838,5
ORD-103840,4
ORD-103841,4
ORD-103842,5
ORD-103843,4
ORD-103844,3
ORD-103847,4
ORD-103849,4
ORD-103850,2
ORD-103851,4
ORD-103853,2
ORD-103855,5
ORD-103857,5
ORD-103858,4
ORD-103859,4
ORD-103860,5
ORD-103861,4
ORD-103862,5
ORD-103864,2
ORD-103865,5
ORD-103866,5
ORD-103867,4
ORD-103870,5
ORD-103872,2
ORD-103875,5
ORD-103877,3
ORD-103879,3
ORD-103880,5
ORD-103886,5
ORD-103887,1
ORD-103888,5
ORD-103889,4
ORD-103891,2
ORD-103893,4
ORD-103894,4
ORD-103895,2
ORD-103896,5
ORD-103897,4
ORD-103899,4
ORD-103901,3
ORD-103902,5
ORD-103903,3
ORD-103904,3
ORD-103906,3
ORD-103907,3
ORD-103909,5
ORD-103910,4
ORD-103911,4
ORD-103912,4
ORD-103913,5
ORD-103915,5
ORD-103916,4
ORD-103920,5
ORD-103923,5
ORD-103924,2
ORD-103929,5
ORD-103930,5
ORD-103931,4
ORD-103934,5
ORD-103936,5
ORD-103938,2
ORD-103940,4
ORD-103942,2
ORD-103946,2
ORD-103947,5
ORD-103948,4
ORD-103949,5
ORD-103955,4
ORD-103959,5
ORD-103961,5
ORD-103967,3
ORD-103969,2
ORD-103970,5
ORD-103973,5
ORD-103974,3
ORD-103975,5
ORD-103977,5
ORD-103980,5
ORD-103987,5
ORD-103990,5
ORD-103991,5
ORD-103992,5
ORD-103993,4
ORD-103996,5
ORD-103997,3
ORD-103998,4
ORD-104004,5
ORD-104005,5
ORD-104007,5
ORD-104008,4
ORD-104009,5
ORD-104010,4
ORD-104011,5
ORD-104012,5
ORD-104014,5
ORD-104015,2
ORD-104016,4
ORD-104017,5
ORD-104019,5
ORD-104020,3
ORD-104022,4
ORD-104023,5
ORD-104027,5
ORD-104030,2
ORD-104031,4
ORD-104032,3
ORD-104033,5
ORD-104034,4
ORD-104037,5
ORD-104038,5
ORD-104039,3
ORD-104041,5
ORD-104042,5
ORD-104043,3
ORD-104050,5
ORD-104051,5
ORD-104052,4
ORD-104055,4
ORD-104056,4
ORD-104061,3
ORD-104065,5
ORD-104066,5
ORD-104067,5
ORD-104068,5
ORD-104069,5
ORD-104070,1
ORD-104073,3
ORD-104076,5
ORD-104077,5
ORD-104078,4
ORD-104080,4
ORD-104082,4
ORD-104084,3
ORD-104086,3
ORD-104087,5
ORD-104092,4
ORD-104093,5
ORD-104094,5
ORD-104095,3
ORD-104097,5
ORD-104098,5
ORD-104099,5
ORD-104105,2
ORD-104106,4
ORD-104107,5
ORD-104111,5
ORD-104112,5
ORD-104113,5
ORD-104114,5
ORD-104117,5
ORD-104119,4
ORD-104122,5
ORD-104125,4
ORD-104127,5
ORD-104130,5
ORD-104131,4
ORD-104133,5
ORD-104135,5
ORD-104136,2
ORD-104137,4
ORD-104138,5
ORD-104140,4
ORD-104143,5
ORD-104144,5
ORD-104147,4
ORD-104148,4
ORD-104149,2
ORD-104154,5
ORD-104156,4
ORD-104157,4
ORD-104158,2
ORD-104159,5
ORD-104160,4
ORD-104164,3
ORD-104166,5
ORD-104167,5
ORD-104168,5
ORD-104172,5
ORD-104174,5
ORD-104176,5
ORD-104177,5
ORD-104178,5
ORD-104180,4
ORD-104181,5
ORD-104183,5
ORD-104188,4
ORD-104190,3
ORD-104191,2
ORD-104192,4
ORD-104193,5
ORD-104195,5
ORD-104199,5
ORD-104201,3
ORD-104203,3
ORD-104204,4
ORD-104208,5
ORD-104210,5
ORD-104212,5
ORD-104213,4
ORD-104214,3
ORD-104215,5
ORD-104217,5
ORD-104220,4
ORD-104225,4
ORD-104229,5
ORD-104231,5
ORD-104233,5
ORD-104234,2
ORD-104235,5
ORD-104236,2
ORD-104238,5
ORD-104240,4
ORD-104241,3
ORD-104242,3
ORD-104243,5
ORD-104251,5
ORD-104252,5
ORD-104256,5
ORD-104260,5
ORD-104261,5
ORD-104262,4
ORD-104263,2
ORD-104264,4
ORD-104265,3
ORD-104266,5
ORD-104267,2
ORD-104268,5
ORD-104269,5
ORD-104270,5
ORD-104271,2
ORD-104272,5
ORD-104273,5
ORD-104274,5
ORD-104276,4
ORD-104278,5
ORD-104279,3
ORD-104280,5
ORD-104283,5
ORD-104285,5
ORD-104286,4
ORD-104287,5
ORD-104288,3
ORD-104289,5
ORD-104292,4
ORD-104295,5
ORD-104298,3
ORD-104300,3
ORD-104303,5
ORD-104304,2
ORD-104305,5
ORD-104306,4
ORD-104307,5
ORD-104308,5
ORD-104309,5
ORD-104311,5
ORD-104312,3
ORD-104314,2
ORD-104315,4
ORD-104317,3
ORD-104319,5
ORD-104323,5
ORD-104324,5
ORD-104325,3
ORD-104329,4
ORD-104332,4
ORD-104333,5
ORD-104335,4
ORD-104336,4
ORD-104339,4
ORD-104340,3
ORD-104341,4
ORD-104343,5
ORD-104344,2
ORD-104346,3
ORD-104347,5
ORD-104350,5
ORD-104351,4
ORD-104352,4
ORD-104353,4
ORD-104355,4
ORD-104356,5
ORD-104360,1
ORD-104364,5
ORD-104365,5
ORD-104366,4
ORD-104369,5
ORD-104370,5
ORD-104371,5
ORD-104372,3
ORD-104373,4
ORD-104377,5
ORD-104379,5
ORD-104380,5
ORD-104381,3
ORD-104383,4
ORD-104384,5
ORD-104385,5
ORD-104388,4
ORD-104389,3
ORD-104391,2
ORD-104392,2
ORD-104393,5
ORD-104394,4
ORD-104395,4
ORD-104396,4
ORD-104397,5
ORD-104399,5
ORD-104401,4
ORD-104402,5
ORD-104406,2
ORD-104407,5
ORD-104408,4
ORD-104410,4
ORD-104413,3
ORD-104414,3
ORD-104415,4
ORD-104416,2
ORD-104418,2
ORD-104420,5
ORD-104421,3
ORD-104423,4
ORD-104425,5
ORD-104426,5
ORD-104429,5
ORD-104430,3
ORD-104431,5
ORD-104435,4
ORD-104440,5
ORD-104441,4
ORD-104442,5
ORD-104444,5
ORD-104447,4
ORD-104449,4
ORD-104450,4
ORD-104452,5
ORD-104454,4
ORD-104455,4
ORD-104458,4
ORD-104461,4
ORD-104462,2
ORD-104463,5
ORD-104464,5
ORD-104466,3
ORD-104468,4
ORD-104471,5
ORD-104474,3
ORD-104475,5
ORD-104476,4
ORD-104477,5
ORD-104479,5
ORD-104482,5
ORD-104484,4
ORD-104487,5
ORD-104488,5
ORD-104489,3
ORD-104491,4
ORD-104492,5
ORD-104493,3
ORD-104496,5
ORD-104497,5
ORD-104498,5
ORD-104499,5
ORD-104502,5
ORD-104504,3
ORD-104506,3
ORD-104507,5
ORD-104510,5
ORD-104516,2
ORD-104517,5
ORD-104520,4
ORD-104523,5
ORD-104524,5
ORD-104525,5
ORD-104526,4
ORD-104527,4
ORD-104529,5
ORD-104530,4
ORD-104535,5
ORD-104536,2
ORD-104537,5
ORD-104539,5
ORD-104540,5
ORD-104541,5
ORD-104542,5
ORD-104545,1
ORD-104546,4
ORD-104548,5
ORD-104550,4
ORD-104552,5
ORD-104558,5
ORD-104559,4
ORD-104560,5
ORD-104561,4
ORD-104563,5
ORD-104565,5
ORD-104566,4
ORD-104567,2
ORD-104568,5
ORD-104569,2
ORD-104570,5
ORD-104571,4
ORD-104572,5
ORD-104573,4
ORD-104574,4
ORD-104575,5
ORD-104576,5
ORD-104578,4
ORD-104579,3
ORD-104583,4
ORD-104584,3
ORD-104585,1
ORD-104586,4
ORD-104587,3
ORD-104588,5
ORD-104589,2
ORD-104590,5
ORD-104596,5
ORD-104598,5
ORD-104599,5
ORD-104601,1
ORD-104603,5
ORD-104605,5
ORD-104606,3
ORD-104610,5
ORD-104611,5
ORD-104612,5
ORD-104614,5
ORD-104617,2
ORD-104620,5
ORD-104623,5
ORD-104625,3
ORD-104626,5
ORD-104627,5
ORD-104629,5
ORD-104630,3
ORD-104631,5
ORD-104632,3
ORD-104633,4
ORD-104634,4
ORD-104635,3
ORD-104636,5
ORD-104637,4
ORD-104638,4
ORD-104641,5
ORD-104642,5
ORD-104644,5
ORD-104647,4
ORD-104649,5
ORD-104651,4
ORD-104652,5
ORD-104653,4
ORD-104654,5
ORD-104656,1
ORD-104657,5
ORD-104662,5
ORD-104665,5
ORD-104666,5
ORD-104667,3
ORD-104671,5
ORD-104674,4
ORD-104675,2
ORD-104678,5
ORD-104679,5
ORD-104682,4
ORD-104684,5
ORD-104685,5
ORD-104686,5
ORD-104687,4
ORD-104689,5
ORD-104690,5
ORD-104691,3
ORD-104693,5
ORD-104696,3
ORD-104697,4
ORD-104698,4
ORD-104699,5
ORD-104702,4
ORD-104707,4
ORD-104708,5
ORD-104709,2
ORD-104711,4
ORD-104712,4
ORD-104713,5
ORD-104715,4
ORD-104717,5
ORD-104718,4
ORD-104722,5
ORD-104723,5
ORD-104725,4
ORD-104726,4
ORD-104730,3
ORD-104732,5
ORD-104733,5
ORD-104734,2
ORD-104737,5
ORD-104738,4
ORD-104741,4
ORD-104744,5
ORD-104745,5
ORD-104746,5
ORD-104748,4
ORD-104750,5
ORD-104753,4
ORD-104754,5
ORD-104755,3
ORD-104756,4
ORD-104757,4
ORD-104758,2
ORD-104760,5
ORD-104762,3
ORD-104767,5
ORD-104768,5
ORD-104771,2
ORD-104773,5
ORD-104777,4
ORD-104778,5
ORD-104779,5
ORD-104780,5
ORD-104781,4
ORD-104783,4
ORD-104784,3
ORD-104785,5
ORD-104787,4
ORD-104788,4
ORD-104793,4
ORD-104797,5
ORD-104799,5
ORD-104800,2
ORD-104802,4
ORD-104803,4
ORD-104804,4
ORD-104805,5
ORD-104806,5
ORD-104808,4
ORD-104810,4
ORD-104812,5
ORD-104813,5
ORD-104814,5
ORD-104815,4
ORD-104817,5
ORD-104818,4
ORD-104819,5
ORD-104820,5
ORD-104822,5
ORD-104823,4
ORD-104827,5
ORD-104828,5
ORD-104829,4
ORD-104831,4
ORD-104833,5
ORD-104835,2
ORD-104836,4
ORD-104837,4
ORD-104838,5
ORD-104839,5
ORD-104841,4
ORD-104844,5
ORD-104845,4
ORD-104847,3
ORD-104848,2
ORD-104849,2
ORD-104850,5
ORD-104852,5
ORD-104853,5
ORD-104854,4
ORD-104855,2
ORD-104857,1
ORD-104860,4
ORD-104862,3
ORD-104868,4
ORD-104869,5
ORD-104870,3
ORD-104871,2
ORD-104872,4
ORD-104874,5
ORD-104876,5
ORD-104877,5
ORD-104878,5
ORD-104880,3
ORD-104887,5
ORD-104891,5
ORD-104893,5
ORD-104894,4
ORD-104895,2
ORD-104896,4
ORD-104903,5
ORD-104907,4
ORD-104908,4
ORD-104912,5
ORD-104914,5
ORD-104915,4
ORD-104916,5
ORD-104920,4
ORD-104921,5
ORD-104922,5
ORD-104927,5
ORD-104929,4
ORD-104931,5
ORD-104935,2
ORD-104936,5
ORD-104937,2
ORD-104938,3
ORD-104941,5
ORD-104944,5
ORD-104946,5
ORD-104947,2
ORD-104948,4
ORD-104949,5
ORD-104951,5
ORD-104952,4
ORD-104953,4
ORD-104956,5
ORD-104959,5
ORD-104965,5
ORD-104968,5
ORD-104969,3
ORD-104971,4
ORD-104972,5
ORD-104974,4
ORD-104978,5
ORD-104980,5
ORD-104982,5
ORD-104984,2
ORD-104985,5
ORD-104986,5
ORD-104991,4
ORD-104992,5
ORD-104993,5
ORD-104995,4
ORD-104996,5
ORD-104998,3
ORD-104999,5
ORD-105001,4
ORD-105003,5
ORD-105006,2
ORD-105008,5
ORD-105009,5
ORD-105012,4
ORD-105014,4
ORD-105015,3
ORD-105018,5
ORD-105019,4
ORD-105020,5
ORD-105022,2
ORD-105023,5
ORD-105027,5
ORD-105028,5
ORD-105030,5
ORD-105031,4
ORD-105032,5
ORD-105033,5
ORD-105035,5
ORD-105036,3
ORD-105037,5
ORD-105039,5
ORD-105042,5
ORD-105044,4
ORD-105045,5
ORD-105047,4
ORD-105048,5
ORD-105049,5
ORD-105051,5
ORD-105054,5
ORD-105057,2
ORD-105059,1
ORD-105060,5
ORD-105061,5
ORD-105064,2
ORD-105068,3
ORD-105069,4
ORD-105073,4
ORD-105074,5
ORD-105075,5
ORD-105078,4
ORD-105085,5
ORD-105086,5
ORD-105091,3
ORD-105096,1
ORD-105097,5
ORD-105102,5
ORD-105105,5
ORD-105106,3
ORD-105107,5
ORD-105108,5
ORD-105110,1
ORD-105111,4
ORD-105112,5
ORD-105116,3
ORD-105117,3
ORD-105121,5
ORD-105122,5
ORD-105123,2
ORD-105124,5
ORD-105125,4
ORD-105129,5
ORD-105130,5
ORD-105131,5
ORD-105132,5
ORD-105133,4
ORD-105134,5
ORD-105135,4
ORD-105137,5
ORD-105138,5
ORD-105139,2
ORD-105140,5
ORD-105142,5
ORD-105143,5
ORD-105144,2
ORD-105146,3
ORD-105147,5
ORD-105148,5
ORD-105149,5
ORD-105150,4
ORD-105153,3
ORD-105154,5
ORD-105155,4
ORD-105156,5
ORD-105157,3
ORD-105158,5
ORD-105161,4
ORD-105164,5
ORD-105167,4
ORD-105170,4
ORD-105172,4
ORD-105177,5
ORD-105178,4
ORD-105183,2
ORD-105184,4
ORD-105187,3
ORD-105189,4
ORD-105191,5
ORD-105192,5
ORD-105193,3
ORD-105197,5
ORD-105199,3
ORD-105201,4
ORD-105203,5
ORD-105205,5
ORD-105206,4
ORD-105208,3
ORD-105212,5
ORD-105215,5
ORD-105225,4
ORD-105227,3
ORD-105231,5
ORD-105232,5
ORD-105234,5
ORD-105235,5
ORD-105236,4
ORD-105237,5
ORD-105238,4
ORD-105239,4
ORD-105242,5
ORD-105245,5
ORD-105248,5
ORD-105254,4
ORD-105255,5
ORD-105256,5
ORD-105261,5
ORD-105266,5
ORD-105268,4
ORD-105270,4
ORD-105273,5
ORD-105274,4
ORD-105275,4
ORD-105276,5
ORD-105279,4
ORD-105280,4
ORD-105281,3
ORD-105282,5
ORD-105284,4
ORD-105287,3
ORD-105289,1
ORD-105290,5
ORD-105291,3
ORD-105292,5
ORD-105293,5
ORD-105294,5
ORD-105297,5
ORD-105298,4
ORD-105299,5
ORD-105300,5
ORD-105305,5
ORD-105306,3
ORD-105307,5
ORD-105309,5
ORD-105312,5
ORD-105313,5
ORD-105314,5
ORD-105316,4
ORD-105317,3
ORD-105318,5
ORD-105319,4
ORD-105320,4
ORD-105322,5
ORD-105323,4
ORD-105325,3
ORD-105326,5
ORD-105328,5
ORD-105331,4
ORD-105332,5
ORD-105333,5
ORD-105335,4
ORD-105336,4
ORD-105337,5
ORD-105338,3
ORD-105339,2
ORD-105340,3
ORD-105343,4
ORD-105344,4
ORD-105348,2
ORD-105350,1
ORD-105351,4
ORD-105352,5
ORD-105357,4
ORD-105359,4
ORD-105361,4
ORD-105362,4
ORD-105366,4
ORD-105367,5
ORD-105370,5
ORD-105372,5
ORD-105374,3
ORD-105375,4
ORD-105379,3
ORD-105383,5
ORD-105384,5
ORD-105386,2
ORD-105388,5
ORD-105389,5
ORD-105391,5
ORD-105392,4
ORD-105396,5
ORD-105397,5
ORD-105400,3
ORD-105402,4
ORD-105403,5
ORD-105404,4
ORD-105406,2
ORD-105408,5
ORD-105409,5
ORD-105410,5
ORD-105412,5
ORD-105417,3
ORD-105419,4
ORD-105420,5
ORD-105424,5
ORD-105425,5
ORD-105426,3
ORD-105427,5
ORD-105428,4
ORD-105429,2
ORD-105430,5
ORD-105432,5
ORD-105433,4
ORD-105434,3
ORD-105436,4
ORD-105440,4
ORD-105441,2
ORD-105447,4
ORD-105450,5
ORD-105451,5
ORD-105453,5
ORD-105454,5
ORD-105455,5
ORD-105457,5
ORD-105461,4
ORD-105464,4
ORD-105465,4
ORD-105467,5
ORD-105473,4
ORD-105474,5
ORD-105475,4
ORD-105477,5
ORD-105478,3
ORD-105481,4
ORD-105485,5
ORD-105486,5
ORD-105487,1
ORD-105490,4
ORD-105492,5
ORD-105494,5
ORD-105495,5
ORD-105496,4
ORD-105497,5
ORD-105499,4
ORD-105500,5
ORD-105501,2
ORD-105502,5
ORD-105503,1
ORD-105504,5
ORD-105512,4
ORD-105515,3
ORD-105517,3
ORD-105518,4
ORD-105521,5
ORD-105522,5
ORD-105524,5
ORD-105528,4
ORD-105529,2
ORD-105530,5
ORD-105532,1
ORD-105533,5
ORD-105534,5
ORD-105538,3
ORD-105539,5
ORD-105540,1
ORD-105541,5
ORD-105542,2
ORD-105547,1
ORD-105548,5
ORD-105551,5
ORD-105552,4
ORD-105554,3
ORD-105556,5
ORD-105559,3
ORD-105561,5
ORD-105562,4
ORD-105564,5
ORD-105565,5
ORD-105566,5
ORD-105569,2
ORD-105570,5
ORD-105571,4
ORD-105572,4
ORD-105573,5
ORD-105574,5
ORD-105576,5
ORD-105577,1
ORD-105579,3
ORD-105580,4
ORD-105583,5
ORD-105584,2
ORD-105588,3
ORD-105590,4
ORD-105595,3
ORD-105596,4
ORD-105601,4
ORD-105602,5
ORD-105604,4
ORD-105605,3
ORD-105606,2
ORD-105607,2
ORD-105610,4
ORD-105615,4
ORD-105618,5
ORD-105621,5
ORD-105622,5
ORD-105623,2
ORD-105624,5
ORD-105625,5
ORD-105626,3
ORD-105627,5
ORD-105628,5
ORD-105630,3
ORD-105632,5
ORD-105636,5
ORD-105637,2
ORD-105640,5
ORD-105641,5
ORD-105647,4
ORD-105648,5
ORD-105651,2
ORD-105652,4
ORD-105663,5
ORD-105664,5
ORD-105665,2
ORD-105671,5
ORD-105672,4
ORD-105673,3
ORD-105674,5
ORD-105676,4
ORD-105677,4
ORD-105679,5
ORD-105680,5
ORD-105685,2
ORD-105687,4
ORD-105689,3
ORD-105694,5
ORD-105695,5
ORD-105696,2
ORD-105697,3
ORD-105698,5
ORD-105699,4
ORD-105701,5
ORD-105703,4
ORD-105704,1
ORD-105708,4
ORD-105710,4
ORD-105712,5
ORD-105714,5
ORD-105717,4
ORD-105718,4
ORD-105719,5
ORD-105726,4
ORD-105727,4
ORD-105728,5
ORD-105729,5
ORD-105731,4
ORD-105732,3
ORD-105733,3
ORD-105734,5
ORD-105737,4
ORD-105741,4
ORD-105743,5
ORD-105744,5
ORD-105745,5
ORD-105746,5
ORD-105748,5
ORD-105749,5
ORD-105750,5
ORD-105751,3
ORD-105752,4
ORD-105753,4
ORD-105754,5
ORD-105755,3
ORD-105756,5
ORD-105758,4
ORD-105759,4
ORD-105761,4
ORD-105763,3
ORD-105764,1
ORD-105765,4
ORD-105766,3
ORD-105768,2
ORD-105769,5
ORD-105770,4
ORD-105772,3
ORD-105774,4
ORD-105775,4
ORD-105777,5
ORD-105779,3
ORD-105781,4
ORD-105784,3
ORD-105785,5
ORD-105786,5
ORD-105789,3
ORD-105790,5
ORD-105791,5
ORD-105792,4
ORD-105793,5
ORD-105795,5
ORD-105797,5
ORD-105801,5
ORD-105803,4
ORD-105807,5
ORD-105809,5
ORD-105813,5
ORD-105814,3
ORD-105815,5
ORD-105817,5
ORD-105818,4
ORD-105820,3
ORD-105822,4
ORD-105823,4
ORD-105824,5
ORD-105825,1
ORD-105826,5
ORD-105827,5
ORD-105830,5
ORD-105831,5
ORD-105832,4
ORD-105833,5
ORD-105834,3
ORD-105835,5
ORD-105837,5
ORD-105838,5
ORD-105840,4
ORD-105841,5
ORD-105842,4
ORD-105843,5
ORD-105846,4
ORD-105848,5
ORD-105850,3
ORD-105854,5
ORD-105855,4
ORD-105858,5
ORD-105859,5
ORD-105861,3
ORD-105862,2
ORD-105865,5
ORD-105866,5
ORD-105867,5
ORD-105868,3
ORD-105869,5
ORD-105870,5
ORD-105873,5
ORD-105878,5
ORD-105879,3
ORD-105881,4
ORD-105882,2
ORD-105883,5
ORD-105885,5
ORD-105887,4
ORD-105890,3
ORD-105892,5
ORD-105897,4
ORD-105899,5
ORD-105900,4
ORD-105901,5
ORD-105906,5
ORD-105907,5
ORD-105908,5
ORD-105911,4
ORD-105914,1
ORD-105915,5
ORD-105920,3
ORD-105921,5
ORD-105922,5
ORD-105926,5
ORD-105928,2
ORD-105929,2
ORD-105930,4
ORD-105931,4
ORD-105932,4
ORD-105933,5
ORD-105936,3
ORD-105937,4
ORD-105940,5
ORD-105942,4
ORD-105944,3
ORD-105945,5
ORD-105946,5
ORD-105947,5
ORD-105948,4
ORD-105950,3
ORD-105951,3
ORD-105952,3
ORD-105953,4
ORD-105954,5
ORD-105955,3
ORD-105958,5
ORD-105961,4
ORD-105964,4
ORD-105965,3
ORD-105966,5
ORD-105969,5
ORD-105971,5
ORD-105973,5
ORD-105974,5
ORD-105976,4
ORD-105977,5
ORD-105978,5
ORD-105979,3
ORD-105980,5
ORD-105984,2
ORD-105985,4
ORD-105989,5
ORD-105990,5
ORD-105993,5
ORD-106002,5
ORD-106003,4
ORD-106004,5
ORD-106005,5
ORD-106006,4
ORD-106007,5
ORD-106011,5
ORD-106012,4
ORD-106016,4
ORD-106020,4
ORD-106021,2
ORD-106025,5
ORD-106027,3
ORD-106028,4
ORD-106031,5
ORD-106036,5
ORD-106037,3
ORD-106038,3
ORD-106039,5
ORD-106044,4
ORD-106045,4
ORD-106046,5
ORD-106048,5
ORD-106051,5
ORD-106052,4
ORD-106053,2
ORD-106054,4
ORD-106057,5
ORD-106058,1
ORD-106059,5
ORD-106060,5
ORD-106063,4
ORD-106064,4
ORD-106065,4
ORD-106067,3
ORD-106069,1
ORD-106072,4
ORD-106073,4
ORD-106074,5
ORD-106075,5
ORD-106078,3
ORD-106085,5
ORD-106086,3
ORD-106087,5
ORD-106089,3
ORD-106091,4
ORD-106092,3
ORD-106093,4
ORD-106094,2
ORD-106095,5
ORD-106098,4
ORD-106101,4
ORD-106102,5
ORD-106104,4
ORD-106105,5
ORD-106106,5
ORD-106107,4
ORD-106111,4
ORD-106113,2
ORD-106115,5
ORD-106116,5
ORD-106117,2
ORD-106118,3
ORD-106120,4
ORD-106121,4
ORD-106124,4
ORD-106128,2
ORD-106129,5
ORD-106130,5
ORD-106131,4
ORD-106134,4
ORD-106138,4
ORD-106139,4
ORD-106140,5
ORD-106141,3
ORD-106142,2
ORD-106143,1
ORD-106145,5
ORD-106146,4
ORD-106147,5
ORD-106152,5
ORD-106153,4
ORD-106154,4
ORD-106155,5
ORD-106156,1
ORD-106158,4
ORD-106161,3
ORD-106162,4
ORD-106163,3
ORD-106164,2
ORD-106167,5
ORD-106168,5
ORD-106169,5
ORD-106170,4
ORD-106173,4
ORD-106174,4
ORD-106176,4
ORD-106177,4
ORD-106179,4
ORD-106183,4
ORD-106184,3
ORD-106186,4
ORD-106188,5
ORD-106192,4
ORD-106193,4
ORD-106194,3
ORD-106196,3
ORD-106197,4
ORD-106199,3
ORD-106201,4
ORD-106204,3
ORD-106205,4
ORD-106207,3
ORD-106208,2
ORD-106211,5
ORD-106212,3
ORD-106213,2
ORD-106214,2
ORD-106216,3
ORD-106220,2
ORD-106221,3
ORD-106223,4
ORD-106225,5
ORD-106226,4
ORD-106229,5
ORD-106232,4
ORD-106235,3
ORD-106236,2
ORD-106237,4
ORD-106238,5
ORD-106241,5
ORD-106243,3
ORD-106245,5
ORD-106246,4
ORD-106247,5
ORD-106248,5
ORD-106249,2
ORD-106250,5
ORD-106251,4
ORD-106252,2
ORD-106254,4
ORD-106256,5
ORD-106258,5
ORD-106259,4
ORD-106262,1
ORD-106263,4
ORD-106264,5
ORD-106265,5
ORD-106266,5
ORD-106267,5
ORD-106268,4
ORD-106270,4
ORD-106272,3
ORD-106273,5
ORD-106274,4
ORD-106275,5
ORD-106277,3
ORD-106281,4
ORD-106283,3
ORD-106285,5
ORD-106287,3
ORD-106289,1
ORD-106290,5
ORD-106293,5
ORD-106294,3
ORD-106295,4
ORD-106297,4
ORD-106301,3
ORD-106302,4
ORD-106307,5
ORD-106308,5
ORD-106309,4
ORD-106310,5
ORD-106313,4
ORD-106314,4
ORD-106315,5
ORD-106316,4
ORD-106317,4
ORD-106318,4
ORD-106320,4
ORD-106322,4
ORD-106323,4
ORD-106324,4
ORD-106326,4
ORD-106328,5
ORD-106329,5
ORD-106331,2
ORD-106332,4
ORD-106335,5
ORD-106336,5
ORD-106337,5
ORD-106338,4
ORD-106339,5
ORD-106342,5
ORD-106343,2
ORD-106344,4
ORD-106345,5
ORD-106347,5
ORD-106348,4
ORD-106349,4
ORD-106350,4
ORD-106358,3
ORD-106360,5
ORD-106362,5
ORD-106363,2
ORD-106364,5
ORD-106365,4
ORD-106366,5
ORD-106367,4
ORD-106368,5
ORD-106369,4
ORD-106373,4
ORD-106374,5
ORD-106375,3
ORD-106380,4
ORD-106382,4
ORD-106383,4
ORD-106387,4
ORD-106389,4
ORD-106390,3
ORD-106393,5
ORD-106394,5
ORD-106395,4
ORD-106397,5
ORD-106402,4
ORD-106403,5
ORD-106404,5
ORD-106405,4
ORD-106409,5
ORD-106410,5
ORD-106413,3
ORD-106414,4
ORD-106417,5
ORD-106418,5
ORD-106419,4
ORD-106422,3
ORD-106423,5
ORD-106424,5
ORD-106427,5
ORD-106428,4
ORD-106429,4
ORD-106431,4
ORD-106432,5
ORD-106433,4
ORD-106436,3
ORD-106438,3
ORD-106439,3
ORD-106441,5
ORD-106442,4
ORD-106443,3
ORD-106445,5
ORD-106446,4
ORD-106447,4
ORD-106449,5
ORD-106452,4
ORD-106457,3
ORD-106458,4
ORD-106460,3
ORD-106461,5
ORD-106462,4
ORD-106467,3
ORD-106468,5
ORD-106469,5
ORD-106471,5
ORD-106473,3
ORD-106474,4
ORD-106475,3
ORD-106477,4
ORD-106479,3
ORD-106480,5
ORD-106483,3
ORD-106484,5
ORD-106485,2
ORD-106486,5
ORD-106488,5
ORD-106491,5
ORD-106492,2
ORD-106496,5
ORD-106497,5
ORD-106498,3
ORD-106499,5
ORD-106500,5
ORD-106501,4
ORD-106502,5
ORD-106503,5
ORD-106505,5
ORD-106506,5
ORD-106508,5
ORD-106512,4
ORD-106513,5
ORD-106514,5
ORD-106515,4
ORD-106516,4
ORD-106517,4
ORD-106521,4
ORD-106522,4
ORD-106524,4
ORD-106525,5
ORD-106526,5
ORD-106527,4
ORD-106528,5
ORD-106529,3
ORD-106530,3
ORD-106535,4
ORD-106539,3
ORD-106540,4
ORD-106541,4
ORD-106542,4
ORD-106543,5
ORD-106544,5
ORD-106547,5
ORD-106551,5
ORD-106552,5
ORD-106554,5
ORD-106555,5
ORD-106557,5
ORD-106560,4
ORD-106563,4
ORD-106564,5
ORD-106565,5
ORD-106566,5
ORD-106571,5
ORD-106572,2
ORD-106573,4
ORD-106574,5
ORD-106575,4
ORD-106577,3
ORD-106581,5
ORD-106583,4
ORD-106585,2
ORD-106586,5
ORD-106587,5
ORD-106588,3
ORD-106589,5
ORD-106592,3
ORD-106593,4
ORD-106595,5
ORD-106598,5
ORD-106599,5
ORD-106600,5
ORD-106601,5
ORD-106603,5
ORD-106605,2
ORD-106606,5
ORD-106607,5
ORD-106608,4
ORD-106610,1
ORD-106611,5
ORD-106612,4
ORD-106614,4
ORD-106615,5
ORD-106617,4
ORD-106623,5
ORD-106624,3
ORD-106626,4
ORD-106628,2
ORD-106631,5
ORD-106634,5
ORD-106635,2
ORD-106636,5
ORD-106639,5
ORD-106640,4
ORD-106642,4
ORD-106651,5
ORD-106652,4
ORD-106653,5
ORD-106654,2
ORD-106655,4
ORD-106658,5
ORD-106659,4
ORD-106662,5
ORD-106665,4
ORD-106666,4
ORD-106667,4
ORD-106669,4
ORD-106670,4
ORD-106677,5
ORD-106678,4
ORD-106680,5
ORD-106681,4
ORD-106683,5
ORD-106685,5
ORD-106687,4
ORD-106688,5
ORD-106690,4
ORD-106691,4
ORD-106692,5
ORD-106694,5
ORD-106698,4
ORD-106699,4
ORD-106700,5
ORD-106702,5
ORD-106705,3
ORD-106708,5
ORD-106710,3
ORD-106711,3
ORD-106713,5
ORD-106719,4
ORD-106720,4
ORD-106721,4
ORD-106724,5
ORD-106725,5
ORD-106726,4
ORD-106730,4
ORD-106733,4
ORD-106734,5
ORD-106736,3
ORD-106737,5
ORD-106740,2
ORD-106741,4
ORD-106745,1
ORD-106751,3
ORD-106752,4
ORD-106753,5
ORD-106754,5
ORD-106757,3
ORD-106758,4
ORD-106759,4
ORD-106760,4
ORD-106761,4
ORD-106762,5
ORD-106765,4
ORD-106769,4
ORD-106770,5
ORD-106772,5
ORD-106773,4
ORD-106774,5
ORD-106779,5
ORD-106781,5
ORD-106784,5
ORD-106786,5
ORD-106787,5
ORD-106791,4
ORD-106793,4
ORD-106796,3
ORD-106797,4
ORD-106798,4
ORD-106799,4
ORD-106800,3
ORD-106801,5
ORD-106804,5
ORD-106805,2
ORD-106806,5
ORD-106808,5
ORD-106809,4
ORD-106811,3
ORD-106813,4
ORD-106814,2
ORD-106817,1
ORD-106818,2
ORD-106821,4
ORD-106822,5
ORD-106825,4
ORD-106826,5
ORD-106827,3
ORD-106828,4
ORD-106829,2
ORD-106830,5
ORD-106834,5
ORD-106835,4
ORD-106837,4
ORD-106838,5
ORD-106839,5
ORD-106841,5
ORD-106842,4
ORD-106843,5
ORD-106844,5
ORD-106845,3
ORD-106847,4
ORD-106848,2
ORD-106849,2
ORD-106850,4
ORD-106851,4
ORD-106853,4
ORD-106855,5
ORD-106859,5
ORD-106862,3
ORD-106863,4
ORD-106864,4
ORD-106866,5
ORD-106868,5
ORD-106870,5
ORD-106871,4
ORD-106873,5
ORD-106874,2
ORD-106875,5
ORD-106876,4
ORD-106877,5
ORD-106878,5
ORD-106882,4
ORD-106886,4
ORD-106887,4
ORD-106888,4
ORD-106889,3
ORD-106890,2
ORD-106891,5
ORD-106893,5
ORD-106897,3
ORD-106899,5
ORD-106903,5
ORD-106905,5
ORD-106906,4
ORD-106909,5
ORD-106910,3
ORD-106911,5
ORD-106912,4
ORD-106913,5
ORD-106924,5
ORD-106926,5
ORD-106927,3
ORD-106929,5
ORD-106932,4
ORD-106933,3
ORD-106935,4
ORD-106936,5
ORD-106937,3
ORD-106938,5
ORD-106942,3
ORD-106947,5
ORD-106948,2
ORD-106950,5
ORD-106951,3
ORD-106952,4
ORD-106954,4
ORD-106956,3
ORD-106958,5
ORD-106959,5
ORD-106960,4
ORD-106961,3
ORD-106964,5
ORD-106967,5
ORD-106969,2
ORD-106970,5
ORD-106971,5
ORD-106972,5
ORD-106973,4
ORD-106974,3
ORD-106975,5
ORD-106976,5
ORD-106978,2
ORD-106979,4
ORD-106980,4
ORD-106981,5
ORD-106982,4
ORD-106983,4
ORD-106984,2
ORD-106987,5
ORD-106988,5
ORD-106992,2
ORD-106996,3
ORD-106997,4
ORD-106999,4
ORD-107000,3
ORD-107003,5
ORD-107004,4
ORD-107005,4
ORD-107006,3
ORD-107007,4
ORD-107008,3
ORD-107010,5
ORD-107012,5
ORD-107013,5
ORD-107016,5
ORD-107017,4
ORD-107019,5
ORD-107024,5
ORD-107025,2
ORD-107026,2
ORD-107029,4
ORD-107031,5
ORD-107032,4
ORD-107033,5
ORD-107034,3
ORD-107035,2
ORD-107037,5
ORD-107042,3
ORD-107044,4
ORD-107045,4
ORD-107050,4
ORD-107055,2
ORD-107056,5
ORD-107059,4
ORD-107060,5
ORD-107061,2
ORD-107062,5
ORD-107065,4
ORD-107067,5
ORD-107069,3
ORD-107072,3
ORD-107073,1
ORD-107074,4
ORD-107078,5
ORD-107079,2
ORD-107083,2
ORD-107084,2
ORD-107085,5
ORD-107087,5
ORD-107088,5
ORD-107090,5
ORD-107091,5
ORD-107092,5
ORD-107095,5
ORD-107098,4
ORD-107099,4
ORD-107102,5
ORD-107103,5
ORD-107104,3
ORD-107105,5
ORD-107107,5
ORD-107109,3
ORD-107111,5
ORD-107112,5
ORD-107115,4
ORD-107119,4
ORD-107121,5
ORD-107122,5
ORD-107123,4
ORD-107127,5
ORD-107128,4
ORD-107133,5
ORD-107139,3
ORD-107141,5
ORD-107142,5
ORD-107143,5
ORD-107144,4
ORD-107145,5
ORD-107146,4
ORD-107147,2
ORD-107148,4
ORD-107149,4
ORD-107152,5
ORD-107157,5
ORD-107159,5
ORD-107160,5
ORD-107161,5
ORD-107162,2
ORD-107164,5
ORD-107165,3
ORD-107166,5
ORD-107167,4
ORD-107168,5
ORD-107170,4
ORD-107173,4
ORD-107176,5
ORD-107182,5
ORD-107183,4
ORD-107184,5
ORD-107189,5
ORD-107191,4
ORD-107194,2
ORD-107195,5
ORD-107196,3
ORD-107197,5
ORD-107199,5
ORD-107201,4
ORD-107203,3
ORD-107208,4
ORD-107209,4
ORD-107210,5
ORD-107212,5
ORD-107214,4
ORD-107215,2
ORD-107216,4
ORD-107217,4
ORD-107219,5
ORD-107222,5
ORD-107223,4
ORD-107225,4
ORD-107230,5
ORD-107233,5
ORD-107234,4
ORD-107235,4
ORD-107237,5
ORD-107238,5
ORD-107240,4
ORD-107241,4
ORD-107242,4
ORD-107246,4
ORD-107248,4
ORD-107249,5
ORD-107250,5
ORD-107251,4
ORD-107252,5
ORD-107253,5
ORD-107254,2
ORD-107255,5
ORD-107257,5
ORD-107260,5
ORD-107262,3
ORD-107264,5
ORD-107265,4
ORD-107267,3
ORD-107268,5
ORD-107269,5
ORD-107270,4
ORD-107272,5
ORD-107275,5
ORD-107277,5
ORD-107282,5
ORD-107283,5
ORD-107284,4
ORD-107285,3
ORD-107286,4
ORD-107287,5
ORD-107289,4
ORD-107294,5
ORD-107296,5
ORD-107299,4
ORD-107300,5
ORD-107301,4
ORD-107305,5
ORD-107306,4
ORD-107310,5
ORD-107312,5
ORD-107313,3
ORD-107319,5
ORD-107320,5
ORD-107321,3
ORD-107322,5
ORD-107323,2
ORD-107324,5
ORD-107325,5
ORD-107326,5
ORD-107327,4
ORD-107328,4
ORD-107330,3
ORD-107331,5
ORD-107332,4
ORD-107334,3
ORD-107338,3
ORD-107339,5
ORD-107340,4
ORD-107341,2
ORD-107342,4
ORD-107343,3
ORD-107344,4
ORD-107345,5
ORD-107346,5
ORD-107347,5
ORD-107348,4
ORD-107349,5
ORD-107350,5
ORD-107352,5
ORD-107355,4
ORD-107356,5
ORD-107357,5
ORD-107360,5
ORD-107361,2
ORD-107365,4
ORD-107366,5
ORD-107367,5
ORD-107368,5
ORD-107371,3
ORD-107373,4
ORD-107375,5
ORD-107377,2
ORD-107381,4
ORD-107383,5
ORD-107385,5
ORD-107388,5
ORD-107389,4
ORD-107392,3
ORD-107393,4
ORD-107396,5
ORD-107397,5
ORD-107402,5
ORD-107403,5
ORD-107406,5
ORD-107409,2
ORD-107412,2
ORD-107414,4
ORD-107417,4
ORD-107418,5
ORD-107419,5
ORD-107423,4
ORD-107425,4
ORD-107427,4
ORD-107428,4
ORD-107429,4
ORD-107430,4
ORD-107431,5
ORD-107432,5
ORD-107434,5
ORD-107436,4
ORD-107437,5
ORD-107439,5
ORD-107440,5
ORD-107443,5
ORD-107445,5
ORD-107446,5
ORD-107447,2
ORD-107449,5
ORD-107451,3
ORD-107452,3
ORD-107457,5
ORD-107458,4
ORD-107460,3
ORD-107464,5
ORD-107465,5
ORD-107466,5
ORD-107467,5
ORD-107469,3
ORD-107471,3
ORD-107472,4
ORD-107474,5
ORD-107475,4
ORD-107476,4
ORD-107479,4
ORD-107480,3
ORD-107481,4
ORD-107483,5
ORD-107485,4
ORD-107490,5
ORD-107492,1
ORD-107493,4
ORD-107494,4
ORD-107496,4
ORD-107498,1
ORD-107499,5
ORD-107504,5
ORD-107505,5
ORD-107509,2
ORD-107510,5
ORD-107511,4
ORD-107512,4
ORD-107513,3
ORD-107514,5
ORD-107515,5
ORD-107516,4
ORD-107518,4
ORD-107519,4
ORD-107521,2
ORD-107522,4
ORD-107524,4
ORD-107525,4
ORD-107527,3
ORD-107528,2
ORD-107530,5
ORD-107533,4
ORD-107534,4
ORD-107535,5
ORD-107536,5
ORD-107538,1
ORD-107540,5
ORD-107543,2
ORD-107544,5
ORD-107545,1
ORD-107548,5
ORD-107550,5
ORD-107552,5
ORD-107553,5
ORD-107556,5
ORD-107558,4
ORD-107559,3
ORD-107560,5
ORD-107567,5
ORD-107568,3
ORD-107571,3
ORD-107572,5
ORD-107576,3
ORD-107577,3
ORD-107578,5
ORD-107580,4
ORD-107582,3
ORD-107584,5
ORD-107585,5
ORD-107586,5
ORD-107588,4
ORD-107589,5
ORD-107593,5
ORD-107594,2
ORD-107596,4
ORD-107597,2
ORD-107598,4
ORD-107600,5
ORD-107606,4
ORD-107608,4
ORD-107609,5
ORD-107610,1
ORD-107612,3
ORD-107613,2
ORD-107614,2
ORD-107616,4
ORD-107619,5
ORD-107621,5
ORD-107625,4
ORD-107629,5
ORD-107631,5
ORD-107632,3
ORD-107634,5
ORD-107636,2
ORD-107637,5
ORD-107642,5
ORD-107643,5
ORD-107644,3
ORD-107645,5
ORD-107647,4
ORD-107648,5
ORD-107649,3
ORD-107651,5
ORD-107652,5
ORD-107653,5
ORD-107657,4
ORD-107658,4
ORD-107660,3
ORD-107663,2
ORD-107665,5
ORD-107669,5
ORD-107673,3
ORD-107674,5
ORD-107675,4
ORD-107676,5
ORD-107677,4
ORD-107679,3
ORD-107681,3
ORD-107682,1
ORD-107685,5
ORD-107687,5
ORD-107692,5
ORD-107693,2
ORD-107695,4
ORD-107699,5
ORD-107701,5
ORD-107703,5
ORD-107705,3
ORD-107706,4
ORD-107707,3
ORD-107710,5
ORD-107711,5
ORD-107713,1
ORD-107714,4
ORD-107715,5
ORD-107716,5
ORD-107717,4
ORD-107718,4
ORD-107719,5
ORD-107720,5
ORD-107722,5
ORD-107723,5
ORD-107725,5
ORD-107730,5
ORD-107731,5
ORD-107732,5
ORD-107737,5
ORD-107738,4
ORD-107739,4
ORD-107740,4
ORD-107741,2
ORD-107742,3
ORD-107744,4
ORD-107748,4
ORD-107749,4
ORD-107750,5
ORD-107752,5
ORD-107754,4
ORD-107756,5
ORD-107761,5
ORD-107762,5
ORD-107765,5
ORD-107766,3
ORD-107768,4
ORD-107769,3
ORD-107770,4
ORD-107774,5
ORD-107776,2
ORD-107782,4
ORD-107783,4
ORD-107784,3
ORD-107786,5
ORD-107787,5
ORD-107788,4
ORD-107789,5
ORD-107790,5
ORD-107791,5
ORD-107796,5
ORD-107799,5
ORD-107800,3
ORD-107808,5
ORD-107809,5
ORD-107811,4
ORD-107812,5
ORD-107813,4
ORD-107815,5
ORD-107816,3
ORD-107818,5
ORD-107819,5
ORD-107821,1
ORD-107822,4
ORD-107826,4
ORD-107827,5
ORD-107828,5
ORD-107830,5
ORD-107831,5
ORD-107832,4
ORD-107833,5
ORD-107834,5
ORD-107835,4
ORD-107838,5
ORD-107840,2
ORD-107841,5
ORD-107842,1
ORD-107844,5
ORD-107850,5
ORD-107851,2
ORD-107852,5
ORD-107854,2
ORD-107858,5
ORD-107859,2
ORD-107861,5
ORD-107863,5
ORD-107865,5
ORD-107866,3
ORD-107868,4
ORD-107869,5
ORD-107874,5
ORD-107876,4
ORD-107879,4
ORD-107880,5
ORD-107882,5
ORD-107883,4
ORD-107885,5
ORD-107888,2
ORD-107889,5
ORD-107890,4
ORD-107891,2
ORD-107893,5
ORD-107894,4
ORD-107897,3
ORD-107899,4
ORD-107900,4
ORD-107901,4
ORD-107903,5
ORD-107904,4
ORD-107905,5
ORD-107907,5
ORD-107910,4
ORD-107913,5
ORD-107917,5
ORD-107918,5
ORD-107919,1
ORD-107920,4
ORD-107922,3
ORD-107923,4
ORD-107924,5
ORD-107925,5
ORD-107926,2
ORD-107927,5
ORD-107928,4
ORD-107929,3
ORD-107931,5
ORD-107932,2
ORD-107934,5
ORD-107936,4
ORD-107938,5
ORD-107941,4
ORD-107943,5
ORD-107944,5
ORD-107948,5
ORD-107950,4
ORD-107952,4
ORD-107955,2
ORD-107956,5
ORD-107957,3
ORD-107960,5
ORD-107961,4
ORD-107964,5
ORD-107965,5
ORD-107968,4
ORD-107969,4
ORD-107970,5
ORD-107971,3
ORD-107974,5
ORD-107975,4
ORD-107977,5
ORD-107978,3
ORD-107983,2
ORD-107985,5
ORD-107987,4
ORD-107988,5
ORD-107989,4
ORD-107991,5
ORD-107992,5
ORD-107993,3
ORD-107994,5
ORD-107996,5
ORD-107998,5
ORD-107999,3
ORD-108001,5
ORD-108003,1
ORD-108004,4
ORD-108005,4
ORD-108006,3
ORD-108009,5
ORD-108011,5
ORD-108013,4
ORD-108014,3
ORD-108016,3
ORD-108018,3
ORD-108019,5
ORD-108020,5
ORD-108022,5
ORD-108023,5
ORD-108025,3
ORD-108026,5
ORD-108027,5
ORD-108029,4
ORD-108030,4
ORD-108031,4
ORD-108033,4
ORD-108034,4
ORD-108035,5
ORD-108036,4
ORD-108037,4
ORD-108038,4
ORD-108040,3
ORD-108043,5
ORD-108047,5
ORD-108052,2
ORD-108053,3
ORD-108054,4
ORD-108056,4
ORD-108057,2
ORD-108058,5
ORD-108061,4
ORD-108062,4
ORD-108066,4
ORD-108067,3
ORD-108068,4
ORD-108069,5
ORD-108072,4
ORD-108075,5
ORD-108076,5
ORD-108077,4
ORD-108078,4
ORD-108079,5
ORD-108085,2
ORD-108086,2
ORD-108087,5
ORD-108088,3
ORD-108089,4
ORD-108090,3
ORD-108091,5
ORD-108096,4
ORD-108101,4
ORD-108102,5
ORD-108103,5
ORD-108104,5
ORD-108105,5
ORD-108106,4
ORD-108107,4
ORD-108108,5
ORD-108109,1
ORD-108110,5
ORD-108112,2
ORD-108113,4
ORD-108114,5
ORD-108116,4
ORD-108117,5
ORD-108121,1
ORD-108122,4
ORD-108124,2
ORD-108126,3
ORD-108127,4
ORD-108132,5
ORD-108133,3
ORD-108135,5
ORD-108136,5
ORD-108137,2
ORD-108138,5
ORD-108139,5
ORD-108140,4
ORD-108141,4
ORD-108142,5
ORD-108143,3
ORD-108145,5
ORD-108146,5
ORD-108147,5
ORD-108150,3
ORD-108151,5
ORD-108152,5
ORD-108153,3
ORD-108154,4
ORD-108156,3
ORD-108157,4
ORD-108158,4
ORD-108159,3
ORD-108161,3
ORD-108162,5
ORD-108163,5
ORD-108166,4
ORD-108169,5
ORD-108170,5
ORD-108171,3
ORD-108172,4
ORD-108174,4
ORD-108176,5
ORD-108177,5
ORD-108179,5
ORD-108184,5
ORD-108188,5
ORD-108189,2
ORD-108191,5
ORD-108192,2
ORD-108195,5
ORD-108197,3
ORD-108199,5
ORD-108200,4
ORD-108201,3
ORD-108202,5
ORD-108205,2
ORD-108206,4
ORD-108208,4
ORD-108209,5
ORD-108211,3
ORD-108214,5
ORD-108216,4
ORD-108218,5
ORD-108219,2
ORD-108221,3
ORD-108224,5
ORD-108225,5
ORD-108227,4
ORD-108228,4
ORD-108229,5
ORD-108233,4
ORD-108235,5
ORD-108236,5
ORD-108240,5
ORD-108242,5
ORD-108243,4
ORD-108246,3
ORD-108251,4
ORD-108253,5
ORD-108254,5
ORD-108255,4
ORD-108259,5
ORD-108261,4
ORD-108264,2
ORD-108266,4
ORD-108267,5
ORD-108268,5
ORD-108269,3
ORD-108272,5
ORD-108273,4
ORD-108277,4
ORD-108278,5
ORD-108279,3
ORD-108282,3
ORD-108283,5
ORD-108285,5
ORD-108287,4
ORD-108288,4
ORD-108289,5
ORD-108290,5
ORD-108291,4
ORD-108292,4
ORD-108293,5
ORD-108294,3
ORD-108295,4
ORD-108301,4
ORD-108302,3
ORD-108303,1
ORD-108305,4
ORD-108306,5
ORD-108308,5
ORD-108310,4
ORD-108313,2
ORD-108314,4
ORD-108316,5
ORD-108317,5
ORD-108318,4
ORD-108319,4
ORD-108320,2
ORD-108321,5
ORD-108324,4
ORD-108327,5
ORD-108328,3
ORD-108329,3
ORD-108330,5
ORD-108331,4
ORD-108333,4
ORD-108334,5
ORD-108335,2
ORD-108336,5
ORD-108341,5
ORD-108342,5
ORD-108343,5
ORD-108344,4
ORD-108345,4
ORD-108346,5
ORD-108349,4
ORD-108350,5
ORD-108351,3
ORD-108352,5
ORD-108353,4
ORD-108354,5
ORD-108355,5
ORD-108356,2
ORD-108359,5
ORD-108360,4
ORD-108361,5
ORD-108362,5
ORD-108364,4
ORD-108365,5
ORD-108367,5
ORD-108368,4
ORD-108371,4
ORD-108373,4
ORD-108374,4
ORD-108375,5
ORD-108378,5
ORD-108381,3
ORD-108384,5
ORD-108389,2
ORD-108390,5
ORD-108394,5
ORD-108395,3
ORD-108396,4
ORD-108400,4
ORD-108401,5
ORD-108402,2
ORD-108403,2
ORD-108404,5
ORD-108406,4
ORD-108407,4
ORD-108408,3
ORD-108412,5
ORD-108414,5
ORD-108415,5
ORD-108417,4
ORD-108418,5
ORD-108419,5
ORD-108422,1
ORD-108423,5
ORD-108424,5
ORD-108426,2
ORD-108427,5
ORD-108430,5
ORD-108431,5
ORD-108432,3
ORD-108435,5
ORD-108437,5
ORD-108438,5
ORD-108439,5
ORD-108442,5
ORD-108443,4
ORD-108445,5
ORD-108446,2
ORD-108450,4
ORD-108452,4
ORD-108453,5
ORD-108454,5
ORD-108460,4
ORD-108461,5
ORD-108464,5
ORD-108465,3
ORD-108469,5
ORD-108473,3
ORD-108475,2
ORD-108478,5
ORD-108479,4
ORD-108481,5
ORD-108483,5
ORD-108484,5
ORD-108486,4
ORD-108489,4
ORD-108491,4
ORD-108492,4
ORD-108495,3
ORD-108497,5
ORD-108498,5
ORD-108500,4
ORD-108504,3
ORD-108505,5
ORD-108511,4
ORD-108512,5
ORD-108516,2
ORD-108517,4
ORD-108518,2
ORD-108519,4
ORD-108521,4
ORD-108522,5
ORD-108525,5
ORD-108527,3
ORD-108531,4
ORD-108533,2
ORD-108534,5
ORD-108537,4
ORD-108538,3
ORD-108543,4
ORD-108545,3
ORD-108546,4
ORD-108547,4
ORD-108548,4
ORD-108549,5
ORD-108553,5
ORD-108554,5
ORD-108555,5
ORD-108558,5
ORD-108559,5
ORD-108560,5
ORD-108561,5
ORD-108562,4
ORD-108563,5
ORD-108569,3
ORD-108570,5
ORD-108574,3
ORD-108575,4
ORD-108576,4
ORD-108578,5
ORD-108579,5
ORD-108580,2
ORD-108582,5
ORD-108584,5
ORD-108585,4
ORD-108587,4
ORD-108588,5
ORD-108590,5
ORD-108591,3
ORD-108592,5
ORD-108593,4
ORD-108595,3
ORD-108596,3
ORD-108598,5
ORD-108602,5
ORD-108604,5
ORD-108606,2
ORD-108609,5
ORD-108612,3
ORD-108614,5
ORD-108615,5
ORD-108617,4
ORD-108620,5
ORD-108622,3
ORD-108624,4
ORD-108625,4
ORD-108626,5
ORD-108629,4
ORD-108632,4
ORD-108633,5
ORD-108634,5
ORD-108635,3
ORD-108636,5
ORD-108639,4
ORD-108640,4
ORD-108643,5
ORD-108644,3
ORD-108646,5
ORD-108648,3
ORD-108650,5
ORD-108651,4
ORD-108653,4
ORD-108654,5
ORD-108655,2
ORD-108657,4
ORD-108658,4
ORD-108659,1
ORD-108660,4
ORD-108661,5
ORD-108662,5
ORD-108665,4
ORD-108667,5
ORD-108668,2
ORD-108670,4
ORD-108671,5
ORD-108673,2
ORD-108675,3
ORD-108677,4
ORD-108678,5
ORD-108679,5
ORD-108686,2
ORD-108687,5
ORD-108689,4
ORD-108692,5
ORD-108693,4
ORD-108697,4
ORD-108704,5
ORD-108707,5
ORD-108709,4
ORD-108711,5
ORD-108714,3
ORD-108718,5
ORD-108719,5
ORD-108721,4
ORD-108722,5
ORD-108726,4
ORD-108728,5
ORD-108729,5
ORD-108731,4
ORD-108734,4
ORD-108735,5
ORD-108736,4
ORD-108737,4
ORD-108739,5
ORD-108740,4
ORD-108742,5
ORD-108744,2
ORD-108745,3
ORD-108748,2
ORD-108749,2
ORD-108753,5
ORD-108755,4
ORD-108756,3
ORD-108757,4
ORD-108759,2
ORD-108760,3
ORD-108761,5
ORD-108764,5
ORD-108765,3
ORD-108766,5
ORD-108768,3
ORD-108770,5
ORD-108772,4
ORD-108773,3
ORD-108775,5
ORD-108778,4
ORD-108779,5
ORD-108780,2
ORD-108786,3
ORD-108787,5
ORD-108788,5
ORD-108789,4
ORD-108793,5
ORD-108794,5
ORD-108796,5
ORD-108798,5
ORD-108799,3
ORD-108800,5
ORD-108801,4
ORD-108805,5
ORD-108806,5
ORD-108808,3
ORD-108809,4
ORD-108810,2
ORD-108812,5
ORD-108813,4
ORD-108814,5
ORD-108815,5
ORD-108816,5
ORD-108817,5
ORD-108818,5
ORD-108819,4
ORD-108820,4
ORD-108821,4
ORD-108822,5
ORD-108823,3
ORD-108824,5
ORD-108828,3
ORD-108829,3
ORD-108832,5
ORD-108833,3
ORD-108835,5
ORD-108837,5
ORD-108838,2
ORD-108839,4
ORD-108845,5
ORD-108849,4
ORD-108851,5
ORD-108853,4
ORD-108854,4
ORD-108856,5
ORD-108858,5
ORD-108859,5
ORD-108860,5
ORD-108861,5
ORD-108862,4
ORD-108863,4
ORD-108864,5
ORD-108865,4
ORD-108866,4
ORD-108867,5
ORD-108868,5
ORD-108869,5
ORD-108873,5
ORD-108881,4
ORD-108883,4
ORD-108884,3
ORD-108886,4
ORD-108887,5
ORD-108890,5
ORD-108891,4
ORD-108892,5
ORD-108894,5
ORD-108896,5
ORD-108898,5
ORD-108900,2
ORD-108901,5
ORD-108903,4
ORD-108911,5
ORD-108915,4
ORD-108916,4
ORD-108917,4
ORD-108919,4
ORD-108920,2
ORD-108921,4
ORD-108923,3
ORD-108925,5
ORD-108927,4
ORD-108929,4
ORD-108930,5
ORD-108931,5
ORD-108933,5
ORD-108934,5
ORD-108935,5
ORD-108936,4
ORD-108941,3
ORD-108944,5
ORD-108945,5
ORD-108946,2
ORD-108947,5
ORD-108949,3
ORD-108951,5
ORD-108952,5
ORD-108955,5
ORD-108957,5
ORD-108960,5
ORD-108963,4
ORD-108965,3
ORD-108968,5
ORD-108969,4
ORD-108971,5
ORD-108972,4
ORD-108974,3
ORD-108975,2
ORD-108976,5
ORD-108977,5
ORD-108979,4
ORD-108980,2
ORD-108981,5
ORD-108982,5
ORD-108984,4
ORD-108986,4
ORD-108987,3
ORD-108989,4
ORD-108992,4
ORD-108993,4
ORD-108995,4
ORD-108996,5
ORD-108998,4
ORD-109000,4
ORD-109001,4
ORD-109004,3
ORD-109005,4
ORD-109011,5
ORD-109012,4
ORD-109017,5
ORD-109018,4
ORD-109019,3
ORD-109020,5
ORD-109022,5
ORD-109023,1
ORD-109025,5
ORD-109027,5
ORD-109028,5
ORD-109030,3
ORD-109031,5
ORD-109032,4
ORD-109034,5
ORD-109036,4
ORD-109038,2
ORD-109040,5
ORD-109042,5
ORD-109043,4
ORD-109044,5
ORD-109048,4
ORD-109052,5
ORD-109055,5
ORD-109056,4
ORD-109059,5
ORD-109060,5
ORD-109061,5
ORD-109063,4
ORD-109065,4
ORD-109066,5
ORD-109070,4
ORD-109071,3
ORD-109073,4
ORD-109074,4
ORD-109075,5
ORD-109077,2
ORD-109079,3
ORD-109082,5
ORD-109083,5
ORD-109084,5
ORD-109087,1
ORD-109091,4
ORD-109093,4
ORD-109094,5
ORD-109095,5
ORD-109096,5
ORD-109097,2
ORD-109099,5
ORD-109100,5
ORD-109101,4
ORD-109103,5
ORD-109105,5
ORD-109106,3
ORD-109108,5
ORD-109109,5
ORD-109110,4
ORD-109111,4
ORD-109112,4
ORD-109113,5
ORD-109116,4
ORD-109117,2
ORD-109118,4
ORD-109119,5
ORD-109121,3
ORD-109123,4
ORD-109124,2
ORD-109125,5
ORD-109126,4
ORD-109127,5
ORD-109128,5
ORD-109135,4
ORD-109136,3
ORD-109140,2
ORD-109141,5
ORD-109143,5
ORD-109144,5
ORD-109147,5
ORD-109148,5
ORD-109152,3
ORD-109153,4
ORD-109157,3
ORD-109158,4
ORD-109159,4
ORD-109161,5
ORD-109162,5
ORD-109163,5
ORD-109164,4
ORD-109168,5
ORD-109169,5
ORD-109170,4
ORD-109171,4
ORD-109175,4
ORD-109176,4
ORD-109178,3
ORD-109181,4
ORD-109183,5
ORD-109184,2
ORD-109188,5
ORD-109190,5
ORD-109191,2
ORD-109192,4
ORD-109193,5
ORD-109194,4
ORD-109197,4
ORD-109198,5
ORD-109200,4
ORD-109204,5
ORD-109206,5
ORD-109207,5
ORD-109209,4
ORD-109210,5
ORD-109212,5
ORD-109216,5
ORD-109217,4
ORD-109220,5
ORD-109222,5
ORD-109225,3
ORD-109228,4
ORD-109230,5
ORD-109232,4
ORD-109236,4
ORD-109240,5
ORD-109243,5
ORD-109244,5
ORD-109245,5
ORD-109246,4
ORD-109247,2
ORD-109248,5
ORD-109250,4
ORD-109251,2
ORD-109252,5
ORD-109253,3
ORD-109258,2
ORD-109259,4
ORD-109261,4
ORD-109263,4
ORD-109264,3
ORD-109265,5
ORD-109266,4
ORD-109267,2
ORD-109269,5
ORD-109272,3
ORD-109282,3
ORD-109284,5
ORD-109287,2
ORD-109290,2
ORD-109296,4
ORD-109297,4
ORD-109298,2
ORD-109299,5
ORD-109302,5
ORD-109303,4
ORD-109304,5
ORD-109305,2
ORD-109306,5
ORD-109307,5
ORD-109308,5
ORD-109309,5
ORD-109312,4
ORD-109315,5
ORD-109316,5
ORD-109318,4
ORD-109320,4
ORD-109321,3
ORD-109323,5
ORD-109324,2
ORD-109325,4
ORD-109326,5
ORD-109327,5
ORD-109328,4
ORD-109329,5
ORD-109332,5
ORD-109333,5
ORD-109334,5
ORD-109336,5
ORD-109338,5
ORD-109339,5
ORD-109340,3
ORD-109344,5
ORD-109347,5
ORD-109348,5
ORD-109352,5
ORD-109353,5
ORD-109355,4
ORD-109356,4
ORD-109358,5
ORD-109359,2
ORD-109360,3
ORD-109361,1
ORD-109366,4
ORD-109367,4
ORD-109368,5
ORD-109370,5
ORD-109373,5
ORD-109375,4
ORD-109376,5
ORD-109378,4
ORD-109380,5
ORD-109381,4
ORD-109382,5
ORD-109383,4
ORD-109386,4
ORD-109387,5
ORD-109390,5
ORD-109393,5
ORD-109395,4
ORD-109397,2
ORD-109399,1
ORD-109401,4
ORD-109402,2
ORD-109404,5
ORD-109407,4
ORD-109408,5
ORD-109412,5
ORD-109414,4
ORD-109415,3
ORD-109416,5
ORD-109418,5
ORD-109419,5
ORD-109423,4
ORD-109425,4
ORD-109427,5
ORD-109428,2
ORD-109429,2
ORD-109430,5
ORD-109431,4
ORD-109432,3
ORD-109433,4
ORD-109435,5
ORD-109437,4
ORD-109438,5
ORD-109440,5
ORD-109442,5
ORD-109445,5
ORD-109447,5
ORD-109449,3
ORD-109459,5
ORD-109460,5
ORD-109462,5
ORD-109463,4
ORD-109464,3
ORD-109465,1
ORD-109468,5
ORD-109469,4
ORD-109470,5
ORD-109471,2
ORD-109472,3
ORD-109474,5
ORD-109475,5
ORD-109477,5
ORD-109479,5
ORD-109480,5
ORD-109482,4
ORD-109484,2
ORD-109485,5
ORD-109487,2
ORD-109488,5
ORD-109494,5
ORD-109495,4
ORD-109496,1
ORD-109502,3
ORD-109504,4
ORD-109505,4
ORD-109507,5
ORD-109508,1
ORD-109509,4
ORD-109510,4
ORD-109516,5
ORD-109520,5
ORD-109521,4
ORD-109522,4
ORD-109525,4
ORD-109527,5
ORD-109528,5
ORD-109529,4
ORD-109530,5
ORD-109532,1
ORD-109533,5
ORD-109534,5
ORD-109535,1
ORD-109538,5
ORD-109539,2
ORD-109541,4
ORD-109542,5
ORD-109544,5
ORD-109545,3
ORD-109546,2
ORD-109547,5
ORD-109549,4
ORD-109553,5
ORD-109555,5
ORD-109557,5
ORD-109559,5
ORD-109560,5
ORD-109563,4
ORD-109566,4
ORD-109567,5
ORD-109569,5
ORD-109570,3
ORD-109574,5
ORD-109577,4
ORD-109578,5
ORD-109579,5
ORD-109580,5
ORD-109585,5
ORD-109587,4
ORD-109589,4
ORD-109590,5
ORD-109592,4
ORD-109594,3
ORD-109597,5
ORD-109598,5
ORD-109600,2
ORD-109601,5
ORD-109602,5
ORD-109603,5
ORD-109604,5
ORD-109606,5
ORD-109611,2
ORD-109616,4
ORD-109618,4
ORD-109620,5
ORD-109621,4
ORD-109622,4
ORD-109625,5
ORD-109627,5
ORD-109628,5
ORD-109634,3
ORD-109637,5
ORD-109638,4
ORD-109639,5
ORD-109641,5
ORD-109643,3
ORD-109646,5
ORD-109647,3
ORD-109648,4
ORD-109649,5
ORD-109651,4
ORD-109652,5
ORD-109653,4
ORD-109656,3
ORD-109658,5
ORD-109659,4
ORD-109660,4
ORD-109662,5
ORD-109664,5
ORD-109666,4
ORD-109668,4
ORD-109669,5
ORD-109672,2
ORD-109673,5
ORD-109674,5
ORD-109675,2
ORD-109678,1
ORD-109679,3
ORD-109681,5
ORD-109683,5
ORD-109685,3
ORD-109687,3
ORD-109690,4
ORD-109691,2
ORD-109692,4
ORD-109694,2
ORD-109695,4
ORD-109696,5
ORD-109700,2
ORD-109703,5
ORD-109704,3
ORD-109709,5
ORD-109711,5
ORD-109715,5
ORD-109716,5
ORD-109718,5
ORD-109719,5
ORD-109720,5
ORD-109726,5
ORD-109727,5
ORD-109730,5
ORD-109731,5
ORD-109734,5
ORD-109735,5
ORD-109736,3
ORD-109737,2
ORD-109738,3
ORD-109739,4
ORD-109741,5
ORD-109743,5
ORD-109746,2
ORD-109747,1
ORD-109752,4
ORD-109756,4
ORD-109757,3
ORD-109758,5
ORD-109759,5
ORD-109760,3
ORD-109763,5
ORD-109769,5
ORD-109773,5
ORD-109774,5
ORD-109775,4
ORD-109776,3
ORD-109778,5
ORD-109781,3
ORD-109784,4
ORD-109785,2
ORD-109786,4
ORD-109787,2
ORD-109788,5
ORD-109789,5
ORD-109790,5
ORD-109792,3
ORD-109793,3
ORD-109794,3
ORD-109796,4
ORD-109799,2
ORD-109801,2
ORD-109802,5
ORD-109804,5
ORD-109808,5
ORD-109809,5
ORD-109811,4
ORD-109816,4
ORD-109818,5
ORD-109820,3
ORD-109823,5
ORD-109824,4
ORD-109825,5
ORD-109826,4
ORD-109831,2
ORD-109833,3
ORD-109835,5
ORD-109836,3
ORD-109837,5
ORD-109838,5
ORD-109839,2
ORD-109841,2
ORD-109842,4
ORD-109843,5
ORD-109846,5
ORD-109849,5
ORD-109852,4
ORD-109853,5
ORD-109854,2
ORD-109857,2
ORD-109858,5
ORD-109859,5
ORD-109860,3
ORD-109861,3
ORD-109863,4
ORD-109864,5
ORD-109866,4
ORD-109867,3
ORD-109869,3
ORD-109870,5
ORD-109872,5
ORD-109876,4
ORD-109877,5
ORD-109879,3
ORD-109881,2
ORD-109882,5
ORD-109883,4
ORD-109884,4
ORD-109885,4
ORD-109888,5
ORD-109889,5
ORD-109890,5
ORD-109893,5
ORD-109896,5
ORD-109902,3
ORD-109903,5
ORD-109905,2
ORD-109906,4
ORD-109909,5
ORD-109912,4
ORD-109913,4
ORD-109915,5
ORD-109917,3
ORD-109921,2
ORD-109926,2
ORD-109928,4
ORD-109929,5
ORD-109931,4
ORD-109935,3
ORD-109936,5
ORD-109937,1
ORD-109938,2
ORD-109939,3
ORD-109942,3
ORD-109943,1
ORD-109945,3
ORD-109947,5
ORD-109949,4
ORD-109951,5
ORD-109953,3
ORD-109954,5
ORD-109959,4
ORD-109960,3
ORD-109961,2
ORD-109963,4
ORD-109965,4
ORD-109966,3
ORD-109967,5
ORD-109968,3
ORD-109969,2
ORD-109970,5
ORD-109972,1
ORD-109975,4
ORD-109977,5
ORD-109978,5
ORD-109979,3
ORD-109981,4
ORD-109983,4
ORD-109984,5
ORD-109985,5
ORD-109987,5
ORD-109994,4
ORD-109996,3
ORD-109997,4
ORD-109999,2
ORD-110001,4
ORD-110002,5
ORD-110009,5
ORD-110011,5
ORD-110012,5
ORD-110016,5
ORD-110020,3
ORD-110021,5
ORD-110022,3
ORD-110024,5
ORD-110025,2
ORD-110029,4
ORD-110030,5
ORD-110033,4
ORD-110035,5
ORD-110037,5
ORD-110038,5
ORD-110039,1
ORD-110040,5
ORD-110041,4
ORD-110042,2
ORD-110044,3
ORD-110045,3
ORD-110046,2
ORD-110047,2
ORD-110053,5
ORD-110054,4
ORD-110059,3
ORD-110060,3
ORD-110063,5
ORD-110064,5
ORD-110065,5
ORD-110066,1
ORD-110067,2
ORD-110069,5
ORD-110072,4
ORD-110073,5
ORD-110075,4
ORD-110076,5
ORD-110078,4
ORD-110079,5
ORD-110080,2
ORD-110081,5
ORD-110082,2
ORD-110083,4
ORD-110084,5
ORD-110085,5
ORD-110086,5
ORD-110087,4
ORD-110088,3
ORD-110089,5
ORD-110092,5
ORD-110095,4
ORD-110098,2
ORD-110102,4
ORD-110103,5
ORD-110104,3
ORD-110105,5
ORD-110108,4
ORD-110111,5
ORD-110115,2
ORD-110116,5
ORD-110117,5
ORD-110118,5
ORD-110119,5
ORD-110122,5
ORD-110124,5
ORD-110130,5
ORD-110132,4
ORD-110135,5
ORD-110138,4
ORD-110139,4
ORD-110141,5
ORD-110144,5
ORD-110146,5
ORD-110148,5
ORD-110149,3
ORD-110150,5
ORD-110151,3
ORD-110154,5
ORD-110155,4
ORD-110157,4
ORD-110158,2
ORD-110160,4
ORD-110164,5
ORD-110166,2
ORD-110167,2
ORD-110168,5
ORD-110170,4
ORD-110173,5
ORD-110175,2
ORD-110176,4
ORD-110178,5
ORD-110179,5
ORD-110180,5
ORD-110182,5
ORD-110183,5
ORD-110185,3
ORD-110186,3
ORD-110187,5
ORD-110188,4
ORD-110189,5
ORD-110194,5
ORD-110195,5
ORD-110196,5
ORD-110198,5
ORD-110201,3
ORD-110205,3
ORD-110208,4
ORD-110210,3
ORD-110212,5
ORD-110213,4
ORD-110214,3
ORD-110216,5
ORD-110217,3
ORD-110218,4
ORD-110221,4
ORD-110223,5
ORD-110224,5
ORD-110226,4
ORD-110233,3
ORD-110237,5
ORD-110238,2
ORD-110239,4
ORD-110240,4
ORD-110241,4
ORD-110243,4
ORD-110246,5
ORD-110248,3
ORD-110249,5
ORD-110250,2
ORD-110251,5
ORD-110255,3
ORD-110256,3
ORD-110257,5
ORD-110258,2
ORD-110259,2
ORD-110260,3
ORD-110261,3
ORD-110264,5
ORD-110265,5
ORD-110267,5
ORD-110269,4
ORD-110270,4
ORD-110274,3
ORD-110276,5
ORD-110278,3
ORD-110279,3
ORD-110280,2
ORD-110281,5
ORD-110282,5
ORD-110283,5
ORD-110286,5
ORD-110287,2
ORD-110289,5
ORD-110291,5
ORD-110296,3
ORD-110302,5
ORD-110303,3
ORD-110308,4
ORD-110309,5
ORD-110311,4
ORD-110315,4
ORD-110318,5
ORD-110319,4
ORD-110320,1
ORD-110321,3
ORD-110323,3
ORD-110325,5
ORD-110327,2
ORD-110328,5
ORD-110330,4
ORD-110332,4
ORD-110333,5
ORD-110335,3
ORD-110338,4
ORD-110340,4
ORD-110341,4
ORD-110342,3
ORD-110344,3
ORD-110345,4
ORD-110346,3
ORD-110347,5
ORD-110348,4
ORD-110350,3
ORD-110352,4
ORD-110353,4
ORD-110354,5
ORD-110355,5
ORD-110359,3
ORD-110360,5
ORD-110361,5
ORD-110362,4
ORD-110363,4
ORD-110367,5
ORD-110369,4
ORD-110370,4
ORD-110371,5
ORD-110374,1
ORD-110377,5
ORD-110378,4
ORD-110379,4
ORD-110381,3
ORD-110382,4
ORD-110383,5
ORD-110385,3
ORD-110388,2
ORD-110389,4
ORD-110390,3
ORD-110395,5
ORD-110396,4
ORD-110397,4
ORD-110398,4
ORD-110400,4
ORD-110401,5
ORD-110403,5
ORD-110404,5
ORD-110405,5
ORD-110406,4
ORD-110408,5
ORD-110409,4
ORD-110410,3
ORD-110413,4
ORD-110416,5
ORD-110418,5
ORD-110421,5
ORD-110429,4
ORD-110431,5
ORD-110432,4
ORD-110434,5
ORD-110435,5
ORD-110438,3
ORD-110440,5
ORD-110441,5
ORD-110443,5
ORD-110444,3
ORD-110445,4
ORD-110447,4
ORD-110453,3
ORD-110456,4
ORD-110458,5
ORD-110459,2
ORD-110460,3
ORD-110461,5
ORD-110462,3
ORD-110463,5
ORD-110464,4
ORD-110465,5
ORD-110466,4
ORD-110468,2
ORD-110470,4
ORD-110475,1
ORD-110476,5
ORD-110477,3
ORD-110483,2
ORD-110484,3
ORD-110485,4
ORD-110486,4
ORD-110487,5
ORD-110491,5
ORD-110493,5
ORD-110494,4
ORD-110495,4
ORD-110496,3
ORD-110497,3
ORD-110498,4
ORD-110502,5
ORD-110503,5
ORD-110504,2
ORD-110506,4
ORD-110507,4
ORD-110508,5
ORD-110513,5
ORD-110514,2
ORD-110515,4
ORD-110516,5
ORD-110517,4
ORD-110518,2
ORD-110521,5
ORD-110523,5
ORD-110527,5
ORD-110528,5
ORD-110529,3
ORD-110530,4
ORD-110531,4
ORD-110532,5
ORD-110533,4
ORD-110534,5
ORD-110539,4
ORD-110541,4
ORD-110542,3
ORD-110543,5
ORD-110546,5
ORD-110548,5
ORD-110549,4
ORD-110550,3
ORD-110552,5
ORD-110554,5
ORD-110555,5
ORD-110557,3
ORD-110559,5
ORD-110561,5
ORD-110570,5
ORD-110572,5
ORD-110580,5
ORD-110584,2
ORD-110585,4
ORD-110587,5
ORD-110588,5
ORD-110590,5
ORD-110593,5
ORD-110594,4
ORD-110595,5
ORD-110598,5
ORD-110599,4
ORD-110600,5
ORD-110601,4
ORD-110602,5
ORD-110603,5
ORD-110607,5
ORD-110610,4
ORD-110613,4
ORD-110617,5
ORD-110618,4
ORD-110620,2
ORD-110622,1
ORD-110623,5
ORD-110624,5
ORD-110625,5
ORD-110626,5
ORD-110629,2
ORD-110632,5
ORD-110633,4
ORD-110635,5
ORD-110636,4
ORD-110639,2
ORD-110640,1
ORD-110642,5
ORD-110644,4
ORD-110645,4
ORD-110646,4
ORD-110647,5
ORD-110651,2
ORD-110652,3
ORD-110653,5
ORD-110656,4
ORD-110659,4
ORD-110660,3
ORD-110661,5
ORD-110662,1
ORD-110664,5
ORD-110665,5
ORD-110666,5
ORD-110667,5
ORD-110669,5
ORD-110670,4
ORD-110671,4
ORD-110672,5
ORD-110675,5
ORD-110677,3
ORD-110678,5
ORD-110679,5
ORD-110680,3
ORD-110682,5
ORD-110684,5
ORD-110687,5
ORD-110688,5
ORD-110689,5
ORD-110690,3
ORD-110691,5
ORD-110692,4
ORD-110693,4
ORD-110694,5
ORD-110695,3
ORD-110696,4
ORD-110697,5
ORD-110700,5
ORD-110707,5
ORD-110708,3
ORD-110710,5
ORD-110711,4
ORD-110712,5
ORD-110715,5
ORD-110716,5
ORD-110718,5
ORD-110719,5
ORD-110723,1
ORD-110724,4
ORD-110725,5
ORD-110726,4
ORD-110727,5
ORD-110732,5
ORD-110733,3
ORD-110736,5
ORD-110741,5
ORD-110744,3
ORD-110747,5
ORD-110748,4
ORD-110749,4
ORD-110751,4
ORD-110754,4
ORD-110755,4
ORD-110758,5
ORD-110760,5
ORD-110761,3
ORD-110762,3
ORD-110763,4
ORD-110764,5
ORD-110765,5
ORD-110767,4
ORD-110768,5
ORD-110769,5
ORD-110770,4
ORD-110773,2
ORD-110774,2
ORD-110775,5
ORD-110776,4
ORD-110781,5
ORD-110782,5
ORD-110784,3
ORD-110787,2
ORD-110790,5
ORD-110791,5
ORD-110794,5
ORD-110796,5
ORD-110797,5
ORD-110799,3
ORD-110800,3
ORD-110801,2
ORD-110803,5
ORD-110806,4
ORD-110809,4
ORD-110811,5
ORD-110812,5
ORD-110814,5
ORD-110816,3
ORD-110818,4
ORD-110820,3
ORD-110821,4
ORD-110824,2
ORD-110825,5
ORD-110827,5
ORD-110832,4
ORD-110834,1
ORD-110835,5
ORD-110836,4
ORD-110838,5
ORD-110839,5
ORD-110842,2
ORD-110843,5
ORD-110844,4
ORD-110850,4
ORD-110851,5
ORD-110856,3
ORD-110857,4
ORD-110858,5
ORD-110860,5
ORD-110861,4
ORD-110862,4
ORD-110863,2
ORD-110864,5
ORD-110866,2
ORD-110867,5
ORD-110868,3
ORD-110871,5
ORD-110872,5
ORD-110874,4
ORD-110875,4
ORD-110879,3
ORD-110880,5
ORD-110882,4
ORD-110884,2
ORD-110885,5
ORD-110886,2
ORD-110887,5
ORD-110889,5
ORD-110892,5
ORD-110893,5
ORD-110894,3
ORD-110896,3
ORD-110900,5
ORD-110901,4
ORD-110902,5
ORD-110903,5
ORD-110911,5
ORD-110912,3
ORD-110913,5
ORD-110914,3
ORD-110915,4
ORD-110916,4
ORD-110917,2
ORD-110918,3
ORD-110919,2
ORD-110921,4
ORD-110923,4
ORD-110924,5
ORD-110925,4
ORD-110926,4
ORD-110927,5
ORD-110931,4
ORD-110932,4
ORD-110933,5
ORD-110934,5
ORD-110935,5
ORD-110936,5
ORD-110937,5
ORD-110938,5
ORD-110939,5
ORD-110940,5
ORD-110941,5
ORD-110942,4
ORD-110943,5
ORD-110946,5
ORD-110948,4
ORD-110949,5
ORD-110952,4
ORD-110953,4
ORD-110954,5
ORD-110955,4
ORD-110957,3
ORD-110958,5
ORD-110961,5
ORD-110962,5
ORD-110963,3
ORD-110964,2
ORD-110966,5
ORD-110967,2
ORD-110970,5
ORD-110971,1
ORD-110973,4
ORD-110976,5
ORD-110977,4
ORD-110978,3
ORD-110981,5
ORD-110982,5
ORD-110983,2
ORD-110984,4
ORD-110986,5
ORD-110989,3
ORD-110990,5
ORD-110991,4
ORD-110992,5
ORD-110997,3
ORD-110999,5
ORD-111000,4
ORD-111002,5
ORD-111003,4
ORD-111006,4
ORD-111009,4
ORD-111010,3
ORD-111013,5
ORD-111015,5
ORD-111016,3
ORD-111020,4
ORD-111022,5
ORD-111026,4
ORD-111027,3
ORD-111033,5
ORD-111035,4
ORD-111036,4
ORD-111038,3
ORD-111040,4
ORD-111041,5
ORD-111042,5
ORD-111045,5
ORD-111046,1
ORD-111048,5
ORD-111049,3
ORD-111053,5
ORD-111055,5
ORD-111057,5
ORD-111059,2
ORD-111061,5
ORD-111065,5
ORD-111066,5
ORD-111067,4
ORD-111068,4
ORD-111070,5
ORD-111073,5
ORD-111074,1
ORD-111075,4
ORD-111078,5
ORD-111080,2
ORD-111082,5
ORD-111086,3
ORD-111087,2
ORD-111091,5
ORD-111094,5
ORD-111096,5
ORD-111097,5
ORD-111102,5
ORD-111104,5
ORD-111110,5
ORD-111112,4
ORD-111115,4
ORD-111121,5
ORD-111122,4
ORD-111123,5
ORD-111127,5
ORD-111128,4
ORD-111133,5
ORD-111134,2
ORD-111135,5
ORD-111136,4
ORD-111138,3
ORD-111140,5
ORD-111141,3
ORD-111143,2
ORD-111145,4
ORD-111146,4
ORD-111148,5
ORD-111151,4
ORD-111152,5
ORD-111159,4
ORD-111162,4
ORD-111164,4
ORD-111168,4
ORD-111170,5
ORD-111173,4
ORD-111181,5
ORD-111183,2
ORD-111185,5
ORD-111187,5
ORD-111191,2
ORD-111193,3
ORD-111196,3
ORD-111198,5
ORD-111199,5
ORD-111200,4
ORD-111202,4
ORD-111204,5
ORD-111205,4
ORD-111213,5
ORD-111216,4
ORD-111220,4
ORD-111222,5
ORD-111223,5
ORD-111224,4
ORD-111225,5
ORD-111226,4
ORD-111227,3
ORD-111228,4
ORD-111231,4
ORD-111234,4
ORD-111236,4
ORD-111243,4
ORD-111244,4
ORD-111245,5
ORD-111246,3
ORD-111247,5
ORD-111249,5
ORD-111250,5
ORD-111251,4
ORD-111254,5
ORD-111256,4
ORD-111257,5
ORD-111258,4
ORD-111260,5
ORD-111262,5
ORD-111263,5
ORD-111266,5
ORD-111269,3
ORD-111271,5
ORD-111273,5
ORD-111276,5
ORD-111277,5
ORD-111280,5
ORD-111281,5
ORD-111282,5
ORD-111286,2
ORD-111292,4
ORD-111294,3
ORD-111298,5
ORD-111300,5
ORD-111301,1
ORD-111302,2
ORD-111303,4
ORD-111305,3
ORD-111306,3
ORD-111308,5
ORD-111313,5
ORD-111316,5
ORD-111317,5
ORD-111319,5
ORD-111321,5
ORD-111322,5
ORD-111323,3
ORD-111324,5
ORD-111327,5
ORD-111330,4
ORD-111335,2
ORD-111336,5
ORD-111337,5
ORD-111338,5
ORD-111341,4
ORD-111344,2
ORD-111346,5
ORD-111347,3
ORD-111348,4
ORD-111350,5
ORD-111351,3
ORD-111354,5
ORD-111355,5
ORD-111356,5
ORD-111357,5
ORD-111358,5
ORD-111359,5
ORD-111360,4
ORD-111363,3
ORD-111364,5
ORD-111368,4
ORD-111370,4
ORD-111372,5
ORD-111374,5
ORD-111376,5
ORD-111377,5
ORD-111379,4
ORD-111380,4
ORD-111387,5
ORD-111388,4
ORD-111390,5
ORD-111391,4
ORD-111392,3
ORD-111393,5
ORD-111396,5
ORD-111397,5
ORD-111399,4
ORD-111402,5
ORD-111404,3
ORD-111407,4
ORD-111408,4
ORD-111409,2
ORD-111410,4
ORD-111411,5
ORD-111412,4
ORD-111413,3
ORD-111414,5
ORD-111415,5
ORD-111416,4
ORD-111418,2
ORD-111419,5
ORD-111420,5
ORD-111421,5
ORD-111422,3
ORD-111423,2
ORD-111425,4
ORD-111426,3
ORD-111431,5
ORD-111433,5
ORD-111434,5
ORD-111436,5
ORD-111437,5
ORD-111438,3
ORD-111440,4
ORD-111442,5
ORD-111444,5
ORD-111445,5
ORD-111447,3
ORD-111448,3
ORD-111449,5
ORD-111450,5
ORD-111454,3
ORD-111457,4
ORD-111459,4
ORD-111460,4
ORD-111463,5
ORD-111466,4
ORD-111468,3
ORD-111469,4
ORD-111470,5
ORD-111471,4
ORD-111472,5
ORD-111473,4
ORD-111475,5
ORD-111477,2
ORD-111479,4
ORD-111481,5
ORD-111482,5
ORD-111483,4
ORD-111485,2
ORD-111488,4
ORD-111490,3
ORD-111493,1
ORD-111494,4
ORD-111495,4
ORD-111496,5
ORD-111497,4
ORD-111498,5
ORD-111500,5
ORD-111503,5
ORD-111507,5
ORD-111509,4
ORD-111512,4
ORD-111514,4
ORD-111516,4
ORD-111518,3
ORD-111519,5
ORD-111520,5
ORD-111522,5
ORD-111525,4
ORD-111527,3
ORD-111528,4
ORD-111529,5
ORD-111530,4
ORD-111531,5
ORD-111532,1
ORD-111535,5
ORD-111536,5
ORD-111537,5
ORD-111538,5
ORD-111539,4
ORD-111542,5
ORD-111543,2
ORD-111545,2
ORD-111546,5
ORD-111547,4
ORD-111548,5
ORD-111549,1
ORD-111551,5
ORD-111553,5
ORD-111554,5
ORD-111555,3
ORD-111558,4
ORD-111559,5
ORD-111560,5
ORD-111561,5
ORD-111562,4
ORD-111563,4
ORD-111566,3
ORD-111567,5
ORD-111569,5
ORD-111570,5
ORD-111571,4
ORD-111574,4
ORD-111575,5
ORD-111576,5
ORD-111578,5
ORD-111579,4
ORD-111581,4
ORD-111582,5
ORD-111583,2
ORD-111584,4
ORD-111585,4
ORD-111586,4
ORD-111588,5
ORD-111590,4
ORD-111591,2
ORD-111593,4
ORD-111597,5
ORD-111598,5
ORD-111600,4
ORD-111601,5
ORD-111602,5
ORD-111604,5
ORD-111605,3
ORD-111606,3
ORD-111608,4
ORD-111609,3
ORD-111610,5
ORD-111611,4
ORD-111613,2
ORD-111614,4
ORD-111615,5
ORD-111620,5
ORD-111621,5
ORD-111622,4
ORD-111624,5
ORD-111627,5
ORD-111628,4
ORD-111629,5
ORD-111630,5
ORD-111631,4
ORD-111634,4
ORD-111635,4
ORD-111636,4
ORD-111638,4
ORD-111639,5
ORD-111640,5
ORD-111642,2
ORD-111644,2
ORD-111647,5
ORD-111651,4
ORD-111652,5
ORD-111653,3
ORD-111654,3
ORD-111657,5
ORD-111658,4
ORD-111661,4
ORD-111662,3
ORD-111663,4
ORD-111664,5
ORD-111665,4
ORD-111666,5
ORD-111667,4
ORD-111669,5
ORD-111670,4
ORD-111671,4
ORD-111672,2
ORD-111674,4
ORD-111675,4
ORD-111676,5
ORD-111677,5
ORD-111679,5
ORD-111680,5
ORD-111681,5
ORD-111682,5
ORD-111684,5
ORD-111689,5
ORD-111691,4
ORD-111693,3
ORD-111696,5
ORD-111697,4
ORD-111698,4
ORD-111699,5
ORD-111700,4
ORD-111702,5
ORD-111703,3
ORD-111704,5
ORD-111705,3
ORD-111706,1
ORD-111707,3
ORD-111708,2
ORD-111711,5
ORD-111715,3
ORD-111717,2
ORD-111721,5
ORD-111722,3
ORD-111724,4
ORD-111728,1
ORD-111729,5
ORD-111731,4
ORD-111734,5
ORD-111736,4
ORD-111738,5
ORD-111740,3
ORD-111741,3
ORD-111742,4
ORD-111745,2
ORD-111748,5
ORD-111751,5
ORD-111754,3
ORD-111755,5
ORD-111756,5
ORD-111760,3
ORD-111763,5
ORD-111764,3
ORD-111765,5
ORD-111768,5
ORD-111769,5
ORD-111770,2
ORD-111771,3
ORD-111772,3
ORD-111776,5
ORD-111777,5
ORD-111778,4
ORD-111785,5
ORD-111787,4
ORD-111789,5
ORD-111794,5
ORD-111795,4
ORD-111797,5
ORD-111799,5
ORD-111804,4
ORD-111806,5
ORD-111808,5
ORD-111809,5
ORD-111811,5
ORD-111813,5
ORD-111816,4
ORD-111817,2
ORD-111819,5
ORD-111823,5
ORD-111824,1
ORD-111826,5
ORD-111828,5
ORD-111830,5
ORD-111831,4
ORD-111833,5
ORD-111835,5
ORD-111836,5
ORD-111837,5
ORD-111838,4
ORD-111839,3
ORD-111840,4
ORD-111843,5
ORD-111844,4
ORD-111849,5
ORD-111851,4
ORD-111852,3
ORD-111853,4
ORD-111854,3
ORD-111855,4
ORD-111857,4
ORD-111859,5
ORD-111863,3
ORD-111865,5
ORD-111868,4
ORD-111871,5
ORD-111872,4
ORD-111876,3
ORD-111877,5
ORD-111879,5
ORD-111883,4
ORD-111884,5
ORD-111885,5
ORD-111889,5
ORD-111890,5
ORD-111892,1
ORD-111893,5
ORD-111894,5
ORD-111896,5
ORD-111897,4
ORD-111898,4
ORD-111901,5
ORD-111902,4
ORD-111904,5
ORD-111905,5
ORD-111908,3
ORD-111909,5
ORD-111912,3
ORD-111914,2
ORD-111917,5
ORD-111919,5
ORD-111921,3
ORD-111922,5
ORD-111924,3
ORD-111925,5
ORD-111931,5
ORD-111934,4
ORD-111935,5
ORD-111937,5
ORD-111938,5
ORD-111939,5
ORD-111940,4
ORD-111941,2
ORD-111942,4
ORD-111943,5
ORD-111944,2
ORD-111945,4
ORD-111948,4
ORD-111949,5
ORD-111951,5
ORD-111954,4
ORD-111955,4
ORD-111956,2
ORD-111957,5
ORD-111962,4
ORD-111963,5
ORD-111965,4
ORD-111966,4
ORD-111967,3
ORD-111972,5
ORD-111973,1
ORD-111975,5
ORD-111976,3
ORD-111977,5
ORD-111980,3
ORD-111982,5
ORD-111983,3
ORD-111985,4
ORD-111989,5
ORD-111990,4
ORD-111992,2
ORD-111993,3
ORD-111994,5
ORD-111995,5
ORD-111996,4
ORD-111997,5
ORD-111999,5
ORD-112001,2
ORD-112002,5
ORD-112004,4
ORD-112005,5
ORD-112007,4
ORD-112008,4
ORD-112011,5
ORD-112012,4
ORD-112015,3
ORD-112020,3
ORD-112021,4
ORD-112023,5
ORD-112026,3
ORD-112027,5
ORD-112028,3
ORD-112030,5
ORD-112033,2
ORD-112037,5
ORD-112038,5
ORD-112040,3
ORD-112041,5
ORD-112042,5
ORD-112043,5
ORD-112044,2
ORD-112045,5
ORD-112050,5
ORD-112052,4
ORD-112053,5
ORD-112054,5
ORD-112055,5
ORD-112058,3
ORD-112059,3
ORD-112061,5
ORD-112063,5
ORD-112064,4
ORD-112067,5
ORD-112068,5
ORD-112071,5
ORD-112075,4
ORD-112076,4
ORD-112077,5
ORD-112082,5
ORD-112083,4
ORD-112084,4
ORD-112085,4
ORD-112086,5
ORD-112088,3
ORD-112089,3
ORD-112091,5
ORD-112093,5
ORD-112095,5
ORD-112097,4
ORD-112100,5
ORD-112101,2
ORD-112103,2
ORD-112104,3
ORD-112105,4
ORD-112106,4
ORD-112108,5
ORD-112110,5
ORD-112111,5
ORD-112114,3
ORD-112115,4
ORD-112116,2
ORD-112117,5
ORD-112121,4
ORD-112122,5
ORD-112126,5
ORD-112133,4
ORD-112134,5
ORD-112137,5
ORD-112139,5
ORD-112140,5
ORD-112141,3
ORD-112145,4
ORD-112149,5
ORD-112153,5
ORD-112155,5
ORD-112159,4
ORD-112160,5
ORD-112162,4
ORD-112163,4
ORD-112164,3
ORD-112165,5
ORD-112166,4
ORD-112167,4
ORD-112168,5
ORD-112169,2
ORD-112170,5
ORD-112171,4
ORD-112172,3
ORD-112177,4
ORD-112179,2
ORD-112183,5
ORD-112184,4
ORD-112186,5
ORD-112188,4
ORD-112191,4
ORD-112192,4
ORD-112194,5
ORD-112196,2
ORD-112197,5
ORD-112198,5
ORD-112200,4
ORD-112202,5
ORD-112203,5
ORD-112204,5
ORD-112207,5
ORD-112209,4
ORD-112210,3
ORD-112211,4
ORD-112212,4
ORD-112213,5
ORD-112214,4
ORD-112215,4
ORD-112216,5
ORD-112217,4
ORD-112218,5
ORD-112222,5
ORD-112223,5
ORD-112224,5
ORD-112228,4
ORD-112230,5
ORD-112231,4
ORD-112232,5
ORD-112233,4
ORD-112234,4
ORD-112236,4
ORD-112237,5
ORD-112240,5
ORD-112244,3
ORD-112245,5
ORD-112247,5
ORD-112249,4
ORD-112251,4
ORD-112252,5
ORD-112254,2
ORD-112258,4
ORD-112259,4
ORD-112261,5
ORD-112264,1
ORD-112269,5
ORD-112270,4
ORD-112272,2
ORD-112273,5
ORD-112274,3
ORD-112277,3
ORD-112278,5
ORD-112279,2
ORD-112280,5
ORD-112281,3
ORD-112283,4
ORD-112285,5
ORD-112286,3
ORD-112287,5
ORD-112288,5
ORD-112290,4
ORD-112291,5
ORD-112293,4
ORD-112296,5
ORD-112297,3
ORD-112298,5
ORD-112301,4
ORD-112302,5
ORD-112303,5
ORD-112306,5
ORD-112308,5
ORD-112310,5
ORD-112312,5
ORD-112315,5
ORD-112316,5
ORD-112319,5
ORD-112320,3
ORD-112321,5
ORD-112322,4
ORD-112325,5
ORD-112328,4
ORD-112329,5
ORD-112332,4
ORD-112333,5
ORD-112334,4
ORD-112335,5
ORD-112336,3
ORD-112337,4
ORD-112338,2
ORD-112340,5
ORD-112341,4
ORD-112343,2
ORD-112345,4
ORD-112346,5
ORD-112347,5
ORD-112348,5
ORD-112349,5
ORD-112351,5
ORD-112352,2
ORD-112354,5
ORD-112355,2
ORD-112356,5
ORD-112362,4
ORD-112363,5
ORD-112365,5
ORD-112367,4
ORD-112368,4
ORD-112369,5
ORD-112371,4
ORD-112373,5
ORD-112374,5
ORD-112375,3
ORD-112376,4
ORD-112378,4
ORD-112379,4
ORD-112380,5
ORD-112382,5
ORD-112383,4
ORD-112384,1
ORD-112385,4
ORD-112386,5
ORD-112390,3
ORD-112393,4
ORD-112396,5
ORD-112397,4
ORD-112399,4
ORD-112400,4
ORD-112401,3
ORD-112402,5
ORD-112404,3
ORD-112405,4
ORD-112407,5
ORD-112409,5
ORD-112416,5
ORD-112417,5
ORD-112421,2
ORD-112424,1
ORD-112425,4
ORD-112430,5
ORD-112431,5
ORD-112432,5
ORD-112435,4
ORD-112436,5
ORD-112438,1
ORD-112439,5
ORD-112440,5
ORD-112441,5
ORD-112442,2
ORD-112443,5
ORD-112445,1
ORD-112447,5
ORD-112448,5
ORD-112449,5
ORD-112453,5
ORD-112454,5
ORD-112457,5
ORD-112458,5
ORD-112462,2
ORD-112465,5
ORD-112466,3
ORD-112468,4
ORD-112470,4
ORD-112473,5
ORD-112477,1
ORD-112478,5
ORD-112480,5
ORD-112482,3
ORD-112484,5
ORD-112485,5
ORD-112486,5
ORD-112488,5
ORD-112489,4
ORD-112491,5
ORD-112492,5
ORD-112494,5
ORD-112496,3
ORD-112498,5
ORD-112501,5
ORD-112504,4
ORD-112508,4
ORD-112510,2
ORD-112511,4
ORD-112512,2
ORD-112513,3
ORD-112516,3
ORD-112517,5
ORD-112519,5
ORD-112520,5
ORD-112522,5
ORD-112525,5
ORD-112528,4
ORD-112529,4
ORD-112531,5
ORD-112533,2
ORD-112534,4
ORD-112535,2
ORD-112536,5
ORD-112537,5
ORD-112538,3
ORD-112539,4
ORD-112541,5
ORD-112542,5
ORD-112545,5
ORD-112547,5
ORD-112550,5
ORD-112551,4
ORD-112553,3
ORD-112555,5
ORD-112559,4
ORD-112560,5
ORD-112561,4
ORD-112563,3
ORD-112564,5
ORD-112567,5
ORD-112569,4
ORD-112570,5
ORD-112571,4
ORD-112576,5
ORD-112579,5
ORD-112582,4
ORD-112584,1
ORD-112585,2
ORD-112588,5
ORD-112592,5
ORD-112593,2
ORD-112594,4
ORD-112595,4
ORD-112596,3
ORD-112599,5
ORD-112600,4
ORD-112604,5
ORD-112611,4
ORD-112612,5
ORD-112614,4
ORD-112615,4
ORD-112616,2
ORD-112617,5
ORD-112618,5
ORD-112621,5
ORD-112622,4
ORD-112626,1
ORD-112628,4
ORD-112629,3
ORD-112630,5
ORD-112631,2
ORD-112633,1
ORD-112634,2
ORD-112641,2
ORD-112644,5
ORD-112645,5
ORD-112647,4
ORD-112648,4
ORD-112649,3
ORD-112650,5
ORD-112652,4
ORD-112653,5
ORD-112654,5
ORD-112655,5
ORD-112657,5
ORD-112662,2
ORD-112664,5
ORD-112666,4
ORD-112667,3
ORD-112668,4
ORD-112669,3
ORD-112671,3
ORD-112674,5
ORD-112676,5
ORD-112679,3
ORD-112681,5
ORD-112683,3
ORD-112684,4
ORD-112685,5
ORD-112690,5
ORD-112692,5
ORD-112694,2
ORD-112695,5
ORD-112696,5
ORD-112697,5
ORD-112698,5
ORD-112699,5
ORD-112703,5
ORD-112705,5
ORD-112706,3
ORD-112708,4
ORD-112710,4
ORD-112712,4
ORD-112713,5
ORD-112715,4
ORD-112716,5
ORD-112717,4
ORD-112718,5
ORD-112720,4
ORD-112721,5
ORD-112723,4
ORD-112725,5
ORD-112726,5
ORD-112727,5
ORD-112728,4
ORD-112729,3
ORD-112730,4
ORD-112732,5
ORD-112733,3
ORD-112735,5
ORD-112739,4
ORD-112740,2
ORD-112741,4
ORD-112742,5
ORD-112743,5
ORD-112744,4
ORD-112745,5
ORD-112748,5
ORD-112750,5
ORD-112753,5
ORD-112755,5
ORD-112758,4
ORD-112759,5
ORD-112760,2
ORD-112763,4
ORD-112764,2
ORD-112767,2
ORD-112769,4
ORD-112770,5
ORD-112774,3
ORD-112775,2
ORD-112776,4
ORD-112779,5
ORD-112780,2
ORD-112781,5
ORD-112783,3
ORD-112784,5
ORD-112786,5
ORD-112787,4
ORD-112788,5
ORD-112789,4
ORD-112793,5
ORD-112794,5
ORD-112796,5
ORD-112797,3
ORD-112798,2
ORD-112800,5
ORD-112801,5
ORD-112802,3
ORD-112804,4
ORD-112805,5
ORD-112806,3
ORD-112807,5
ORD-112808,5
ORD-112809,2
ORD-112810,1
ORD-112813,5
ORD-112814,5
ORD-112816,5
ORD-112817,5
ORD-112818,5
ORD-112819,5
ORD-112820,5
ORD-112821,5
ORD-112824,5
ORD-112827,4
ORD-112831,5
ORD-112832,4
ORD-112833,3
ORD-112834,3
ORD-112835,5
ORD-112836,2
ORD-112837,5
ORD-112838,5
ORD-112842,4
ORD-112844,5
ORD-112846,4
ORD-112847,3
ORD-112849,4
ORD-112850,3
ORD-112851,4
ORD-112852,4
ORD-112855,5
ORD-112856,3
ORD-112858,4
ORD-112859,5
ORD-112860,1
ORD-112861,5
ORD-112862,4
ORD-112868,5
ORD-112870,5
ORD-112871,3
ORD-112872,4
ORD-112873,5
ORD-112874,5
ORD-112875,2
ORD-112876,5
ORD-112878,4
ORD-112879,3
ORD-112880,3
ORD-112881,5
ORD-112886,5
ORD-112887,4
ORD-112888,5
ORD-112889,3
ORD-112891,5
ORD-112892,3
ORD-112893,5
ORD-112898,4
ORD-112901,4
ORD-112902,5
ORD-112903,5
ORD-112908,5
ORD-112911,5
ORD-112914,4
ORD-112915,4
ORD-112917,5
ORD-112920,5
ORD-112923,5
ORD-112924,5
ORD-112926,5
ORD-112927,5
ORD-112930,5
ORD-112931,5
ORD-112932,2
ORD-112933,1
ORD-112934,3
ORD-112937,4
ORD-112938,5
ORD-112940,4
ORD-112942,5
ORD-112943,5
ORD-112944,4
ORD-112947,3
ORD-112949,4
ORD-112951,5
ORD-112955,5
ORD-112957,5
ORD-112959,4
ORD-112962,5
ORD-112966,5
ORD-112968,5
ORD-112969,5
ORD-112970,5
ORD-112972,3
ORD-112973,5
ORD-112975,5
ORD-112976,4
ORD-112977,5
ORD-112979,3
ORD-112980,4
ORD-112985,3
ORD-112987,5
ORD-112988,4
ORD-112989,2
ORD-112990,5
ORD-112992,2
ORD-112993,3
ORD-112994,4
ORD-112995,5
ORD-113000,5
ORD-113001,5
ORD-113002,4
ORD-113003,3
ORD-113005,4
ORD-113006,5
ORD-113007,5
ORD-113008,5
ORD-113009,4
ORD-113010,5
ORD-113012,5
ORD-113015,5
ORD-113018,5
ORD-113019,3
ORD-113020,5
ORD-113021,5
ORD-113024,5
ORD-113026,5
ORD-113027,3
ORD-113030,1
ORD-113032,4
ORD-113033,4
ORD-113035,3
ORD-113036,5
ORD-113038,4
ORD-113039,4
ORD-113040,5
ORD-113042,5
ORD-113044,3
ORD-113045,5
ORD-113047,5
ORD-113048,2
ORD-113051,3
ORD-113052,4
ORD-113053,5
ORD-113056,5
ORD-113059,1
ORD-113060,5
ORD-113061,5
ORD-113062,5
ORD-113064,3
ORD-113066,3
ORD-113067,5
ORD-113070,4
ORD-113072,5
ORD-113077,3
ORD-113079,5
ORD-113080,3
ORD-113083,3
ORD-113084,5
ORD-113086,5
ORD-113087,3
ORD-113088,5
ORD-113094,5
ORD-113095,5
ORD-113096,5
ORD-113098,5
ORD-113101,5
ORD-113102,5
ORD-113104,5
ORD-113106,4
ORD-113107,5
ORD-113109,4
ORD-113111,4
ORD-113112,3
ORD-113114,2
ORD-113118,2
ORD-113119,4
ORD-113121,4
ORD-113122,5
ORD-113123,4
ORD-113124,5
ORD-113125,4
ORD-113129,5
ORD-113130,5
ORD-113132,5
ORD-113134,5
ORD-113135,5
ORD-113136,5
ORD-113139,4
ORD-113140,4
ORD-113141,4
ORD-113145,4
ORD-113148,4
ORD-113151,5
ORD-113152,2
ORD-113153,4
ORD-113154,4
ORD-113157,4
ORD-113158,2
ORD-113160,3
ORD-113161,2
ORD-113163,2
ORD-113167,4
ORD-113168,4
ORD-113169,5
ORD-113170,3
ORD-113171,3
ORD-113174,5
ORD-113176,4
ORD-113184,3
ORD-113185,4
ORD-113187,5
ORD-113189,2
ORD-113192,5
ORD-113193,3
ORD-113195,5
ORD-113196,5
ORD-113197,4
ORD-113199,5
ORD-113200,4
ORD-113201,4
ORD-113203,4
ORD-113204,3
ORD-113207,5
ORD-113208,5
ORD-113209,5
ORD-113211,5
ORD-113213,4
ORD-113217,5
ORD-113218,5
ORD-113220,4
ORD-113221,5
ORD-113222,3
ORD-113223,4
ORD-113225,4
ORD-113229,3
ORD-113232,5
ORD-113235,5
ORD-113244,4
ORD-113245,5
ORD-113248,5
ORD-113251,3
ORD-113254,4
ORD-113255,4
ORD-113259,1
ORD-113261,2
ORD-113263,5
ORD-113268,5
ORD-113269,3
ORD-113270,5
ORD-113274,5
ORD-113279,2
ORD-113280,4
ORD-113284,3
ORD-113286,4
ORD-113287,3
ORD-113289,4
ORD-113291,5
ORD-113296,3
ORD-113297,4
ORD-113300,3
ORD-113301,4
ORD-113303,4
ORD-113304,5
ORD-113305,4
ORD-113308,4
ORD-113311,2
ORD-113314,5
ORD-113316,3
ORD-113317,3
ORD-113319,4
ORD-113320,4
ORD-113322,5
ORD-113323,3
ORD-113324,5
ORD-113325,3
ORD-113326,5
ORD-113327,3
ORD-113329,5
ORD-113330,4
ORD-113331,5
ORD-113332,5
ORD-113335,5
ORD-113336,2
ORD-113337,5
ORD-113339,1
ORD-113340,1
ORD-113341,5
ORD-113342,5
ORD-113343,5
ORD-113344,2
ORD-113345,4
ORD-113347,5
ORD-113348,4
ORD-113349,5
ORD-113351,5
ORD-113352,4
ORD-113353,5
ORD-113354,3
ORD-113356,5
ORD-113357,5
ORD-113358,5
ORD-113361,5
ORD-113362,4
ORD-113364,2
ORD-113366,5
ORD-113369,5
ORD-113370,5
ORD-113371,5
ORD-113372,5
ORD-113373,4
ORD-113375,4
ORD-113376,5
ORD-113378,2
ORD-113379,5
ORD-113380,5
ORD-113381,5
ORD-113383,5
ORD-113384,5
ORD-113385,5
ORD-113386,3
ORD-113388,5
ORD-113390,5
ORD-113391,5
ORD-113393,1
ORD-113394,5
ORD-113396,3
ORD-113403,5
ORD-113404,4
ORD-113406,4
ORD-113409,3
ORD-113410,5
ORD-113411,3
ORD-113412,2
ORD-113413,5
ORD-113414,4
ORD-113417,5
ORD-113419,4
ORD-113420,5
ORD-113421,4
ORD-113422,4
ORD-113425,5
ORD-113427,5
ORD-113430,5
ORD-113431,4
ORD-113434,5
ORD-113435,4
ORD-113436,5
ORD-113437,5
ORD-113438,5
ORD-113440,5
ORD-113441,5
ORD-113442,5
ORD-113443,4
ORD-113444,5
ORD-113445,5
ORD-113448,4
ORD-113451,5
ORD-113452,4
ORD-113453,4
ORD-113454,5
ORD-113457,5
ORD-113459,5
ORD-113460,5
ORD-113462,5
ORD-113467,5
ORD-113468,4
ORD-113469,3
ORD-113470,4
ORD-113471,5
ORD-113472,2
ORD-113473,4
ORD-113474,3
ORD-113475,4
ORD-113476,3
ORD-113478,5
ORD-113479,5
ORD-113480,5
ORD-113483,5
ORD-113485,5
ORD-113488,2
ORD-113490,5
ORD-113494,5
ORD-113495,5
ORD-113498,5
ORD-113499,5
ORD-113501,4
ORD-113504,5
ORD-113509,2
ORD-113510,4
ORD-113513,2
ORD-113514,5
ORD-113515,4
ORD-113518,2
ORD-113519,5
ORD-113520,4
ORD-113522,5
ORD-113526,4
ORD-113527,5
ORD-113531,2
ORD-113533,4
ORD-113534,4
ORD-113535,5
ORD-113536,4
ORD-113539,5
ORD-113541,5
ORD-113549,5
ORD-113553,4
ORD-113555,4
ORD-113557,3
ORD-113558,5
ORD-113559,5
ORD-113561,4
ORD-113562,2
ORD-113563,4
ORD-113565,5
ORD-113566,2
ORD-113567,4
ORD-113568,4
ORD-113569,5
ORD-113570,5
ORD-113571,4
ORD-113572,4
ORD-113577,5
ORD-113578,5
ORD-113580,5
ORD-113582,5
ORD-113584,4
ORD-113585,5
ORD-113589,4
ORD-113590,5
ORD-113592,5
ORD-113593,5
ORD-113594,5
ORD-113595,4
ORD-113597,3
ORD-113598,5
ORD-113600,5
ORD-113604,3
ORD-113605,5
ORD-113606,5
ORD-113609,5
ORD-113610,4
ORD-113612,5
ORD-113613,5
ORD-113615,5
ORD-113616,5
ORD-113617,2
ORD-113619,2
ORD-113621,5
ORD-113622,5
ORD-113624,5
ORD-113625,5
ORD-113626,3
ORD-113627,5
ORD-113628,4
ORD-113629,5
ORD-113630,5
ORD-113632,4
ORD-113635,4
ORD-113639,5
ORD-113645,4
ORD-113648,5
ORD-113649,4
ORD-113650,3
ORD-113651,4
ORD-113652,2
ORD-113654,5
ORD-113655,4
ORD-113656,3
ORD-113657,5
ORD-113658,3
ORD-113660,5
ORD-113662,5
ORD-113664,4
ORD-113665,5
ORD-113666,2
ORD-113668,2
ORD-113670,3
ORD-113673,4
ORD-113674,5
ORD-113675,4
ORD-113676,5
ORD-113677,5
ORD-113679,4
ORD-113680,5
ORD-113683,4
ORD-113684,5
ORD-113687,2
ORD-113688,2
ORD-113690,3
ORD-113691,5
ORD-113694,5
ORD-113697,3
ORD-113699,2
ORD-113700,3
ORD-113703,5
ORD-113704,4
ORD-113709,4
ORD-113710,5
ORD-113712,1
ORD-113714,4
ORD-113718,4
ORD-113719,5
ORD-113720,5
ORD-113721,3
ORD-113726,5
ORD-113728,4
ORD-113729,4
ORD-113730,4
ORD-113736,4
ORD-113737,5
ORD-113739,5
ORD-113741,5
ORD-113744,5
ORD-113746,2
ORD-113750,4
ORD-113752,5
ORD-113753,5
ORD-113755,4
ORD-113757,4
ORD-113758,5
ORD-113759,1
ORD-113760,5
ORD-113761,5
ORD-113762,4
ORD-113764,4
ORD-113766,4
ORD-113770,5
ORD-113771,3
ORD-113773,4
ORD-113775,1
ORD-113777,4
ORD-113778,3
ORD-113780,5
ORD-113782,5
ORD-113784,5
ORD-113785,5
ORD-113787,4
ORD-113791,5
ORD-113793,3
ORD-113795,5
ORD-113796,4
ORD-113797,5
ORD-113802,5
ORD-113804,4
ORD-113806,5
ORD-113807,5
ORD-113809,5
ORD-113812,3
ORD-113814,5
ORD-113815,5
ORD-113817,5
ORD-113818,4
ORD-113823,5
ORD-113824,5
ORD-113825,5
ORD-113826,4
ORD-113830,3
ORD-113832,5
ORD-113835,5
ORD-113836,3
ORD-113837,4
ORD-113841,4
ORD-113842,5
ORD-113843,2
ORD-113846,5
ORD-113847,3
ORD-113852,5
ORD-113854,5
ORD-113855,5
ORD-113859,5
ORD-113860,5
ORD-113861,5
ORD-113863,4
ORD-113864,4
ORD-113865,4
ORD-113866,5
ORD-113867,5
ORD-113868,5
ORD-113869,5
ORD-113871,4
ORD-113874,3
ORD-113879,5
ORD-113881,5
ORD-113882,5
ORD-113883,5
ORD-113887,4
ORD-113888,2
ORD-113890,4
ORD-113892,1
ORD-113893,5
ORD-113894,2
ORD-113895,4
ORD-113896,2
ORD-113898,4
ORD-113899,3
ORD-113900,4
ORD-113901,2
ORD-113903,5
ORD-113909,3
ORD-113912,5
ORD-113913,5
ORD-113914,5
ORD-113915,3
ORD-113916,5
ORD-113917,5
ORD-113918,3
ORD-113919,3
ORD-113922,4
ORD-113923,2
ORD-113925,4
ORD-113928,3
ORD-113929,4
ORD-113930,5
ORD-113931,2
ORD-113932,3
ORD-113935,4
ORD-113936,5
ORD-113937,4
ORD-113938,2
ORD-113939,5
ORD-113940,4
ORD-113941,5
ORD-113943,5
ORD-113945,3
ORD-113947,5
ORD-113948,5
ORD-113949,3
ORD-113950,2
ORD-113952,4
ORD-113955,5
ORD-113956,5
ORD-113958,1
ORD-113960,5
ORD-113961,4
ORD-113962,4
ORD-113963,5
ORD-113964,3
ORD-113966,5
ORD-113969,5
ORD-113971,5
ORD-113972,5
ORD-113973,5
ORD-113977,3
ORD-113978,5
ORD-113979,4
ORD-113982,3
ORD-113984,2
ORD-113985,4
ORD-113986,3
ORD-113987,3
ORD-113988,4
ORD-113989,3
ORD-113990,5
ORD-113993,3
ORD-113995,5
ORD-113997,4
ORD-113999,3
ORD-114000,4
ORD-114001,2
ORD-114004,5
ORD-114005,4
ORD-114006,2
ORD-114010,3
ORD-114015,2
ORD-114017,5
ORD-114018,4
ORD-114023,3
ORD-114024,5
ORD-114028,5
ORD-114029,4
ORD-114030,4
ORD-114031,5
ORD-114033,5
ORD-114041,3
ORD-114042,4
ORD-114043,2
ORD-114044,4
ORD-114049,3
ORD-114051,5
ORD-114053,5
ORD-114054,5
ORD-114055,4
ORD-114056,5
ORD-114057,5
ORD-114058,5
ORD-114059,4
ORD-114060,5
ORD-114061,5
ORD-114062,4
ORD-114063,1
ORD-114065,4
ORD-114067,5
ORD-114070,5
ORD-114072,2
ORD-114073,5
ORD-114075,5
ORD-114076,5
ORD-114078,4
ORD-114080,5
ORD-114082,4
ORD-114088,5
ORD-114091,5
ORD-114092,5
ORD-114096,5
ORD-114097,5
ORD-114098,2
ORD-114100,4
ORD-114101,5
ORD-114102,5
ORD-114105,5
ORD-114106,5
ORD-114107,4
ORD-114108,5
ORD-114109,4
ORD-114112,2
ORD-114114,4
ORD-114115,5
ORD-114117,1
ORD-114119,2
ORD-114120,3
ORD-114126,5
ORD-114127,5
ORD-114128,4
ORD-114130,5
ORD-114134,5
ORD-114135,5
ORD-114137,5
ORD-114142,2
ORD-114143,5
ORD-114144,5
ORD-114145,5
ORD-114146,5
ORD-114147,4
ORD-114148,1
ORD-114151,3
ORD-114152,3
ORD-114153,5
ORD-114154,5
ORD-114155,4
ORD-114156,3
ORD-114157,4
ORD-114158,4
ORD-114159,5
ORD-114160,4
ORD-114161,5
ORD-114164,4
ORD-114165,4
ORD-114166,5
ORD-114170,3
ORD-114171,2
ORD-114176,5
ORD-114177,3
ORD-114179,3
ORD-114180,5
ORD-114188,4
ORD-114189,4
ORD-114192,5
ORD-114193,5
ORD-114195,5
ORD-114196,2
ORD-114200,5
ORD-114201,4
ORD-114202,4
ORD-114203,4
ORD-114205,3
ORD-114207,5
ORD-114210,4
ORD-114213,4
ORD-114218,2
ORD-114220,5
ORD-114221,5
ORD-114222,5
ORD-114223,4
ORD-114224,5
ORD-114226,4
ORD-114227,4
ORD-114228,4
ORD-114230,5
ORD-114233,5
ORD-114236,2
ORD-114238,3
ORD-114239,5
ORD-114241,3
ORD-114242,5
ORD-114246,5
ORD-114247,4
ORD-114248,2
ORD-114249,4
ORD-114250,5
ORD-114254,5
ORD-114255,5
ORD-114256,5
ORD-114257,1
ORD-114259,5
ORD-114260,1
ORD-114261,5
ORD-114262,2
ORD-114264,5
ORD-114267,5
ORD-114268,5
ORD-114269,5
ORD-114270,4
ORD-114273,5
ORD-114274,5
ORD-114276,5
ORD-114278,4
ORD-114279,3
ORD-114280,5
ORD-114281,4
ORD-114283,5
ORD-114285,4
ORD-114287,5
ORD-114288,3
ORD-114290,4
ORD-114292,4
ORD-114293,4
ORD-114296,5
ORD-114298,3
ORD-114299,5
ORD-114300,5
ORD-114301,2
ORD-114303,4
ORD-114304,5
ORD-114306,5
ORD-114307,5
ORD-114311,2
ORD-114313,4
ORD-114315,4
ORD-114316,2
ORD-114319,5
ORD-114322,3
ORD-114325,3
ORD-114327,2
ORD-114332,3
ORD-114334,4
ORD-114338,4
ORD-114339,5
ORD-114341,4
ORD-114343,4
ORD-114346,1
ORD-114347,4
ORD-114348,5
ORD-114349,5
ORD-114354,5
ORD-114355,5
ORD-114356,5
ORD-114358,4
ORD-114359,3
ORD-114360,5
ORD-114361,4
ORD-114363,5
ORD-114364,4
ORD-114365,5
ORD-114368,5
ORD-114371,5
ORD-114372,3
ORD-114376,4
ORD-114379,4
ORD-114380,4
ORD-114383,4
ORD-114384,5
ORD-114385,5
ORD-114386,4
ORD-114387,5
ORD-114389,4
ORD-114390,3
ORD-114392,4
ORD-114394,3
ORD-114398,2
ORD-114399,4
ORD-114400,3
ORD-114402,4
ORD-114405,5
ORD-114406,5
ORD-114407,5
ORD-114408,5
ORD-114410,1
ORD-114411,4
ORD-114412,5
ORD-114414,3
ORD-114415,4
ORD-114416,5
ORD-114419,5
ORD-114421,5
ORD-114423,4
ORD-114424,4
ORD-114426,5
ORD-114427,3
ORD-114428,4
ORD-114431,2
ORD-114433,4
ORD-114435,4
ORD-114438,5
ORD-114442,4
ORD-114443,5
ORD-114444,2
ORD-114446,1
ORD-114447,5
ORD-114448,5
ORD-114449,5
ORD-114450,5
ORD-114452,5
ORD-114454,5
ORD-114455,2
ORD-114457,5
ORD-114458,5
ORD-114459,4
ORD-114462,5
ORD-114468,5
ORD-114469,4
ORD-114475,5
ORD-114477,5
ORD-114478,1
ORD-114479,4
ORD-114480,4
ORD-114482,5
ORD-114483,4
ORD-114484,5
ORD-114485,5
ORD-114486,5
ORD-114487,5
ORD-114493,3
ORD-114495,3
ORD-114496,4
ORD-114497,5
ORD-114499,2
ORD-114500,3
ORD-114503,3
ORD-114504,5
ORD-114505,4
ORD-114507,5
ORD-114511,4
ORD-114513,3
ORD-114514,4
ORD-114516,5
ORD-114519,3
ORD-114520,5
ORD-114521,4
ORD-114522,3
ORD-114523,5
ORD-114524,4
ORD-114526,4
ORD-114527,4
ORD-114528,5
ORD-114529,4
ORD-114530,5
ORD-114531,5
ORD-114532,4
ORD-114533,5
ORD-114534,5
ORD-114535,5
ORD-114538,3
ORD-114539,5
ORD-114542,2
ORD-114543,4
ORD-114544,5
ORD-114545,4
ORD-114546,4
ORD-114548,3
ORD-114551,3
ORD-114554,5
ORD-114557,4
ORD-114558,1
ORD-114560,3
ORD-114561,4
ORD-114565,1
ORD-114566,5
ORD-114567,5
ORD-114568,4
ORD-114571,4
ORD-114575,5
ORD-114576,5
ORD-114577,2
ORD-114578,4
ORD-114579,5
ORD-114582,4
ORD-114583,5
ORD-114584,3
ORD-114585,2
ORD-114586,4
ORD-114590,4
ORD-114591,5
ORD-114592,5
ORD-114594,5
ORD-114595,3
ORD-114596,1
ORD-114597,3
ORD-114600,4
ORD-114605,5
ORD-114607,4
ORD-114609,5
ORD-114610,5
ORD-114612,5
ORD-114615,5
ORD-114618,5
ORD-114622,5
ORD-114623,4
ORD-114624,4
ORD-114626,5
ORD-114627,4
ORD-114628,4
ORD-114631,4
ORD-114632,5
ORD-114635,4
ORD-114637,4
ORD-114639,2
ORD-114640,2
ORD-114642,5
ORD-114647,4
ORD-114650,5
ORD-114651,2
ORD-114652,5
ORD-114653,4
ORD-114654,4
ORD-114656,4
ORD-114658,4
ORD-114659,2
ORD-114661,5
ORD-114662,5
ORD-114663,4
ORD-114664,4
ORD-114665,3
ORD-114666,5
ORD-114667,3
ORD-114672,5
ORD-114673,5
ORD-114674,5
ORD-114676,3
ORD-114677,5
ORD-114678,5
ORD-114679,5
ORD-114680,4
ORD-114681,5
ORD-114683,5
ORD-114684,4
ORD-114685,5
ORD-114687,4
ORD-114690,5
ORD-114691,5
ORD-114692,5
ORD-114696,5
ORD-114697,4
ORD-114698,5
ORD-114700,2
ORD-114701,5
ORD-114702,1
ORD-114703,3
ORD-114704,5
ORD-114706,5
ORD-114708,4
ORD-114711,5
ORD-114713,5
ORD-114716,4
ORD-114717,5
ORD-114718,4
ORD-114719,5
ORD-114727,5
ORD-114729,4
ORD-114730,4
ORD-114731,5
ORD-114734,1
ORD-114736,4
ORD-114741,5
ORD-114742,4
ORD-114746,3
ORD-114747,5
ORD-114752,5
ORD-114753,5
ORD-114754,4
ORD-114755,4
ORD-114757,4
ORD-114759,2
ORD-114761,5
ORD-114763,5
ORD-114764,5
ORD-114765,5
ORD-114766,5
ORD-114767,5
ORD-114768,3
ORD-114771,3
ORD-114772,5
ORD-114773,5
ORD-114775,4
ORD-114776,5
ORD-114778,4
ORD-114780,4
ORD-114781,4
ORD-114782,4
ORD-114783,4
ORD-114786,5
ORD-114788,4
ORD-114790,5
ORD-114791,2
ORD-114793,5
ORD-114795,3
ORD-114796,3
ORD-114797,5
ORD-114798,5
ORD-114799,5
ORD-114800,3
ORD-114802,5
ORD-114803,4
ORD-114805,5
ORD-114806,3
ORD-114807,5
ORD-114808,5
ORD-114811,2
ORD-114812,4
ORD-114813,4
ORD-114814,4
ORD-114815,5
ORD-114816,5
ORD-114817,5
ORD-114819,2
ORD-114821,5
ORD-114823,5
ORD-114824,5
ORD-114826,2
ORD-114827,4
ORD-114828,5
ORD-114829,4
ORD-114832,2
ORD-114833,4
ORD-114834,3
ORD-114836,3
ORD-114838,3
ORD-114839,4
ORD-114840,2
ORD-114841,1
ORD-114842,5
ORD-114843,2
ORD-114845,5
ORD-114846,5
ORD-114847,4
ORD-114850,3
ORD-114852,4
ORD-114853,5
ORD-114854,2
ORD-114855,3
ORD-114856,5
ORD-114857,5
ORD-114861,5
ORD-114863,5
ORD-114865,5
ORD-114868,3
ORD-114869,4
ORD-114870,4
ORD-114871,5
ORD-114872,5
ORD-114873,3
ORD-114874,2
ORD-114876,5
ORD-114878,5
ORD-114879,5
ORD-114880,4
ORD-114882,5
ORD-114883,5
ORD-114887,5
ORD-114888,4
ORD-114890,5
ORD-114891,4
ORD-114895,3
ORD-114896,5
ORD-114898,3
ORD-114901,4
ORD-114903,4
ORD-114904,4
ORD-114905,1
ORD-114907,5
ORD-114909,1
ORD-114911,4
ORD-114912,4
ORD-114913,5
ORD-114914,5
ORD-114915,4
ORD-114916,3
ORD-114919,4
ORD-114924,5
ORD-114926,5
ORD-114928,4
ORD-114929,5
ORD-114930,4
ORD-114932,4
ORD-114934,2
ORD-114937,3
ORD-114939,4
ORD-114940,4
ORD-114944,4
ORD-114945,5
ORD-114946,5
ORD-114948,3
ORD-114949,4
ORD-114950,4
ORD-114951,3
ORD-114952,5
ORD-114954,3
ORD-114956,3
ORD-114957,4
ORD-114959,2
ORD-114960,3
ORD-114962,3
ORD-114965,5
ORD-114967,5
ORD-114968,5
ORD-114969,5
ORD-114971,5
ORD-114976,4
ORD-114977,3
ORD-114978,2
ORD-114980,3
ORD-114981,4
ORD-114982,5
ORD-114984,5
ORD-114986,4
ORD-114987,3
ORD-114988,5
ORD-114989,5
ORD-114990,4
ORD-114991,5
ORD-114992,4
ORD-114993,4
ORD-114995,3
ORD-114997,5
ORD-115000,4
ORD-115001,3
ORD-115003,3
ORD-115005,4
ORD-115006,5
ORD-115007,5
ORD-115009,5
ORD-115010,5
ORD-115011,4
ORD-115012,4
ORD-115013,2
ORD-115015,3
ORD-115016,4
ORD-115017,5
ORD-115019,2
ORD-115028,5
ORD-115030,5
ORD-115031,2
ORD-115036,4
ORD-115037,5
ORD-115038,4
ORD-115040,5
ORD-115042,5
ORD-115044,3
ORD-115045,5
ORD-115047,2
ORD-115049,5
ORD-115050,5
ORD-115052,5
ORD-115055,4
ORD-115058,5
ORD-115059,5
ORD-115060,5
ORD-115065,4
ORD-115069,4
ORD-115070,4
ORD-115071,5
ORD-115073,4
ORD-115074,5
ORD-115079,2
ORD-115080,4
ORD-115082,4
ORD-115083,5
ORD-115086,4
ORD-115087,4
ORD-115088,4
ORD-115089,4
ORD-115090,5
ORD-115091,4
ORD-115092,4
ORD-115093,4
ORD-115094,5
ORD-115095,3
ORD-115097,5
ORD-115098,5
ORD-115100,4
ORD-115103,5
ORD-115104,4
ORD-115105,5
ORD-115108,4
ORD-115109,5
ORD-115111,3
ORD-115114,5
ORD-115116,5
ORD-115117,5
ORD-115119,5
ORD-115121,5
ORD-115122,5
ORD-115124,5
ORD-115125,4
ORD-115127,4
ORD-115129,3
ORD-115133,4
ORD-115135,3
ORD-115137,5
ORD-115139,2
ORD-115140,4
ORD-115142,4
ORD-115143,4
ORD-115144,5
ORD-115145,3
ORD-115147,5
ORD-115148,4
ORD-115150,5
ORD-115152,5
ORD-115153,3
ORD-115155,5
ORD-115156,4
ORD-115158,5
ORD-115159,4
ORD-115160,4
ORD-115161,5
ORD-115164,4
ORD-115169,5
ORD-115171,5
ORD-115172,3
ORD-115174,3
ORD-115175,5
ORD-115177,4
ORD-115179,5
ORD-115180,3
ORD-115181,3
ORD-115182,5
ORD-115183,4
ORD-115184,4
ORD-115185,4
ORD-115187,5
ORD-115188,2
ORD-115189,3
ORD-115190,2
ORD-115194,2
ORD-115198,5
ORD-115199,5
ORD-115200,3
ORD-115201,5
ORD-115203,5
ORD-115204,4
ORD-115207,4
ORD-115208,5
ORD-115209,5
ORD-115210,4
ORD-115213,3
ORD-115214,5
ORD-115215,5
ORD-115217,5
ORD-115218,5
ORD-115221,4
ORD-115222,1
ORD-115223,1
ORD-115224,4
ORD-115226,5
ORD-115227,5
ORD-115228,3
ORD-115231,5
ORD-115232,4
ORD-115233,1
ORD-115234,5
ORD-115235,5
ORD-115237,3
ORD-115238,5
ORD-115239,3
ORD-115242,5
ORD-115243,5
ORD-115244,5
ORD-115245,5
ORD-115246,4
ORD-115247,5
ORD-115249,5
ORD-115250,5
ORD-115251,5
ORD-115256,5
ORD-115257,5
ORD-115258,5
ORD-115259,5
ORD-115261,4
ORD-115262,3
ORD-115263,5
ORD-115266,5
ORD-115267,4
ORD-115268,5
ORD-115271,3
ORD-115272,4
ORD-115273,4
ORD-115275,3
ORD-115276,5
ORD-115277,4
ORD-115282,5
ORD-115283,5
ORD-115284,5
ORD-115287,3
ORD-115288,5
ORD-115289,5
ORD-115291,2
ORD-115292,2
ORD-115295,5
ORD-115298,3
ORD-115299,5
ORD-115302,3
ORD-115303,5
ORD-115304,5
ORD-115305,5
ORD-115307,5
ORD-115310,4
ORD-115312,5
ORD-115316,4
ORD-115317,2
ORD-115321,5
ORD-115323,4
ORD-115324,4
ORD-115326,4
ORD-115327,4
ORD-115328,5
ORD-115329,2
ORD-115331,4
ORD-115332,5
ORD-115333,4
ORD-115335,5
ORD-115339,4
ORD-115343,4
ORD-115348,5
ORD-115350,4
ORD-115351,3
ORD-115353,3
ORD-115354,4
ORD-115366,2
ORD-115367,5
ORD-115370,3
ORD-115371,5
ORD-115373,4
ORD-115376,4
ORD-115378,4
ORD-115379,5
ORD-115380,5
ORD-115381,5
ORD-115384,4
ORD-115387,5
ORD-115388,5
ORD-115390,5
ORD-115393,5
ORD-115395,5
ORD-115396,4
ORD-115397,5
ORD-115398,4
ORD-115399,5
ORD-115401,5
ORD-115406,5
ORD-115407,3
ORD-115409,5
ORD-115410,5
ORD-115411,5
ORD-115414,2
ORD-115415,4
ORD-115416,2
ORD-115417,5
ORD-115418,2
ORD-115419,2
ORD-115420,5
ORD-115421,4
ORD-115422,5
ORD-115423,5
ORD-115425,4
ORD-115426,4
ORD-115427,5
ORD-115431,5
ORD-115435,5
ORD-115436,5
ORD-115441,3
ORD-115442,4
ORD-115443,4
ORD-115444,5
ORD-115447,3
ORD-115448,3
ORD-115449,4
ORD-115450,4
ORD-115453,5
ORD-115454,4
ORD-115456,5
ORD-115459,5
ORD-115462,5
ORD-115463,4
ORD-115464,5
ORD-115467,4
ORD-115468,5
ORD-115469,5
ORD-115470,3
ORD-115473,4
ORD-115476,4
ORD-115478,5
ORD-115479,5
ORD-115482,5
ORD-115483,5
ORD-115485,5
ORD-115487,5
ORD-115488,5
ORD-115489,4
ORD-115490,3
ORD-115491,5
ORD-115493,5
ORD-115494,4
ORD-115495,1
ORD-115498,5
ORD-115499,5
ORD-115500,5
ORD-115504,5
ORD-115505,5
ORD-115509,3
ORD-115510,5
ORD-115512,4
ORD-115513,4
ORD-115514,1
ORD-115515,2
ORD-115516,4
ORD-115520,4
ORD-115521,4
ORD-115522,4
ORD-115524,4
ORD-115525,4
ORD-115526,5
ORD-115527,5
ORD-115529,5
ORD-115531,5
ORD-115532,3
ORD-115535,3
ORD-115536,5
ORD-115537,5
ORD-115540,4
ORD-115541,4
ORD-115542,5
ORD-115543,5
ORD-115546,5
ORD-115547,5
ORD-115549,5
ORD-115551,5
ORD-115552,5
ORD-115553,2
ORD-115555,5
ORD-115556,4
ORD-115557,2
ORD-115559,5
ORD-115561,3
ORD-115562,5
ORD-115563,3
ORD-115564,5
ORD-115567,3
ORD-115569,5
ORD-115572,4
ORD-115574,4
ORD-115575,5
ORD-115579,5
ORD-115580,5
ORD-115581,2
ORD-115582,4
ORD-115583,5
ORD-115586,5
ORD-115587,5
ORD-115589,4
ORD-115590,5
ORD-115591,4
ORD-115593,2
ORD-115594,3
ORD-115596,4
ORD-115597,4
ORD-115599,5
ORD-115600,2
ORD-115602,5
ORD-115604,3
ORD-115605,3
ORD-115609,5
ORD-115611,5
ORD-115612,5
ORD-115613,5
ORD-115615,3
ORD-115618,5
ORD-115619,4
ORD-115621,2
ORD-115622,3
ORD-115624,5
ORD-115625,5
ORD-115627,3
ORD-115628,3
ORD-115629,5
ORD-115632,4
ORD-115633,5
ORD-115634,2
ORD-115638,5
ORD-115640,2
ORD-115641,5
ORD-115643,5
ORD-115645,3
ORD-115650,4
ORD-115651,5
ORD-115652,5
ORD-115653,2
ORD-115654,3
ORD-115656,5
ORD-115657,5
ORD-115663,1
ORD-115666,5
ORD-115667,4
ORD-115668,3
ORD-115669,5
ORD-115671,3
ORD-115673,4
ORD-115676,5
ORD-115679,4
ORD-115680,3
ORD-115682,5
ORD-115683,4
ORD-115687,5
ORD-115688,3
ORD-115691,4
ORD-115696,4
ORD-115697,5
ORD-115701,5
ORD-115702,4
ORD-115703,5
ORD-115704,2
ORD-115705,5
ORD-115706,5
ORD-115707,3
ORD-115711,3
ORD-115712,4
ORD-115715,4
ORD-115716,5
ORD-115718,4
ORD-115720,4
ORD-115721,4
ORD-115722,5
ORD-115723,5
ORD-115725,3
ORD-115726,5
ORD-115727,3
ORD-115731,5
ORD-115733,1
ORD-115734,2
ORD-115735,3
ORD-115736,5
ORD-115738,4
ORD-115740,4
ORD-115741,4
ORD-115742,3
ORD-115743,4
ORD-115745,5
ORD-115746,2
ORD-115747,5
ORD-115748,5
ORD-115749,5
ORD-115752,3
ORD-115754,4
ORD-115755,5
ORD-115758,5
ORD-115759,5
ORD-115760,4
ORD-115761,5
ORD-115763,3
ORD-115764,5
ORD-115766,3
ORD-115767,4
ORD-115768,5
ORD-115769,3
ORD-115773,4
ORD-115774,4
ORD-115776,5
ORD-115777,5
ORD-115778,5
ORD-115779,5
ORD-115780,3
ORD-115781,3
ORD-115784,5
ORD-115792,5
ORD-115794,4
ORD-115796,4
ORD-115797,5
ORD-115798,4
ORD-115803,5
ORD-115805,4
ORD-115806,2
ORD-115809,5
ORD-115810,5
ORD-115811,4
ORD-115812,5
ORD-115813,5
ORD-115817,5
ORD-115818,5
ORD-115819,3
ORD-115824,4
ORD-115825,5
ORD-115827,5
ORD-115828,5
ORD-115831,5
ORD-115835,3
ORD-115836,5
ORD-115840,5
ORD-115843,5
ORD-115844,4
ORD-115846,5
ORD-115851,3
ORD-115852,5
ORD-115853,2
ORD-115855,5
ORD-115857,4
ORD-115858,5
ORD-115859,4
ORD-115860,2
ORD-115862,3
ORD-115863,5
ORD-115865,5
ORD-115866,4
ORD-115868,5
ORD-115869,5
ORD-115870,4
ORD-115871,5
ORD-115872,5
ORD-115873,5
ORD-115876,5
ORD-115877,5
ORD-115879,5
ORD-115881,2
ORD-115882,5
ORD-115884,5
ORD-115885,3
ORD-115886,5
ORD-115887,5
ORD-115888,5
ORD-115889,5
ORD-115890,4
ORD-115891,5
ORD-115892,4
ORD-115894,1
ORD-115896,5
ORD-115902,5
ORD-115904,5
ORD-115905,1
ORD-115906,4
ORD-115907,5
ORD-115909,4
ORD-115910,3
ORD-115911,5
ORD-115914,5
ORD-115915,4
ORD-115919,4
ORD-115921,5
ORD-115922,5
ORD-115926,5
ORD-115927,5
ORD-115929,5
ORD-115932,5
ORD-115933,5
ORD-115934,2
ORD-115937,5
ORD-115938,4
ORD-115939,4
ORD-115940,5
ORD-115941,5
ORD-115947,2
ORD-115948,3
ORD-115949,4
ORD-115953,5
ORD-115954,5
ORD-115957,3
ORD-115958,5
ORD-115959,4
ORD-115960,5
ORD-115961,5
ORD-115963,5
ORD-115964,3
ORD-115965,4
ORD-115966,5
ORD-115967,4
ORD-115968,3
ORD-115971,3
ORD-115972,5
ORD-115973,5
ORD-115974,3
ORD-115975,5
ORD-115976,4
ORD-115978,3
ORD-115979,5
ORD-115980,5
ORD-115981,5
ORD-115983,5
ORD-115985,3
ORD-115987,5
ORD-115994,5
ORD-115996,5
ORD-115997,3
ORD-115998,2
ORD-116000,5
ORD-116002,4
ORD-116003,5
ORD-116004,1
ORD-116009,4
ORD-116010,2
ORD-116012,4
ORD-116013,4
ORD-116014,3
ORD-116017,5
ORD-116020,2
ORD-116021,4
ORD-116022,5
ORD-116023,4
ORD-116025,5
ORD-116026,5
ORD-116028,3
ORD-116029,5
ORD-116030,4
ORD-116031,4
ORD-116032,5
ORD-116033,5
ORD-116035,3
ORD-116037,5
ORD-116039,5
ORD-116040,5
ORD-116043,4
ORD-116045,3
ORD-116046,4
ORD-116047,5
ORD-116050,3
ORD-116052,5
ORD-116053,5
ORD-116055,5
ORD-116057,5
ORD-116058,5
ORD-116061,5
ORD-116062,5
ORD-116063,4
ORD-116064,5
ORD-116067,4
ORD-116069,3
ORD-116071,5
ORD-116072,4
ORD-116073,3
ORD-116074,3
ORD-116078,2
ORD-116080,4
ORD-116081,2
ORD-116083,5
ORD-116084,5
ORD-116085,2
ORD-116086,5
ORD-116087,5
ORD-116088,5
ORD-116090,5
ORD-116092,3
ORD-116093,4
ORD-116094,5
ORD-116095,3
ORD-116096,3
ORD-116097,2
ORD-116098,4
ORD-116100,5
ORD-116101,5
ORD-116102,5
ORD-116103,5
ORD-116104,3
ORD-116105,5
ORD-116106,5
ORD-116109,5
ORD-116110,4
ORD-116114,5
ORD-116115,5
ORD-116116,5
ORD-116118,3
ORD-116119,3
ORD-116120,5
ORD-116122,5
ORD-116123,4
ORD-116125,5
ORD-116128,4
ORD-116129,4
ORD-116130,3
ORD-116133,4
ORD-116134,4
ORD-116135,4
ORD-116139,4
ORD-116140,4
ORD-116143,4
ORD-116144,3
ORD-116145,3
ORD-116149,3
ORD-116154,5
ORD-116157,5
ORD-116158,5
ORD-116159,4
ORD-116161,5
ORD-116162,4
ORD-116163,4
ORD-116164,3
ORD-116166,3
ORD-116168,4
ORD-116169,5
ORD-116170,5
ORD-116171,4
ORD-116176,5
ORD-116177,5
ORD-116178,5
ORD-116180,4
ORD-116183,3
ORD-116184,5
ORD-116186,2
ORD-116189,4
ORD-116191,4
ORD-116192,4
ORD-116193,4
ORD-116195,3
ORD-116198,5
ORD-116202,4
ORD-116205,5
ORD-116208,4
ORD-116209,3
ORD-116211,4
ORD-116213,4
ORD-116214,2
ORD-116215,4
ORD-116216,5
ORD-116221,5
ORD-116222,5
ORD-116223,5
ORD-116224,5
ORD-116226,5
ORD-116229,5
ORD-116231,3
ORD-116232,5
ORD-116234,5
ORD-116236,4
ORD-116239,2
ORD-116241,4
ORD-116242,4
ORD-116243,3
ORD-116244,5
ORD-116247,5
ORD-116249,5
ORD-116250,5
ORD-116251,5
ORD-116255,3
ORD-116256,5
ORD-116257,5
ORD-116260,4
ORD-116262,2
ORD-116263,5
ORD-116265,5
ORD-116267,5
ORD-116268,4
ORD-116269,5
ORD-116276,5
ORD-116277,3
ORD-116281,5
ORD-116283,2
ORD-116285,3
ORD-116289,4
ORD-116291,4
ORD-116294,4
ORD-116297,3
ORD-116298,3
ORD-116299,2
ORD-116301,5
ORD-116302,5
ORD-116305,4
ORD-116308,5
ORD-116311,3
ORD-116314,5
ORD-116316,5
ORD-116317,2
ORD-116318,4
ORD-116319,3
ORD-116320,5
ORD-116321,2
ORD-116322,5
ORD-116323,5
ORD-116325,4
ORD-116327,4
ORD-116329,3
ORD-116331,5
ORD-116332,5
ORD-116333,5
ORD-116334,2
ORD-116335,2
ORD-116338,4
ORD-116339,4
ORD-116343,5
ORD-116344,5
ORD-116345,5
ORD-116346,3
ORD-116347,5
ORD-116349,5
ORD-116352,3
ORD-116353,3
ORD-116355,5
ORD-116356,5
ORD-116357,4
ORD-116358,4
ORD-116359,5
ORD-116361,3
ORD-116363,3
ORD-116365,5
ORD-116366,4
ORD-116367,5
ORD-116369,2
ORD-116371,5
ORD-116372,5
ORD-116373,5
ORD-116374,5
ORD-116375,5
ORD-116376,1
ORD-116377,3
ORD-116378,3
ORD-116381,5
ORD-116385,3
ORD-116388,4
ORD-116389,5
ORD-116393,5
ORD-116395,3
ORD-116396,5
ORD-116397,3
ORD-116398,5
ORD-116399,5
ORD-116402,5
ORD-116403,5
ORD-116404,4
ORD-116407,3
ORD-116408,5
ORD-116410,4
ORD-116411,5
ORD-116413,3
ORD-116414,2
ORD-116417,5
ORD-116418,3
ORD-116423,2
ORD-116424,5
ORD-116425,5
ORD-116427,5
ORD-116429,2
ORD-116431,4
ORD-116432,5
ORD-116433,2
ORD-116434,5
ORD-116435,5
ORD-116437,3
ORD-116438,5
ORD-116439,5
ORD-116440,3
ORD-116442,1
ORD-116444,4
ORD-116445,5
ORD-116446,5
ORD-116448,5
ORD-116450,2
ORD-116454,4
ORD-116456,5
ORD-116458,4
ORD-116460,5
ORD-116461,4
ORD-116462,2
ORD-116463,4
ORD-116464,5
ORD-116468,5
ORD-116472,5
ORD-116473,5
ORD-116474,4
ORD-116475,5
ORD-116478,2
ORD-116480,4
ORD-116482,5
ORD-116485,2
ORD-116486,4
ORD-116487,4
ORD-116488,5
ORD-116494,5
ORD-116496,2
ORD-116497,5
ORD-116498,5
ORD-116504,4
ORD-116505,5
ORD-116506,4
ORD-116509,2
ORD-116511,4
ORD-116512,1
ORD-116513,3
ORD-116514,4
ORD-116516,5
ORD-116517,4
ORD-116518,4
ORD-116519,2
ORD-116520,2
ORD-116521,2
ORD-116524,5
ORD-116525,4
ORD-116526,2
ORD-116527,3
ORD-116528,3
ORD-116529,4
ORD-116530,5
ORD-116531,1
ORD-116533,2
ORD-116539,3
ORD-116540,2
ORD-116542,4
ORD-116545,5
ORD-116546,4
ORD-116550,5
ORD-116551,5
ORD-116552,5
ORD-116553,5
ORD-116554,2
ORD-116555,5
ORD-116558,4
ORD-116559,4
ORD-116560,5
ORD-116561,5
ORD-116562,2
ORD-116563,5
ORD-116565,4
ORD-116566,2
ORD-116567,2
ORD-116571,4
ORD-116572,5
ORD-116573,5
ORD-116574,5
ORD-116575,3
ORD-116577,1
ORD-116580,3
ORD-116583,5
ORD-116585,5
ORD-116588,4
ORD-116589,4
ORD-116591,5
ORD-116593,5
ORD-116594,4
ORD-116595,4
ORD-116596,5
ORD-116598,4
ORD-116600,4
ORD-116601,5
ORD-116604,2
ORD-116605,5
ORD-116606,2
ORD-116607,5
ORD-116608,2
ORD-116609,3
ORD-116610,4
ORD-116611,5
ORD-116612,3
ORD-116614,5
ORD-116615,4
ORD-116616,5
ORD-116617,5
ORD-116620,4
ORD-116622,5
ORD-116626,5
ORD-116627,5
ORD-116628,5
ORD-116629,5
ORD-116631,5
ORD-116634,2
ORD-116636,5
ORD-116637,5
ORD-116639,5
ORD-116642,5
ORD-116644,4
ORD-116645,3
ORD-116647,5
ORD-116648,4
ORD-116649,5
ORD-116655,5
ORD-116657,4
ORD-116660,4
ORD-116662,3
ORD-116663,4
ORD-116664,5
ORD-116665,5
ORD-116666,4
ORD-116667,3
ORD-116668,3
ORD-116672,2
ORD-116673,4
ORD-116674,4
ORD-116675,2
ORD-116676,5
ORD-116678,5
ORD-116680,2
ORD-116681,5
ORD-116684,5
ORD-116685,1
ORD-116686,5
ORD-116687,5
ORD-116688,5
ORD-116689,5
ORD-116690,5
ORD-116691,3
ORD-116692,5
ORD-116693,5
ORD-116694,4
ORD-116696,5
ORD-116697,5
ORD-116698,5
ORD-116701,5
ORD-116702,4
ORD-116704,3
ORD-116709,5
ORD-116711,4
ORD-116715,1
ORD-116717,4
ORD-116718,5
ORD-116722,5
ORD-116724,2
ORD-116725,3
ORD-116729,5
ORD-116730,2
ORD-116731,5
ORD-116734,5
ORD-116736,5
ORD-116737,2
ORD-116738,4
ORD-116739,3
ORD-116740,5
ORD-116741,5
ORD-116742,4
ORD-116745,3
ORD-116746,5
ORD-116748,4
ORD-116750,4
ORD-116751,4
ORD-116753,5
ORD-116754,4
ORD-116755,2
ORD-116756,4
ORD-116758,4
ORD-116760,3
ORD-116762,2
ORD-116763,4
ORD-116764,4
ORD-116766,5
ORD-116767,3
ORD-116768,1
ORD-116771,5
ORD-116773,5
ORD-116774,3
ORD-116775,5
ORD-116776,4
ORD-116778,5
ORD-116783,4
ORD-116785,5
ORD-116786,5
ORD-116789,4
ORD-116792,2
ORD-116795,3
ORD-116798,2
ORD-116799,5
ORD-116801,5
ORD-116803,5
ORD-116804,4
ORD-116805,5
ORD-116806,4
ORD-116807,3
ORD-116808,4
ORD-116809,5
ORD-116810,4
ORD-116812,2
ORD-116814,5
ORD-116815,4
ORD-116817,4
ORD-116818,5
ORD-116819,5
ORD-116824,5
ORD-116826,5
ORD-116827,3
ORD-116828,2
ORD-116829,4
ORD-116830,5
ORD-116831,4
ORD-116832,3
ORD-116833,3
ORD-116835,5
ORD-116836,4
ORD-116840,5
ORD-116842,5
ORD-116844,5
ORD-116846,3
ORD-116852,5
ORD-116853,3
ORD-116855,3
ORD-116856,5
ORD-116857,3
ORD-116858,3
ORD-116859,5
ORD-116860,4
ORD-116862,3
ORD-116865,4
ORD-116866,5
ORD-116869,3
ORD-116870,5
ORD-116871,4
ORD-116876,5
ORD-116877,3
ORD-116880,3
ORD-116885,5
ORD-116886,5
ORD-116887,5
ORD-116888,5
ORD-116889,5
ORD-116892,5
ORD-116894,5
ORD-116897,5
ORD-116899,4
ORD-116900,5
ORD-116903,5
ORD-116904,4
ORD-116909,3
ORD-116911,5
ORD-116912,3
ORD-116913,5
ORD-116914,2
ORD-116916,2
ORD-116917,3
ORD-116919,5
ORD-116922,4
ORD-116923,5
ORD-116926,1
ORD-116929,2
ORD-116935,5
ORD-116938,4
ORD-116939,5
ORD-116940,5
ORD-116941,5
ORD-116942,5
ORD-116945,5
ORD-116949,4
ORD-116950,3
ORD-116952,5
ORD-116955,5
ORD-116956,4
ORD-116957,2
ORD-116958,5
ORD-116961,3
ORD-116962,5
ORD-116963,4
ORD-116965,5
ORD-116970,5
ORD-116979,5
ORD-116981,5
ORD-116982,4
ORD-116983,3
ORD-116986,3
ORD-116990,4
ORD-116991,5
ORD-116993,5
ORD-116997,3
ORD-116998,5
ORD-117002,5
ORD-117003,4
ORD-117004,4
ORD-117005,5
ORD-117006,5
ORD-117008,5
ORD-117009,5
ORD-117010,5
ORD-117011,4
ORD-117013,5
ORD-117014,2
ORD-117017,5
ORD-117020,5
ORD-117021,4
ORD-117022,5
ORD-117023,5
ORD-117027,5
ORD-117028,3
ORD-117029,5
ORD-117030,4
ORD-117033,4
ORD-117034,3
ORD-117038,4
ORD-117039,3
ORD-117040,3
ORD-117041,5
ORD-117042,3
ORD-117043,5
ORD-117044,5
ORD-117050,5
ORD-117051,3
ORD-117052,5
ORD-117053,5
ORD-117054,5
ORD-117056,3
ORD-117057,4
ORD-117058,4
ORD-117059,4
ORD-117060,3
ORD-117061,5
ORD-117063,4
ORD-117064,4
ORD-117065,4
ORD-117067,4
ORD-117068,5
ORD-117069,4
ORD-117070,5
ORD-117071,5
ORD-117077,2
ORD-117081,3
ORD-117082,4
ORD-117086,3
ORD-117088,5
ORD-117089,4
ORD-117090,2
ORD-117092,3
ORD-117093,4
ORD-117094,3
ORD-117095,4
ORD-117097,5
ORD-117098,3
ORD-117100,4
ORD-117101,5
ORD-117105,3
ORD-117106,4
ORD-117107,5
ORD-117108,3
ORD-117110,4
ORD-117111,5
ORD-117113,3
ORD-117114,5
ORD-117115,4
ORD-117117,2
ORD-117118,3
ORD-117119,5
ORD-117127,5
ORD-117129,3
ORD-117130,4
ORD-117133,5
ORD-117134,5
ORD-117135,5
ORD-117136,4
ORD-117140,5
ORD-117141,3
ORD-117142,5
ORD-117143,3
ORD-117144,5
ORD-117150,4
ORD-117151,5
ORD-117153,2
ORD-117154,4
ORD-117158,4
ORD-117160,4
ORD-117161,5
ORD-117165,5
ORD-117167,5
ORD-117168,4
ORD-117169,4
ORD-117171,5
ORD-117172,5
ORD-117173,5
ORD-117174,5
ORD-117175,3
ORD-117176,4
ORD-117177,5
ORD-117178,3
ORD-117180,1
ORD-117181,5
ORD-117183,4
ORD-117184,5
ORD-117187,2
ORD-117188,3
ORD-117193,4
ORD-117195,4
ORD-117199,4
ORD-117201,3
ORD-117202,5
ORD-117203,2
ORD-117204,4
ORD-117206,4
ORD-117207,5
ORD-117209,5
ORD-117211,2
ORD-117213,5
ORD-117215,5
ORD-117216,3
ORD-117217,4
ORD-117225,5
ORD-117226,3
ORD-117228,5
ORD-117230,3
ORD-117231,5
ORD-117232,4
ORD-117233,5
ORD-117235,5
ORD-117243,5
ORD-117244,3
ORD-117245,5
ORD-117249,4
ORD-117250,5
ORD-117252,5
ORD-117257,3
ORD-117258,5
ORD-117260,4
ORD-117262,3
ORD-117263,4
ORD-117265,3
ORD-117269,4
ORD-117270,5
ORD-117274,4
ORD-117276,5
ORD-117277,3
ORD-117278,3
ORD-117279,4
ORD-117281,4
ORD-117283,5
ORD-117284,3
ORD-117287,5
ORD-117289,4
ORD-117291,5
ORD-117295,5
ORD-117300,4
ORD-117301,3
ORD-117302,4
ORD-117306,3
ORD-117309,4
ORD-117312,4
ORD-117314,5
ORD-117318,3
ORD-117320,2
ORD-117322,5
ORD-117323,2
ORD-117324,5
ORD-117325,2
ORD-117326,3
ORD-117331,5
ORD-117332,5
ORD-117338,5
ORD-117341,3
ORD-117342,5
ORD-117343,3
ORD-117344,4
ORD-117345,3
ORD-117346,4
ORD-117347,3
ORD-117349,5
ORD-117350,5
ORD-117353,3
ORD-117354,4
ORD-117357,3
ORD-117359,2
ORD-117360,4
ORD-117362,5
ORD-117363,4
ORD-117364,4
ORD-117365,5
ORD-117367,5
ORD-117369,2
ORD-117371,5
ORD-117373,5
ORD-117375,5
ORD-117376,5
ORD-117377,2
ORD-117379,5
ORD-117380,4
ORD-117381,3
ORD-117383,5
ORD-117384,3
ORD-117385,3
ORD-117387,5
ORD-117389,3
ORD-117391,4
ORD-117392,5
ORD-117395,3
ORD-117399,4
ORD-117400,5
ORD-117401,5
ORD-117403,2
ORD-117404,5
ORD-117405,5
ORD-117406,5
ORD-117407,4
ORD-117408,4
ORD-117409,4
ORD-117410,5
ORD-117411,5
ORD-117412,4
ORD-117413,5
ORD-117415,4
ORD-117416,5
ORD-117417,4
ORD-117418,2
ORD-117419,5
ORD-117423,2
ORD-117424,5
ORD-117425,4
ORD-117426,3
ORD-117428,3
ORD-117429,4
ORD-117432,1
ORD-117435,5
ORD-117436,5
ORD-117438,1
ORD-117439,4
ORD-117440,4
ORD-117443,5
ORD-117445,5
ORD-117447,4
ORD-117448,3
ORD-117449,4
ORD-117450,5
ORD-117451,5
ORD-117452,1
ORD-117453,3
ORD-117456,3
ORD-117457,4
ORD-117458,4
ORD-117462,5
ORD-117465,5
ORD-117466,5
ORD-117468,4
ORD-117469,5
ORD-117470,5
ORD-117471,2
ORD-117472,5
ORD-117476,4
ORD-117478,5
ORD-117480,4
ORD-117481,5
ORD-117483,5
ORD-117486,4
ORD-117487,5
ORD-117489,3
ORD-117491,5
ORD-117496,5
ORD-117497,2
ORD-117499,5
ORD-117500,5
ORD-117501,2
ORD-117502,5
ORD-117503,3
ORD-117504,4
ORD-117506,5
ORD-117507,3
ORD-117508,5
ORD-117509,4
ORD-117512,5
ORD-117514,3
ORD-117515,4
ORD-117517,4
ORD-117518,5
ORD-117519,4
ORD-117520,5
ORD-117524,5
ORD-117529,5
ORD-117531,5
ORD-117533,4
ORD-117537,5
ORD-117539,5
ORD-117542,2
ORD-117543,5
ORD-117545,2
ORD-117547,3
ORD-117551,3
ORD-117555,5
ORD-117556,5
ORD-117557,5
ORD-117558,3
ORD-117561,5
ORD-117562,5
ORD-117568,5
ORD-117569,5
ORD-117571,2
ORD-117573,4
ORD-117574,4
ORD-117575,4
ORD-117576,5
ORD-117577,5
ORD-117578,5
ORD-117579,2
ORD-117582,3
ORD-117583,4
ORD-117584,5
ORD-117586,2
ORD-117587,5
ORD-117588,5
ORD-117590,5
ORD-117591,3
ORD-117592,5
ORD-117594,3
ORD-117597,3
ORD-117599,3
ORD-117610,4
ORD-117613,1
ORD-117614,3
ORD-117615,5
ORD-117616,4
ORD-117617,2
ORD-117618,4
ORD-117619,3
ORD-117622,2
ORD-117623,5
ORD-117625,5
ORD-117626,5
ORD-117628,5
ORD-117630,4
ORD-117631,5
ORD-117632,3
ORD-117633,5
ORD-117635,4
ORD-117636,4
ORD-117638,5
ORD-117639,3
ORD-117640,5
ORD-117642,5
ORD-117643,4
ORD-117644,4
ORD-117646,5
ORD-117647,4
ORD-117652,4
ORD-117655,3
ORD-117657,4
ORD-117659,5
ORD-117660,5
ORD-117661,4
ORD-117665,5
ORD-117667,3
ORD-117669,5
ORD-117670,5
ORD-117672,4
ORD-117673,4
ORD-117676,5
ORD-117679,5
ORD-117680,4
ORD-117682,4
ORD-117683,5
ORD-117684,4
ORD-117685,5
ORD-117686,5
ORD-117689,5
ORD-117692,4
ORD-117693,5
ORD-117694,5
ORD-117696,5
ORD-117697,5
ORD-117699,2
ORD-117700,3
ORD-117701,4
ORD-117703,5
ORD-117705,5
ORD-117706,4
ORD-117707,5
ORD-117709,5
ORD-117711,5
ORD-117713,5
ORD-117714,4
ORD-117716,5
ORD-117717,2
ORD-117718,5
ORD-117719,5
ORD-117721,4
ORD-117722,4
ORD-117723,5
ORD-117724,4
ORD-117725,5
ORD-117728,3
ORD-117730,5
ORD-117731,5
ORD-117736,5
ORD-117737,3
ORD-117742,5
ORD-117743,5
ORD-117748,5
ORD-117752,5
ORD-117755,5
ORD-117757,5
ORD-117761,5
ORD-117763,5
ORD-117765,4
ORD-117767,3
ORD-117770,2
ORD-117772,5
ORD-117775,3
ORD-117776,5
ORD-117778,3
ORD-117780,3
ORD-117781,2
ORD-117782,4
ORD-117789,5
ORD-117791,5
ORD-117796,3
ORD-117797,4
ORD-117803,5
ORD-117805,5
ORD-117808,5
ORD-117811,3
ORD-117814,5
ORD-117816,4
ORD-117817,5
ORD-117818,5
ORD-117819,4
ORD-117820,1
ORD-117821,3
ORD-117822,5
ORD-117825,5
ORD-117826,5
ORD-117827,5
ORD-117829,4
ORD-117830,5
ORD-117831,5
ORD-117836,5
ORD-117837,5
ORD-117838,2
ORD-117839,2
ORD-117840,3
ORD-117842,5
ORD-117843,5
ORD-117844,3
ORD-117845,4
ORD-117846,5
ORD-117847,4
ORD-117849,4
ORD-117853,5
ORD-117854,5
ORD-117855,3
ORD-117856,5
ORD-117858,4
ORD-117859,5
ORD-117860,5
ORD-117871,2
ORD-117872,5
ORD-117873,5
ORD-117875,4
ORD-117876,5
ORD-117880,2
ORD-117882,5
ORD-117883,4
ORD-117884,4
ORD-117885,5
ORD-117886,5
ORD-117887,5
ORD-117888,1
ORD-117890,5
ORD-117891,5
ORD-117892,4
ORD-117893,4
ORD-117895,4
ORD-117898,4
ORD-117900,2
ORD-117902,3
ORD-117904,2
ORD-117905,4
ORD-117908,3
ORD-117910,4
ORD-117911,4
ORD-117912,4
ORD-117915,3
ORD-117916,5
ORD-117918,3
ORD-117920,2
ORD-117921,5
ORD-117922,3
ORD-117925,5
ORD-117927,4
ORD-117929,4
ORD-117931,4
ORD-117932,5
ORD-117933,5
ORD-117937,4
ORD-117938,3
ORD-117939,4
ORD-117943,5
ORD-117944,4
ORD-117945,5
ORD-117946,3
ORD-117947,4
ORD-117948,5
ORD-117949,5
ORD-117950,5
ORD-117951,5
ORD-117953,4
ORD-117954,5
ORD-117956,4
ORD-117959,5
ORD-117960,5
ORD-117961,3
ORD-117963,4
ORD-117965,4
ORD-117966,3
ORD-117970,2
ORD-117971,4
ORD-117972,5
ORD-117973,5
ORD-117974,5
ORD-117977,5
ORD-117982,4
ORD-117983,5
ORD-117984,5
ORD-117985,2
ORD-117990,4
ORD-117993,4
ORD-117994,5
ORD-117995,5
ORD-117996,5
ORD-117998,2
ORD-118000,2
ORD-118007,4
ORD-118009,3
ORD-118010,5
ORD-118014,5
ORD-118016,4
ORD-118017,5
ORD-118018,5
ORD-118023,4
ORD-118024,5
ORD-118025,2
ORD-118026,2
ORD-118028,5
ORD-118031,5
ORD-118032,5
ORD-118034,5
ORD-118035,5
ORD-118036,5
ORD-118038,2
ORD-118039,3
ORD-118040,5
ORD-118041,5
ORD-118042,5
ORD-118043,5
ORD-118044,5
ORD-118047,3
ORD-118050,2
ORD-118053,5
ORD-118054,4
ORD-118055,4
ORD-118057,5
ORD-118059,2
ORD-118063,5
ORD-118067,5
ORD-118071,4
ORD-118073,4
ORD-118074,5
ORD-118075,5
ORD-118076,4
ORD-118078,3
ORD-118082,4
ORD-118083,5
ORD-118086,5
ORD-118087,5
ORD-118088,4
ORD-118089,5
ORD-118091,5
ORD-118096,4
ORD-118098,5
ORD-118099,4
ORD-118100,1
ORD-118102,4
ORD-118103,5
ORD-118105,2
ORD-118107,5
ORD-118110,5
ORD-118112,1
ORD-118115,5
ORD-118120,5
ORD-118126,4
ORD-118127,2
ORD-118128,4
ORD-118131,2
ORD-118134,4
ORD-118140,5
ORD-118141,5
ORD-118142,4
ORD-118143,5
ORD-118144,5
ORD-118145,5
ORD-118147,2
ORD-118148,3
ORD-118149,5
ORD-118152,4
ORD-118154,5
ORD-118155,5
ORD-118156,4
ORD-118159,3
ORD-118160,4
ORD-118161,5
ORD-118162,2
ORD-118163,5
ORD-118164,5
ORD-118169,5
ORD-118171,4
ORD-118172,2
ORD-118173,2
ORD-118174,5
ORD-118178,4
ORD-118179,3
ORD-118184,3
ORD-118186,4
ORD-118187,3
ORD-118188,5
ORD-118189,4
ORD-118191,5
ORD-118193,4
ORD-118199,5
ORD-118200,5
ORD-118201,5
ORD-118202,4
ORD-118204,4
ORD-118205,4
ORD-118206,5
ORD-118208,5
ORD-118209,5
ORD-118210,5
ORD-118211,5
ORD-118212,4
ORD-118215,5
ORD-118216,5
ORD-118217,5
ORD-118219,4
ORD-118227,4
ORD-118229,2
ORD-118231,4
ORD-118233,5
ORD-118234,4
ORD-118235,5
ORD-118236,5
ORD-118237,3
ORD-118238,5
ORD-118241,5
ORD-118242,5
ORD-118243,5
ORD-118244,4
ORD-118246,4
ORD-118247,5
ORD-118248,4
ORD-118249,5
ORD-118250,5
ORD-118251,4
ORD-118252,5
ORD-118253,5
ORD-118254,4
ORD-118256,5
ORD-118257,5
ORD-118258,4
ORD-118259,2
ORD-118260,4
ORD-118261,4
ORD-118262,5
ORD-118263,1
ORD-118266,5
ORD-118267,2
ORD-118268,4
ORD-118272,5
ORD-118273,4
ORD-118274,4
ORD-118277,5
ORD-118278,4
ORD-118281,5
ORD-118283,5
ORD-118284,5
ORD-118287,2
ORD-118288,3
ORD-118290,4
ORD-118292,4
ORD-118293,5
ORD-118297,3
ORD-118300,4
ORD-118301,2
ORD-118302,4
ORD-118303,5
ORD-118304,2
ORD-118306,5
ORD-118308,5
ORD-118310,5
ORD-118314,2
ORD-118315,4
ORD-118316,4
ORD-118318,5
ORD-118319,5
ORD-118323,5
ORD-118324,3
ORD-118326,5
ORD-118327,4
ORD-118330,5
ORD-118331,5
ORD-118333,4
ORD-118334,4
ORD-118335,4
ORD-118336,5
ORD-118337,3
ORD-118341,4
ORD-118347,4
ORD-118352,2
ORD-118356,5
ORD-118357,5
ORD-118358,5
ORD-118360,5
ORD-118361,3
ORD-118362,4
ORD-118363,3
ORD-118366,5
ORD-118367,4
ORD-118368,5
ORD-118371,5
ORD-118372,5
ORD-118373,5
ORD-118374,5
ORD-118376,5
ORD-118379,5
ORD-118380,5
ORD-118383,5
ORD-118384,3
ORD-118385,5
ORD-118388,5
ORD-118390,4
ORD-118392,4
ORD-118394,3
ORD-118396,4
ORD-118399,5
ORD-118401,2
ORD-118402,5
ORD-118403,3
ORD-118404,5
ORD-118406,5
ORD-118407,5
ORD-118408,4
ORD-118409,4
ORD-118410,5
ORD-118411,4
ORD-118414,5
ORD-118415,5
ORD-118417,2
ORD-118418,5
ORD-118419,4
ORD-118420,3
ORD-118421,4
ORD-118422,5
ORD-118424,5
ORD-118427,3
ORD-118428,3
ORD-118429,3
ORD-118431,5
ORD-118433,5
ORD-118434,4
ORD-118435,5
ORD-118436,4
ORD-118438,5
ORD-118439,4
ORD-118442,3
ORD-118444,4
ORD-118445,5
ORD-118447,5
ORD-118450,4
ORD-118451,5
ORD-118453,4
ORD-118454,5
ORD-118456,5
ORD-118458,5
ORD-118460,5
ORD-118462,2
ORD-118465,5
ORD-118468,5
ORD-118470,5
ORD-118474,5
ORD-118476,5
ORD-118477,5
ORD-118480,5
ORD-118485,5
ORD-118486,3
ORD-118487,5
ORD-118491,5
ORD-118492,5
ORD-118493,4
ORD-118499,5
ORD-118503,5
ORD-118504,3
ORD-118505,5
ORD-118506,4
ORD-118508,5
ORD-118509,5
ORD-118510,5
ORD-118511,5
ORD-118512,4
ORD-118513,4
ORD-118514,5
ORD-118515,5
ORD-118516,3
ORD-118517,5
ORD-118518,5
ORD-118519,3
ORD-118525,5
ORD-118526,5
ORD-118528,4
ORD-118530,3
ORD-118532,4
ORD-118533,5
ORD-118534,5
ORD-118535,5
ORD-118536,4
ORD-118537,4
ORD-118539,2
ORD-118540,3
ORD-118542,3
ORD-118545,5
ORD-118547,5
ORD-118550,5
ORD-118552,4
ORD-118553,5
ORD-118555,3
ORD-118560,4
ORD-118561,4
ORD-118563,2
ORD-118565,1
ORD-118566,4
ORD-118567,5
ORD-118568,5
ORD-118571,4
ORD-118572,4
ORD-118573,5
ORD-118576,4
ORD-118578,3
ORD-118582,4
ORD-118583,1
ORD-118584,5
ORD-118588,3
ORD-118589,5
ORD-118594,5
ORD-118595,4
ORD-118597,5
ORD-118599,5
ORD-118600,4
ORD-118602,3
ORD-118604,4
ORD-118609,5
ORD-118612,5
ORD-118616,5
ORD-118617,4
ORD-118618,4
ORD-118621,1
ORD-118623,5
ORD-118624,5
ORD-118627,2
ORD-118630,5
ORD-118632,5
ORD-118633,4
ORD-118634,5
ORD-118636,5
ORD-118637,4
ORD-118639,5
ORD-118640,5
ORD-118642,3
ORD-118646,5
ORD-118647,1
ORD-118648,4
ORD-118649,5
ORD-118651,5
ORD-118652,3
ORD-118653,5
ORD-118656,5
ORD-118657,5
ORD-118658,5
ORD-118660,5
ORD-118665,5
ORD-118666,2
ORD-118667,4
ORD-118668,5
ORD-118669,4
ORD-118670,4
ORD-118671,4
ORD-118672,5
ORD-118673,5
ORD-118676,4
ORD-118677,1
ORD-118679,4
ORD-118682,5
ORD-118685,5
ORD-118687,5
ORD-118688,5
ORD-118691,2
ORD-118692,5
ORD-118693,3
ORD-118695,5
ORD-118696,4
ORD-118698,5
ORD-118699,3
ORD-118706,5
ORD-118707,4
ORD-118709,2
ORD-118711,5
ORD-118715,4
ORD-118717,3
ORD-118719,4
ORD-118720,4
ORD-118723,2
ORD-118724,5
ORD-118725,5
ORD-118727,5
ORD-118730,4
ORD-118732,4
ORD-118734,2
ORD-118735,4
ORD-118739,5
ORD-118740,4
ORD-118741,5
ORD-118742,5
ORD-118746,5
ORD-118747,4
ORD-118748,5
ORD-118749,4
ORD-118752,4
ORD-118754,5
ORD-118756,5
ORD-118758,2
ORD-118759,4
ORD-118761,5
ORD-118767,3
ORD-118771,5
ORD-118773,5
ORD-118774,5
ORD-118778,3
ORD-118784,1
ORD-118785,3
ORD-118788,5
ORD-118789,4
ORD-118790,3
ORD-118791,5
ORD-118792,5
ORD-118794,5
ORD-118797,3
ORD-118798,4
ORD-118799,3
ORD-118800,5
ORD-118801,5
ORD-118802,5
ORD-118804,5
ORD-118805,5
ORD-118806,5
ORD-118807,5
ORD-118815,1
ORD-118820,4
ORD-118821,5
ORD-118824,2
ORD-118825,5
ORD-118826,2
ORD-118829,4
ORD-118831,2
ORD-118832,3
ORD-118834,5
ORD-118835,1
ORD-118836,5
ORD-118837,5
ORD-118839,4
ORD-118840,5
ORD-118843,4
ORD-118845,4
ORD-118846,5
ORD-118847,5
ORD-118848,3
ORD-118849,4
ORD-118852,5
ORD-118853,5
ORD-118854,3
ORD-118855,5
ORD-118856,2
ORD-118857,2
ORD-118859,4
ORD-118860,3
ORD-118863,3
ORD-118864,5
ORD-118866,2
ORD-118867,1
ORD-118869,3
ORD-118870,3
ORD-118871,5
ORD-118872,5
ORD-118873,5
ORD-118874,4
ORD-118875,4
ORD-118881,3
ORD-118884,5
ORD-118886,4
ORD-118887,3
ORD-118888,4
ORD-118889,3
ORD-118890,3
ORD-118893,5
ORD-118895,4
ORD-118896,5
ORD-118900,4
ORD-118901,5
ORD-118903,5
ORD-118905,5
ORD-118906,4
ORD-118909,5
ORD-118910,4
ORD-118911,4
ORD-118912,5
ORD-118915,5
ORD-118916,3
ORD-118918,5
ORD-118921,4
ORD-118922,5
ORD-118923,2
ORD-118924,4
ORD-118925,5
ORD-118927,4
ORD-118928,5
ORD-118929,5
ORD-118930,3
ORD-118932,5
ORD-118934,5
ORD-118935,5
ORD-118936,1
ORD-118937,5
ORD-118938,5
ORD-118941,2
ORD-118942,2
ORD-118943,4
ORD-118945,2
ORD-118946,3
ORD-118947,2
ORD-118948,3
ORD-118949,5
ORD-118950,4
ORD-118951,5
ORD-118954,4
ORD-118957,5
ORD-118959,5
ORD-118960,3
ORD-118961,5
ORD-118963,5
ORD-118964,5
ORD-118966,5
ORD-118968,4
ORD-118969,4
ORD-118972,1
ORD-118974,3
ORD-118976,4
ORD-118977,2
ORD-118978,3
ORD-118983,5
ORD-118984,5
ORD-118985,4
ORD-118986,5
ORD-118987,5
ORD-118988,5
ORD-118990,4
ORD-118991,5
ORD-118992,4
ORD-118994,5
ORD-118998,1
ORD-118999,5
ORD-119000,2
ORD-119001,5
ORD-119002,4
ORD-119006,4
ORD-119007,1
ORD-119008,4
ORD-119011,4
ORD-119012,5
ORD-119014,5
ORD-119016,4
ORD-119018,3
ORD-119019,4
ORD-119020,2
ORD-119021,4
ORD-119022,5
ORD-119024,4
ORD-119028,5
ORD-119029,5
ORD-119030,4
ORD-119031,3
ORD-119032,5
ORD-119033,5
ORD-119034,5
ORD-119035,3
ORD-119037,4
ORD-119041,2
ORD-119042,3
ORD-119045,5
ORD-119046,5
ORD-119047,5
ORD-119052,3
ORD-119053,4
ORD-119054,5
ORD-119057,3
ORD-119060,5
ORD-119063,4
ORD-119064,2
ORD-119065,3
ORD-119071,2
ORD-119072,2
ORD-119073,5
ORD-119074,5
ORD-119075,3
ORD-119076,5
ORD-119077,4
ORD-119078,2
ORD-119080,5
ORD-119084,2
ORD-119086,4
ORD-119087,5
ORD-119088,5
ORD-119089,5
ORD-119091,5
ORD-119092,4
ORD-119093,3
ORD-119094,4
ORD-119098,4
ORD-119099,5
ORD-119102,2
ORD-119103,4
ORD-119104,2
ORD-119105,3
ORD-119108,5
ORD-119109,5
ORD-119110,4
ORD-119111,5
ORD-119114,4
ORD-119119,4
ORD-119120,4
ORD-119122,2
ORD-119123,5
ORD-119124,2
ORD-119125,5
ORD-119126,3
ORD-119127,5
ORD-119128,5
ORD-119132,4
ORD-119133,4
ORD-119134,4
ORD-119136,5
ORD-119137,4
ORD-119139,5
ORD-119140,3
ORD-119143,3
ORD-119145,3
ORD-119148,4
ORD-119150,5
ORD-119151,5
ORD-119153,3
ORD-119154,4
ORD-119155,4
ORD-119156,4
ORD-119158,5
ORD-119159,5
ORD-119160,5
ORD-119162,3
ORD-119165,4
ORD-119168,5
ORD-119169,2
ORD-119173,4
ORD-119174,5
ORD-119175,5
ORD-119177,5
ORD-119179,4
ORD-119182,4
ORD-119184,4
ORD-119185,5
ORD-119187,3
ORD-119188,1
ORD-119190,4
ORD-119196,2
ORD-119197,5
ORD-119199,5
ORD-119202,3
ORD-119203,3
ORD-119208,5
ORD-119209,5
ORD-119210,4
ORD-119211,3
ORD-119212,5
ORD-119213,4
ORD-119216,5
ORD-119218,5
ORD-119221,5
ORD-119222,3
ORD-119225,5
ORD-119227,3
ORD-119228,2
ORD-119230,3
ORD-119232,5
ORD-119233,5
ORD-119234,3
ORD-119236,5
ORD-119237,5
ORD-119238,4
ORD-119241,3
ORD-119243,3
ORD-119244,5
ORD-119247,4
ORD-119249,4
ORD-119250,2
ORD-119252,3
ORD-119255,1
ORD-119256,3
ORD-119257,3
ORD-119258,4
ORD-119260,5
ORD-119261,5
ORD-119262,5
ORD-119265,4
ORD-119266,5
ORD-119270,5
ORD-119271,5
ORD-119272,5
ORD-119273,1
ORD-119274,5
ORD-119275,5
ORD-119277,4
ORD-119280,5
ORD-119281,5
ORD-119282,3
ORD-119283,3
ORD-119284,5
ORD-119285,3
ORD-119286,5
ORD-119287,5
ORD-119290,5
ORD-119291,5
ORD-119292,2
ORD-119297,4
ORD-119298,4
ORD-119300,3
ORD-119301,4
ORD-119302,5
ORD-119303,4
ORD-119304,5
ORD-119305,3
ORD-119306,2
ORD-119309,2
ORD-119313,5
ORD-119318,5
ORD-119319,5
ORD-119320,2
ORD-119323,5
ORD-119325,5
ORD-119330,4
ORD-119331,5
ORD-119332,5
ORD-119333,4
ORD-119334,1
ORD-119335,5
ORD-119336,4
ORD-119337,4
ORD-119338,4
ORD-119340,5
ORD-119341,5
ORD-119342,1
ORD-119344,5
ORD-119345,5
ORD-119348,5
ORD-119350,4
ORD-119351,4
ORD-119352,2
ORD-119355,5
ORD-119356,5
ORD-119360,3
ORD-119363,4
ORD-119364,4
ORD-119365,4
ORD-119367,5
ORD-119370,5
ORD-119371,4
ORD-119376,5
ORD-119381,4
ORD-119382,5
ORD-119385,5
ORD-119386,2
ORD-119387,5
ORD-119391,5
ORD-119392,4
ORD-119394,5
ORD-119396,5
ORD-119397,4
ORD-119398,5
ORD-119403,5
ORD-119405,5
ORD-119406,4
ORD-119407,4
ORD-119408,4
ORD-119409,5
ORD-119411,2
ORD-119414,5
ORD-119417,5
ORD-119422,5
ORD-119429,5
ORD-119430,5
ORD-119432,4
ORD-119435,3
ORD-119436,3
ORD-119437,5
ORD-119439,3
ORD-119442,2
ORD-119443,4
ORD-119444,5
ORD-119445,4
ORD-119449,2
ORD-119450,2
ORD-119452,5
ORD-119455,5
ORD-119456,5
ORD-119457,5
ORD-119459,3
ORD-119460,4
ORD-119466,5
ORD-119468,3
ORD-119470,5
ORD-119471,3
ORD-119472,5
ORD-119473,5
ORD-119479,5
ORD-119480,4
ORD-119484,4
ORD-119485,5
ORD-119487,4
ORD-119490,4
ORD-119491,5
ORD-119492,5
ORD-119495,4
ORD-119496,5
ORD-119498,4
ORD-119500,5
ORD-119501,2
ORD-119502,4
ORD-119503,2
ORD-119504,5
ORD-119505,5
ORD-119509,5
ORD-119510,3
ORD-119511,5
ORD-119513,2
ORD-119515,4
ORD-119521,3
ORD-119523,4
ORD-119525,2
ORD-119527,4
ORD-119529,2
ORD-119531,4
ORD-119534,5
ORD-119537,5
ORD-119539,3
ORD-119540,4
ORD-119541,3
ORD-119545,5
ORD-119547,3
ORD-119549,3
ORD-119550,5
ORD-119553,5
ORD-119557,5
ORD-119560,5
ORD-119561,3
ORD-119562,4
ORD-119563,3
ORD-119566,5
ORD-119567,4
ORD-119568,3
ORD-119570,2
ORD-119573,4
ORD-119574,5
ORD-119575,4
ORD-119577,5
ORD-119578,4
ORD-119580,2
ORD-119581,5
ORD-119582,5
ORD-119585,5
ORD-119586,3
ORD-119587,2
ORD-119589,5
ORD-119591,5
ORD-119593,4
ORD-119595,5
ORD-119598,4
ORD-119599,5
ORD-119600,5
ORD-119601,4
ORD-119603,4
ORD-119606,4
ORD-119608,4
ORD-119612,1
ORD-119615,5
ORD-119616,4
ORD-119617,5
ORD-119619,5
ORD-119620,5
ORD-119622,1
ORD-119623,5
ORD-119627,5
ORD-119628,4
ORD-119629,3
ORD-119630,5
ORD-119633,4
ORD-119634,5
ORD-119635,5
ORD-119636,5
ORD-119637,5
ORD-119643,5
ORD-119645,4
ORD-119649,5
ORD-119650,2
ORD-119651,5
ORD-119652,4
ORD-119654,4
ORD-119655,2
ORD-119656,4
ORD-119658,5
ORD-119661,5
ORD-119663,4
ORD-119664,4
ORD-119667,4
ORD-119668,2
ORD-119670,5
ORD-119671,2
ORD-119672,3
ORD-119673,4
ORD-119674,5
ORD-119677,5
ORD-119679,4
ORD-119680,5
ORD-119681,4
ORD-119682,2
ORD-119683,4
ORD-119684,4
ORD-119685,3
ORD-119686,5
ORD-119687,4
ORD-119688,4
ORD-119689,5
ORD-119690,4
ORD-119691,5
ORD-119693,5
ORD-119695,4
ORD-119696,4
ORD-119697,5
ORD-119698,5
ORD-119700,5
ORD-119703,5
ORD-119704,4
ORD-119705,5
ORD-119707,4
ORD-119708,3
ORD-119710,5
ORD-119711,5
ORD-119712,3
ORD-119714,5
ORD-119715,2
ORD-119721,5
ORD-119722,3
ORD-119725,2
ORD-119727,4
ORD-119729,5
ORD-119732,5
ORD-119734,1
ORD-119735,5
ORD-119736,5
ORD-119737,2
ORD-119742,5
ORD-119743,2
ORD-119745,5
ORD-119748,4
ORD-119749,4
ORD-119750,5
ORD-119753,5
ORD-119757,5
ORD-119759,3
ORD-119760,5
ORD-119762,4
ORD-119764,4
ORD-119767,5
ORD-119768,5
ORD-119769,5
ORD-119770,4
ORD-119777,5
ORD-119779,5
ORD-119780,5
ORD-119782,5
ORD-119785,5
ORD-119786,5
ORD-119789,5
ORD-119790,3
ORD-119791,5
ORD-119792,5
ORD-119794,5
ORD-119797,5
ORD-119798,2
ORD-119800,5
ORD-119802,4
ORD-119803,1
ORD-119804,5
ORD-119805,5
ORD-119806,1
ORD-119816,5
ORD-119818,4
ORD-119822,3
ORD-119823,4
ORD-119825,5
ORD-119828,2
ORD-119831,5
ORD-119832,4
ORD-119833,5
ORD-119835,5
ORD-119836,2
ORD-119838,2
ORD-119840,1
ORD-119842,5
ORD-119843,5
ORD-119844,4
ORD-119846,5
ORD-119848,5
ORD-119849,5
ORD-119852,5
ORD-119853,4
ORD-119854,4
ORD-119857,4
ORD-119860,5
ORD-119861,5
ORD-119863,2
ORD-119864,4
ORD-119866,5
ORD-119867,2
ORD-119872,4
ORD-119873,1
ORD-119876,4
ORD-119877,5
ORD-119879,5
ORD-119880,5
ORD-119881,2
ORD-119882,5
ORD-119883,3
ORD-119886,5
ORD-119888,2
ORD-119892,5
ORD-119895,5
ORD-119896,5
ORD-119898,4
ORD-119903,4
ORD-119904,5
ORD-119906,3
ORD-119908,5
ORD-119909,5
ORD-119911,4
ORD-119913,5
ORD-119914,4
ORD-119915,3
ORD-119916,4
ORD-119917,3
ORD-119919,4
ORD-119921,5
ORD-119922,4
ORD-119923,4
ORD-119924,5
ORD-119926,5
ORD-119928,5
ORD-119930,5
ORD-119932,5
ORD-119933,5
ORD-119934,5
ORD-119936,4
ORD-119940,3
ORD-119941,5
ORD-119945,4
ORD-119953,5
ORD-119954,5
ORD-119955,4
ORD-119956,4
ORD-119957,5
ORD-119959,5
ORD-119967,5
ORD-119968,3
ORD-119969,5
ORD-119975,4
ORD-119976,5
ORD-119977,5
ORD-119978,5
ORD-119979,3
ORD-119980,3
ORD-119982,4
ORD-119984,5
ORD-119985,4
ORD-119987,3
ORD-119988,2
ORD-119989,4
ORD-119990,5
ORD-119991,2
ORD-119995,4
ORD-119997,5
ORD-119998,5
ORD-119999,4
ORD-120001,4
ORD-120002,5
ORD-120004,4
ORD-120005,4
ORD-120007,5
ORD-120008,4
ORD-120009,3
ORD-120010,5
ORD-120011,4
ORD-120013,5
ORD-120014,5
ORD-120016,5
ORD-120017,4
ORD-120018,4
ORD-120019,5
ORD-120020,3
ORD-120022,3
ORD-120025,5
ORD-120027,4
ORD-120028,5
ORD-120029,5
ORD-120032,5
ORD-120033,5
ORD-120035,1
ORD-120036,5
ORD-120037,4
ORD-120038,3
ORD-120041,5
ORD-120043,2
ORD-120044,4
ORD-120045,4
ORD-120047,3
ORD-120048,2
ORD-120049,4
ORD-120051,5
ORD-120053,5
ORD-120055,3
ORD-120056,4
ORD-120059,3
ORD-120060,3
ORD-120062,5
ORD-120066,5
ORD-120068,5
ORD-120069,5
ORD-120071,5
ORD-120075,5
ORD-120076,5
ORD-120077,5
ORD-120079,3
ORD-120080,3
ORD-120082,4
ORD-120084,4
ORD-120085,5
ORD-120087,2
ORD-120090,4
ORD-120092,5
ORD-120096,5
ORD-120097,5
ORD-120098,5
ORD-120099,1
ORD-120101,5
ORD-120102,4
ORD-120103,2
ORD-120105,3
ORD-120106,4
ORD-120108,2
ORD-120109,5
ORD-120110,4
ORD-120112,4
ORD-120113,5
ORD-120115,4
ORD-120116,5
ORD-120117,5
ORD-120118,5
ORD-120120,3
ORD-120122,4
ORD-120124,1
ORD-120125,4
ORD-120126,5
ORD-120128,2
ORD-120130,5
ORD-120131,4
ORD-120133,5
ORD-120134,5
ORD-120136,3
ORD-120137,5
ORD-120138,5
ORD-120139,4
ORD-120140,2
ORD-120141,5
ORD-120142,4
ORD-120144,5
ORD-120147,5
ORD-120148,3
ORD-120149,5
ORD-120152,5
ORD-120153,5
ORD-120154,4
ORD-120155,5
ORD-120156,5
ORD-120157,3
ORD-120159,5
ORD-120160,4
ORD-120162,3
ORD-120163,2
ORD-120164,5
ORD-120165,5
ORD-120166,4
ORD-120167,5
ORD-120168,4
ORD-120170,5
ORD-120171,5
ORD-120173,2
ORD-120174,5
ORD-120175,4
ORD-120177,4
ORD-120179,4
ORD-120181,4
ORD-120182,5
ORD-120183,4
ORD-120184,4
ORD-120185,4
ORD-120188,4
ORD-120192,5
ORD-120193,4
ORD-120194,5
ORD-120195,3
ORD-120197,4
ORD-120198,5
ORD-120201,2
ORD-120203,2
ORD-120204,4
ORD-120205,5
ORD-120210,5
ORD-120213,5
ORD-120214,3
ORD-120215,3
ORD-120217,3
ORD-120218,5
ORD-120220,4
ORD-120221,4
ORD-120223,4
ORD-120224,4
ORD-120227,5
ORD-120229,5
ORD-120231,4
ORD-120232,3
ORD-120235,4
ORD-120236,1
ORD-120237,4
ORD-120238,3
ORD-120239,3
ORD-120241,4
ORD-120244,4
ORD-120245,4
ORD-120248,4
ORD-120249,4
ORD-120251,5
ORD-120255,5
ORD-120256,3
ORD-120257,2
ORD-120258,3
ORD-120260,1
ORD-120263,5
ORD-120264,1
ORD-120267,3
ORD-120268,2
ORD-120269,5
ORD-120270,4
ORD-120271,5
ORD-120273,3
ORD-120276,5
ORD-120277,5
ORD-120280,4
ORD-120281,5
ORD-120282,4
ORD-120284,3
ORD-120285,3
ORD-120288,1
ORD-120290,4
ORD-120292,5
ORD-120293,5
ORD-120294,5
ORD-120298,5
ORD-120301,5
ORD-120303,5
ORD-120305,2
ORD-120306,3
ORD-120308,2
ORD-120310,4
ORD-120311,5
ORD-120313,5
ORD-120314,4
ORD-120315,5
ORD-120319,3
ORD-120320,3
ORD-120321,4
ORD-120322,2
ORD-120323,3
ORD-120327,5
ORD-120330,5
ORD-120331,4
ORD-120336,5
ORD-120337,5
ORD-120340,5
ORD-120341,2
ORD-120344,4
ORD-120347,5
ORD-120350,3
ORD-120351,5
ORD-120352,5
ORD-120353,3
ORD-120354,3
ORD-120356,5
ORD-120357,5
ORD-120359,5
ORD-120360,2
ORD-120361,4
ORD-120363,5
ORD-120365,4
ORD-120367,2
ORD-120369,5
ORD-120370,5
ORD-120371,2
ORD-120372,5
ORD-120373,4
ORD-120375,4
ORD-120376,5
ORD-120377,5
ORD-120383,2
ORD-120384,5
ORD-120387,4
ORD-120388,5
ORD-120389,4
ORD-120390,5
ORD-120392,5
ORD-120396,4
ORD-120397,5
ORD-120398,4
ORD-120399,5
ORD-120400,5
ORD-120403,4
ORD-120404,5
ORD-120406,5
ORD-120407,5
ORD-120408,5
ORD-120411,4
ORD-120412,4
ORD-120413,5
ORD-120415,3
ORD-120416,5
ORD-120418,5
ORD-120420,5
ORD-120421,5
ORD-120422,5
ORD-120425,5
ORD-120426,5
ORD-120431,3
ORD-120433,5
ORD-120435,5
ORD-120437,5
ORD-120439,4
ORD-120440,5
ORD-120441,3
ORD-120442,5
ORD-120444,5
ORD-120445,4
ORD-120446,4
ORD-120447,2
ORD-120448,3
ORD-120449,4
ORD-120450,4
ORD-120451,5
ORD-120452,4
ORD-120454,3
ORD-120456,5
ORD-120457,3
ORD-120458,5
ORD-120459,4
ORD-120460,3
ORD-120464,3
ORD-120466,5
ORD-120467,5
ORD-120468,5
ORD-120470,5
ORD-120472,5
ORD-120473,5
ORD-120474,4
ORD-120476,5
ORD-120480,5
ORD-120481,1
ORD-120483,2
ORD-120486,5
ORD-120487,5
ORD-120488,5
ORD-120489,5
ORD-120490,5
ORD-120491,5
ORD-120492,5
ORD-120495,5
ORD-120496,4
ORD-120497,4
ORD-120498,4
ORD-120499,4
ORD-120500,3
ORD-120503,5
ORD-120504,4
ORD-120508,4
ORD-120510,3
ORD-120512,5
ORD-120513,5
ORD-120514,2
ORD-120515,4
ORD-120520,5
ORD-120522,4
ORD-120526,5
ORD-120527,3
ORD-120528,5
ORD-120532,5
ORD-120534,4
ORD-120535,4
ORD-120536,4
ORD-120538,5
ORD-120541,2
ORD-120542,4
ORD-120543,4
ORD-120544,2
ORD-120545,4
ORD-120546,5
ORD-120551,2
ORD-120553,5
ORD-120557,5
ORD-120561,5
ORD-120562,5
ORD-120565,3
ORD-120567,2
ORD-120569,4
ORD-120571,4
ORD-120572,3
ORD-120574,5
ORD-120575,5
ORD-120578,4
ORD-120580,4
ORD-120581,4
ORD-120582,2
ORD-120583,4
ORD-120584,5
ORD-120588,5
ORD-120591,4
ORD-120596,5
ORD-120598,5
ORD-120599,5
ORD-120601,2
ORD-120603,4
ORD-120605,3
ORD-120610,4
ORD-120612,5
ORD-120613,5
ORD-120619,4
ORD-120620,5
ORD-120621,4
ORD-120626,5
ORD-120628,5
ORD-120630,5
ORD-120631,4
ORD-120632,2
ORD-120633,4
ORD-120636,4
ORD-120638,5
ORD-120640,5
ORD-120641,5
ORD-120642,5
ORD-120646,5
ORD-120647,5
ORD-120649,4
ORD-120651,4
ORD-120653,5
ORD-120660,5
ORD-120661,5
ORD-120663,2
ORD-120664,2
ORD-120670,4
ORD-120671,3
ORD-120672,5
ORD-120674,4
ORD-120677,4
ORD-120678,4
ORD-120681,5
ORD-120683,5
ORD-120684,4
ORD-120686,4
ORD-120687,5
ORD-120688,2
ORD-120689,5
ORD-120690,5
ORD-120693,4
ORD-120694,5
ORD-120695,5
ORD-120697,5
ORD-120698,4
ORD-120701,5
ORD-120702,4
ORD-120703,4
ORD-120704,5
ORD-120707,3
ORD-120710,5
ORD-120712,3
ORD-120715,5
ORD-120717,3
ORD-120718,5
ORD-120719,2
ORD-120720,5
ORD-120721,3
ORD-120724,2
ORD-120725,5
ORD-120726,5
ORD-120729,5
ORD-120734,4
ORD-120736,5
ORD-120737,4
ORD-120740,5
ORD-120742,4
ORD-120743,4
ORD-120744,5
ORD-120745,4
ORD-120747,5
ORD-120748,5
ORD-120749,5
ORD-120750,4
ORD-120752,5
ORD-120753,2
ORD-120754,5
ORD-120756,5
ORD-120757,5
ORD-120763,2
ORD-120770,5
ORD-120771,5
ORD-120775,4
ORD-120776,4
ORD-120777,4
ORD-120778,4
ORD-120780,4
ORD-120782,4
ORD-120783,4
ORD-120784,5
ORD-120787,5
ORD-120790,3
ORD-120792,5
ORD-120793,5
ORD-120794,5
ORD-120795,4
ORD-120798,3
ORD-120799,2
ORD-120802,5
ORD-120806,4
ORD-120807,5
ORD-120809,3
ORD-120810,4
ORD-120812,5
ORD-120813,5
ORD-120815,3
ORD-120820,5
ORD-120822,5
ORD-120825,5
ORD-120826,3
ORD-120827,5
ORD-120829,3
ORD-120830,4
ORD-120831,4
ORD-120835,2
ORD-120837,3
ORD-120839,3
ORD-120842,4
ORD-120843,3
ORD-120848,3
ORD-120849,2
ORD-120851,5
ORD-120852,5
ORD-120854,4
ORD-120855,3
ORD-120861,5
ORD-120862,4
ORD-120865,4
ORD-120866,3
ORD-120869,5
ORD-120870,5
ORD-120871,2
ORD-120873,5
ORD-120877,5
ORD-120880,5
ORD-120881,5
ORD-120883,5
ORD-120885,5
ORD-120886,4
ORD-120887,5
ORD-120888,5
ORD-120890,2
ORD-120891,4
ORD-120892,5
ORD-120893,5
ORD-120894,5
ORD-120895,5
ORD-120899,2
ORD-120904,3
ORD-120905,4
ORD-120906,3
ORD-120908,3
ORD-120911,3
ORD-120912,4
ORD-120913,5
ORD-120915,5
ORD-120916,5
ORD-120923,5
ORD-120924,4
ORD-120926,4
ORD-120927,5
ORD-120929,4
ORD-120931,5
ORD-120932,5
ORD-120933,4
ORD-120935,4
ORD-120936,5
ORD-120940,4
ORD-120942,5
ORD-120943,4
ORD-120944,5
ORD-120945,4
ORD-120948,5
ORD-120954,5
ORD-120957,4
ORD-120958,4
ORD-120959,4
ORD-120960,5
ORD-120962,3
ORD-120963,4
ORD-120964,4
ORD-120965,5
ORD-120966,1
ORD-120967,2
ORD-120968,4
ORD-120972,2
ORD-120974,5
ORD-120975,3
ORD-120980,4
ORD-120981,5
ORD-120982,5
ORD-120983,5
ORD-120984,4
ORD-120985,4
ORD-120987,5
ORD-120988,4
ORD-120990,3
ORD-120991,4
ORD-120992,5
ORD-120993,5
ORD-120994,5
ORD-120997,4
ORD-120998,5
ORD-121000,5
ORD-121002,4
ORD-121006,5
ORD-121008,5
ORD-121010,5
ORD-121011,2
ORD-121012,5
ORD-121016,4
ORD-121019,4
ORD-121023,5
ORD-121026,5
ORD-121027,4
ORD-121028,2
ORD-121034,4
ORD-121035,5
ORD-121036,3
ORD-121039,5
ORD-121041,5
ORD-121044,5
ORD-121045,5
ORD-121046,4
ORD-121047,4
ORD-121048,2
ORD-121049,2
ORD-121054,5
ORD-121060,3
ORD-121061,4
ORD-121062,5
ORD-121063,4
ORD-121066,4
ORD-121067,3
ORD-121068,4
ORD-121071,5
ORD-121072,4
ORD-121073,5
ORD-121075,4
ORD-121080,4
ORD-121082,5
ORD-121083,5
ORD-121085,2
ORD-121086,5
ORD-121087,4
ORD-121088,4
ORD-121092,4
ORD-121093,4
ORD-121095,5
ORD-121098,5
ORD-121099,4
ORD-121101,5
ORD-121109,5
ORD-121110,5
ORD-121111,4
ORD-121115,3
ORD-121117,2
ORD-121118,4
ORD-121120,5
ORD-121122,4
ORD-121123,5
ORD-121124,5
ORD-121125,4
ORD-121126,5
ORD-121129,3
ORD-121132,4
ORD-121134,4
ORD-121135,3
ORD-121136,4
ORD-121137,3
ORD-121140,5
ORD-121141,5
ORD-121143,3
ORD-121147,4
ORD-121154,2
ORD-121155,5
ORD-121156,2
ORD-121158,4
ORD-121159,5
ORD-121160,4
ORD-121162,5
ORD-121163,4
ORD-121164,1
ORD-121165,5
ORD-121166,4
ORD-121167,2
ORD-121169,3
ORD-121172,3
ORD-121174,5
ORD-121175,1
ORD-121181,4
ORD-121182,4
ORD-121184,5
ORD-121185,3
ORD-121186,5
ORD-121187,5
ORD-121190,3
ORD-121199,4
ORD-121200,4
ORD-121202,5
ORD-121203,5
ORD-121206,4
ORD-121208,4
ORD-121209,5
ORD-121210,4
ORD-121211,5
ORD-121215,3
ORD-121216,5
ORD-121218,4
ORD-121219,5
ORD-121220,5
ORD-121222,5
ORD-121225,4
ORD-121227,5
ORD-121229,3
ORD-121230,4
ORD-121232,5
ORD-121238,4
ORD-121239,4
ORD-121240,4
ORD-121242,4
ORD-121243,5
ORD-121244,3
ORD-121245,5
ORD-121247,4
ORD-121249,2
ORD-121250,5
ORD-121251,5
ORD-121252,5
ORD-121253,5
ORD-121259,5
ORD-121265,3
ORD-121266,4
ORD-121267,5
ORD-121269,5
ORD-121271,5
ORD-121272,4
ORD-121273,5
ORD-121274,3
ORD-121275,5
ORD-121277,5
ORD-121278,3
ORD-121283,1
ORD-121284,5
ORD-121286,5
ORD-121288,3
ORD-121291,4
ORD-121292,5
ORD-121293,2
ORD-121294,5
ORD-121298,5
ORD-121300,4
ORD-121302,2
ORD-121304,2
ORD-121305,5
ORD-121306,5
ORD-121307,5
ORD-121308,2
ORD-121309,5
ORD-121312,2
ORD-121314,2
ORD-121315,4
ORD-121317,5
ORD-121318,4
ORD-121319,4
ORD-121321,2
ORD-121324,5
ORD-121327,3
ORD-121328,5
ORD-121330,5
ORD-121334,3
ORD-121335,3
ORD-121337,5
ORD-121344,4
ORD-121345,5
ORD-121346,4
ORD-121349,5
ORD-121350,4
ORD-121352,5
ORD-121353,4
ORD-121354,5
ORD-121355,1
ORD-121357,5
ORD-121358,4
ORD-121359,4
ORD-121361,3
ORD-121362,5
ORD-121365,2
ORD-121367,5
ORD-121368,2
ORD-121370,4
ORD-121371,5
ORD-121372,4
ORD-121373,4
ORD-121374,3
ORD-121375,5
ORD-121376,3
ORD-121377,4
ORD-121378,4
ORD-121380,5
ORD-121381,5
ORD-121384,5
ORD-121385,5
ORD-121388,4
ORD-121389,4
ORD-121390,4
ORD-121394,3
ORD-121395,3
ORD-121396,5
ORD-121397,1
ORD-121400,5
ORD-121401,2
ORD-121402,4
ORD-121406,4
ORD-121407,2
ORD-121409,5
ORD-121410,5
ORD-121415,4
ORD-121418,5
ORD-121419,4
ORD-121421,4
ORD-121423,4
ORD-121426,4
ORD-121427,5
ORD-121431,5
ORD-121434,3
ORD-121436,2
ORD-121439,5
ORD-121440,5
ORD-121443,5
ORD-121444,5
ORD-121447,5
ORD-121448,5
ORD-121449,2
ORD-121456,5
ORD-121457,5
ORD-121458,3
ORD-121459,5
ORD-121460,5
ORD-121462,5
ORD-121465,4
ORD-121466,2
ORD-121467,5
ORD-121469,5
ORD-121472,3
ORD-121473,4
ORD-121474,5
ORD-121475,5
ORD-121476,3
ORD-121477,5
ORD-121478,3
ORD-121481,3
ORD-121483,5
ORD-121484,2
ORD-121487,2
ORD-121488,5
ORD-121490,1
ORD-121491,5
ORD-121492,5
ORD-121494,5
ORD-121497,2
ORD-121500,4
ORD-121509,5
ORD-121510,2
ORD-121511,5
ORD-121513,5
ORD-121516,3
ORD-121518,4
ORD-121519,5
ORD-121520,4
ORD-121521,3
ORD-121522,5
ORD-121523,3
ORD-121525,5
ORD-121531,4
ORD-121534,4
ORD-121535,4
ORD-121537,5
ORD-121538,5
ORD-121539,5
ORD-121543,4
ORD-121544,5
ORD-121546,4
ORD-121550,5
ORD-121553,4
ORD-121554,4
ORD-121556,2
ORD-121557,2
ORD-121559,3
ORD-121562,5
ORD-121566,3
ORD-121569,5
ORD-121570,4
ORD-121572,1
ORD-121577,2
ORD-121578,4
ORD-121579,5
ORD-121583,3
ORD-121585,5
ORD-121587,2
ORD-121589,2
ORD-121590,3
ORD-121596,5
ORD-121598,5
ORD-121599,5
ORD-121600,5
ORD-121601,5
ORD-121606,5
ORD-121607,5
ORD-121614,3
ORD-121615,5
ORD-121616,5
ORD-121618,4
ORD-121620,5
ORD-121621,5
ORD-121622,5
ORD-121623,3
ORD-121624,2
ORD-121626,5
ORD-121628,4
ORD-121630,5
ORD-121633,5
ORD-121636,5
ORD-121638,3
ORD-121639,5
ORD-121640,4
ORD-121643,5
ORD-121644,4
ORD-121646,4
ORD-121649,5
ORD-121650,5
ORD-121653,3
ORD-121655,5
ORD-121656,5
ORD-121657,4
ORD-121658,5
ORD-121659,2
ORD-121661,3
ORD-121662,5
ORD-121665,2
ORD-121667,4
ORD-121668,3
ORD-121669,5
ORD-121670,2
ORD-121672,4
ORD-121673,5
ORD-121675,4
ORD-121676,5
ORD-121678,4
ORD-121679,4
ORD-121680,3
ORD-121681,2
ORD-121683,3
ORD-121684,5
ORD-121686,5
ORD-121687,2
ORD-121695,3
ORD-121696,5
ORD-121699,4
ORD-121701,4
ORD-121702,5
ORD-121703,5
ORD-121704,5
ORD-121705,3
ORD-121707,5
ORD-121708,5
ORD-121710,5
ORD-121711,5
ORD-121713,5
ORD-121714,5
ORD-121715,2
ORD-121719,4
ORD-121723,4
ORD-121724,5
ORD-121725,5
ORD-121726,5
ORD-121728,5
ORD-121731,3
ORD-121733,4
ORD-121734,5
ORD-121735,4
ORD-121738,5
ORD-121740,2
ORD-121742,5
ORD-121743,5
ORD-121744,1
ORD-121746,5
ORD-121748,3
ORD-121749,5
ORD-121755,5
ORD-121756,5
ORD-121757,5
ORD-121759,2
ORD-121760,4
ORD-121761,5
ORD-121762,5
ORD-121763,5
ORD-121764,5
ORD-121765,5
ORD-121766,2
ORD-121769,4
ORD-121771,4
ORD-121775,2
ORD-121776,3
ORD-121777,4
ORD-121780,4
ORD-121783,4
ORD-121785,5
ORD-121789,5
ORD-121790,4
ORD-121791,5
ORD-121792,4
ORD-121793,5
ORD-121797,5
ORD-121798,5
ORD-121799,5
ORD-121803,4
ORD-121804,4
ORD-121805,4
ORD-121808,3
ORD-121811,5
ORD-121812,4
ORD-121817,4
ORD-121819,3
ORD-121820,5
ORD-121825,5
ORD-121826,3
ORD-121827,5
ORD-121829,5
ORD-121830,4
ORD-121832,5
ORD-121834,5
ORD-121835,4
ORD-121840,4
ORD-121841,4
ORD-121842,4
ORD-121843,4
ORD-121846,5
ORD-121847,5
ORD-121849,4
ORD-121850,5
ORD-121852,5
ORD-121857,4
ORD-121858,5
ORD-121859,3
ORD-121860,5
ORD-121862,2
ORD-121866,5
ORD-121868,3
ORD-121869,4
ORD-121870,5
ORD-121871,5
ORD-121874,4
ORD-121876,2
ORD-121878,5
ORD-121880,5
ORD-121881,4
ORD-121882,5
ORD-121883,5
ORD-121884,4
ORD-121885,5
ORD-121889,4
ORD-121891,4
ORD-121893,4
ORD-121895,3
ORD-121898,5
ORD-121899,5
ORD-121900,5
ORD-121901,3
ORD-121904,4
ORD-121906,4
ORD-121907,5
ORD-121908,5
ORD-121912,4
ORD-121913,5
ORD-121914,5
ORD-121917,5
ORD-121919,5
ORD-121923,4
ORD-121924,4
ORD-121926,4
ORD-121928,3
ORD-121930,5
ORD-121931,2
ORD-121936,1
ORD-121945,5
ORD-121947,3
ORD-121948,5
ORD-121949,5
ORD-121951,5
ORD-121953,3
ORD-121955,3
ORD-121961,3
ORD-121963,4
ORD-121966,4
ORD-121969,5
ORD-121970,5
ORD-121972,4
ORD-121974,5
ORD-121975,4
ORD-121977,4
ORD-121979,4
ORD-121981,5
ORD-121982,4
ORD-121984,3
ORD-121985,5
ORD-121986,5
ORD-121987,4
ORD-121988,5
ORD-121990,4
ORD-121991,5
ORD-121993,5
ORD-121995,5
ORD-121998,5
ORD-122000,5
ORD-122001,2
ORD-122003,4
ORD-122004,5
ORD-122005,3
ORD-122006,4
ORD-122007,5
ORD-122008,5
ORD-122009,5
ORD-122010,5
ORD-122011,4
ORD-122014,4
ORD-122018,5
ORD-122019,5
ORD-122020,5
ORD-122021,5
ORD-122024,5
ORD-122025,5
ORD-122026,5
ORD-122028,2
ORD-122029,3
ORD-122030,5
ORD-122031,5
ORD-122033,5
ORD-122034,5
ORD-122036,5
ORD-122037,2
ORD-122038,2
ORD-122039,5
ORD-122043,5
ORD-122044,5
ORD-122045,4
ORD-122047,4
ORD-122048,5
ORD-122050,2
ORD-122051,4
ORD-122052,3
ORD-122054,3
ORD-122055,3
ORD-122056,4
ORD-122057,4
ORD-122059,5
ORD-122060,5
ORD-122061,5
ORD-122062,5
ORD-122064,3
ORD-122065,3
ORD-122068,4
ORD-122069,3
ORD-122072,5
ORD-122075,5
ORD-122076,4
ORD-122077,4
ORD-122078,4
ORD-122080,5
ORD-122082,5
ORD-122083,5
ORD-122084,4
ORD-122085,5
ORD-122087,2
ORD-122088,5
ORD-122089,4
ORD-122091,5
ORD-122092,5
ORD-122096,5
ORD-122097,5
ORD-122098,5
ORD-122099,5
ORD-122100,5
ORD-122101,5
ORD-122103,5
ORD-122104,5
ORD-122105,4
ORD-122106,4
ORD-122107,3
ORD-122108,4
ORD-122111,5
ORD-122113,3
ORD-122114,5
ORD-122115,4
ORD-122117,4
ORD-122118,5
ORD-122120,1
ORD-122121,4
ORD-122124,4
ORD-122125,5
ORD-122126,5
ORD-122127,5
ORD-122128,4
ORD-122129,5
ORD-122131,4
ORD-122133,5
ORD-122134,5
ORD-122135,4
ORD-122136,4
ORD-122137,5
ORD-122139,1
ORD-122140,4
ORD-122141,2
ORD-122142,3
ORD-122143,1
ORD-122145,5
ORD-122146,5
ORD-122151,4
ORD-122152,5
ORD-122153,5
ORD-122154,5
ORD-122156,3
ORD-122157,5
ORD-122159,4
ORD-122166,5
ORD-122167,5
ORD-122168,4
ORD-122169,3
ORD-122172,5
ORD-122173,4
ORD-122175,5
ORD-122176,5
ORD-122178,4
ORD-122179,4
ORD-122181,5
ORD-122182,3
ORD-122183,5
ORD-122187,4
ORD-122188,5
ORD-122190,5
ORD-122191,5
ORD-122193,5
ORD-122195,3
ORD-122196,5
ORD-122198,5
ORD-122199,5
ORD-122201,5
ORD-122202,5
ORD-122204,5
ORD-122206,2
ORD-122207,4
ORD-122208,4
ORD-122209,5
ORD-122210,4
ORD-122212,5
ORD-122213,5
ORD-122217,5
ORD-122218,5
ORD-122219,5
ORD-122220,5
ORD-122221,5
ORD-122222,5
ORD-122223,5
ORD-122224,5
ORD-122226,5
ORD-122227,5
ORD-122230,5
ORD-122232,5
ORD-122233,5
ORD-122234,3
ORD-122235,4
ORD-122236,5
ORD-122238,3
ORD-122241,4
ORD-122246,5
ORD-122247,5
ORD-122248,5
ORD-122249,4
ORD-122250,3
ORD-122251,5
ORD-122256,5
ORD-122262,5
ORD-122263,2
ORD-122265,4
ORD-122268,5
ORD-122270,4
ORD-122271,5
ORD-122272,1
ORD-122276,5
ORD-122277,3
ORD-122281,5
ORD-122283,4
ORD-122284,4
ORD-122287,4
ORD-122288,4
ORD-122290,5
ORD-122292,5
ORD-122294,5
ORD-122301,5
ORD-122304,3
ORD-122305,4
ORD-122306,3
ORD-122307,5
ORD-122313,2
ORD-122316,3
ORD-122317,3
ORD-122320,5
ORD-122321,3
ORD-122322,1
ORD-122323,3
ORD-122324,5
ORD-122327,2
ORD-122330,4
ORD-122332,5
ORD-122337,5
ORD-122338,3
ORD-122342,1
ORD-122344,5
ORD-122347,4
ORD-122349,5
ORD-122351,4
ORD-122352,4
ORD-122353,3
ORD-122354,5
ORD-122355,5
ORD-122356,5
ORD-122357,2
ORD-122358,5
ORD-122360,4
ORD-122365,3
ORD-122366,4
ORD-122369,5
ORD-122370,4
ORD-122371,5
ORD-122373,5
ORD-122377,3
ORD-122380,5
ORD-122381,4
ORD-122382,4
ORD-122387,5
ORD-122388,5
ORD-122390,4
ORD-122391,4
ORD-122395,2
ORD-122396,5
ORD-122399,3
ORD-122401,5
ORD-122403,5
ORD-122404,4
ORD-122408,1
ORD-122411,5
ORD-122413,4
ORD-122417,4
ORD-122418,4
ORD-122419,5
ORD-122420,5
ORD-122422,4
ORD-122423,5
ORD-122428,4
ORD-122429,5
ORD-122432,4
ORD-122434,5
ORD-122435,5
ORD-122440,3
ORD-122441,5
ORD-122442,5
ORD-122443,5
ORD-122444,4
ORD-122445,4
ORD-122446,3
ORD-122449,4
ORD-122450,5
ORD-122453,3
ORD-122456,4
ORD-122459,5
ORD-122460,4
ORD-122461,5
ORD-122465,3
ORD-122469,3
ORD-122471,5
ORD-122473,5
ORD-122474,5
ORD-122475,5
ORD-122480,3
ORD-122481,4
ORD-122483,5
ORD-122484,2
ORD-122485,3
ORD-122486,5
ORD-122488,5
ORD-122489,4
ORD-122491,3
ORD-122495,3
ORD-122496,5
ORD-122499,5
ORD-122500,5
ORD-122503,5
ORD-122504,5
ORD-122506,4
ORD-122507,4
ORD-122508,4
ORD-122510,5
ORD-122511,3
ORD-122513,3
ORD-122514,5
ORD-122516,4
ORD-122518,5
ORD-122521,3
ORD-122522,4
ORD-122524,5
ORD-122525,3
ORD-122527,3
ORD-122531,5
ORD-122532,4
ORD-122533,5
ORD-122536,4
ORD-122537,4
ORD-122538,2
ORD-122540,4
ORD-122542,3
ORD-122547,5
ORD-122548,5
ORD-122549,4
ORD-122550,4
ORD-122552,5
ORD-122554,4
ORD-122561,5
ORD-122562,1
ORD-122563,3
ORD-122564,4
ORD-122566,5
ORD-122570,2
ORD-122572,4
ORD-122574,4
ORD-122576,5
ORD-122578,5
ORD-122581,5
ORD-122583,4
ORD-122585,4
ORD-122586,5
ORD-122589,2
ORD-122590,3
ORD-122591,1
ORD-122592,2
ORD-122594,4
ORD-122595,5
ORD-122596,4
ORD-122597,4
ORD-122598,5
ORD-122599,5
ORD-122600,5
ORD-122601,5
ORD-122602,4
ORD-122606,4
ORD-122609,3
ORD-122610,4
ORD-122611,4
ORD-122614,4
ORD-122616,3
ORD-122618,5
ORD-122621,3
ORD-122623,5
ORD-122625,3
ORD-122626,5
ORD-122627,4
ORD-122629,3
ORD-122631,3
ORD-122632,4
ORD-122633,3
ORD-122634,4
ORD-122635,4
ORD-122638,5
ORD-122642,5
ORD-122643,5
ORD-122645,2
ORD-122648,4
ORD-122649,5
ORD-122650,5
ORD-122651,5
ORD-122652,3
ORD-122653,4
ORD-122655,3
ORD-122658,4
ORD-122661,4
ORD-122663,4
ORD-122664,4
ORD-122665,5
ORD-122669,5
ORD-122672,5
ORD-122675,5
ORD-122676,3
ORD-122679,5
ORD-122682,4
ORD-122687,2
ORD-122688,5
ORD-122690,4
ORD-122691,4
ORD-122692,5
ORD-122693,4
ORD-122694,4
ORD-122696,4
ORD-122697,5
ORD-122698,5
ORD-122699,4
ORD-122701,4
ORD-122702,5
ORD-122703,3
ORD-122704,5
ORD-122706,5
ORD-122707,5
ORD-122709,5
ORD-122710,3
ORD-122712,5
ORD-122716,5
ORD-122717,4
ORD-122718,5
ORD-122720,5
ORD-122721,3
ORD-122722,3
ORD-122723,5
ORD-122724,3
ORD-122725,5
ORD-122729,5
ORD-122731,5
ORD-122732,5
ORD-122735,5
ORD-122737,4
ORD-122738,4
ORD-122740,5
ORD-122742,3
ORD-122743,3
ORD-122744,5
ORD-122746,5
ORD-122748,5
ORD-122752,4
ORD-122753,3
ORD-122756,5
ORD-122757,5
ORD-122758,5
ORD-122759,4
ORD-122761,4
ORD-122766,4
ORD-122768,2
ORD-122769,5
ORD-122770,3
ORD-122773,5
ORD-122778,5
ORD-122780,5
ORD-122785,3
ORD-122786,3
ORD-122788,5
ORD-122790,5
ORD-122795,5
ORD-122800,5
ORD-122802,4
ORD-122804,2
ORD-122805,5
ORD-122808,5
ORD-122809,5
ORD-122810,5
ORD-122812,4
ORD-122816,5
ORD-122820,1
ORD-122822,5
ORD-122824,4
ORD-122825,3
ORD-122829,5
ORD-122831,5
ORD-122832,4
ORD-122834,3
ORD-122835,5
ORD-122836,4
ORD-122837,5
ORD-122840,4
ORD-122842,3
ORD-122848,5
ORD-122849,2
ORD-122850,5
ORD-122851,5
ORD-122854,2
ORD-122855,3
ORD-122856,5
ORD-122857,5
ORD-122859,5
ORD-122862,5
ORD-122863,4
ORD-122864,5
ORD-122867,2
ORD-122869,5
ORD-122872,5
ORD-122873,5
ORD-122874,4
ORD-122878,3
ORD-122879,5
ORD-122880,4
ORD-122881,2
ORD-122882,5
ORD-122884,3
ORD-122885,5
ORD-122886,5
ORD-122887,2
ORD-122889,4
ORD-122890,5
ORD-122892,4
ORD-122894,5
ORD-122895,5
ORD-122900,5
ORD-122901,5
ORD-122903,5
ORD-122904,5
ORD-122906,5
ORD-122908,4
ORD-122909,4
ORD-122912,4
ORD-122913,3
ORD-122916,2
ORD-122918,3
ORD-122919,5
ORD-122920,5
ORD-122926,2
ORD-122927,3
ORD-122929,5
ORD-122930,5
ORD-122932,4
ORD-122933,5
ORD-122935,3
ORD-122936,5
ORD-122940,5
ORD-122942,3
ORD-122945,4
ORD-122947,4
ORD-122948,5
ORD-122950,4
ORD-122951,2
ORD-122953,5
ORD-122954,4
ORD-122957,4
ORD-122959,4
ORD-122960,4
ORD-122962,3
ORD-122965,3
ORD-122966,4
ORD-122970,2
ORD-122971,4
ORD-122973,3
ORD-122975,2
ORD-122976,3
ORD-122977,2
ORD-122982,3
ORD-122985,5
ORD-122986,5
ORD-122987,5
ORD-122990,4
ORD-122992,2
ORD-122993,4
ORD-122994,4
ORD-122995,5
ORD-122997,5
ORD-122998,5
ORD-122999,4
ORD-123001,5
ORD-123002,5
ORD-123006,4
ORD-123008,2
ORD-123009,5
ORD-123010,5
ORD-123011,4
ORD-123015,5
ORD-123017,5
ORD-123018,4
ORD-123021,5
ORD-123024,4
ORD-123026,5
ORD-123029,4
ORD-123033,5
ORD-123034,4
ORD-123038,4
ORD-123039,4
ORD-123041,4
ORD-123042,4
ORD-123046,3
ORD-123047,5
ORD-123048,5
ORD-123050,5
ORD-123056,5
ORD-123057,5
ORD-123058,5
ORD-123059,3
ORD-123060,3
ORD-123064,2
ORD-123068,4
ORD-123070,5
ORD-123074,4
ORD-123081,5
ORD-123082,3
ORD-123083,5
ORD-123085,3
ORD-123092,5
ORD-123093,5
ORD-123094,5
ORD-123095,5
ORD-123101,4
ORD-123103,3
ORD-123105,5
ORD-123110,5
ORD-123113,4
ORD-123114,5
ORD-123115,4
ORD-123116,2
ORD-123117,5
ORD-123119,2
ORD-123120,4
ORD-123122,4
ORD-123127,3
ORD-123128,5
ORD-123129,3
ORD-123130,3
ORD-123132,5
ORD-123133,5
ORD-123134,3
ORD-123136,4
ORD-123137,5
ORD-123138,4
ORD-123140,2
ORD-123141,5
ORD-123142,5
ORD-123144,5
ORD-123149,4
ORD-123150,5
ORD-123152,5
ORD-123158,5
ORD-123159,4
ORD-123164,5
ORD-123168,5
ORD-123170,4
ORD-123172,3
ORD-123175,4
ORD-123178,4
ORD-123181,2
ORD-123186,3
ORD-123187,4
ORD-123189,5
ORD-123190,2
ORD-123193,4
ORD-123195,4
ORD-123197,4
ORD-123199,5
ORD-123200,5
ORD-123201,4
ORD-123203,4
ORD-123204,5
ORD-123205,4
ORD-123206,1
ORD-123207,5
ORD-123208,5
ORD-123210,2
ORD-123211,4
ORD-123213,5
ORD-123214,3
ORD-123216,5
ORD-123217,4
ORD-123218,3
ORD-123219,4
ORD-123221,2
ORD-123222,4
ORD-123223,5
ORD-123224,5
ORD-123225,4
ORD-123228,5
ORD-123230,5
ORD-123231,5
ORD-123232,5
ORD-123234,5
ORD-123235,4
ORD-123236,4
ORD-123238,4
ORD-123239,1
ORD-123241,5
ORD-123242,5
ORD-123243,4
ORD-123246,4
ORD-123247,2
ORD-123248,5
ORD-123250,5
ORD-123251,5
ORD-123253,5
ORD-123254,3
ORD-123256,5
ORD-123257,3
ORD-123260,4
ORD-123261,4
ORD-123264,4
ORD-123267,5
ORD-123268,5
ORD-123269,3
ORD-123270,5
ORD-123272,4
ORD-123273,5
ORD-123275,5
ORD-123280,4
ORD-123281,2
ORD-123282,5
ORD-123283,4
ORD-123287,5
ORD-123288,4
ORD-123290,5
ORD-123292,5
ORD-123293,5
ORD-123294,5
ORD-123296,4
ORD-123298,4
ORD-123299,4
ORD-123300,2
ORD-123302,5
ORD-123303,4
ORD-123304,5
ORD-123305,3
ORD-123307,1
ORD-123308,4
ORD-123309,5
ORD-123310,4
ORD-123311,4
ORD-123315,5
ORD-123319,5
ORD-123320,3
ORD-123322,4
ORD-123323,5
ORD-123325,3
ORD-123326,4
ORD-123327,5
ORD-123328,4
ORD-123330,5
ORD-123331,5
ORD-123333,5
ORD-123334,5
ORD-123335,4
ORD-123337,3
ORD-123338,4
ORD-123339,5
ORD-123340,5
ORD-123341,4
ORD-123342,4
ORD-123343,5
ORD-123345,4
ORD-123346,5
ORD-123347,2
ORD-123349,4
ORD-123351,1
ORD-123352,5
ORD-123354,5
ORD-123355,4
ORD-123356,5
ORD-123358,4
ORD-123360,5
ORD-123361,5
ORD-123362,1
ORD-123364,5
ORD-123365,5
ORD-123369,5
ORD-123376,3
ORD-123378,3
ORD-123379,5
ORD-123383,5
ORD-123384,4
ORD-123385,3
ORD-123389,5
ORD-123390,5
ORD-123391,4
ORD-123393,4
ORD-123395,3
ORD-123396,2
ORD-123397,5
ORD-123399,3
ORD-123400,1
ORD-123401,4
ORD-123402,3
ORD-123403,5
ORD-123404,4
ORD-123405,4
ORD-123406,5
ORD-123407,5
ORD-123408,5
ORD-123410,5
ORD-123412,3
ORD-123413,4
ORD-123414,2
ORD-123415,4
ORD-123416,3
ORD-123417,5
ORD-123419,5
ORD-123422,2
ORD-123423,3
ORD-123424,2
ORD-123425,5
ORD-123426,5
ORD-123427,4
ORD-123428,5
ORD-123429,5
ORD-123430,2
ORD-123431,4
ORD-123432,4
ORD-123433,5
ORD-123437,4
ORD-123438,3
ORD-123439,3
ORD-123440,5
ORD-123443,3
ORD-123444,5
ORD-123445,5
ORD-123446,5
ORD-123447,5
ORD-123448,3
ORD-123451,4
ORD-123452,5
ORD-123453,5
ORD-123454,5
ORD-123455,4
ORD-123456,3
ORD-123458,5
ORD-123459,5
ORD-123462,5
ORD-123463,5
ORD-123464,3
ORD-123465,3
ORD-123466,4
ORD-123467,5
ORD-123468,4
ORD-123469,5
ORD-123471,5
ORD-123472,5
ORD-123473,4
ORD-123476,1
ORD-123479,5
ORD-123481,5
ORD-123482,5
ORD-123483,5
ORD-123484,5
ORD-123485,5
ORD-123486,4
ORD-123487,3
ORD-123490,4
ORD-123491,2
ORD-123495,5
ORD-123496,3
ORD-123497,5
ORD-123501,5
ORD-123502,5
ORD-123503,2
ORD-123504,4
ORD-123505,5
ORD-123507,5
ORD-123508,4
ORD-123509,3
ORD-123512,4
ORD-123513,1
ORD-123514,4
ORD-123515,5
ORD-123527,5
ORD-123530,2
ORD-123533,4
ORD-123534,4
ORD-123535,4
ORD-123536,5
ORD-123537,4
ORD-123538,5
ORD-123539,4
ORD-123541,5
ORD-123545,5
ORD-123546,5
ORD-123548,4
ORD-123552,5
ORD-123553,4
ORD-123554,2
ORD-123557,4
ORD-123558,5
ORD-123559,4
ORD-123562,4
ORD-123564,5
ORD-123566,3
ORD-123568,5
ORD-123569,5
ORD-123570,2
ORD-123571,4
ORD-123575,3
ORD-123579,5
ORD-123583,3
ORD-123584,2
ORD-123585,5
ORD-123587,3
ORD-123595,4
ORD-123597,5
ORD-123598,3
ORD-123605,5
ORD-123606,5
ORD-123610,5
ORD-123612,4
ORD-123613,5
ORD-123614,5
ORD-123615,3
ORD-123616,5
ORD-123617,5
ORD-123622,5
ORD-123623,5
ORD-123625,3
ORD-123626,4
ORD-123627,5
ORD-123629,4
ORD-123630,4
ORD-123631,5
ORD-123636,3
ORD-123640,1
ORD-123642,4
ORD-123643,3
ORD-123648,5
ORD-123650,5
ORD-123651,2
ORD-123652,5
ORD-123653,5
ORD-123655,5
ORD-123656,5
ORD-123660,4
ORD-123662,4
ORD-123663,3
ORD-123664,5
ORD-123665,5
ORD-123666,4
ORD-123667,5
ORD-123669,5
ORD-123672,5
ORD-123675,5
ORD-123677,3
ORD-123678,3
ORD-123679,5
ORD-123681,5
ORD-123682,4
ORD-123683,2
ORD-123684,5
ORD-123685,5
ORD-123686,4
ORD-123690,5
ORD-123691,3
ORD-123692,4
ORD-123694,3
ORD-123699,4
ORD-123700,2
ORD-123701,3
ORD-123704,5
ORD-123705,4
ORD-123709,3
ORD-123710,5
ORD-123714,5
ORD-123716,5
ORD-123717,5
ORD-123721,4
ORD-123723,3
ORD-123724,4
ORD-123726,5
ORD-123728,3
ORD-123729,4
ORD-123730,5
ORD-123731,4
ORD-123732,4
ORD-123734,5
ORD-123736,3
ORD-123737,5
ORD-123738,1
ORD-123739,5
ORD-123740,5
ORD-123742,4
ORD-123743,4
ORD-123744,4
ORD-123745,2
ORD-123750,4
ORD-123752,4
ORD-123753,4
ORD-123754,4
ORD-123756,3
ORD-123757,5
ORD-123758,5
ORD-123759,2
ORD-123760,1
ORD-123761,5
ORD-123764,5
ORD-123765,3
ORD-123767,4
ORD-123770,5
ORD-123771,5
ORD-123772,3
ORD-123775,4
ORD-123777,3
ORD-123779,5
ORD-123780,2
ORD-123781,5
ORD-123782,3
ORD-123783,5
ORD-123785,4
ORD-123786,5
ORD-123787,5
ORD-123789,4
ORD-123792,5
ORD-123798,2
ORD-123807,4
ORD-123810,5
ORD-123811,5
ORD-123812,4
ORD-123813,5
ORD-123815,5
ORD-123816,5
ORD-123819,3
ORD-123823,5
ORD-123827,2
ORD-123830,5
ORD-123831,5
ORD-123837,5
ORD-123840,4
ORD-123841,5
ORD-123842,1
ORD-123844,5
ORD-123845,5
ORD-123846,5
ORD-123855,4
ORD-123857,5
ORD-123860,5
ORD-123861,5
ORD-123862,4
ORD-123863,5
ORD-123864,2
ORD-123865,5
ORD-123867,5
ORD-123868,3
ORD-123870,5
ORD-123873,5
ORD-123876,4
ORD-123877,5
ORD-123878,4
ORD-123880,5
ORD-123882,5
ORD-123883,5
ORD-123884,3
ORD-123885,3
ORD-123887,4
ORD-123888,4
ORD-123890,4
ORD-123893,5
ORD-123895,5
ORD-123897,3
ORD-123898,4
ORD-123899,5
ORD-123902,5
ORD-123903,3
ORD-123904,4
ORD-123905,3
ORD-123906,4
ORD-123908,5
ORD-123911,5
ORD-123916,4
ORD-123917,2
ORD-123918,4
ORD-123920,5
ORD-123923,5
ORD-123926,4
ORD-123929,4
ORD-123932,5
ORD-123934,4
ORD-123935,2
ORD-123939,4
ORD-123940,5
ORD-123942,5
ORD-123943,5
ORD-123946,5
ORD-123948,5
ORD-123949,3
ORD-123950,4
ORD-123954,5
ORD-123956,4
ORD-123957,3
ORD-123958,4
ORD-123959,5
ORD-123963,4
ORD-123964,4
ORD-123965,5
ORD-123966,5
ORD-123968,5
ORD-123969,5
ORD-123970,3
ORD-123971,4
ORD-123973,2
ORD-123976,4
ORD-123977,5
ORD-123980,4
ORD-123981,1
ORD-123983,4
ORD-123986,2
ORD-123987,5
ORD-123990,3
ORD-123993,2
ORD-123994,5
ORD-123995,4
ORD-123997,4
ORD-123999,4
ORD-124000,4
ORD-124001,3
ORD-124003,4
ORD-124004,5
ORD-124005,2
ORD-124006,4
ORD-124007,5
ORD-124008,5
ORD-124010,2
ORD-124014,4
ORD-124016,3
ORD-124017,5
ORD-124018,5
ORD-124019,5
ORD-124021,3
ORD-124022,4
ORD-124023,3
ORD-124024,3
ORD-124025,5
ORD-124026,5
ORD-124027,4
ORD-124028,5
ORD-124029,4
ORD-124030,4
ORD-124031,5
ORD-124032,4
ORD-124034,5
ORD-124037,4
ORD-124039,2
ORD-124040,5
ORD-124041,1
ORD-124042,4
ORD-124043,5
ORD-124044,4
ORD-124045,5
ORD-124046,2
ORD-124048,4
ORD-124049,5
ORD-124050,5
ORD-124051,5
ORD-124052,4
ORD-124054,4
ORD-124055,4
ORD-124057,5
ORD-124060,5
ORD-124063,4
ORD-124068,3
ORD-124070,5
ORD-124073,4
ORD-124076,5
ORD-124078,5
ORD-124079,5
ORD-124080,4
ORD-124083,5
ORD-124084,4
ORD-124085,2
ORD-124086,2
ORD-124088,5
ORD-124093,5
ORD-124096,2
ORD-124098,3
ORD-124101,2
ORD-124103,5
ORD-124104,4
ORD-124105,2
ORD-124108,3
ORD-124110,3
ORD-124113,5
ORD-124115,1
ORD-124116,5
ORD-124117,3
ORD-124118,5
ORD-124122,3
ORD-124123,4
ORD-124124,3
ORD-124125,4
ORD-124130,4
ORD-124133,3
ORD-124134,3
ORD-124135,4
ORD-124138,5
ORD-124142,3
ORD-124143,5
ORD-124147,5
ORD-124148,3
ORD-124150,5
ORD-124151,4
ORD-124153,4
ORD-124155,2
ORD-124156,5
ORD-124157,4
ORD-124158,4
ORD-124160,5
ORD-124163,4
ORD-124164,5
ORD-124170,4
ORD-124171,4
ORD-124173,5
ORD-124176,5
ORD-124178,1
ORD-124184,4
ORD-124185,4
ORD-124187,5
ORD-124190,4
ORD-124195,2
ORD-124196,4
ORD-124197,4
ORD-124198,4
ORD-124199,5
ORD-124200,5
ORD-124203,2
ORD-124204,5
ORD-124205,4
ORD-124207,4
ORD-124208,4
ORD-124211,5
ORD-124214,3
ORD-124215,2
ORD-124219,5
ORD-124220,5
ORD-124222,5
ORD-124223,4
ORD-124224,5
ORD-124225,4
ORD-124226,4
ORD-124229,4
ORD-124230,5
ORD-124235,5
ORD-124237,4
ORD-124245,4
ORD-124249,5
ORD-124255,4
ORD-124256,4
ORD-124257,3
ORD-124258,4
ORD-124261,2
ORD-124263,2
ORD-124267,5
ORD-124270,2
ORD-124273,3
ORD-124275,2
ORD-124277,3
ORD-124278,4
ORD-124280,5
ORD-124281,5
ORD-124282,5
ORD-124283,5
ORD-124285,5
ORD-124286,5
ORD-124287,5
ORD-124288,1
ORD-124289,3
ORD-124290,5
ORD-124292,4
ORD-124294,4
ORD-124295,3
ORD-124296,2
ORD-124297,2
ORD-124299,5
ORD-124300,4
ORD-124302,4
ORD-124306,4
ORD-124308,5
ORD-124312,3
ORD-124315,5
ORD-124317,5
ORD-124318,5
ORD-124319,5
ORD-124320,2
ORD-124321,5
ORD-124326,4
ORD-124327,5
ORD-124328,5
ORD-124329,4
ORD-124331,5
ORD-124334,2
ORD-124335,2
ORD-124337,3
ORD-124339,2
ORD-124340,4
ORD-124346,5
ORD-124350,5
ORD-124356,5
ORD-124357,3
ORD-124360,4
ORD-124361,4
ORD-124364,5
ORD-124366,3
ORD-124368,5
ORD-124370,3
ORD-124372,5
ORD-124373,5
ORD-124374,5
ORD-124376,5
ORD-124380,4
ORD-124381,5
ORD-124388,5
ORD-124390,5
ORD-124391,4
ORD-124393,5
ORD-124395,4
ORD-124396,5
ORD-124397,3
ORD-124399,3
ORD-124401,5
ORD-124402,5
ORD-124403,5
ORD-124405,5
ORD-124406,2
ORD-124408,5
ORD-124410,4
ORD-124412,2
ORD-124413,3
ORD-124415,5
ORD-124418,5
ORD-124421,4
ORD-124422,4
ORD-124423,3
ORD-124424,5
ORD-124426,4
ORD-124427,4
ORD-124428,4
ORD-124429,5
ORD-124432,4
ORD-124433,4
ORD-124434,5
ORD-124435,5
ORD-124436,5
ORD-124439,5
ORD-124441,2
ORD-124442,4
ORD-124445,4
ORD-124446,5
ORD-124447,5
ORD-124449,5
ORD-124451,5
ORD-124452,5
ORD-124453,5
ORD-124454,4
ORD-124456,5
ORD-124457,2
ORD-124459,5
ORD-124460,3
ORD-124461,4
ORD-124462,5
ORD-124463,4
ORD-124464,4
ORD-124465,5
ORD-124467,4
ORD-124468,5
ORD-124470,4
ORD-124471,4
ORD-124473,5
ORD-124475,3
ORD-124476,4
ORD-124477,5
ORD-124478,5
ORD-124479,3
ORD-124485,3
ORD-124492,5
ORD-124493,2
ORD-124494,5
ORD-124495,5
ORD-124496,5
ORD-124497,5
ORD-124498,5
ORD-124504,3
ORD-124506,2
ORD-124509,5
ORD-124510,3
ORD-124515,3
ORD-124516,4
ORD-124517,4
ORD-124526,5
ORD-124532,4
ORD-124533,5
ORD-124534,3
ORD-124535,4
ORD-124538,5
ORD-124539,5
ORD-124540,5
ORD-124541,2
ORD-124543,5
ORD-124545,5
ORD-124546,3
ORD-124549,4
ORD-124550,5
ORD-124555,5
ORD-124557,1
ORD-124559,5
ORD-124560,4
ORD-124564,5
ORD-124566,1
ORD-124569,4
ORD-124571,5
ORD-124572,5
ORD-124575,4
ORD-124576,5
ORD-124577,2
ORD-124578,5
ORD-124579,5
ORD-124580,4
ORD-124581,2
ORD-124583,4
ORD-124584,4
ORD-124587,5
ORD-124588,4
ORD-124589,4
ORD-124592,5
ORD-124597,5
ORD-124599,5
ORD-124600,5
ORD-124601,4
ORD-124602,4
ORD-124604,5
ORD-124606,4
ORD-124609,4
ORD-124611,2
ORD-124613,5
ORD-124614,2
ORD-124615,5
ORD-124618,5
ORD-124619,4
ORD-124622,5
ORD-124623,4
ORD-124626,3
ORD-124628,5
ORD-124629,5
ORD-124631,5
ORD-124632,4
ORD-124633,4
ORD-124634,5
ORD-124635,5
ORD-124636,4
ORD-124638,5
ORD-124641,5
ORD-124642,3
ORD-124643,5
ORD-124644,4
ORD-124645,3
ORD-124646,4
ORD-124648,5
ORD-124649,3
ORD-124651,5
ORD-124652,3
ORD-124653,4
ORD-124655,5
ORD-124656,5
ORD-124659,4
ORD-124660,4
ORD-124661,3
ORD-124662,5
ORD-124663,2
ORD-124665,5
ORD-124666,4
ORD-124667,4
ORD-124668,4
ORD-124669,3
ORD-124675,4
ORD-124676,3
ORD-124678,5
ORD-124679,5
ORD-124681,4
ORD-124682,4
ORD-124685,5
ORD-124686,3
ORD-124687,4
ORD-124688,4
ORD-124689,5
ORD-124691,5
ORD-124693,5
ORD-124694,4
ORD-124695,5
ORD-124696,4
ORD-124701,5
ORD-124706,5
ORD-124707,5
ORD-124708,5
ORD-124709,1
ORD-124710,4
ORD-124712,5
ORD-124713,5
ORD-124716,4
ORD-124717,5
ORD-124718,5
ORD-124721,4
ORD-124723,3
ORD-124724,3
ORD-124725,5
ORD-124728,5
ORD-124729,5
ORD-124730,3
ORD-124731,3
ORD-124732,3
ORD-124735,4
ORD-124736,5
ORD-124737,1
ORD-124738,4
ORD-124740,4
ORD-124742,5
ORD-124743,5
ORD-124744,5
ORD-124745,5
ORD-124746,5
ORD-124747,5
ORD-124748,4
ORD-124750,3
ORD-124751,5
ORD-124752,5
ORD-124757,4
ORD-124758,5
ORD-124759,4
ORD-124760,4
ORD-124761,5
ORD-124762,2
ORD-124763,5
ORD-124766,5
ORD-124767,5
ORD-124768,5
ORD-124769,4
ORD-124770,3
ORD-124772,5
ORD-124773,5
ORD-124775,3
ORD-124777,5
ORD-124778,5
ORD-124779,4
ORD-124783,5
ORD-124786,5
ORD-124787,5
ORD-124790,5
ORD-124791,2
ORD-124792,5
ORD-124794,5
ORD-124802,5
ORD-124803,5
ORD-124804,3
ORD-124805,2
ORD-124808,5
ORD-124809,3
ORD-124810,3
ORD-124811,3
ORD-124812,5
ORD-124814,3
ORD-124815,4
ORD-124816,5
ORD-124817,4
ORD-124818,5
ORD-124819,5
ORD-124821,3
ORD-124822,5
ORD-124824,2
ORD-124826,2
ORD-124827,4
ORD-124828,5
ORD-124829,5
ORD-124830,3
ORD-124832,2
ORD-124834,2
ORD-124837,5
ORD-124838,4
ORD-124843,3
ORD-124844,4
ORD-124851,4
ORD-124853,5
ORD-124856,2
ORD-124857,4
ORD-124860,5
ORD-124861,4
ORD-124863,5
ORD-124864,5
ORD-124865,5
ORD-124867,4
ORD-124869,4
ORD-124871,5
ORD-124873,5
ORD-124878,3
ORD-124879,5
ORD-124881,5
ORD-124882,3
ORD-124883,5
ORD-124885,5
ORD-124886,5
ORD-124888,5
ORD-124889,3
ORD-124893,5
ORD-124894,4
ORD-124896,4
ORD-124897,4
ORD-124898,5
ORD-124900,1
ORD-124901,5
ORD-124903,5
ORD-124907,4
ORD-124908,3
ORD-124909,5
ORD-124914,4
ORD-124916,1
ORD-124918,5
ORD-124920,5
ORD-124925,4
ORD-124931,5
ORD-124934,3
ORD-124935,5
ORD-124937,4
ORD-124938,5
ORD-124939,5
ORD-124941,4
ORD-124942,5
ORD-124943,5
ORD-124944,5
ORD-124945,5
ORD-124946,3
ORD-124947,5
ORD-124950,5
ORD-124951,2
ORD-124952,3
ORD-124953,4
ORD-124954,4
ORD-124955,2
ORD-124956,5
ORD-124957,5
ORD-124960,4
ORD-124963,4
ORD-124964,4
ORD-124965,5
ORD-124966,4
ORD-124968,5
ORD-124969,2
ORD-124970,5
ORD-124972,4
ORD-124973,3
ORD-124976,4
ORD-124981,5
ORD-124982,5
ORD-124986,5
ORD-124988,5
ORD-124993,2
ORD-124994,4
ORD-124996,4
ORD-124998,5
ORD-124999,4
ORD-125001,4
ORD-125005,5
ORD-125006,5
ORD-125008,2
ORD-125010,5
ORD-125015,5
ORD-125020,5
ORD-125021,5
ORD-125023,4
ORD-125024,5
ORD-125029,5
ORD-125032,5
ORD-125033,3
ORD-125034,3
ORD-125035,5
ORD-125037,5
ORD-125038,2
ORD-125040,5
ORD-125041,5
ORD-125044,4
ORD-125046,4
ORD-125048,5
ORD-125050,5
ORD-125054,3
ORD-125056,5
ORD-125059,2
ORD-125060,5
ORD-125061,4
ORD-125065,4
ORD-125070,5
ORD-125071,4
ORD-125073,4
ORD-125074,5
ORD-125076,4
ORD-125077,5
ORD-125078,2
ORD-125083,4
ORD-125086,3
ORD-125087,3
ORD-125088,4
ORD-125089,2
ORD-125090,4
ORD-125091,5
ORD-125092,3
ORD-125093,4
ORD-125094,5
ORD-125095,5
ORD-125100,5
ORD-125101,5
ORD-125102,4
ORD-125105,4
ORD-125106,5
ORD-125107,5
ORD-125108,5
ORD-125110,5
ORD-125111,3
ORD-125112,5
ORD-125113,3
ORD-125118,3
ORD-125119,5
ORD-125120,4
ORD-125121,5
ORD-125124,5
ORD-125126,5
ORD-125127,5
ORD-125130,5
ORD-125131,2
ORD-125132,2
ORD-125133,3
ORD-125134,5
ORD-125136,4
ORD-125138,5
ORD-125139,4
ORD-125141,5
ORD-125144,2
ORD-125147,5
ORD-125149,5
ORD-125150,5
ORD-125152,4
ORD-125153,5
ORD-125158,5
ORD-125159,2
ORD-125161,3
ORD-125163,3
ORD-125164,4
ORD-125165,3
ORD-125169,3
ORD-125171,5
ORD-125173,2
ORD-125174,5
ORD-125175,5
ORD-125176,4
ORD-125177,2
ORD-125178,2
ORD-125182,4
ORD-125183,2
ORD-125184,5
ORD-125186,2
ORD-125187,4
ORD-125188,1
ORD-125191,5
ORD-125192,5
ORD-125193,5
ORD-125198,5
ORD-125199,5
ORD-125200,3
ORD-125201,3
ORD-125202,2
ORD-125203,5
ORD-125205,3
ORD-125206,5
ORD-125207,4
ORD-125210,3
ORD-125211,4
ORD-125212,3
ORD-125213,4
ORD-125215,5
ORD-125216,5
ORD-125217,5
ORD-125218,5
ORD-125221,5
ORD-125222,5
ORD-125223,5
ORD-125224,4
ORD-125226,5
ORD-125228,5
ORD-125231,5
ORD-125232,3
ORD-125237,5
ORD-125239,5
ORD-125240,5
ORD-125241,5
ORD-125243,4
ORD-125244,4
ORD-125246,5
ORD-125247,5
ORD-125255,5
ORD-125256,3
ORD-125257,4
ORD-125259,5
ORD-125260,2
ORD-125261,1
ORD-125262,3
ORD-125264,2
ORD-125265,5
ORD-125266,5
ORD-125270,4
ORD-125272,5
ORD-125278,5
ORD-125279,5
ORD-125283,2
ORD-125284,2
ORD-125285,5
ORD-125286,5
ORD-125288,4
ORD-125289,2
ORD-125290,5
ORD-125292,5
ORD-125293,5
ORD-125294,4
ORD-125295,4
ORD-125296,3
ORD-125297,4
ORD-125299,3
ORD-125300,5
ORD-125301,4
ORD-125303,4
ORD-125305,5
ORD-125307,5
ORD-125308,4
ORD-125309,4
ORD-125310,5
ORD-125311,4
ORD-125315,5
ORD-125316,1
ORD-125317,5
ORD-125319,4
ORD-125320,5
ORD-125321,5
ORD-125322,4
ORD-125323,4
ORD-125324,5
ORD-125329,4
ORD-125332,5
ORD-125334,5
ORD-125335,5
ORD-125338,5
ORD-125339,5
ORD-125340,3
ORD-125341,5
ORD-125343,4
ORD-125345,5
ORD-125346,4
ORD-125348,4
ORD-125351,5
ORD-125353,4
ORD-125355,4
ORD-125356,5
ORD-125357,5
ORD-125358,5
ORD-125362,5
ORD-125364,5
ORD-125366,5
ORD-125368,5
ORD-125370,5
ORD-125372,4
ORD-125373,3
ORD-125374,4
ORD-125375,3
ORD-125376,4
ORD-125378,4
ORD-125380,2
ORD-125381,5
ORD-125386,5
ORD-125388,5
ORD-125392,4
ORD-125395,5
ORD-125396,5
ORD-125398,5
ORD-125402,3
ORD-125403,4
ORD-125404,5
ORD-125405,5
ORD-125408,4
ORD-125409,5
ORD-125411,2
ORD-125414,2
ORD-125416,5
ORD-125421,5
ORD-125423,4
ORD-125424,5
ORD-125425,3
ORD-125427,5
ORD-125428,5
ORD-125432,4
ORD-125433,5
ORD-125434,5
ORD-125435,5
ORD-125436,5
ORD-125438,4
ORD-125439,4
ORD-125442,4
ORD-125445,4
ORD-125447,3
ORD-125448,5
ORD-125449,5
ORD-125450,5
ORD-125454,5
ORD-125456,4
ORD-125458,5
ORD-125461,5
ORD-125464,5
ORD-125469,5
ORD-125470,5
ORD-125471,5
ORD-125473,5
ORD-125476,5
ORD-125480,3
ORD-125481,5
ORD-125485,5
ORD-125486,3
ORD-125487,5
ORD-125489,4
ORD-125490,3
ORD-125491,5
ORD-125492,3
ORD-125494,4
ORD-125496,5
ORD-125498,4
ORD-125500,3
ORD-125501,3
ORD-125502,4
ORD-125503,4
ORD-125505,5
ORD-125506,5
ORD-125507,5
ORD-125509,5
ORD-125510,5
ORD-125511,2
ORD-125512,3
ORD-125513,4
ORD-125516,5
ORD-125521,4
ORD-125523,5
ORD-125524,5
ORD-125527,2
ORD-125529,5
ORD-125532,5
ORD-125533,5
ORD-125535,4
ORD-125536,5
ORD-125541,4
ORD-125544,5
ORD-125546,2
ORD-125548,5
ORD-125552,4
ORD-125554,4
ORD-125557,3
ORD-125558,5
ORD-125560,5
ORD-125561,4
ORD-125565,5
ORD-125568,5
ORD-125571,2
ORD-125572,5
ORD-125573,5
ORD-125574,5
ORD-125576,5
ORD-125578,4
ORD-125580,5
ORD-125581,4
ORD-125582,2
ORD-125584,5
ORD-125585,5
ORD-125588,5
ORD-125589,5
ORD-125595,5
ORD-125597,5
ORD-125598,5
ORD-125599,3
ORD-125601,4
ORD-125602,5
ORD-125606,5
ORD-125607,5
ORD-125608,4
ORD-125610,4
ORD-125614,2
ORD-125617,4
ORD-125619,5
ORD-125620,5
ORD-125622,4
ORD-125623,3
ORD-125624,5
ORD-125625,5
ORD-125627,5
ORD-125629,5
ORD-125630,5
ORD-125631,5
ORD-125632,5
ORD-125637,5
ORD-125638,4
ORD-125639,5
ORD-125640,4
ORD-125641,5
ORD-125642,4
ORD-125645,5
ORD-125646,5
ORD-125650,5
ORD-125651,5
ORD-125652,5
ORD-125654,5
ORD-125655,5
ORD-125657,4
ORD-125658,4
ORD-125659,2
ORD-125660,4
ORD-125662,3
ORD-125663,4
ORD-125666,4
ORD-125671,2
ORD-125672,4
ORD-125673,5
ORD-125675,2
ORD-125676,3
ORD-125677,5
ORD-125679,5
ORD-125681,4
ORD-125684,5
ORD-125685,3
ORD-125686,4
ORD-125691,3
ORD-125693,5
ORD-125694,4
ORD-125696,5
ORD-125697,4
ORD-125700,2
ORD-125702,4
ORD-125704,3
ORD-125707,5
ORD-125709,5
ORD-125710,2
ORD-125711,3
ORD-125712,2
ORD-125713,5
ORD-125715,5
ORD-125716,4
ORD-125719,5
ORD-125720,4
ORD-125726,3
ORD-125727,4
ORD-125728,5
ORD-125729,5
ORD-125731,5
ORD-125732,5
ORD-125733,2
ORD-125734,5
ORD-125737,4
ORD-125739,5
ORD-125742,4
ORD-125743,5
ORD-125745,5
ORD-125746,2
ORD-125747,5
ORD-125748,4
ORD-125750,5
ORD-125751,5
ORD-125752,4
ORD-125754,5
ORD-125755,5
ORD-125756,5
ORD-125757,5
ORD-125759,5
ORD-125760,3
ORD-125761,2
ORD-125762,4
ORD-125765,4
ORD-125771,4
ORD-125772,2
ORD-125775,5
ORD-125776,3
ORD-125779,5
ORD-125780,2
ORD-125781,4
ORD-125782,5
ORD-125786,5
ORD-125787,3
ORD-125788,4
ORD-125789,4
ORD-125792,1
ORD-125793,4
ORD-125795,5
ORD-125798,3
ORD-125800,5
ORD-125802,4
ORD-125803,2
ORD-125804,3
ORD-125805,5
ORD-125806,4
ORD-125807,3
ORD-125812,5
ORD-125815,3
ORD-125816,5
ORD-125817,5
ORD-125824,5
ORD-125825,5
ORD-125826,5
ORD-125828,5
ORD-125829,5
ORD-125832,5
ORD-125836,5
ORD-125837,4
ORD-125842,4
ORD-125846,5
ORD-125848,3
ORD-125849,5
ORD-125854,5
ORD-125855,4
ORD-125856,2
ORD-125857,4
ORD-125860,5
ORD-125862,5
ORD-125867,3
ORD-125868,4
ORD-125869,4
ORD-125870,5
ORD-125874,3
ORD-125875,3
ORD-125878,4
ORD-125879,2
ORD-125881,4
ORD-125882,3
ORD-125883,4
ORD-125885,5
ORD-125886,5
ORD-125887,2
ORD-125888,5
ORD-125890,5
ORD-125892,5
ORD-125893,5
ORD-125894,5
ORD-125896,5
ORD-125897,2
ORD-125899,3
ORD-125900,1
ORD-125902,5
ORD-125903,5
ORD-125904,5
ORD-125908,5
ORD-125909,4
ORD-125910,3
ORD-125911,5
ORD-125912,4
ORD-125913,4
ORD-125916,5
ORD-125917,5
ORD-125920,5
ORD-125921,2
ORD-125925,5
ORD-125928,5
ORD-125930,3
ORD-125933,3
ORD-125935,4
ORD-125936,5
ORD-125937,5
ORD-125938,5
ORD-125939,5
ORD-125940,3
ORD-125942,2
ORD-125944,5
ORD-125945,3
ORD-125947,5
ORD-125949,4
ORD-125950,5
ORD-125951,3
ORD-125957,1
ORD-125959,5
ORD-125960,1
ORD-125961,5
ORD-125962,4
ORD-125965,4
ORD-125966,5
ORD-125968,1
ORD-125969,4
ORD-125970,5
ORD-125971,4
ORD-125973,5
ORD-125974,5
ORD-125976,4
ORD-125977,3
ORD-125981,4
ORD-125982,4
ORD-125985,2
ORD-125988,5
ORD-125989,4
ORD-125994,3
ORD-125995,4
ORD-125997,2
ORD-125998,4
ORD-125999,2
ORD-126002,1
ORD-126004,4
ORD-126005,4
ORD-126007,5
ORD-126011,5
ORD-126014,4
ORD-126016,4
ORD-126017,5
ORD-126018,4
ORD-126020,2
ORD-126021,5
ORD-126022,2
ORD-126023,4
ORD-126024,4
ORD-126025,4
ORD-126026,5
ORD-126027,3
ORD-126028,5
ORD-126029,5
ORD-126030,5
ORD-126031,5
ORD-126033,3
ORD-126036,4
ORD-126037,4
ORD-126040,4
ORD-126041,5
ORD-126043,2
ORD-126044,4
ORD-126045,3
ORD-126047,5
ORD-126048,5
ORD-126049,5
ORD-126050,5
ORD-126051,3
ORD-126054,5
ORD-126056,2
ORD-126059,5
ORD-126060,5
ORD-126061,4
ORD-126062,4
ORD-126063,4
ORD-126068,3
ORD-126070,3
ORD-126073,4
ORD-126076,4
ORD-126077,5
ORD-126078,5
ORD-126079,5
ORD-126080,4
ORD-126084,5
ORD-126087,5
ORD-126090,3
ORD-126093,5
ORD-126094,5
ORD-126096,5
ORD-126098,4
ORD-126099,5
ORD-126101,4
ORD-126108,5
ORD-126110,1
ORD-126111,3
ORD-126114,4
ORD-126115,4
ORD-126116,5
ORD-126117,5
ORD-126120,3
ORD-126121,5
ORD-126122,4
ORD-126123,5
ORD-126126,3
ORD-126129,2
ORD-126131,2
ORD-126133,2
ORD-126135,1
ORD-126138,5
ORD-126139,5
ORD-126141,5
ORD-126144,5
ORD-126146,3
ORD-126148,4
ORD-126149,4
ORD-126156,5
ORD-126157,5
ORD-126159,5
ORD-126163,4
ORD-126168,5
ORD-126170,5
ORD-126171,5
ORD-126173,5
ORD-126174,4
ORD-126176,2
ORD-126181,5
ORD-126184,4
ORD-126185,5
ORD-126187,5
ORD-126188,5
ORD-126191,3
ORD-126193,5
ORD-126196,5
ORD-126197,3
ORD-126199,4
ORD-126200,2
ORD-126201,4
ORD-126203,5
ORD-126204,3
ORD-126206,4
ORD-126207,3
ORD-126210,5
ORD-126211,1
ORD-126212,5
ORD-126215,4
ORD-126216,5
ORD-126217,3
ORD-126218,5
ORD-126221,5
ORD-126222,5
ORD-126223,5
ORD-126226,4
ORD-126227,5
ORD-126228,2
ORD-126229,5
ORD-126230,3
ORD-126232,3
ORD-126233,4
ORD-126234,4
ORD-126235,5
ORD-126236,4
ORD-126237,3
ORD-126241,4
ORD-126242,5
ORD-126244,5
ORD-126246,5
ORD-126250,4
ORD-126251,1
ORD-126252,5
ORD-126256,5
ORD-126257,5
ORD-126258,4
ORD-126259,3
ORD-126261,4
ORD-126263,4
ORD-126265,5
ORD-126266,5
ORD-126267,5
ORD-126269,5
ORD-126272,4
ORD-126273,4
ORD-126275,4
ORD-126276,4
ORD-126277,5
ORD-126280,5
ORD-126287,4
ORD-126289,5
ORD-126291,3
ORD-126293,4
ORD-126298,5
ORD-126299,5
ORD-126301,3
ORD-126302,5
ORD-126303,5
ORD-126304,4
ORD-126307,4
ORD-126309,3
ORD-126310,3
ORD-126311,2
ORD-126312,5
ORD-126314,4
ORD-126315,5
ORD-126316,2
ORD-126317,5
ORD-126320,5
ORD-126321,4
ORD-126322,2
ORD-126324,5
ORD-126326,2
ORD-126327,2
ORD-126328,5
ORD-126332,5
ORD-126333,3
ORD-126335,5
ORD-126336,5
ORD-126337,3
ORD-126338,4
ORD-126342,4
ORD-126343,4
ORD-126344,4
ORD-126345,5
ORD-126352,5
ORD-126354,5
ORD-126357,5
ORD-126360,5
ORD-126361,3
ORD-126363,4
ORD-126367,5
ORD-126368,4
ORD-126369,5
ORD-126370,2
ORD-126373,4
ORD-126375,5
ORD-126378,5
ORD-126379,4
ORD-126382,5
ORD-126383,5
ORD-126384,4
ORD-126385,4
ORD-126386,2
ORD-126387,2
ORD-126388,1
ORD-126389,5
ORD-126390,5
ORD-126394,5
ORD-126395,5
ORD-126396,5
ORD-126402,5
ORD-126404,5
ORD-126407,5
ORD-126409,3
ORD-126410,5
ORD-126414,5
ORD-126415,5
ORD-126418,5
ORD-126421,3
ORD-126423,5
ORD-126424,5
ORD-126427,3
ORD-126428,3
ORD-126429,5
ORD-126430,3
ORD-126431,4
ORD-126434,3
ORD-126436,5
ORD-126437,5
ORD-126438,2
ORD-126441,2
ORD-126443,5
ORD-126446,5
ORD-126449,5
ORD-126450,5
ORD-126451,3
ORD-126454,5
ORD-126455,2
ORD-126457,5
ORD-126458,4
ORD-126459,5
ORD-126461,5
ORD-126462,4
ORD-126463,2
ORD-126464,5
ORD-126465,3
ORD-126466,5
ORD-126468,5
ORD-126473,3
ORD-126474,4
ORD-126475,4
ORD-126477,4
ORD-126478,4
ORD-126479,5
ORD-126480,5
ORD-126483,5
ORD-126486,3
ORD-126487,5
ORD-126488,3
ORD-126490,5
ORD-126491,4
ORD-126493,5
ORD-126496,3
ORD-126497,5
ORD-126499,5
ORD-126500,2
ORD-126503,5
ORD-126504,3
ORD-126505,5
ORD-126509,4
ORD-126510,5
ORD-126511,4
ORD-126513,5
ORD-126514,5
ORD-126516,4
ORD-126517,5
ORD-126518,4
ORD-126520,5
ORD-126521,4
ORD-126524,5
ORD-126525,5
ORD-126526,5
ORD-126528,5
ORD-126529,5
ORD-126530,5
ORD-126531,5
ORD-126533,4
ORD-126534,4
ORD-126535,3
ORD-126536,5
ORD-126539,5
ORD-126541,5
ORD-126543,3
ORD-126545,5
ORD-126546,5
ORD-126548,5
ORD-126549,3
ORD-126550,4
ORD-126551,2
ORD-126553,5
ORD-126554,4
ORD-126558,5
ORD-126564,5
ORD-126565,2
ORD-126570,5
ORD-126571,4
ORD-126573,3
ORD-126575,5
ORD-126577,3
ORD-126579,5
ORD-126581,3
ORD-126582,4
ORD-126583,4
ORD-126585,3
ORD-126587,4
ORD-126590,5
ORD-126591,5
ORD-126592,4
ORD-126593,3
ORD-126596,5
ORD-126597,5
ORD-126598,2
ORD-126602,4
ORD-126603,5
ORD-126610,5
ORD-126612,4
ORD-126613,4
ORD-126614,5
ORD-126615,5
ORD-126618,4
ORD-126619,5
ORD-126623,5
ORD-126625,3
ORD-126626,3
ORD-126630,5
ORD-126632,5
ORD-126636,5
ORD-126639,5
ORD-126640,1
ORD-126642,5
ORD-126644,3
ORD-126645,5
ORD-126646,5
ORD-126647,5
ORD-126648,4
ORD-126649,3
ORD-126653,5
ORD-126654,5
ORD-126655,5
ORD-126656,4
ORD-126657,4
ORD-126658,5
ORD-126659,4
ORD-126660,4
ORD-126664,4
ORD-126669,4
ORD-126670,5
ORD-126672,5
ORD-126675,4
ORD-126676,5
ORD-126677,3
ORD-126678,5
ORD-126679,4
ORD-126680,3
ORD-126681,4
ORD-126682,5
ORD-126683,5
ORD-126684,2
ORD-126685,5
ORD-126686,2
ORD-126687,5
ORD-126688,5
ORD-126689,5
ORD-126690,5
ORD-126695,2
ORD-126696,2
ORD-126697,5
ORD-126698,4
ORD-126699,5
ORD-126700,5
ORD-126701,5
ORD-126702,5
ORD-126704,5
ORD-126705,5
ORD-126706,4
ORD-126708,2
ORD-126710,5
ORD-126711,3
ORD-126712,5
ORD-126713,5
ORD-126714,5
ORD-126716,5
ORD-126717,5
ORD-126720,4
ORD-126721,4
ORD-126722,4
ORD-126723,5
ORD-126727,3
ORD-126728,5
ORD-126732,4
ORD-126734,5
ORD-126736,5
ORD-126739,5
ORD-126741,5
ORD-126742,5
ORD-126744,5
ORD-126745,4
ORD-126746,5
ORD-126747,4
ORD-126753,5
ORD-126755,4
ORD-126757,3
ORD-126758,4
ORD-126759,4
ORD-126762,5
ORD-126763,5
ORD-126764,3
ORD-126765,5
ORD-126767,5
ORD-126768,4
ORD-126770,3
ORD-126771,4
ORD-126772,5
ORD-126773,5
ORD-126775,4
ORD-126776,5
ORD-126777,5
ORD-126778,5
ORD-126780,3
ORD-126785,1
ORD-126786,5
ORD-126788,4
ORD-126789,5
ORD-126791,4
ORD-126792,4
ORD-126793,3
ORD-126796,4
ORD-126798,5
ORD-126801,5
ORD-126802,5
ORD-126803,5
ORD-126804,4
ORD-126806,3
ORD-126812,1
ORD-126813,5
ORD-126816,5
ORD-126821,5
ORD-126822,4
ORD-126823,5
ORD-126826,5
ORD-126827,5
ORD-126830,2
ORD-126832,3
ORD-126833,4
ORD-126834,5
ORD-126835,5
ORD-126837,4
ORD-126838,4
ORD-126839,5
ORD-126842,5
ORD-126843,4
ORD-126844,2
ORD-126845,4
ORD-126847,5
ORD-126849,5
ORD-126852,4
ORD-126856,5
ORD-126860,5
ORD-126863,5
ORD-126864,5
ORD-126866,5
ORD-126869,4
ORD-126870,5
ORD-126872,5
ORD-126873,5
ORD-126874,5
ORD-126875,4
ORD-126877,5
ORD-126879,4
ORD-126881,3
ORD-126882,4
ORD-126883,5
ORD-126885,4
ORD-126887,4
ORD-126888,4
ORD-126890,3
ORD-126891,5
ORD-126892,4
ORD-126893,5
ORD-126896,4
ORD-126898,4
ORD-126899,4
ORD-126900,4
ORD-126905,4
ORD-126907,2
ORD-126908,3
ORD-126909,5
ORD-126912,4
ORD-126915,5
ORD-126916,4
ORD-126921,5
ORD-126922,4
ORD-126925,5
ORD-126926,4
ORD-126929,5
ORD-126935,5
ORD-126937,5
ORD-126939,4
ORD-126941,5
ORD-126942,4
ORD-126943,4
ORD-126945,2
ORD-126946,5
ORD-126950,4
ORD-126951,5
ORD-126952,5
ORD-126953,3
ORD-126956,4
ORD-126957,4
ORD-126960,4
ORD-126961,5
ORD-126962,5
ORD-126963,5
ORD-126964,5
ORD-126965,5
ORD-126967,5
ORD-126971,3
ORD-126972,3
ORD-126974,5
ORD-126976,4
ORD-126979,5
ORD-126980,5
ORD-126981,4
ORD-126982,5
ORD-126983,4
ORD-126985,4
ORD-126988,3
ORD-126991,4
ORD-126993,4
ORD-126994,4
ORD-126998,5
ORD-126999,5
ORD-127000,3
ORD-127001,5
ORD-127002,5
ORD-127003,3
ORD-127004,5
ORD-127008,5
ORD-127009,5
ORD-127010,5
ORD-127011,4
ORD-127012,4
ORD-127016,3
ORD-127017,5
ORD-127020,5
ORD-127021,5
ORD-127023,5
ORD-127025,4
ORD-127027,2
ORD-127029,3
ORD-127030,4
ORD-127032,4
ORD-127033,5
ORD-127035,1
ORD-127036,2
ORD-127037,5
ORD-127038,4
ORD-127041,4
ORD-127042,2
ORD-127043,5
ORD-127045,3
ORD-127046,4
ORD-127047,5
ORD-127048,4
ORD-127052,5
ORD-127054,5
ORD-127055,5
ORD-127057,5
ORD-127059,3
ORD-127060,4
ORD-127062,5
ORD-127063,5
ORD-127067,5
ORD-127071,5
ORD-127073,5
ORD-127074,4
ORD-127076,5
ORD-127079,4
ORD-127084,5
ORD-127085,5
ORD-127086,5
ORD-127087,2
ORD-127088,4
ORD-127091,5
ORD-127094,2
ORD-127098,4
ORD-127099,1
ORD-127100,5
ORD-127104,4
ORD-127105,4
ORD-127106,4
ORD-127108,5
ORD-127113,5
ORD-127114,2
ORD-127115,3
ORD-127119,2
ORD-127120,5
ORD-127122,5
ORD-127123,5
ORD-127126,2
ORD-127128,3
ORD-127129,5
ORD-127133,5
ORD-127135,4
ORD-127138,4
ORD-127140,5
ORD-127145,3
ORD-127147,3
ORD-127148,5
ORD-127151,2
ORD-127152,4
ORD-127153,5
ORD-127158,4
ORD-127160,5
ORD-127162,3
ORD-127166,5
ORD-127169,5
ORD-127171,2
ORD-127172,4
ORD-127174,5
ORD-127175,5
ORD-127177,5
ORD-127179,5
ORD-127181,5
ORD-127182,2
ORD-127185,5
ORD-127187,4
ORD-127189,5
ORD-127190,5
ORD-127191,5
ORD-127192,5
ORD-127193,5
ORD-127195,5
ORD-127200,3
ORD-127201,5
ORD-127202,5
ORD-127203,5
ORD-127204,4
ORD-127208,3
ORD-127210,5
ORD-127212,5
ORD-127219,5
ORD-127220,5
ORD-127221,5
ORD-127222,5
ORD-127224,5
ORD-127225,5
ORD-127228,5
ORD-127230,4
ORD-127231,5
ORD-127232,5
ORD-127233,2
ORD-127234,5
ORD-127235,2
ORD-127236,5
ORD-127238,4
ORD-127246,5
ORD-127247,4
ORD-127251,2
ORD-127252,5
ORD-127253,3
ORD-127255,5
ORD-127261,5
ORD-127263,3
ORD-127265,4
ORD-127266,5
ORD-127268,4
ORD-127270,4
ORD-127271,5
ORD-127272,4
ORD-127273,3
ORD-127275,5
ORD-127276,4
ORD-127280,5
ORD-127281,4
ORD-127283,4
ORD-127286,4
ORD-127287,4
ORD-127291,5
ORD-127292,5
ORD-127293,5
ORD-127294,2
ORD-127297,4
ORD-127298,5
ORD-127300,5
ORD-127303,5
ORD-127305,4
ORD-127307,5
ORD-127310,5
ORD-127313,4
ORD-127314,4
ORD-127316,5
ORD-127317,4
ORD-127318,2
ORD-127319,2
ORD-127320,5
ORD-127321,5
ORD-127322,4
ORD-127324,4
ORD-127327,5
ORD-127328,5
ORD-127333,4
ORD-127336,2
ORD-127339,1
ORD-127342,2
ORD-127343,5
ORD-127344,2
ORD-127346,5
ORD-127348,3
ORD-127349,4
ORD-127351,4
ORD-127353,4
ORD-127354,3
ORD-127358,5
ORD-127359,5
ORD-127366,3
ORD-127367,3
ORD-127369,3
ORD-127372,5
ORD-127373,5
ORD-127374,5
ORD-127376,3
ORD-127377,5
ORD-127378,5
ORD-127379,3
ORD-127380,3
ORD-127382,4
ORD-127384,5
ORD-127385,5
ORD-127386,5
ORD-127387,5
ORD-127388,4
ORD-127389,4
ORD-127390,4
ORD-127392,2
ORD-127393,4
ORD-127395,5
ORD-127396,4
ORD-127398,5
ORD-127400,1
ORD-127401,5
ORD-127403,5
ORD-127407,5
ORD-127408,4
ORD-127409,2
ORD-127410,5
ORD-127413,5
ORD-127419,2
ORD-127420,4
ORD-127421,5
ORD-127422,5
ORD-127423,4
ORD-127428,5
ORD-127429,5
ORD-127430,5
ORD-127431,3
ORD-127433,5
ORD-127434,5
ORD-127439,3
ORD-127441,5
ORD-127446,2
ORD-127447,5
ORD-127449,3
ORD-127450,5
ORD-127451,4
ORD-127452,5
ORD-127457,4
ORD-127459,5
ORD-127463,5
ORD-127465,3
ORD-127466,2
ORD-127469,4
ORD-127470,2
ORD-127474,5
ORD-127475,3
ORD-127476,5
ORD-127483,5
ORD-127484,5
ORD-127486,3
ORD-127488,3
ORD-127491,5
ORD-127492,4
ORD-127493,5
ORD-127494,3
ORD-127496,5
ORD-127497,4
ORD-127499,2
ORD-127502,5
ORD-127503,5
ORD-127504,5
ORD-127506,4
ORD-127507,4
ORD-127510,5
ORD-127511,4
ORD-127513,4
ORD-127514,4
ORD-127515,4
ORD-127516,4
ORD-127517,4
ORD-127520,5
ORD-127521,5
ORD-127525,4
ORD-127527,5
ORD-127529,1
ORD-127530,5
ORD-127531,5
ORD-127532,5
ORD-127533,4
ORD-127535,3
ORD-127536,5
